# Run number  1 on Fri 2026-05-15T12:05:34 BST
# Time (s)      T1w (C)       T2w (C)       T1a (C)       T2a (C)       T1r (C)       T2r (C)       T3r (C)       T4r (C)       P1 (bar)      P2 (bar)      Ic (amp)      Qc (l/min)    
 3.1276E-01    1.9799E+01    1.9955E+01    2.0737E+01    2.2530E+01    2.0394E+01    2.0550E+01    2.0472E+01    2.0141E+01    5.9640E+00    6.0085E+00    0.0000E+00    2.8987E+00   
 9.4364E-01    1.9803E+01    1.9968E+01    2.0721E+01    2.2500E+01    2.0404E+01    2.0547E+01    2.0472E+01    2.0129E+01    5.9640E+00    6.0085E+00    0.0000E+00    2.8987E+00   
 1.4440E+00    1.9788E+01    1.9954E+01    2.0727E+01    2.2502E+01    2.0409E+01    2.0571E+01    2.0479E+01    2.0145E+01    5.9640E+00    6.0289E+00    0.0000E+00    2.8250E+00   
 1.9443E+00    1.9788E+01    1.9958E+01    2.0739E+01    2.2389E+01    2.0399E+01    2.0573E+01    2.0479E+01    2.0153E+01    5.9640E+00    6.0085E+00    0.0000E+00    2.8987E+00   
 2.4446E+00    1.9811E+01    1.9950E+01    2.0755E+01    2.2289E+01    2.0399E+01    2.0568E+01    2.0479E+01    2.0151E+01    5.9640E+00    6.0289E+00    0.0000E+00    2.8987E+00   
 2.9452E+00    1.9797E+01    1.9953E+01    2.0751E+01    2.2229E+01    2.0399E+01    2.0564E+01    2.0478E+01    2.0129E+01    5.9640E+00    6.0289E+00    0.0000E+00    2.9705E+00   
 3.4455E+00    1.9787E+01    1.9953E+01    2.0726E+01    2.2229E+01    2.0415E+01    2.0564E+01    2.0465E+01    2.0129E+01    5.9640E+00    6.0289E+00    0.0000E+00    2.8250E+00   
 3.9458E+00    1.9797E+01    1.9943E+01    2.0720E+01    2.2182E+01    2.0380E+01    2.0538E+01    2.0469E+01    2.0123E+01    5.9640E+00    6.0085E+00    0.0000E+00    2.8987E+00   
 4.4461E+00    1.9797E+01    1.9965E+01    2.0710E+01    2.2168E+01    2.0401E+01    2.0575E+01    2.0473E+01    2.0142E+01    5.9640E+00    6.0085E+00    0.0000E+00    2.8987E+00   
 4.9464E+00    1.9787E+01    1.9947E+01    2.0710E+01    2.2096E+01    2.0401E+01    2.0560E+01    2.0473E+01    2.0146E+01    5.9640E+00    6.0289E+00    0.0000E+00    2.8250E+00   
 5.4468E+00    1.9793E+01    1.9941E+01    2.0699E+01    2.2092E+01    2.0408E+01    2.0576E+01    2.0504E+01    2.0156E+01    5.9640E+00    6.0289E+00    0.0000E+00    2.9705E+00   
 5.9470E+00    1.9788E+01    1.9941E+01    2.0723E+01    2.2092E+01    2.0416E+01    2.0576E+01    2.0501E+01    2.0156E+01    5.9640E+00    6.0289E+00    0.0000E+00    2.8987E+00   
 6.4473E+00    1.9785E+01    1.9960E+01    2.0732E+01    2.2054E+01    2.0416E+01    2.0599E+01    2.0493E+01    2.0164E+01    5.9640E+00    6.0289E+00    0.0000E+00    2.8250E+00   
 6.9476E+00    1.9785E+01    1.9946E+01    2.0732E+01    2.2169E+01    2.0432E+01    2.0621E+01    2.0499E+01    2.0237E+01    5.9640E+00    6.0085E+00    0.0000E+00    2.8987E+00   
 7.4479E+00    1.9767E+01    1.9949E+01    2.0740E+01    2.2270E+01    2.0447E+01    2.0611E+01    2.0515E+01    2.0171E+01    5.9640E+00    6.0289E+00    0.0000E+00    2.8987E+00   
 7.9481E+00    1.9786E+01    1.9945E+01    2.0741E+01    2.2168E+01    2.0429E+01    2.0595E+01    2.0507E+01    2.0176E+01    5.9844E+00    6.0085E+00    0.0000E+00    2.8987E+00   
 8.4485E+00    1.9783E+01    1.9960E+01    2.0782E+01    2.2183E+01    2.0436E+01    2.0595E+01    2.0506E+01    2.0176E+01    5.9640E+00    6.0289E+00    0.0000E+00    2.8987E+00   
 8.9697E+00    1.9786E+01    1.9957E+01    2.0809E+01    2.2085E+01    2.0436E+01    2.0579E+01    2.0501E+01    2.0175E+01    5.9640E+00    6.0289E+00    0.0000E+00    2.8250E+00   
 9.4700E+00    1.9802E+01    1.9981E+01    2.0841E+01    2.2281E+01    2.0458E+01    2.0604E+01    2.0517E+01    2.0198E+01    5.9640E+00    6.0289E+00    0.0000E+00    2.8250E+00   
 9.9704E+00    1.9803E+01    1.9962E+01    2.0841E+01    2.2231E+01    2.0458E+01    2.0591E+01    2.0517E+01    2.0174E+01    5.9640E+00    6.0289E+00    0.0000E+00    2.8987E+00   
 1.0471E+01    1.9802E+01    1.9957E+01    2.0868E+01    2.2193E+01    2.0456E+01    2.0600E+01    2.0544E+01    2.0193E+01    5.9640E+00    6.0289E+00    0.0000E+00    2.8987E+00   
 1.0996E+01    1.9808E+01    1.9957E+01    2.0867E+01    2.2193E+01    2.0434E+01    2.0600E+01    2.0523E+01    2.0193E+01    5.9640E+00    6.0289E+00    0.0000E+00    2.8987E+00   
 1.1498E+01    1.9807E+01    1.9975E+01    2.0887E+01    2.2142E+01    2.0471E+01    2.0622E+01    2.0539E+01    2.0181E+01    5.9640E+00    6.0289E+00    0.0000E+00    2.8250E+00   
 1.2001E+01    1.9807E+01    1.9977E+01    2.0889E+01    2.2040E+01    2.0464E+01    2.0602E+01    2.0534E+01    2.0199E+01    5.9640E+00    6.0085E+00    0.0000E+00    2.8987E+00   
 1.2503E+01    1.9798E+01    1.9967E+01    2.0889E+01    2.2044E+01    2.0480E+01    2.0615E+01    2.0549E+01    2.0199E+01    5.9640E+00    6.0289E+00    0.0000E+00    2.8987E+00   
 1.3085E+01    1.9795E+01    1.9977E+01    2.0831E+01    2.2181E+01    2.0484E+01    2.0635E+01    2.0553E+01    2.0209E+01    5.9640E+00    6.0289E+00    0.0000E+00    2.8358E+00   
 1.3587E+01    1.9777E+01    2.0087E+01    2.0844E+01    2.2229E+01    2.0490E+01    2.0636E+01    2.0559E+01    2.0216E+01    5.9640E+00    6.0289E+00    0.0000E+00    5.3517E+00   
 1.4091E+01    1.9770E+01    2.0087E+01    2.0840E+01    2.2229E+01    2.0494E+01    2.0636E+01    2.0548E+01    2.0216E+01    5.9640E+00    6.0289E+00    0.0000E+00    7.2577E+00   
 1.4593E+01    1.9831E+01    2.0087E+01    2.0853E+01    2.2282E+01    2.0470E+01    2.0638E+01    2.0550E+01    2.0200E+01    5.9640E+00    6.0289E+00    0.0000E+00    8.0299E+00   
 1.5173E+01    1.9920E+01    2.0069E+01    2.0849E+01    2.2234E+01    2.0475E+01    2.0630E+01    2.0543E+01    2.0189E+01    5.9844E+00    6.0289E+00    0.0000E+00    8.3137E+00   
# Time (s)      T1w (C)       T2w (C)       T1a (C)       T2a (C)       T1r (C)       T2r (C)       T3r (C)       T4r (C)       P1 (bar)      P2 (bar)      Ic (amp)      Qc (l/min)    
 1.5675E+01    1.9920E+01    2.0079E+01    2.0849E+01    2.2165E+01    2.0490E+01    2.0649E+01    2.0558E+01    2.0229E+01    5.9640E+00    6.0289E+00    0.0000E+00    8.4145E+00   
 1.6177E+01    2.0246E+01    2.0082E+01    2.0839E+01    2.2157E+01    2.0484E+01    2.0631E+01    2.0558E+01    2.0218E+01    5.9640E+00    6.0085E+00    0.0000E+00    8.4645E+00   
 1.6679E+01    2.1023E+01    2.0082E+01    2.0832E+01    2.2122E+01    2.0500E+01    2.0649E+01    2.0558E+01    2.0218E+01    5.9640E+00    6.0289E+00    0.0000E+00    8.4645E+00   
 1.7253E+01    2.1574E+01    2.0077E+01    2.0808E+01    2.2122E+01    2.0497E+01    2.0649E+01    2.0569E+01    2.0218E+01    5.9640E+00    6.0289E+00    0.0000E+00    8.4893E+00   
 1.7755E+01    2.1654E+01    2.0046E+01    2.0803E+01    2.2020E+01    2.0492E+01    2.0655E+01    2.0551E+01    2.0218E+01    5.9640E+00    6.0289E+00    0.0000E+00    8.5141E+00   
 1.8257E+01    2.1654E+01    2.0053E+01    2.0803E+01    2.2007E+01    2.0473E+01    2.0653E+01    2.0549E+01    2.0225E+01    5.9640E+00    6.0289E+00    0.0000E+00    8.4893E+00   
 1.8760E+01    2.1526E+01    2.0062E+01    2.0786E+01    2.2022E+01    2.0489E+01    2.0653E+01    2.0565E+01    2.0229E+01    5.9640E+00    6.0289E+00    0.0000E+00    8.4893E+00   
 1.9361E+01    2.1284E+01    2.0050E+01    2.0788E+01    2.2042E+01    2.0489E+01    2.0649E+01    2.0572E+01    2.0222E+01    5.9640E+00    6.0289E+00    0.0000E+00    8.4893E+00   
 1.9863E+01    2.1054E+01    2.0059E+01    2.0797E+01    2.2076E+01    2.0496E+01    2.0648E+01    2.0567E+01    2.0214E+01    5.9640E+00    6.0289E+00    0.0000E+00    8.4893E+00   
 2.0365E+01    2.0932E+01    2.0059E+01    2.0773E+01    2.2076E+01    2.0484E+01    2.0648E+01    2.0563E+01    2.0214E+01    5.9640E+00    6.0289E+00    0.0000E+00    8.4645E+00   
 2.0867E+01    2.0840E+01    2.0071E+01    2.0816E+01    2.2066E+01    2.0496E+01    2.0668E+01    2.0564E+01    2.0244E+01    5.9640E+00    6.0492E+00    0.0000E+00    8.4645E+00   
 2.1446E+01    2.0840E+01    2.0034E+01    2.0820E+01    2.2074E+01    2.0508E+01    2.0674E+01    2.0579E+01    2.0250E+01    5.9844E+00    6.0492E+00    0.0000E+00    8.4645E+00   
 2.1948E+01    2.0751E+01    2.0076E+01    2.0836E+01    2.2016E+01    2.0508E+01    2.0675E+01    2.0579E+01    2.0244E+01    5.9640E+00    6.0492E+00    0.0000E+00    8.4645E+00   
 2.2450E+01    2.0657E+01    2.0087E+01    2.0855E+01    2.2004E+01    2.0522E+01    2.0665E+01    2.0571E+01    2.0243E+01    5.9640E+00    6.0492E+00    0.0000E+00    8.4893E+00   
 2.2952E+01    2.0573E+01    2.0087E+01    2.0836E+01    2.2004E+01    2.0519E+01    2.0665E+01    2.0589E+01    2.0245E+01    5.9844E+00    6.0492E+00    0.0000E+00    8.4893E+00   
 2.3559E+01    2.0510E+01    2.0143E+01    2.0845E+01    2.2073E+01    2.0501E+01    2.0679E+01    2.0582E+01    2.0245E+01    5.9640E+00    6.0696E+00    0.0000E+00    8.4395E+00   
 2.4061E+01    2.0458E+01    2.0255E+01    2.0850E+01    2.2189E+01    2.0503E+01    2.0667E+01    2.0581E+01    2.0240E+01    5.9640E+00    6.0696E+00    0.0000E+00    8.4645E+00   
 2.4565E+01    2.0458E+01    2.0370E+01    2.0850E+01    2.2346E+01    2.0516E+01    2.0662E+01    2.0573E+01    2.0229E+01    5.9640E+00    6.0696E+00    0.0000E+00    8.4645E+00   
 2.5067E+01    2.0407E+01    2.0484E+01    2.0849E+01    2.2366E+01    2.0516E+01    2.0662E+01    2.0573E+01    2.0228E+01    5.9640E+00    6.0696E+00    0.0000E+00    8.4395E+00   
 2.5639E+01    2.0392E+01    2.0576E+01    2.0848E+01    2.2500E+01    2.0490E+01    2.0661E+01    2.0555E+01    2.0213E+01    5.9640E+00    6.0696E+00    0.0000E+00    8.4645E+00   
 2.6141E+01    2.0350E+01    2.0576E+01    2.0863E+01    2.2683E+01    2.0505E+01    2.0664E+01    2.0558E+01    2.0220E+01    5.9844E+00    6.0696E+00    0.0000E+00    8.4893E+00   
 2.6643E+01    2.0333E+01    2.0660E+01    2.0870E+01    2.2699E+01    2.0525E+01    2.0680E+01    2.0570E+01    2.0236E+01    5.9640E+00    6.0696E+00    0.0000E+00    8.4395E+00   
 2.7145E+01    2.0325E+01    2.0683E+01    2.0867E+01    2.2666E+01    2.0509E+01    2.0682E+01    2.0575E+01    2.0234E+01    5.9844E+00    6.0696E+00    0.0000E+00    8.4645E+00   
 2.7727E+01    2.0325E+01    2.0696E+01    2.0861E+01    2.2574E+01    2.0527E+01    2.0694E+01    2.0576E+01    2.0247E+01    5.9844E+00    6.0696E+00    0.0000E+00    8.4645E+00   
 2.8229E+01    2.0307E+01    2.0686E+01    2.0861E+01    2.2452E+01    2.0527E+01    2.0684E+01    2.0576E+01    2.0246E+01    5.9640E+00    6.0696E+00    0.0000E+00    8.4893E+00   
 2.8732E+01    2.0300E+01    2.0689E+01    2.0888E+01    2.2364E+01    2.0527E+01    2.0684E+01    2.0583E+01    2.0234E+01    5.9844E+00    6.0696E+00    0.0000E+00    8.4145E+00   
 2.9234E+01    2.0276E+01    2.0689E+01    2.0890E+01    2.2364E+01    2.0518E+01    2.0684E+01    2.0575E+01    2.0234E+01    5.9844E+00    6.0696E+00    0.0000E+00    8.4645E+00   
 2.9818E+01    2.0292E+01    2.0670E+01    2.0881E+01    2.2285E+01    2.0501E+01    2.0682E+01    2.0577E+01    2.0229E+01    5.9640E+00    6.0696E+00    0.0000E+00    8.4395E+00   
 3.0323E+01    2.0290E+01    2.0637E+01    2.0884E+01    2.2187E+01    2.0494E+01    2.0674E+01    2.0569E+01    2.0229E+01    5.9640E+00    6.0696E+00    0.0000E+00    8.4893E+00   
 3.0828E+01    2.0290E+01    2.0604E+01    2.0884E+01    2.2124E+01    2.0494E+01    2.0673E+01    2.0564E+01    2.0213E+01    5.9844E+00    6.0696E+00    0.0000E+00    8.4395E+00   
# Time (s)      T1w (C)       T2w (C)       T1a (C)       T2a (C)       T1r (C)       T2r (C)       T3r (C)       T4r (C)       P1 (bar)      P2 (bar)      Ic (amp)      Qc (l/min)    
 3.1333E+01    2.0282E+01    2.0571E+01    2.0859E+01    2.2121E+01    2.0520E+01    2.0660E+01    2.0564E+01    2.0221E+01    5.9844E+00    6.0696E+00    0.0000E+00    8.4395E+00   
 3.1922E+01    2.0278E+01    2.0554E+01    2.0870E+01    2.2113E+01    2.0508E+01    2.0698E+01    2.0584E+01    2.0229E+01    5.9640E+00    6.0696E+00    0.0000E+00    8.4645E+00   
 3.2427E+01    2.0292E+01    2.0526E+01    2.0885E+01    2.2133E+01    2.0506E+01    2.0676E+01    2.0588E+01    2.0245E+01    5.9844E+00    6.0696E+00    0.0000E+00    8.4645E+00   
 3.2932E+01    2.0282E+01    2.0526E+01    2.0858E+01    2.2133E+01    2.0518E+01    2.0692E+01    2.0588E+01    2.0261E+01    5.9844E+00    6.0696E+00    0.0000E+00    8.4645E+00   
 3.3437E+01    2.0296E+01    2.0491E+01    2.0839E+01    2.2152E+01    2.0510E+01    2.0695E+01    2.0589E+01    2.0240E+01    5.9844E+00    6.0696E+00    0.0000E+00    8.4645E+00   
 3.4027E+01    2.0298E+01    2.0477E+01    2.0837E+01    2.2209E+01    2.0525E+01    2.0706E+01    2.0602E+01    2.0244E+01    5.9844E+00    6.0696E+00    0.0000E+00    8.4893E+00   
 3.4533E+01    2.0298E+01    2.0448E+01    2.0837E+01    2.2281E+01    2.0525E+01    2.0715E+01    2.0618E+01    2.0261E+01    5.9844E+00    6.0696E+00    0.0000E+00    8.4645E+00   
 3.5038E+01    2.0308E+01    2.0429E+01    2.0825E+01    2.2224E+01    2.0549E+01    2.0718E+01    2.0612E+01    2.0258E+01    5.9640E+00    6.0696E+00    0.0000E+00    8.4645E+00   
 3.5543E+01    2.0296E+01    2.0429E+01    2.0801E+01    2.2224E+01    2.0522E+01    2.0718E+01    2.0591E+01    2.0239E+01    5.9844E+00    6.0696E+00    0.0000E+00    8.4893E+00   
 3.6140E+01    2.0335E+01    2.0430E+01    2.0791E+01    2.2245E+01    2.0510E+01    2.0703E+01    2.0582E+01    2.0239E+01    5.9844E+00    6.0696E+00    0.0000E+00    8.4893E+00   
 3.6645E+01    2.0340E+01    2.0442E+01    2.0820E+01    2.2269E+01    2.0520E+01    2.0682E+01    2.0584E+01    2.0231E+01    5.9844E+00    6.0696E+00    0.0000E+00    8.4893E+00   
 3.7147E+01    2.0340E+01    2.0407E+01    2.0790E+01    2.2221E+01    2.0503E+01    2.0675E+01    2.0574E+01    2.0230E+01    5.9844E+00    6.0696E+00    0.0000E+00    8.4645E+00   
 3.7649E+01    2.0368E+01    2.0405E+01    2.0806E+01    2.2167E+01    2.0503E+01    2.0682E+01    2.0574E+01    2.0232E+01    5.9844E+00    6.0696E+00    0.0000E+00    8.4645E+00   
 3.8217E+01    2.0354E+01    2.0405E+01    2.0822E+01    2.2173E+01    2.0496E+01    2.0669E+01    2.0566E+01    2.0225E+01    5.9844E+00    6.0696E+00    0.0000E+00    8.4645E+00   
 3.8719E+01    2.0382E+01    2.0416E+01    2.0872E+01    2.2212E+01    2.0492E+01    2.0658E+01    2.0548E+01    2.0211E+01    5.9844E+00    6.0696E+00    0.0000E+00    8.4645E+00   
 3.9221E+01    2.0387E+01    2.0416E+01    2.0867E+01    2.2212E+01    2.0480E+01    2.0658E+01    2.0555E+01    2.0211E+01    5.9844E+00    6.0696E+00    0.0000E+00    8.4395E+00   
 3.9724E+01    2.0380E+01    2.0396E+01    2.0854E+01    2.2197E+01    2.0486E+01    2.0666E+01    2.0542E+01    2.0242E+01    5.9844E+00    6.0492E+00    0.0000E+00    8.4645E+00   
 4.0305E+01    2.0379E+01    2.0394E+01    2.0873E+01    2.2099E+01    2.0478E+01    2.0671E+01    2.0558E+01    2.0205E+01    5.9844E+00    6.0696E+00    0.0000E+00    8.4645E+00   
 4.0807E+01    2.0379E+01    2.0403E+01    2.0873E+01    2.2051E+01    2.0478E+01    2.0659E+01    2.0558E+01    2.0221E+01    5.9844E+00    6.0696E+00    0.0000E+00    8.4645E+00   
 4.1310E+01    2.0385E+01    2.0391E+01    2.0854E+01    2.1993E+01    2.0467E+01    2.0643E+01    2.0551E+01    2.0193E+01    5.9844E+00    6.0696E+00    0.0000E+00    8.4645E+00   
 4.1812E+01    2.0375E+01    2.0391E+01    2.0865E+01    2.1993E+01    2.0463E+01    2.0643E+01    2.0561E+01    2.0180E+01    5.9844E+00    6.0696E+00    0.0000E+00    8.4645E+00   
 4.2413E+01    2.0378E+01    2.0375E+01    2.0865E+01    2.1974E+01    2.0452E+01    2.0661E+01    2.0551E+01    2.0180E+01    5.9844E+00    6.0696E+00    0.0000E+00    8.4395E+00   
 4.2915E+01    2.0399E+01    2.0383E+01    2.0894E+01    2.1963E+01    2.0470E+01    2.0668E+01    2.0561E+01    2.0197E+01    5.9844E+00    6.0696E+00    0.0000E+00    8.4893E+00   
 4.3417E+01    2.0399E+01    2.0389E+01    2.0894E+01    2.1926E+01    2.0464E+01    2.0650E+01    2.0558E+01    2.0200E+01    5.9844E+00    6.0492E+00    0.0000E+00    8.4395E+00   
 4.3920E+01    2.0409E+01    2.0397E+01    2.0911E+01    2.1927E+01    2.0464E+01    2.0655E+01    2.0558E+01    2.0174E+01    5.9844E+00    6.0696E+00    0.0000E+00    8.5141E+00   
 4.4490E+01    2.0400E+01    2.0401E+01    2.0932E+01    2.1940E+01    2.0455E+01    2.0654E+01    2.0540E+01    2.0188E+01    5.9844E+00    6.0696E+00    0.0000E+00    8.4893E+00   
 4.4992E+01    2.0413E+01    2.0416E+01    2.0963E+01    2.1955E+01    2.0444E+01    2.0641E+01    2.0551E+01    2.0193E+01    5.9844E+00    6.0696E+00    0.0000E+00    8.4893E+00   
 4.5494E+01    2.0431E+01    2.0402E+01    2.0950E+01    2.2045E+01    2.0427E+01    2.0641E+01    2.0550E+01    2.0193E+01    5.9844E+00    6.0696E+00    0.0000E+00    8.4645E+00   
 4.5997E+01    2.0427E+01    2.0410E+01    2.0958E+01    2.2091E+01    2.0427E+01    2.0619E+01    2.0523E+01    2.0185E+01    5.9844E+00    6.0696E+00    0.0000E+00    8.4893E+00   
 4.6570E+01    2.0427E+01    2.0411E+01    2.0958E+01    2.2014E+01    2.0435E+01    2.0633E+01    2.0539E+01    2.0170E+01    5.9844E+00    6.0696E+00    0.0000E+00    8.4645E+00   
# Time (s)      T1w (C)       T2w (C)       T1a (C)       T2a (C)       T1r (C)       T2r (C)       T3r (C)       T4r (C)       P1 (bar)      P2 (bar)      Ic (amp)      Qc (l/min)    
 4.7072E+01    2.0425E+01    2.0423E+01    2.0932E+01    2.1986E+01    2.0435E+01    2.0618E+01    2.0539E+01    2.0174E+01    5.9844E+00    6.0696E+00    0.0000E+00    8.4893E+00   
 4.7577E+01    2.0436E+01    2.0405E+01    2.0922E+01    2.2069E+01    2.0424E+01    2.0619E+01    2.0528E+01    2.0169E+01    5.9844E+00    6.0696E+00    0.0000E+00    8.4395E+00   
 4.8080E+01    2.0441E+01    2.0405E+01    2.0891E+01    2.2069E+01    2.0412E+01    2.0619E+01    2.0536E+01    2.0169E+01    5.9844E+00    6.0696E+00    0.0000E+00    8.4395E+00   
 4.8658E+01    2.0442E+01    2.0434E+01    2.0925E+01    2.2072E+01    2.0428E+01    2.0624E+01    2.0524E+01    2.0187E+01    5.9844E+00    6.0696E+00    0.0000E+00    8.4645E+00   
 4.9161E+01    2.0443E+01    2.0412E+01    2.0891E+01    2.2000E+01    2.0418E+01    2.0620E+01    2.0539E+01    2.0174E+01    5.9844E+00    6.0696E+00    0.0000E+00    8.4893E+00   
 4.9663E+01    2.0443E+01    2.0409E+01    2.0891E+01    2.1963E+01    2.0418E+01    2.0628E+01    2.0539E+01    2.0172E+01    5.9844E+00    6.0696E+00    0.0000E+00    8.4893E+00   
 5.0165E+01    2.0435E+01    2.0423E+01    2.0959E+01    2.1922E+01    2.0413E+01    2.0636E+01    2.0525E+01    2.0107E+01    5.9844E+00    6.0696E+00    0.0000E+00    8.4893E+00   
 5.0755E+01    2.0453E+01    2.0413E+01    2.0959E+01    2.1882E+01    2.0415E+01    2.0630E+01    2.0537E+01    2.0189E+01    5.9844E+00    6.0696E+00    0.0000E+00    8.5141E+00   
 5.1257E+01    2.0448E+01    2.0413E+01    2.0948E+01    2.1882E+01    2.0410E+01    2.0615E+01    2.0529E+01    2.0163E+01    5.9844E+00    6.0696E+00    0.0000E+00    8.4645E+00   
 5.1759E+01    2.0475E+01    2.0442E+01    2.0978E+01    2.1869E+01    2.0438E+01    2.0631E+01    2.0560E+01    2.0178E+01    5.9844E+00    6.0696E+00    0.0000E+00    8.4893E+00   
 5.2262E+01    2.0457E+01    2.0436E+01    2.1025E+01    2.1904E+01    2.0423E+01    2.0623E+01    2.0540E+01    2.0179E+01    5.9844E+00    6.0696E+00    0.0000E+00    8.4645E+00   
 5.2862E+01    2.0472E+01    2.0459E+01    2.1043E+01    2.1896E+01    2.0396E+01    2.0601E+01    2.0532E+01    2.0168E+01    5.9844E+00    6.0696E+00    0.0000E+00    8.3894E+00   
 5.3365E+01    2.0475E+01    2.0449E+01    2.1043E+01    2.1899E+01    2.0396E+01    2.0598E+01    2.0532E+01    2.0170E+01    5.9844E+00    6.0696E+00    0.0000E+00    8.4395E+00   
 5.3867E+01    2.0494E+01    2.0465E+01    2.1044E+01    2.1897E+01    2.0404E+01    2.0609E+01    2.0521E+01    2.0167E+01    5.9844E+00    6.0696E+00    0.0000E+00    8.4395E+00   
 5.4369E+01    2.0511E+01    2.0465E+01    2.1025E+01    2.1897E+01    2.0403E+01    2.0609E+01    2.0529E+01    2.0167E+01    5.9844E+00    6.0696E+00    0.0000E+00    8.4395E+00   
 5.4948E+01    2.0503E+01    2.0461E+01    2.1020E+01    2.1944E+01    2.0400E+01    2.0617E+01    2.0532E+01    2.0164E+01    5.9844E+00    6.0696E+00    0.0000E+00    8.4645E+00   
 5.5450E+01    2.0494E+01    2.0466E+01    2.0990E+01    2.1989E+01    2.0400E+01    2.0601E+01    2.0521E+01    2.0164E+01    5.9844E+00    6.0696E+00    0.0000E+00    8.4395E+00   
 5.5952E+01    2.0494E+01    2.0468E+01    2.0990E+01    2.1968E+01    2.0400E+01    2.0614E+01    2.0520E+01    2.0168E+01    5.9844E+00    6.0696E+00    0.0000E+00    8.4395E+00   
 5.6454E+01    2.0500E+01    2.0471E+01    2.0982E+01    2.1951E+01    2.0385E+01    2.0594E+01    2.0520E+01    2.0156E+01    5.9844E+00    6.0696E+00    0.0000E+00    8.4645E+00   
 5.7036E+01    2.0496E+01    2.0470E+01    2.0937E+01    2.1855E+01    2.0428E+01    2.0632E+01    2.0549E+01    2.0190E+01    5.9844E+00    6.0696E+00    0.0000E+00    8.4645E+00   
 5.7538E+01    2.0487E+01    2.0470E+01    2.0920E+01    2.1855E+01    2.0425E+01    2.0620E+01    2.0543E+01    2.0186E+01    5.9844E+00    6.0696E+00    0.0000E+00    8.4395E+00   
 5.8041E+01    2.0506E+01    2.0493E+01    2.0910E+01    2.1890E+01    2.0438E+01    2.0636E+01    2.0563E+01    2.0202E+01    5.9844E+00    6.0696E+00    0.0000E+00    8.4645E+00   
 5.8546E+01    2.0497E+01    2.0475E+01    2.0910E+01    2.1938E+01    2.0411E+01    2.0636E+01    2.0551E+01    2.0210E+01    5.9844E+00    6.0696E+00    0.0000E+00    8.4893E+00   
 5.9151E+01    2.0526E+01    2.0518E+01    2.0919E+01    2.1977E+01    2.0436E+01    2.0646E+01    2.0569E+01    2.0209E+01    5.9844E+00    6.0696E+00    0.0000E+00    8.4645E+00   
 5.9653E+01    2.0526E+01    2.0487E+01    2.0919E+01    2.2183E+01    2.0436E+01    2.0653E+01    2.0569E+01    2.0213E+01    5.9844E+00    6.0696E+00    0.0000E+00    8.4645E+00   
 6.0155E+01    2.0521E+01    2.0532E+01    2.0963E+01    2.2256E+01    2.0461E+01    2.0665E+01    2.0576E+01    2.0226E+01    5.9844E+00    6.0696E+00    0.0000E+00    8.4893E+00   
 6.0658E+01    2.0541E+01    2.0532E+01    2.1062E+01    2.2256E+01    2.0454E+01    2.0665E+01    2.0584E+01    2.0226E+01    5.9844E+00    6.0696E+00    0.0000E+00    8.4395E+00   
 6.1237E+01    2.0540E+01    2.0530E+01    2.1048E+01    2.2267E+01    2.0452E+01    2.0664E+01    2.0555E+01    2.0212E+01    5.9844E+00    6.0696E+00    0.0000E+00    8.4645E+00   
 6.1739E+01    2.0540E+01    2.0532E+01    2.1048E+01    2.2139E+01    2.0430E+01    2.0659E+01    2.0551E+01    2.0221E+01    5.9844E+00    6.0696E+00    0.0000E+00    8.4395E+00   
 6.2241E+01    2.0525E+01    2.0515E+01    2.1032E+01    2.2059E+01    2.0430E+01    2.0652E+01    2.0558E+01    2.0207E+01    5.9844E+00    6.0696E+00    0.0000E+00    8.4645E+00   
# Time (s)      T1w (C)       T2w (C)       T1a (C)       T2a (C)       T1r (C)       T2r (C)       T3r (C)       T4r (C)       P1 (bar)      P2 (bar)      Ic (amp)      Qc (l/min)    
 6.2743E+01    2.0516E+01    2.0518E+01    2.1015E+01    2.1969E+01    2.0433E+01    2.0649E+01    2.0558E+01    2.0219E+01    5.9844E+00    6.0696E+00    0.0000E+00    8.4893E+00   
 6.3333E+01    2.0528E+01    2.0517E+01    2.1055E+01    2.1913E+01    2.0428E+01    2.0644E+01    2.0549E+01    2.0213E+01    5.9844E+00    6.0696E+00    0.0000E+00    8.4893E+00   
 6.3835E+01    2.0516E+01    2.0502E+01    2.1038E+01    2.1898E+01    2.0456E+01    2.0657E+01    2.0566E+01    2.0223E+01    5.9844E+00    6.0696E+00    0.0000E+00    8.4645E+00   
 6.4338E+01    2.0512E+01    2.0505E+01    2.1082E+01    2.1890E+01    2.0448E+01    2.0657E+01    2.0554E+01    2.0223E+01    5.9844E+00    6.0696E+00    0.0000E+00    8.4645E+00   
 6.4841E+01    2.0504E+01    2.0496E+01    2.1112E+01    2.1855E+01    2.0443E+01    2.0678E+01    2.0592E+01    2.0224E+01    5.9844E+00    6.0696E+00    0.0000E+00    8.4893E+00   
 6.5413E+01    2.0504E+01    2.0507E+01    2.1112E+01    2.1818E+01    2.0448E+01    2.0669E+01    2.0588E+01    2.0214E+01    5.9844E+00    6.0696E+00    0.0000E+00    8.4893E+00   
 6.5916E+01    2.0512E+01    2.0517E+01    2.1160E+01    2.1851E+01    2.0463E+01    2.0685E+01    2.0603E+01    2.0254E+01    5.9844E+00    6.0696E+00    0.0000E+00    8.4395E+00   
 6.6418E+01    2.0511E+01    2.0501E+01    2.1157E+01    2.1790E+01    2.0477E+01    2.0669E+01    2.0573E+01    2.0227E+01    5.9844E+00    6.0696E+00    0.0000E+00    8.4395E+00   
 6.6920E+01    2.0515E+01    2.0501E+01    2.1212E+01    2.1790E+01    2.0490E+01    2.0685E+01    2.0590E+01    2.0242E+01    5.9844E+00    6.0696E+00    0.0000E+00    8.4645E+00   
 6.7494E+01    2.0519E+01    2.0509E+01    2.1254E+01    2.1720E+01    2.0484E+01    2.0699E+01    2.0608E+01    2.0251E+01    5.9844E+00    6.0696E+00    0.0000E+00    8.4893E+00   
 6.7996E+01    2.0534E+01    2.0537E+01    2.1276E+01    2.1718E+01    2.0488E+01    2.0693E+01    2.0596E+01    2.0252E+01    5.9844E+00    6.0696E+00    0.0000E+00    8.4893E+00   
 6.8498E+01    2.0534E+01    2.0530E+01    2.1276E+01    2.1731E+01    2.0488E+01    2.0697E+01    2.0596E+01    2.0247E+01    5.9844E+00    6.0696E+00    0.0000E+00    8.4645E+00   
 6.9001E+01    2.0530E+01    2.0532E+01    2.1250E+01    2.1759E+01    2.0490E+01    2.0708E+01    2.0618E+01    2.0266E+01    5.9844E+00    6.0696E+00    0.0000E+00    8.4645E+00   
 6.9585E+01    2.0533E+01    2.0531E+01    2.1213E+01    2.1704E+01    2.0482E+01    2.0696E+01    2.0605E+01    2.0263E+01    5.9844E+00    6.0696E+00    0.0000E+00    8.5141E+00   
 7.0087E+01    2.0534E+01    2.0531E+01    2.1174E+01    2.1704E+01    2.0518E+01    2.0711E+01    2.0621E+01    2.0278E+01    5.9844E+00    6.0696E+00    0.0000E+00    8.5141E+00   
 7.0590E+01    2.0533E+01    2.0511E+01    2.1332E+01    2.1671E+01    2.0491E+01    2.0731E+01    2.0623E+01    2.0267E+01    5.9844E+00    6.0696E+00    0.0000E+00    8.4645E+00   
 7.1092E+01    2.0533E+01    2.0539E+01    2.1332E+01    2.1683E+01    2.0525E+01    2.0725E+01    2.0621E+01    2.0288E+01    5.9844E+00    6.0696E+00    0.0000E+00    8.4893E+00   
 7.1662E+01    2.0516E+01    2.0529E+01    2.1347E+01    2.1773E+01    2.0525E+01    2.0721E+01    2.0621E+01    2.0290E+01    5.9844E+00    6.0696E+00    0.0000E+00    8.4645E+00   
 7.2165E+01    2.0521E+01    2.0528E+01    2.1329E+01    2.1884E+01    2.0527E+01    2.0749E+01    2.0641E+01    2.0288E+01    5.9844E+00    6.0696E+00    0.0000E+00    8.4893E+00   
 7.2667E+01    2.0522E+01    2.0516E+01    2.1303E+01    2.1836E+01    2.0534E+01    2.0731E+01    2.0639E+01    2.0293E+01    5.9844E+00    6.0696E+00    0.0000E+00    8.4645E+00   
 7.3169E+01    2.0523E+01    2.0516E+01    2.1263E+01    2.1836E+01    2.0523E+01    2.0731E+01    2.0630E+01    2.0293E+01    5.9844E+00    6.0696E+00    0.0000E+00    8.4645E+00   
 7.3750E+01    2.0529E+01    2.0531E+01    2.1219E+01    2.1775E+01    2.0510E+01    2.0747E+01    2.0636E+01    2.0294E+01    5.9844E+00    6.0696E+00    0.0000E+00    8.4645E+00   
 7.4253E+01    2.0529E+01    2.0532E+01    2.1219E+01    2.1733E+01    2.0547E+01    2.0748E+01    2.0659E+01    2.0302E+01    5.9844E+00    6.0696E+00    0.0000E+00    8.4645E+00   
 7.4756E+01    2.0516E+01    2.0507E+01    2.1142E+01    2.1730E+01    2.0547E+01    2.0756E+01    2.0659E+01    2.0306E+01    5.9844E+00    6.0696E+00    0.0000E+00    8.4893E+00   
 7.5258E+01    2.0518E+01    2.0526E+01    2.1133E+01    2.1710E+01    2.0545E+01    2.0761E+01    2.0666E+01    2.0322E+01    5.9844E+00    6.0696E+00    0.0000E+00    8.5141E+00   
 7.5839E+01    2.0526E+01    2.0545E+01    2.1136E+01    2.1646E+01    2.0543E+01    2.0764E+01    2.0656E+01    2.0309E+01    5.9844E+00    6.0696E+00    0.0000E+00    8.4893E+00   
 7.6341E+01    2.0527E+01    2.0561E+01    2.1239E+01    2.1661E+01    2.0562E+01    2.0779E+01    2.0667E+01    2.0324E+01    6.0048E+00    6.0696E+00    0.0000E+00    8.4645E+00   
 7.6844E+01    2.0524E+01    2.0542E+01    2.1286E+01    2.1636E+01    2.0555E+01    2.0769E+01    2.0659E+01    2.0325E+01    5.9844E+00    6.0696E+00    0.0000E+00    8.4645E+00   
 7.7346E+01    2.0524E+01    2.0537E+01    2.1286E+01    2.1629E+01    2.0557E+01    2.0793E+01    2.0685E+01    2.0348E+01    5.9844E+00    6.0696E+00    0.0000E+00    8.4645E+00   
 7.7927E+01    2.0520E+01    2.0550E+01    2.1374E+01    2.1658E+01    2.0557E+01    2.0804E+01    2.0685E+01    2.0338E+01    5.9844E+00    6.0696E+00    0.0000E+00    8.4395E+00   
# Time (s)      T1w (C)       T2w (C)       T1a (C)       T2a (C)       T1r (C)       T2r (C)       T3r (C)       T4r (C)       P1 (bar)      P2 (bar)      Ic (amp)      Qc (l/min)    
 7.8430E+01    2.0530E+01    2.0546E+01    2.1457E+01    2.1629E+01    2.0567E+01    2.0782E+01    2.0662E+01    2.0341E+01    5.9844E+00    6.0696E+00    0.0000E+00    8.4395E+00   
 7.8932E+01    2.0524E+01    2.0546E+01    2.1528E+01    2.1629E+01    2.0553E+01    2.0778E+01    2.0671E+01    2.0333E+01    5.9844E+00    6.0696E+00    0.0000E+00    8.5141E+00   
 7.9434E+01    2.0528E+01    2.0538E+01    2.1544E+01    2.1660E+01    2.0549E+01    2.0778E+01    2.0665E+01    2.0333E+01    5.9844E+00    6.0696E+00    0.0000E+00    8.4893E+00   
 8.0034E+01    2.0528E+01    2.0538E+01    2.1575E+01    2.1719E+01    2.0561E+01    2.0780E+01    2.0671E+01    2.0322E+01    5.9844E+00    6.0696E+00    0.0000E+00    8.4645E+00   
 8.0540E+01    2.0528E+01    2.0543E+01    2.1499E+01    2.1791E+01    2.0573E+01    2.0785E+01    2.0659E+01    2.0325E+01    5.9844E+00    6.0696E+00    0.0000E+00    8.4645E+00   
 8.1042E+01    2.0547E+01    2.0554E+01    2.1515E+01    2.1792E+01    2.0589E+01    2.0786E+01    2.0675E+01    2.0348E+01    5.9844E+00    6.0696E+00    0.0000E+00    8.4893E+00   
 8.1545E+01    2.0529E+01    2.0556E+01    2.1476E+01    2.1829E+01    2.0564E+01    2.0801E+01    2.0684E+01    2.0337E+01    5.9844E+00    6.0696E+00    0.0000E+00    8.4893E+00   
 8.2120E+01    2.0550E+01    2.0550E+01    2.1406E+01    2.1783E+01    2.0574E+01    2.0790E+01    2.0666E+01    2.0337E+01    5.9844E+00    6.0696E+00    0.0000E+00    8.4893E+00   
 8.2622E+01    2.0535E+01    2.0550E+01    2.1317E+01    2.1783E+01    2.0560E+01    2.0790E+01    2.0678E+01    2.0337E+01    5.9844E+00    6.0696E+00    0.0000E+00    8.4893E+00   
 8.3125E+01    2.0534E+01    2.0555E+01    2.1285E+01    2.1758E+01    2.0558E+01    2.0785E+01    2.0667E+01    2.0335E+01    5.9844E+00    6.0696E+00    0.0000E+00    8.4645E+00   
 8.3627E+01    2.0534E+01    2.0574E+01    2.1285E+01    2.1744E+01    2.0548E+01    2.0792E+01    2.0668E+01    2.0345E+01    5.9844E+00    6.0696E+00    0.0000E+00    8.4645E+00   
 8.4208E+01    2.0550E+01    2.0592E+01    2.1278E+01    2.1793E+01    2.0564E+01    2.0817E+01    2.0683E+01    2.0324E+01    5.9844E+00    6.0696E+00    0.0000E+00    8.5141E+00   
 8.4711E+01    2.0551E+01    2.0589E+01    2.1260E+01    2.1981E+01    2.0562E+01    2.0806E+01    2.0679E+01    2.0327E+01    5.9844E+00    6.0696E+00    0.0000E+00    8.4645E+00   
 8.5213E+01    2.0567E+01    2.0589E+01    2.1255E+01    2.1981E+01    2.0579E+01    2.0789E+01    2.0669E+01    2.0328E+01    5.9844E+00    6.0696E+00    0.0000E+00    8.4645E+00   
 8.5718E+01    2.0559E+01    2.0564E+01    2.1251E+01    2.2104E+01    2.0560E+01    2.0789E+01    2.0675E+01    2.0328E+01    5.9844E+00    6.0696E+00    0.0000E+00    8.4645E+00   
 8.6297E+01    2.0562E+01    2.0580E+01    2.1273E+01    2.2207E+01    2.0566E+01    2.0808E+01    2.0690E+01    2.0336E+01    5.9844E+00    6.0696E+00    0.0000E+00    8.4395E+00   
 8.6800E+01    2.0562E+01    2.0566E+01    2.1273E+01    2.2294E+01    2.0571E+01    2.0804E+01    2.0686E+01    2.0346E+01    5.9844E+00    6.0696E+00    0.0000E+00    8.4395E+00   
 8.7302E+01    2.0539E+01    2.0566E+01    2.1234E+01    2.2378E+01    2.0586E+01    2.0803E+01    2.0702E+01    2.0354E+01    5.9844E+00    6.0696E+00    0.0000E+00    8.4645E+00   
 8.7805E+01    2.0555E+01    2.0577E+01    2.1223E+01    2.2299E+01    2.0587E+01    2.0806E+01    2.0698E+01    2.0365E+01    5.9844E+00    6.0696E+00    0.0000E+00    8.4395E+00   
 8.8393E+01    2.0557E+01    2.0577E+01    2.1241E+01    2.2234E+01    2.0581E+01    2.0811E+01    2.0679E+01    2.0343E+01    5.9844E+00    6.0696E+00    0.0000E+00    8.4395E+00   
 8.8895E+01    2.0531E+01    2.0588E+01    2.1190E+01    2.2234E+01    2.0576E+01    2.0811E+01    2.0714E+01    2.0343E+01    5.9844E+00    6.0696E+00    0.0000E+00    8.4395E+00   
 8.9398E+01    2.0568E+01    2.0583E+01    2.1114E+01    2.2085E+01    2.0571E+01    2.0793E+01    2.0690E+01    2.0337E+01    6.0048E+00    6.0696E+00    0.0000E+00    8.4645E+00   
 8.9900E+01    2.0568E+01    2.0584E+01    2.1114E+01    2.1992E+01    2.0582E+01    2.0807E+01    2.0690E+01    2.0333E+01    5.9844E+00    6.0899E+00    0.0000E+00    8.4645E+00   
 9.0481E+01    2.0572E+01    2.0597E+01    2.1081E+01    2.1919E+01    2.0582E+01    2.0805E+01    2.0683E+01    2.0343E+01    5.9844E+00    6.0696E+00    0.0000E+00    8.4645E+00   
 9.0986E+01    2.0576E+01    2.0597E+01    2.1048E+01    2.1891E+01    2.0586E+01    2.0791E+01    2.0688E+01    2.0342E+01    5.9844E+00    6.0696E+00    0.0000E+00    8.4893E+00   
 9.1489E+01    2.0594E+01    2.0613E+01    2.1091E+01    2.1907E+01    2.0587E+01    2.0785E+01    2.0669E+01    2.0341E+01    5.9844E+00    6.0696E+00    0.0000E+00    8.4395E+00   
 9.1991E+01    2.0578E+01    2.0617E+01    2.1116E+01    2.1923E+01    2.0576E+01    2.0785E+01    2.0674E+01    2.0341E+01    6.0048E+00    6.0696E+00    0.0000E+00    8.4645E+00   
 9.2569E+01    2.0578E+01    2.0609E+01    2.1129E+01    2.2026E+01    2.0566E+01    2.0791E+01    2.0665E+01    2.0315E+01    5.9844E+00    6.0696E+00    0.0000E+00    8.4893E+00   
 9.3072E+01    2.0578E+01    2.0613E+01    2.1129E+01    2.2198E+01    2.0564E+01    2.0788E+01    2.0655E+01    2.0327E+01    6.0048E+00    6.0696E+00    0.0000E+00    8.4395E+00   
 9.3574E+01    2.0584E+01    2.0607E+01    2.1170E+01    2.2247E+01    2.0564E+01    2.0795E+01    2.0655E+01    2.0326E+01    5.9844E+00    6.0696E+00    0.0000E+00    8.4645E+00   
# Time (s)      T1w (C)       T2w (C)       T1a (C)       T2a (C)       T1r (C)       T2r (C)       T3r (C)       T4r (C)       P1 (bar)      P2 (bar)      Ic (amp)      Qc (l/min)    
 9.4077E+01    2.0576E+01    2.0614E+01    2.1186E+01    2.2421E+01    2.0566E+01    2.0828E+01    2.0652E+01    2.0311E+01    5.9844E+00    6.0696E+00    0.0000E+00    8.4395E+00   
 9.4658E+01    2.0577E+01    2.0614E+01    2.1196E+01    2.2421E+01    2.0551E+01    2.0772E+01    2.0658E+01    2.0323E+01    5.9844E+00    6.0696E+00    0.0000E+00    8.4645E+00   
 9.5160E+01    2.0580E+01    2.0601E+01    2.1248E+01    2.2361E+01    2.0559E+01    2.0772E+01    2.0662E+01    2.0323E+01    5.9844E+00    6.0696E+00    0.0000E+00    8.4145E+00   
 9.5663E+01    2.0567E+01    2.0601E+01    2.1284E+01    2.2375E+01    2.0547E+01    2.0779E+01    2.0657E+01    2.0312E+01    5.9844E+00    6.0696E+00    0.0000E+00    8.4145E+00   
 9.6165E+01    2.0582E+01    2.0613E+01    2.1300E+01    2.2478E+01    2.0547E+01    2.0775E+01    2.0657E+01    2.0303E+01    5.9844E+00    6.0696E+00    0.0000E+00    8.4395E+00   
 9.6758E+01    2.0582E+01    2.0623E+01    2.1390E+01    2.2602E+01    2.0554E+01    2.0775E+01    2.0657E+01    2.0312E+01    6.0048E+00    6.0696E+00    0.0000E+00    8.4893E+00   
 9.7260E+01    2.0590E+01    2.0625E+01    2.1429E+01    2.2699E+01    2.0545E+01    2.0773E+01    2.0646E+01    2.0302E+01    5.9844E+00    6.0696E+00    0.0000E+00    8.4645E+00   
 9.7763E+01    2.0601E+01    2.0625E+01    2.1457E+01    2.2699E+01    2.0548E+01    2.0778E+01    2.0642E+01    2.0307E+01    5.9844E+00    6.0696E+00    0.0000E+00    8.4645E+00   
 9.8265E+01    2.0610E+01    2.0644E+01    2.1477E+01    2.2573E+01    2.0545E+01    2.0794E+01    2.0654E+01    2.0323E+01    5.9844E+00    6.0696E+00    0.0000E+00    8.4645E+00   
 9.8842E+01    2.0598E+01    2.0629E+01    2.1489E+01    2.2457E+01    2.0533E+01    2.0776E+01    2.0658E+01    2.0312E+01    5.9844E+00    6.0696E+00    0.0000E+00    8.4145E+00   
 9.9345E+01    2.0614E+01    2.0661E+01    2.1505E+01    2.2424E+01    2.0550E+01    2.0779E+01    2.0651E+01    2.0314E+01    6.0048E+00    6.0696E+00    0.0000E+00    8.4893E+00   
 9.9847E+01    2.0613E+01    2.0653E+01    2.1508E+01    2.2373E+01    2.0550E+01    2.0761E+01    2.0651E+01    2.0308E+01    5.9844E+00    6.0696E+00    0.0000E+00    8.4395E+00   
 1.0035E+02    2.0627E+01    2.0648E+01    2.1505E+01    2.2327E+01    2.0528E+01    2.0760E+01    2.0659E+01    2.0306E+01    6.0048E+00    6.0899E+00    0.0000E+00    8.4645E+00   
 1.0094E+02    2.0602E+01    2.0648E+01    2.1546E+01    2.2327E+01    2.0552E+01    2.0683E+01    2.0647E+01    2.0304E+01    5.9844E+00    6.0696E+00    0.0000E+00    8.4145E+00   
 1.0144E+02    2.0625E+01    2.0663E+01    2.1534E+01    2.2270E+01    2.0553E+01    2.0699E+01    2.0669E+01    2.0319E+01    5.9844E+00    6.0696E+00    0.0000E+00    8.4645E+00   
 1.0195E+02    2.0622E+01    2.0658E+01    2.1549E+01    2.2239E+01    2.0533E+01    2.0789E+01    2.0653E+01    2.0297E+01    5.9844E+00    6.0696E+00    0.0000E+00    8.4145E+00   
 1.0245E+02    2.0622E+01    2.0650E+01    2.1549E+01    2.2214E+01    2.0533E+01    2.0772E+01    2.0653E+01    2.0295E+01    5.9844E+00    6.0696E+00    0.0000E+00    8.4893E+00   
 1.0305E+02    2.0616E+01    2.0638E+01    2.1531E+01    2.2237E+01    2.0554E+01    2.0775E+01    2.0653E+01    2.0305E+01    5.9844E+00    6.0696E+00    0.0000E+00    8.4145E+00   
 1.0355E+02    2.0637E+01    2.0659E+01    2.1507E+01    2.2306E+01    2.0540E+01    2.0784E+01    2.0649E+01    2.0301E+01    5.9844E+00    6.0696E+00    0.0000E+00    8.4645E+00   
 1.0406E+02    2.0611E+01    2.0659E+01    2.1420E+01    2.2306E+01    2.0541E+01    2.0769E+01    2.0638E+01    2.0301E+01    6.0048E+00    6.0696E+00    0.0000E+00    8.4395E+00   
 1.0456E+02    2.0629E+01    2.0669E+01    2.1399E+01    2.2327E+01    2.0548E+01    2.0769E+01    2.0635E+01    2.0302E+01    6.0048E+00    6.0696E+00    0.0000E+00    8.4395E+00   
 1.0513E+02    2.0636E+01    2.0672E+01    2.1349E+01    2.2335E+01    2.0525E+01    2.0782E+01    2.0653E+01    2.0295E+01    5.9844E+00    6.0696E+00    0.0000E+00    8.4395E+00   
 1.0563E+02    2.0636E+01    2.0670E+01    2.1349E+01    2.2287E+01    2.0522E+01    2.0759E+01    2.0653E+01    2.0287E+01    5.9844E+00    6.0696E+00    0.0000E+00    8.4395E+00   
 1.0614E+02    2.0631E+01    2.0667E+01    2.1300E+01    2.2317E+01    2.0522E+01    2.0769E+01    2.0634E+01    2.0280E+01    6.0048E+00    6.0696E+00    0.0000E+00    8.4395E+00   
 1.0664E+02    2.0640E+01    2.0678E+01    2.1288E+01    2.2361E+01    2.0524E+01    2.0749E+01    2.0626E+01    2.0282E+01    6.0048E+00    6.0696E+00    0.0000E+00    8.4645E+00   
 1.0725E+02    2.0633E+01    2.0678E+01    2.1246E+01    2.2370E+01    2.0525E+01    2.0764E+01    2.0639E+01    2.0285E+01    6.0048E+00    6.0696E+00    0.0000E+00    8.4145E+00   
 1.0775E+02    2.0643E+01    2.0666E+01    2.1241E+01    2.2370E+01    2.0513E+01    2.0764E+01    2.0618E+01    2.0285E+01    6.0048E+00    6.0696E+00    0.0000E+00    8.4645E+00   
 1.0825E+02    2.0670E+01    2.0689E+01    2.1248E+01    2.2398E+01    2.0532E+01    2.0769E+01    2.0634E+01    2.0287E+01    5.9844E+00    6.0696E+00    0.0000E+00    8.4645E+00   
 1.0876E+02    2.0670E+01    2.0688E+01    2.1248E+01    2.2376E+01    2.0532E+01    2.0753E+01    2.0634E+01    2.0284E+01    5.9844E+00    6.0899E+00    0.0000E+00    8.4645E+00   
 1.0934E+02    2.0646E+01    2.0681E+01    2.1230E+01    2.2293E+01    2.0534E+01    2.0750E+01    2.0644E+01    2.0287E+01    6.0048E+00    6.0696E+00    0.0000E+00    8.4645E+00   
# Time (s)      T1w (C)       T2w (C)       T1a (C)       T2a (C)       T1r (C)       T2r (C)       T3r (C)       T4r (C)       P1 (bar)      P2 (bar)      Ic (amp)      Qc (l/min)    
 1.0984E+02    2.0640E+01    2.0685E+01    2.1240E+01    2.2268E+01    2.0515E+01    2.0762E+01    2.0622E+01    2.0281E+01    6.0048E+00    6.0696E+00    0.0000E+00    8.4395E+00   
 1.1035E+02    2.0670E+01    2.0700E+01    2.1251E+01    2.2283E+01    2.0527E+01    2.0761E+01    2.0636E+01    2.0285E+01    6.0048E+00    6.0696E+00    0.0000E+00    8.4893E+00   
 1.1085E+02    2.0660E+01    2.0700E+01    2.1235E+01    2.2325E+01    2.0522E+01    2.0761E+01    2.0614E+01    2.0285E+01    5.9844E+00    6.0696E+00    0.0000E+00    8.4645E+00   
 1.1142E+02    2.0671E+01    2.0705E+01    2.1292E+01    2.2325E+01    2.0528E+01    2.0769E+01    2.0645E+01    2.0287E+01    6.0048E+00    6.0696E+00    0.0000E+00    8.4893E+00   
 1.1192E+02    2.0671E+01    2.0722E+01    2.1292E+01    2.2375E+01    2.0531E+01    2.0773E+01    2.0645E+01    2.0272E+01    6.0048E+00    6.0696E+00    0.0000E+00    8.4645E+00   
 1.1243E+02    2.0666E+01    2.0722E+01    2.1288E+01    2.2337E+01    2.0531E+01    2.0747E+01    2.0617E+01    2.0280E+01    6.0048E+00    6.0899E+00    0.0000E+00    8.4145E+00   
 1.1293E+02    2.0668E+01    2.0704E+01    2.1258E+01    2.2367E+01    2.0523E+01    2.0759E+01    2.0631E+01    2.0261E+01    6.0048E+00    6.0899E+00    0.0000E+00    8.4645E+00   
 1.1350E+02    2.0682E+01    2.0719E+01    2.1238E+01    2.2382E+01    2.0525E+01    2.0784E+01    2.0641E+01    2.0288E+01    5.9844E+00    6.0899E+00    0.0000E+00    8.4395E+00   
 1.1400E+02    2.0679E+01    2.0724E+01    2.1228E+01    2.2343E+01    2.0540E+01    2.0784E+01    2.0624E+01    2.0288E+01    6.0048E+00    6.0696E+00    0.0000E+00    8.4645E+00   
 1.1451E+02    2.0679E+01    2.0717E+01    2.1237E+01    2.2330E+01    2.0543E+01    2.0782E+01    2.0648E+01    2.0311E+01    6.0048E+00    6.0696E+00    0.0000E+00    8.4645E+00   
 1.1501E+02    2.0679E+01    2.0726E+01    2.1237E+01    2.2304E+01    2.0543E+01    2.0794E+01    2.0648E+01    2.0291E+01    6.0048E+00    6.0696E+00    0.0000E+00    8.4395E+00   
 1.1559E+02    2.0666E+01    2.0725E+01    2.1249E+01    2.2267E+01    2.0535E+01    2.0801E+01    2.0659E+01    2.0285E+01    6.0048E+00    6.0696E+00    0.0000E+00    8.4893E+00   
 1.1609E+02    2.0674E+01    2.0721E+01    2.1208E+01    2.2216E+01    2.0559E+01    2.0785E+01    2.0666E+01    2.0308E+01    6.0048E+00    6.0696E+00    0.0000E+00    8.4893E+00   
 1.1659E+02    2.0662E+01    2.0721E+01    2.1221E+01    2.2216E+01    2.0566E+01    2.0801E+01    2.0663E+01    2.0324E+01    6.0048E+00    6.0899E+00    0.0000E+00    8.4645E+00   
 1.1710E+02    2.0654E+01    2.0712E+01    2.1215E+01    2.2214E+01    2.0554E+01    2.0806E+01    2.0675E+01    2.0315E+01    6.0048E+00    6.0899E+00    0.0000E+00    8.4893E+00   
 1.1770E+02    2.0673E+01    2.0710E+01    2.1234E+01    2.2217E+01    2.0558E+01    2.0795E+01    2.0665E+01    2.0313E+01    6.0048E+00    6.0696E+00    0.0000E+00    8.4395E+00   
 1.1820E+02    2.0673E+01    2.0717E+01    2.1234E+01    2.2181E+01    2.0550E+01    2.0781E+01    2.0665E+01    2.0320E+01    5.9844E+00    6.0696E+00    0.0000E+00    8.4395E+00   
 1.1870E+02    2.0684E+01    2.0707E+01    2.1258E+01    2.2210E+01    2.0550E+01    2.0784E+01    2.0672E+01    2.0298E+01    6.0048E+00    6.0696E+00    0.0000E+00    8.4645E+00   
 1.1920E+02    2.0676E+01    2.0707E+01    2.1231E+01    2.2290E+01    2.0552E+01    2.0774E+01    2.0654E+01    2.0310E+01    6.0048E+00    6.0696E+00    0.0000E+00    8.4645E+00   
 1.1978E+02    2.0676E+01    2.0742E+01    2.1247E+01    2.2306E+01    2.0554E+01    2.0790E+01    2.0667E+01    2.0305E+01    5.9844E+00    6.0696E+00    0.0000E+00    8.4395E+00   
 1.2028E+02    2.0684E+01    2.0749E+01    2.1284E+01    2.2352E+01    2.0572E+01    2.0805E+01    2.0681E+01    2.0321E+01    6.0048E+00    6.0696E+00    0.0000E+00    8.4395E+00   
 1.2079E+02    2.0684E+01    2.0756E+01    2.1282E+01    2.2374E+01    2.0553E+01    2.0806E+01    2.0678E+01    2.0316E+01    6.0048E+00    6.0899E+00    0.0000E+00    8.4645E+00   
 1.2129E+02    2.0695E+01    2.0732E+01    2.1282E+01    2.2406E+01    2.0569E+01    2.0818E+01    2.0694E+01    2.0328E+01    6.0048E+00    6.0696E+00    0.0000E+00    8.4145E+00   
 1.2186E+02    2.0703E+01    2.0742E+01    2.1295E+01    2.2401E+01    2.0589E+01    2.0811E+01    2.0684E+01    2.0345E+01    6.0048E+00    6.0696E+00    0.0000E+00    8.4145E+00   
 1.2236E+02    2.0699E+01    2.0729E+01    2.1318E+01    2.2348E+01    2.0596E+01    2.0823E+01    2.0686E+01    2.0341E+01    6.0048E+00    6.0696E+00    0.0000E+00    8.4645E+00   
 1.2287E+02    2.0688E+01    2.0729E+01    2.1304E+01    2.2348E+01    2.0581E+01    2.0823E+01    2.0720E+01    2.0341E+01    6.0048E+00    6.0899E+00    0.0000E+00    8.4395E+00   
 1.2337E+02    2.0685E+01    2.0748E+01    2.1292E+01    2.2344E+01    2.0581E+01    2.0827E+01    2.0689E+01    2.0332E+01    6.0048E+00    6.0899E+00    0.0000E+00    8.4395E+00   
 1.2394E+02    2.0685E+01    2.0742E+01    2.1265E+01    2.2324E+01    2.0560E+01    2.0822E+01    2.0686E+01    2.0336E+01    6.0048E+00    6.0899E+00    0.0000E+00    8.4645E+00   
 1.2444E+02    2.0690E+01    2.0719E+01    2.1265E+01    2.2324E+01    2.0560E+01    2.0810E+01    2.0686E+01    2.0329E+01    6.0048E+00    6.0899E+00    0.0000E+00    8.4395E+00   
 1.2495E+02    2.0693E+01    2.0729E+01    2.1309E+01    2.2290E+01    2.0565E+01    2.0802E+01    2.0684E+01    2.0316E+01    6.0048E+00    6.0899E+00    0.0000E+00    8.4395E+00   
# Time (s)      T1w (C)       T2w (C)       T1a (C)       T2a (C)       T1r (C)       T2r (C)       T3r (C)       T4r (C)       P1 (bar)      P2 (bar)      Ic (amp)      Qc (l/min)    
 1.2545E+02    2.0703E+01    2.0744E+01    2.1351E+01    2.2306E+01    2.0564E+01    2.0807E+01    2.0680E+01    2.0321E+01    6.0048E+00    6.0899E+00    0.0000E+00    8.4645E+00   
 1.2602E+02    2.0698E+01    2.0745E+01    2.1341E+01    2.2277E+01    2.0558E+01    2.0807E+01    2.0676E+01    2.0321E+01    6.0048E+00    6.0899E+00    0.0000E+00    8.4645E+00   
 1.2653E+02    2.0674E+01    2.0729E+01    2.1321E+01    2.2325E+01    2.0575E+01    2.0824E+01    2.0695E+01    2.0337E+01    6.0048E+00    6.0899E+00    0.0000E+00    8.4645E+00   
 1.2703E+02    2.0674E+01    2.0730E+01    2.1321E+01    2.2359E+01    2.0553E+01    2.0816E+01    2.0678E+01    2.0333E+01    6.0048E+00    6.0899E+00    0.0000E+00    8.4645E+00   
 1.2753E+02    2.0671E+01    2.0731E+01    2.1345E+01    2.2345E+01    2.0569E+01    2.0819E+01    2.0694E+01    2.0336E+01    6.0048E+00    6.0696E+00    0.0000E+00    8.4645E+00   
 1.2814E+02    2.0662E+01    2.0711E+01    2.1364E+01    2.2313E+01    2.0581E+01    2.0837E+01    2.0693E+01    2.0332E+01    6.0048E+00    6.0696E+00    0.0000E+00    8.4145E+00   
 1.2864E+02    2.0670E+01    2.0706E+01    2.1351E+01    2.2233E+01    2.0604E+01    2.0846E+01    2.0697E+01    2.0346E+01    6.0048E+00    6.0696E+00    0.0000E+00    8.4395E+00   
 1.2914E+02    2.0655E+01    2.0706E+01    2.1367E+01    2.2233E+01    2.0601E+01    2.0846E+01    2.0707E+01    2.0346E+01    6.0048E+00    6.0696E+00    0.0000E+00    8.4645E+00   
 1.2965E+02    2.0660E+01    2.0730E+01    2.1359E+01    2.2146E+01    2.0585E+01    2.0849E+01    2.0716E+01    2.0353E+01    6.0048E+00    6.0696E+00    0.0000E+00    8.4395E+00   
 1.3023E+02    2.0658E+01    2.0730E+01    2.1327E+01    2.2164E+01    2.0598E+01    2.0868E+01    2.0706E+01    2.0362E+01    6.0048E+00    6.0696E+00    0.0000E+00    8.4645E+00   
 1.3073E+02    2.0673E+01    2.0729E+01    2.1342E+01    2.2186E+01    2.0598E+01    2.0862E+01    2.0706E+01    2.0345E+01    6.0048E+00    6.0899E+00    0.0000E+00    8.4645E+00   
 1.3124E+02    2.0670E+01    2.0744E+01    2.1337E+01    2.2179E+01    2.0596E+01    2.0844E+01    2.0701E+01    2.0345E+01    6.0048E+00    6.0696E+00    0.0000E+00    8.4645E+00   
 1.3174E+02    2.0670E+01    2.0744E+01    2.1363E+01    2.2220E+01    2.0595E+01    2.0853E+01    2.0728E+01    2.0361E+01    6.0048E+00    6.0899E+00    0.0000E+00    8.4893E+00   
 1.3231E+02    2.0676E+01    2.0730E+01    2.1404E+01    2.2220E+01    2.0606E+01    2.0869E+01    2.0740E+01    2.0377E+01    6.0048E+00    6.0696E+00    0.0000E+00    8.4395E+00   
 1.3281E+02    2.0670E+01    2.0729E+01    2.1432E+01    2.2264E+01    2.0607E+01    2.0862E+01    2.0732E+01    2.0365E+01    6.0048E+00    6.0899E+00    0.0000E+00    8.4645E+00   
 1.3332E+02    2.0670E+01    2.0721E+01    2.1413E+01    2.2209E+01    2.0597E+01    2.0851E+01    2.0732E+01    2.0378E+01    6.0048E+00    6.0899E+00    0.0000E+00    8.4395E+00   
 1.3382E+02    2.0669E+01    2.0727E+01    2.1413E+01    2.2319E+01    2.0613E+01    2.0866E+01    2.0741E+01    2.0378E+01    6.0048E+00    6.0899E+00    0.0000E+00    8.4145E+00   
 1.3439E+02    2.0682E+01    2.0720E+01    2.1371E+01    2.2363E+01    2.0635E+01    2.0884E+01    2.0750E+01    2.0381E+01    6.0048E+00    6.0899E+00    0.0000E+00    8.4395E+00   
 1.3489E+02    2.0667E+01    2.0720E+01    2.1365E+01    2.2260E+01    2.0629E+01    2.0884E+01    2.0762E+01    2.0370E+01    6.0048E+00    6.0696E+00    0.0000E+00    8.4645E+00   
 1.3540E+02    2.0667E+01    2.0724E+01    2.1380E+01    2.2260E+01    2.0619E+01    2.0884E+01    2.0744E+01    2.0370E+01    6.0048E+00    6.0696E+00    0.0000E+00    8.4645E+00   
 1.3590E+02    2.0682E+01    2.0724E+01    2.1393E+01    2.2335E+01    2.0622E+01    2.0882E+01    2.0742E+01    2.0386E+01    6.0048E+00    6.0696E+00    0.0000E+00    8.4395E+00   
 1.3648E+02    2.0682E+01    2.0715E+01    2.1348E+01    2.2306E+01    2.0635E+01    2.0873E+01    2.0751E+01    2.0391E+01    6.0048E+00    6.0696E+00    0.0000E+00    8.4645E+00   
 1.3698E+02    2.0670E+01    2.0707E+01    2.1348E+01    2.2312E+01    2.0635E+01    2.0880E+01    2.0751E+01    2.0386E+01    6.0048E+00    6.0696E+00    0.0000E+00    8.4395E+00   
 1.3749E+02    2.0665E+01    2.0703E+01    2.1307E+01    2.2324E+01    2.0646E+01    2.0886E+01    2.0762E+01    2.0391E+01    6.0048E+00    6.0696E+00    0.0000E+00    8.4645E+00   
 1.3799E+02    2.0646E+01    2.0703E+01    2.1263E+01    2.2324E+01    2.0643E+01    2.0886E+01    2.0748E+01    2.0391E+01    6.0048E+00    6.0899E+00    0.0000E+00    8.4893E+00   
 1.3858E+02    2.0665E+01    2.0714E+01    2.1243E+01    2.2327E+01    2.0674E+01    2.0895E+01    2.0765E+01    2.0401E+01    6.0048E+00    6.0696E+00    0.0000E+00    8.4395E+00   
 1.3908E+02    2.0659E+01    2.0697E+01    2.1213E+01    2.2192E+01    2.0655E+01    2.0901E+01    2.0762E+01    2.0392E+01    6.0048E+00    6.0899E+00    0.0000E+00    8.4395E+00   
 1.3959E+02    2.0675E+01    2.0724E+01    2.1187E+01    2.2152E+01    2.0660E+01    2.0909E+01    2.0778E+01    2.0414E+01    6.0048E+00    6.0696E+00    0.0000E+00    8.4645E+00   
 1.4009E+02    2.0672E+01    2.0717E+01    2.1187E+01    2.2122E+01    2.0660E+01    2.0889E+01    2.0782E+01    2.0422E+01    6.0048E+00    6.0899E+00    0.0000E+00    8.4395E+00   
 1.4066E+02    2.0683E+01    2.0736E+01    2.1248E+01    2.2120E+01    2.0671E+01    2.0912E+01    2.0766E+01    2.0402E+01    6.0048E+00    6.0696E+00    0.0000E+00    8.4893E+00   
# Time (s)      T1w (C)       T2w (C)       T1a (C)       T2a (C)       T1r (C)       T2r (C)       T3r (C)       T4r (C)       P1 (bar)      P2 (bar)      Ic (amp)      Qc (l/min)    
 1.4117E+02    2.0674E+01    2.0736E+01    2.1316E+01    2.2114E+01    2.0654E+01    2.0910E+01    2.0767E+01    2.0402E+01    6.0048E+00    6.0696E+00    0.0000E+00    8.4395E+00   
 1.4167E+02    2.0699E+01    2.0738E+01    2.1364E+01    2.2129E+01    2.0658E+01    2.0910E+01    2.0761E+01    2.0401E+01    6.0048E+00    6.0696E+00    0.0000E+00    8.4645E+00   
 1.4217E+02    2.0701E+01    2.0757E+01    2.1366E+01    2.2093E+01    2.0631E+01    2.0875E+01    2.0764E+01    2.0399E+01    6.0048E+00    6.0899E+00    0.0000E+00    8.7823E+00   
 1.4275E+02    2.0701E+01    2.0737E+01    2.1416E+01    2.2109E+01    2.0671E+01    2.0907E+01    2.0778E+01    2.0415E+01    6.0048E+00    6.0899E+00    0.0000E+00    7.2286E+00   
 1.4325E+02    2.0681E+01    2.0732E+01    2.1416E+01    2.2046E+01    2.0671E+01    2.0901E+01    2.0778E+01    2.0412E+01    6.0048E+00    6.0696E+00    0.0000E+00    5.4299E+00   
 1.4375E+02    2.0663E+01    2.0754E+01    2.1423E+01    2.2013E+01    2.0672E+01    2.0916E+01    2.0792E+01    2.0421E+01    6.0048E+00    6.0696E+00    0.0000E+00    2.8250E+00   
 1.4426E+02    2.0675E+01    2.0754E+01    2.1374E+01    2.2013E+01    2.0656E+01    2.0916E+01    2.0782E+01    2.0421E+01    6.0048E+00    6.0899E+00    0.0000E+00    6.1918E+00   
 1.4483E+02    2.0679E+01    2.0743E+01    2.1357E+01    2.1962E+01    2.0669E+01    2.0915E+01    2.0771E+01    2.0404E+01    6.0048E+00    6.0899E+00    0.0000E+00    7.6535E+00   
 1.4533E+02    2.0687E+01    2.0720E+01    2.1320E+01    2.1980E+01    2.0654E+01    2.0898E+01    2.0770E+01    2.0411E+01    6.0048E+00    6.0696E+00    0.0000E+00    8.1342E+00   
 1.4583E+02    2.0687E+01    2.0753E+01    2.1320E+01    2.1999E+01    2.0670E+01    2.0913E+01    2.0785E+01    2.0419E+01    6.0048E+00    6.0899E+00    0.0000E+00    8.3137E+00   
 1.4633E+02    2.0666E+01    2.0735E+01    2.1370E+01    2.1969E+01    2.0662E+01    2.0921E+01    2.0781E+01    2.0412E+01    6.0048E+00    6.0899E+00    0.0000E+00    8.4145E+00   
 1.4691E+02    2.0694E+01    2.0745E+01    2.1411E+01    2.1971E+01    2.0647E+01    2.0926E+01    2.0774E+01    2.0412E+01    6.0048E+00    6.0696E+00    0.0000E+00    8.4145E+00   
 1.4741E+02    2.0689E+01    2.0745E+01    2.1492E+01    2.1971E+01    2.0659E+01    2.0926E+01    2.0772E+01    2.0412E+01    6.0048E+00    6.0696E+00    0.0000E+00    8.4145E+00   
 1.4791E+02    2.0686E+01    2.0747E+01    2.1429E+01    2.1939E+01    2.0647E+01    2.0902E+01    2.0773E+01    2.0377E+01    6.0048E+00    6.0696E+00    0.0000E+00    8.4145E+00   
 1.4841E+02    2.0686E+01    2.0743E+01    2.1461E+01    2.1984E+01    2.0645E+01    2.0904E+01    2.0778E+01    2.0414E+01    6.0048E+00    6.0696E+00    0.0000E+00    8.4645E+00   
 1.4901E+02    2.0692E+01    2.0740E+01    2.1474E+01    2.2142E+01    2.0656E+01    2.0907E+01    2.0794E+01    2.0426E+01    6.0048E+00    6.0696E+00    0.0000E+00    8.4645E+00   
 1.4951E+02    2.0696E+01    2.0739E+01    2.1474E+01    2.2216E+01    2.0656E+01    2.0901E+01    2.0778E+01    2.0415E+01    6.0048E+00    6.0696E+00    0.0000E+00    8.4645E+00   
 1.5001E+02    2.0693E+01    2.0739E+01    2.1470E+01    2.2239E+01    2.0649E+01    2.0901E+01    2.0786E+01    2.0405E+01    6.0048E+00    6.0696E+00    0.0000E+00    8.4395E+00   
 1.5051E+02    2.0690E+01    2.0738E+01    2.1446E+01    2.2239E+01    2.0651E+01    2.0901E+01    2.0779E+01    2.0405E+01    6.0048E+00    6.0899E+00    0.0000E+00    8.4645E+00   
 1.5110E+02    2.0674E+01    2.0738E+01    2.1431E+01    2.2137E+01    2.0651E+01    2.0905E+01    2.0759E+01    2.0413E+01    6.0048E+00    6.0899E+00    0.0000E+00    8.4395E+00   
 1.5160E+02    2.0674E+01    2.0728E+01    2.1461E+01    2.2068E+01    2.0653E+01    2.0909E+01    2.0754E+01    2.0406E+01    6.0048E+00    6.0899E+00    0.0000E+00    8.4395E+00   
 1.5210E+02    2.0686E+01    2.0753E+01    2.1461E+01    2.2070E+01    2.0653E+01    2.0898E+01    2.0754E+01    2.0393E+01    6.0048E+00    6.0696E+00    0.0000E+00    8.4145E+00   
 1.5261E+02    2.0664E+01    2.0723E+01    2.1481E+01    2.2070E+01    2.0629E+01    2.0867E+01    2.0757E+01    2.0410E+01    6.0048E+00    6.0899E+00    0.0000E+00    8.4645E+00   
 1.5318E+02    2.0678E+01    2.0730E+01    2.1406E+01    2.2102E+01    2.0635E+01    2.0878E+01    2.0742E+01    2.0403E+01    6.0048E+00    6.0696E+00    0.0000E+00    8.4645E+00   
 1.5368E+02    2.0697E+01    2.0746E+01    2.1390E+01    2.2117E+01    2.0627E+01    2.0878E+01    2.0736E+01    2.0403E+01    6.0048E+00    6.0696E+00    0.0000E+00    8.4645E+00   
 1.5418E+02    2.0687E+01    2.0738E+01    2.1352E+01    2.2104E+01    2.0634E+01    2.0886E+01    2.0732E+01    2.0399E+01    6.0048E+00    6.0899E+00    0.0000E+00    8.4395E+00   
 1.5469E+02    2.0703E+01    2.0758E+01    2.1355E+01    2.2101E+01    2.0620E+01    2.0869E+01    2.0738E+01    2.0397E+01    6.0048E+00    6.0696E+00    0.0000E+00    8.4395E+00   
 1.5528E+02    2.0703E+01    2.0766E+01    2.1355E+01    2.2258E+01    2.0632E+01    2.0871E+01    2.0738E+01    2.0388E+01    6.0048E+00    6.0899E+00    0.0000E+00    8.4395E+00   
 1.5578E+02    2.0717E+01    2.0771E+01    2.1355E+01    2.2411E+01    2.0648E+01    2.0886E+01    2.0760E+01    2.0401E+01    6.0048E+00    6.0696E+00    0.0000E+00    8.4145E+00   
 1.5628E+02    2.0715E+01    2.0771E+01    2.1319E+01    2.2299E+01    2.0625E+01    2.0887E+01    2.0770E+01    2.0411E+01    6.0048E+00    6.0696E+00    0.0000E+00    8.4395E+00   
# Time (s)      T1w (C)       T2w (C)       T1a (C)       T2a (C)       T1r (C)       T2r (C)       T3r (C)       T4r (C)       P1 (bar)      P2 (bar)      Ic (amp)      Qc (l/min)    
 1.5678E+02    2.0741E+01    2.0799E+01    2.1303E+01    2.2315E+01    2.0641E+01    2.0902E+01    2.0783E+01    2.0426E+01    6.0048E+00    6.0899E+00    0.0000E+00    8.4145E+00   
 1.5736E+02    2.0732E+01    2.0770E+01    2.1257E+01    2.2219E+01    2.0638E+01    2.0906E+01    2.0757E+01    2.0421E+01    6.0048E+00    6.0899E+00    0.0000E+00    8.4145E+00   
 1.5787E+02    2.0732E+01    2.0783E+01    2.1249E+01    2.2169E+01    2.0632E+01    2.0882E+01    2.0754E+01    2.0413E+01    6.0048E+00    6.0899E+00    0.0000E+00    8.4145E+00   
 1.5837E+02    2.0717E+01    2.0769E+01    2.1249E+01    2.2136E+01    2.0632E+01    2.0888E+01    2.0754E+01    2.0417E+01    6.0048E+00    6.0899E+00    0.0000E+00    8.4893E+00   
 1.5887E+02    2.0723E+01    2.0785E+01    2.1239E+01    2.2116E+01    2.0643E+01    2.0879E+01    2.0754E+01    2.0410E+01    6.0048E+00    6.0899E+00    0.0000E+00    8.4645E+00   
 1.5946E+02    2.0721E+01    2.0776E+01    2.1226E+01    2.2080E+01    2.0628E+01    2.0880E+01    2.0745E+01    2.0402E+01    6.0048E+00    6.0696E+00    0.0000E+00    8.4645E+00   
 1.5996E+02    2.0746E+01    2.0792E+01    2.1234E+01    2.2095E+01    2.0611E+01    2.0865E+01    2.0747E+01    2.0387E+01    6.0048E+00    6.0696E+00    0.0000E+00    8.4645E+00   
 1.6046E+02    2.0723E+01    2.0798E+01    2.1245E+01    2.2091E+01    2.0596E+01    2.0864E+01    2.0720E+01    2.0387E+01    6.0048E+00    6.0899E+00    0.0000E+00    8.4395E+00   
 1.6096E+02    2.0723E+01    2.0780E+01    2.1236E+01    2.2095E+01    2.0608E+01    2.0869E+01    2.0720E+01    2.0377E+01    6.0048E+00    6.0899E+00    0.0000E+00    8.4645E+00   
 1.6152E+02    2.0734E+01    2.0787E+01    2.1236E+01    2.2103E+01    2.0608E+01    2.0871E+01    2.0728E+01    2.0377E+01    6.0048E+00    6.0696E+00    0.0000E+00    8.4145E+00   
 1.6203E+02    2.0740E+01    2.0808E+01    2.1233E+01    2.2119E+01    2.0601E+01    2.0858E+01    2.0719E+01    2.0377E+01    6.0048E+00    6.0899E+00    0.0000E+00    8.4645E+00   
 1.6253E+02    2.0737E+01    2.0808E+01    2.1206E+01    2.2119E+01    2.0595E+01    2.0846E+01    2.0715E+01    2.0377E+01    6.0048E+00    6.0899E+00    0.0000E+00    8.4145E+00   
 1.6303E+02    2.0760E+01    2.0812E+01    2.1235E+01    2.2089E+01    2.0616E+01    2.0862E+01    2.0731E+01    2.0377E+01    6.0048E+00    6.0696E+00    0.0000E+00    8.4395E+00   
 1.6360E+02    2.0753E+01    2.0809E+01    2.1237E+01    2.2043E+01    2.0605E+01    2.0844E+01    2.0723E+01    2.0393E+01    6.0048E+00    6.0899E+00    0.0000E+00    8.4145E+00   
 1.6410E+02    2.0753E+01    2.0817E+01    2.1237E+01    2.2006E+01    2.0612E+01    2.0850E+01    2.0723E+01    2.0381E+01    6.0048E+00    6.0899E+00    0.0000E+00    8.4395E+00   
 1.6460E+02    2.0750E+01    2.0808E+01    2.1233E+01    2.1984E+01    2.0596E+01    2.0831E+01    2.0711E+01    2.0345E+01    6.0048E+00    6.0696E+00    0.0000E+00    8.4145E+00   
 1.6511E+02    2.0769E+01    2.0828E+01    2.1229E+01    2.2036E+01    2.0576E+01    2.0835E+01    2.0703E+01    2.0361E+01    6.0048E+00    6.0899E+00    0.0000E+00    8.4395E+00   
 1.6567E+02    2.0750E+01    2.0828E+01    2.1217E+01    2.2025E+01    2.0581E+01    2.0846E+01    2.0712E+01    2.0376E+01    6.0048E+00    6.0899E+00    0.0000E+00    8.3642E+00   
 1.6617E+02    2.0771E+01    2.0816E+01    2.1191E+01    2.2025E+01    2.0592E+01    2.0846E+01    2.0714E+01    2.0376E+01    6.0048E+00    6.0899E+00    0.0000E+00    8.4645E+00   
 1.6667E+02    2.0771E+01    2.0826E+01    2.1197E+01    2.1972E+01    2.0590E+01    2.0846E+01    2.0712E+01    2.0384E+01    6.0048E+00    6.0899E+00    0.0000E+00    8.4645E+00   
 1.6718E+02    2.0773E+01    2.0817E+01    2.1197E+01    2.1978E+01    2.0590E+01    2.0845E+01    2.0712E+01    2.0371E+01    6.0048E+00    6.0696E+00    0.0000E+00    8.4145E+00   
 1.6777E+02    2.0750E+01    2.0831E+01    2.1204E+01    2.1946E+01    2.0585E+01    2.0854E+01    2.0723E+01    2.0374E+01    6.0048E+00    6.0696E+00    0.0000E+00    8.4395E+00   
 1.6827E+02    2.0753E+01    2.0813E+01    2.1209E+01    2.1929E+01    2.0613E+01    2.0832E+01    2.0719E+01    2.0372E+01    6.0048E+00    6.0899E+00    0.0000E+00    8.4645E+00   
 1.6877E+02    2.0760E+01    2.0813E+01    2.1186E+01    2.1929E+01    2.0608E+01    2.0848E+01    2.0738E+01    2.0388E+01    6.0048E+00    6.0899E+00    0.0000E+00    8.4145E+00   
 1.6927E+02    2.0740E+01    2.0821E+01    2.1173E+01    2.1910E+01    2.0609E+01    2.0857E+01    2.0734E+01    2.0381E+01    6.0048E+00    6.0899E+00    0.0000E+00    8.4395E+00   
 1.6986E+02    2.0753E+01    2.0834E+01    2.1188E+01    2.1926E+01    2.0601E+01    2.0853E+01    2.0723E+01    2.0376E+01    6.0048E+00    6.0696E+00    0.0000E+00    8.4645E+00   
 1.7036E+02    2.0753E+01    2.0825E+01    2.1188E+01    2.1905E+01    2.0601E+01    2.0854E+01    2.0723E+01    2.0378E+01    6.0048E+00    6.0696E+00    0.0000E+00    8.4395E+00   
 1.7086E+02    2.0748E+01    2.0819E+01    2.1152E+01    2.1914E+01    2.0597E+01    2.0837E+01    2.0722E+01    2.0369E+01    6.0048E+00    6.0899E+00    0.0000E+00    8.4645E+00   
 1.7137E+02    2.0762E+01    2.0819E+01    2.1198E+01    2.1895E+01    2.0592E+01    2.0859E+01    2.0712E+01    2.0362E+01    6.0048E+00    6.0899E+00    0.0000E+00    8.4395E+00   
 1.7193E+02    2.0776E+01    2.0834E+01    2.1208E+01    2.1911E+01    2.0589E+01    2.0859E+01    2.0723E+01    2.0362E+01    6.0048E+00    6.0899E+00    0.0000E+00    8.4395E+00   
# Time (s)      T1w (C)       T2w (C)       T1a (C)       T2a (C)       T1r (C)       T2r (C)       T3r (C)       T4r (C)       P1 (bar)      P2 (bar)      Ic (amp)      Qc (l/min)    
 1.7243E+02    2.0766E+01    2.0828E+01    2.1195E+01    2.1916E+01    2.0566E+01    2.0851E+01    2.0718E+01    2.0388E+01    6.0048E+00    6.0899E+00    0.0000E+00    8.4145E+00   
 1.7293E+02    2.0782E+01    2.0853E+01    2.1222E+01    2.1922E+01    2.0581E+01    2.0837E+01    2.0711E+01    2.0347E+01    6.0048E+00    6.0899E+00    0.0000E+00    8.4893E+00   
 1.7343E+02    2.0786E+01    2.0845E+01    2.1222E+01    2.1932E+01    2.0581E+01    2.0847E+01    2.0711E+01    2.0366E+01    6.0048E+00    6.0899E+00    0.0000E+00    8.4645E+00   
 1.7400E+02    2.0794E+01    2.0843E+01    2.1241E+01    2.1928E+01    2.0591E+01    2.0854E+01    2.0725E+01    2.0370E+01    6.0048E+00    6.0899E+00    0.0000E+00    8.4395E+00   
 1.7450E+02    2.0780E+01    2.0843E+01    2.1263E+01    2.1944E+01    2.0586E+01    2.0832E+01    2.0726E+01    2.0354E+01    6.0048E+00    6.0696E+00    0.0000E+00    8.4893E+00   
 1.7500E+02    2.0781E+01    2.0861E+01    2.1251E+01    2.1960E+01    2.0588E+01    2.0832E+01    2.0710E+01    2.0354E+01    6.0048E+00    6.0899E+00    0.0000E+00    8.4395E+00   
 1.7551E+02    2.0792E+01    2.0853E+01    2.1221E+01    2.1955E+01    2.0599E+01    2.0832E+01    2.0712E+01    2.0372E+01    6.0048E+00    6.0899E+00    0.0000E+00    8.4893E+00   
 1.7607E+02    2.0807E+01    2.0876E+01    2.1254E+01    2.1947E+01    2.0590E+01    2.0863E+01    2.0736E+01    2.0365E+01    6.0048E+00    6.0899E+00    0.0000E+00    8.4893E+00   
 1.7657E+02    2.0802E+01    2.0868E+01    2.1254E+01    2.1939E+01    2.0590E+01    2.0849E+01    2.0736E+01    2.0375E+01    6.0048E+00    6.0899E+00    0.0000E+00    8.4395E+00   
 1.7708E+02    2.0799E+01    2.0864E+01    2.1265E+01    2.1954E+01    2.0613E+01    2.0864E+01    2.0718E+01    2.0387E+01    6.0048E+00    6.0899E+00    0.0000E+00    8.4395E+00   
 1.7758E+02    2.0794E+01    2.0864E+01    2.1242E+01    2.1954E+01    2.0603E+01    2.0864E+01    2.0734E+01    2.0387E+01    6.0048E+00    6.0899E+00    0.0000E+00    8.4893E+00   
 1.7814E+02    2.0793E+01    2.0872E+01    2.1282E+01    2.1922E+01    2.0585E+01    2.0861E+01    2.0734E+01    2.0368E+01    6.0048E+00    6.0899E+00    0.0000E+00    8.4145E+00   
 1.7865E+02    2.0793E+01    2.0871E+01    2.1292E+01    2.1894E+01    2.0610E+01    2.0855E+01    2.0718E+01    2.0368E+01    6.0048E+00    6.0899E+00    0.0000E+00    8.3894E+00   
 1.7915E+02    2.0793E+01    2.0872E+01    2.1292E+01    2.1911E+01    2.0626E+01    2.0862E+01    2.0733E+01    2.0399E+01    6.0048E+00    6.0899E+00    0.0000E+00    8.4395E+00   
 1.7965E+02    2.0802E+01    2.0867E+01    2.1296E+01    2.1894E+01    2.0616E+01    2.0883E+01    2.0719E+01    2.0390E+01    6.0048E+00    6.0696E+00    0.0000E+00    8.4645E+00   
 1.8023E+02    2.0774E+01    2.0838E+01    2.1279E+01    2.1890E+01    2.0622E+01    2.0883E+01    2.0742E+01    2.0411E+01    6.0048E+00    6.0899E+00    0.0000E+00    8.3894E+00   
 1.8073E+02    2.0776E+01    2.0838E+01    2.1296E+01    2.1890E+01    2.0614E+01    2.0883E+01    2.0745E+01    2.0411E+01    6.0048E+00    6.0899E+00    0.0000E+00    8.4395E+00   
 1.8123E+02    2.0788E+01    2.0841E+01    2.1382E+01    2.1907E+01    2.0602E+01    2.0872E+01    2.0746E+01    2.0410E+01    6.0048E+00    6.0899E+00    0.0000E+00    8.4395E+00   
 1.8173E+02    2.0788E+01    2.0830E+01    2.1475E+01    2.1946E+01    2.0613E+01    2.0879E+01    2.0736E+01    2.0419E+01    6.0048E+00    6.0696E+00    0.0000E+00    8.4395E+00   
 1.8230E+02    2.0786E+01    2.0849E+01    2.1490E+01    2.1927E+01    2.0613E+01    2.0885E+01    2.0736E+01    2.0416E+01    6.0048E+00    6.0899E+00    0.0000E+00    8.4645E+00   
 1.8280E+02    2.0785E+01    2.0841E+01    2.1607E+01    2.1953E+01    2.0641E+01    2.0900E+01    2.0757E+01    2.0422E+01    6.0048E+00    6.0899E+00    0.0000E+00    8.4145E+00   
 1.8330E+02    2.0774E+01    2.0841E+01    2.1627E+01    2.1966E+01    2.0643E+01    2.0886E+01    2.0763E+01    2.0441E+01    6.0048E+00    6.0899E+00    0.0000E+00    8.4395E+00   
 1.8381E+02    2.0802E+01    2.0853E+01    2.1624E+01    2.1982E+01    2.0636E+01    2.0886E+01    2.0770E+01    2.0441E+01    6.0048E+00    6.0899E+00    0.0000E+00    8.3894E+00   
 1.8437E+02    2.0794E+01    2.0864E+01    2.1621E+01    2.1951E+01    2.0613E+01    2.0890E+01    2.0750E+01    2.0412E+01    6.0048E+00    6.0899E+00    0.0000E+00    8.4395E+00   
 1.8487E+02    2.0794E+01    2.0867E+01    2.1633E+01    2.1945E+01    2.0631E+01    2.0895E+01    2.0766E+01    2.0441E+01    6.0048E+00    6.0899E+00    0.0000E+00    8.4145E+00   
 1.8537E+02    2.0784E+01    2.0850E+01    2.1633E+01    2.1818E+01    2.0631E+01    2.0898E+01    2.0769E+01    2.0435E+01    6.0048E+00    6.0899E+00    0.0000E+00    8.4145E+00   
 1.8588E+02    2.0775E+01    2.0852E+01    2.1627E+01    2.1760E+01    2.0642E+01    2.0924E+01    2.0776E+01    2.0447E+01    6.0048E+00    6.0899E+00    0.0000E+00    8.3642E+00   
 1.8644E+02    2.0783E+01    2.0852E+01    2.1615E+01    2.1701E+01    2.0649E+01    2.0904E+01    2.0782E+01    2.0430E+01    6.0048E+00    6.0899E+00    0.0000E+00    8.4145E+00   
 1.8694E+02    2.0794E+01    2.0857E+01    2.1632E+01    2.1717E+01    2.0665E+01    2.0920E+01    2.0786E+01    2.0445E+01    6.0048E+00    6.0899E+00    0.0000E+00    8.3894E+00   
 1.8745E+02    2.0784E+01    2.0859E+01    2.1573E+01    2.1711E+01    2.0652E+01    2.0919E+01    2.0780E+01    2.0454E+01    6.0048E+00    6.0899E+00    0.0000E+00    8.3894E+00   
# Time (s)      T1w (C)       T2w (C)       T1a (C)       T2a (C)       T1r (C)       T2r (C)       T3r (C)       T4r (C)       P1 (bar)      P2 (bar)      Ic (amp)      Qc (l/min)    
 1.8795E+02    2.0769E+01    2.0848E+01    2.1557E+01    2.1694E+01    2.0668E+01    2.0933E+01    2.0796E+01    2.0451E+01    6.0048E+00    6.0899E+00    0.0000E+00    8.3894E+00   
 1.8851E+02    2.0761E+01    2.0818E+01    2.1469E+01    2.1694E+01    2.0669E+01    2.0944E+01    2.0790E+01    2.0454E+01    6.0048E+00    6.0899E+00    0.0000E+00    8.4145E+00   
 1.8902E+02    2.0773E+01    2.0851E+01    2.1396E+01    2.1675E+01    2.0668E+01    2.0951E+01    2.0810E+01    2.0455E+01    6.0048E+00    6.0899E+00    0.0000E+00    8.4145E+00   
 1.8952E+02    2.0787E+01    2.0851E+01    2.1341E+01    2.1675E+01    2.0680E+01    2.0951E+01    2.0796E+01    2.0455E+01    6.0048E+00    6.0899E+00    0.0000E+00    8.4395E+00   
 1.9002E+02    2.0788E+01    2.0848E+01    2.1314E+01    2.1683E+01    2.0671E+01    2.0925E+01    2.0814E+01    2.0464E+01    6.0048E+00    6.0899E+00    0.0000E+00    8.4145E+00   
 1.9059E+02    2.0789E+01    2.0855E+01    2.1278E+01    2.1580E+01    2.0668E+01    2.0927E+01    2.0796E+01    2.0465E+01    6.0048E+00    6.0899E+00    0.0000E+00    8.3894E+00   
 1.9109E+02    2.0789E+01    2.0848E+01    2.1278E+01    2.1568E+01    2.0668E+01    2.0922E+01    2.0796E+01    2.0464E+01    6.0252E+00    6.0899E+00    0.0000E+00    8.4395E+00   
 1.9159E+02    2.0780E+01    2.0853E+01    2.1247E+01    2.1568E+01    2.0664E+01    2.0921E+01    2.0802E+01    2.0446E+01    6.0048E+00    6.0899E+00    0.0000E+00    8.4145E+00   
 1.9210E+02    2.0781E+01    2.0868E+01    2.1239E+01    2.1599E+01    2.0663E+01    2.0918E+01    2.0800E+01    2.0460E+01    6.0048E+00    6.0899E+00    0.0000E+00    8.4395E+00   
 1.9266E+02    2.0793E+01    2.0864E+01    2.1253E+01    2.1599E+01    2.0643E+01    2.0918E+01    2.0800E+01    2.0460E+01    6.0048E+00    6.0899E+00    0.0000E+00    8.3894E+00   
 1.9316E+02    2.0804E+01    2.0862E+01    2.1321E+01    2.1665E+01    2.0656E+01    2.0927E+01    2.0805E+01    2.0472E+01    6.0048E+00    6.0899E+00    0.0000E+00    8.4145E+00   
 1.9366E+02    2.0804E+01    2.0858E+01    2.1321E+01    2.1688E+01    2.0656E+01    2.0922E+01    2.0805E+01    2.0461E+01    6.0048E+00    6.0899E+00    0.0000E+00    8.4145E+00   
 1.9417E+02    2.0793E+01    2.0862E+01    2.1300E+01    2.1729E+01    2.0673E+01    2.0929E+01    2.0812E+01    2.0475E+01    6.0048E+00    6.0899E+00    0.0000E+00    8.4395E+00   
 1.9473E+02    2.0791E+01    2.0864E+01    2.1257E+01    2.1800E+01    2.0669E+01    2.0935E+01    2.0818E+01    2.0464E+01    6.0252E+00    6.0899E+00    0.0000E+00    8.4395E+00   
 1.9523E+02    2.0802E+01    2.0864E+01    2.1228E+01    2.1736E+01    2.0693E+01    2.0946E+01    2.0834E+01    2.0479E+01    6.0048E+00    6.0899E+00    0.0000E+00    8.4145E+00   
 1.9574E+02    2.0787E+01    2.0859E+01    2.1218E+01    2.1736E+01    2.0670E+01    2.0946E+01    2.0828E+01    2.0477E+01    6.0048E+00    6.0899E+00    0.0000E+00    8.3894E+00   
 1.9624E+02    2.0786E+01    2.0864E+01    2.1197E+01    2.1614E+01    2.0705E+01    2.0965E+01    2.0824E+01    2.0501E+01    6.0048E+00    6.0899E+00    0.0000E+00    8.4145E+00   
 1.9682E+02    2.0786E+01    2.0859E+01    2.1193E+01    2.1608E+01    2.0685E+01    2.0962E+01    2.0824E+01    2.0491E+01    6.0048E+00    6.0899E+00    0.0000E+00    8.4395E+00   
 1.9732E+02    2.0759E+01    2.0859E+01    2.1193E+01    2.1591E+01    2.0685E+01    2.0947E+01    2.0838E+01    2.0479E+01    6.0048E+00    6.0899E+00    0.0000E+00    8.4145E+00   
 1.9782E+02    2.0781E+01    2.0861E+01    2.1198E+01    2.1570E+01    2.0675E+01    2.0951E+01    2.0826E+01    2.0506E+01    6.0048E+00    6.0899E+00    0.0000E+00    8.3894E+00   
 1.9833E+02    2.0786E+01    2.0861E+01    2.1179E+01    2.1570E+01    2.0683E+01    2.0951E+01    2.0825E+01    2.0506E+01    6.0048E+00    6.0899E+00    0.0000E+00    8.3894E+00   
 1.9889E+02    2.0759E+01    2.0853E+01    2.1171E+01    2.1633E+01    2.0677E+01    2.0966E+01    2.0835E+01    2.0497E+01    6.0048E+00    6.0696E+00    0.0000E+00    8.4145E+00   
 1.9939E+02    2.0774E+01    2.0847E+01    2.1194E+01    2.1558E+01    2.0684E+01    2.0959E+01    2.0834E+01    2.0493E+01    6.0048E+00    6.0899E+00    0.0000E+00    8.4395E+00   
 1.9990E+02    2.0774E+01    2.0852E+01    2.1194E+01    2.1533E+01    2.0684E+01    2.0955E+01    2.0834E+01    2.0501E+01    6.0048E+00    6.0899E+00    0.0000E+00    8.4395E+00   
 2.0040E+02    2.0776E+01    2.0852E+01    2.1209E+01    2.1547E+01    2.0683E+01    2.0971E+01    2.0831E+01    2.0489E+01    6.0048E+00    6.0696E+00    0.0000E+00    8.4145E+00   
 2.0097E+02    2.0790E+01    2.0850E+01    2.1243E+01    2.1515E+01    2.0703E+01    2.0969E+01    2.0852E+01    2.0507E+01    6.0252E+00    6.0899E+00    0.0000E+00    8.3642E+00   
 2.0148E+02    2.0769E+01    2.0850E+01    2.1306E+01    2.1515E+01    2.0690E+01    2.0969E+01    2.0839E+01    2.0507E+01    6.0048E+00    6.0899E+00    0.0000E+00    8.4145E+00   
 2.0198E+02    2.0773E+01    2.0849E+01    2.1368E+01    2.1475E+01    2.0712E+01    2.0993E+01    2.0853E+01    2.0507E+01    6.0048E+00    6.0899E+00    0.0000E+00    8.3894E+00   
 2.0248E+02    2.0773E+01    2.0846E+01    2.1394E+01    2.1448E+01    2.0704E+01    2.0966E+01    2.0853E+01    2.0514E+01    6.0048E+00    6.0899E+00    0.0000E+00    8.3642E+00   
 2.0304E+02    2.0774E+01    2.0836E+01    2.1394E+01    2.1323E+01    2.0704E+01    2.0965E+01    2.0848E+01    2.0514E+01    6.0048E+00    6.0899E+00    0.0000E+00    8.4145E+00   
# Time (s)      T1w (C)       T2w (C)       T1a (C)       T2a (C)       T1r (C)       T2r (C)       T3r (C)       T4r (C)       P1 (bar)      P2 (bar)      Ic (amp)      Qc (l/min)    
 2.0355E+02    2.0768E+01    2.0838E+01    2.1387E+01    2.1294E+01    2.0681E+01    2.0958E+01    2.0860E+01    2.0515E+01    6.0048E+00    6.0899E+00    0.0000E+00    8.3894E+00   
 2.0405E+02    2.0769E+01    2.0838E+01    2.1368E+01    2.1226E+01    2.0700E+01    2.0981E+01    2.0864E+01    2.0531E+01    6.0048E+00    6.0899E+00    0.0000E+00    8.4395E+00   
 2.0455E+02    2.0769E+01    2.0833E+01    2.1364E+01    2.1226E+01    2.0712E+01    2.0981E+01    2.0848E+01    2.0509E+01    6.0048E+00    6.0899E+00    0.0000E+00    8.4145E+00   
 2.0511E+02    2.0785E+01    2.0865E+01    2.1375E+01    2.1235E+01    2.0717E+01    2.0993E+01    2.0836E+01    2.0532E+01    6.0048E+00    6.0899E+00    0.0000E+00    8.4145E+00   
 2.0562E+02    2.0785E+01    2.0857E+01    2.1383E+01    2.1267E+01    2.0705E+01    2.0978E+01    2.0857E+01    2.0514E+01    6.0048E+00    6.0899E+00    0.0000E+00    8.3894E+00   
 2.0612E+02    2.0782E+01    2.0856E+01    2.1383E+01    2.1411E+01    2.0705E+01    2.0992E+01    2.0857E+01    2.0513E+01    6.0048E+00    6.0899E+00    0.0000E+00    8.3894E+00   
 2.0662E+02    2.0793E+01    2.0845E+01    2.1396E+01    2.1460E+01    2.0697E+01    2.0973E+01    2.0855E+01    2.0519E+01    6.0048E+00    6.0696E+00    0.0000E+00    8.4395E+00   
 2.0719E+02    2.0772E+01    2.0845E+01    2.1400E+01    2.1450E+01    2.0688E+01    2.0986E+01    2.0847E+01    2.0503E+01    6.0252E+00    6.0899E+00    0.0000E+00    8.3894E+00   
 2.0769E+02    2.0764E+01    2.0853E+01    2.1410E+01    2.1450E+01    2.0708E+01    2.0986E+01    2.0848E+01    2.0503E+01    6.0048E+00    6.0899E+00    0.0000E+00    8.4145E+00   
 2.0819E+02    2.0787E+01    2.0863E+01    2.1421E+01    2.1456E+01    2.0696E+01    2.0971E+01    2.0856E+01    2.0497E+01    6.0252E+00    6.0899E+00    0.0000E+00    8.4145E+00   
 2.0870E+02    2.0787E+01    2.0879E+01    2.1421E+01    2.1391E+01    2.0696E+01    2.0985E+01    2.0856E+01    2.0512E+01    6.0048E+00    6.0899E+00    0.0000E+00    8.4145E+00   
 2.0927E+02    2.0782E+01    2.0865E+01    2.1451E+01    2.1381E+01    2.0704E+01    2.1008E+01    2.0862E+01    2.0522E+01    6.0048E+00    6.0899E+00    0.0000E+00    8.4145E+00   
 2.0977E+02    2.0787E+01    2.0862E+01    2.1457E+01    2.1399E+01    2.0716E+01    2.0994E+01    2.0851E+01    2.0511E+01    6.0048E+00    6.0899E+00    0.0000E+00    8.4145E+00   
 2.1027E+02    2.0801E+01    2.0877E+01    2.1479E+01    2.1415E+01    2.0695E+01    2.0994E+01    2.0856E+01    2.0511E+01    6.0048E+00    6.0899E+00    0.0000E+00    8.3642E+00   
 2.1078E+02    2.0804E+01    2.0868E+01    2.1467E+01    2.1381E+01    2.0686E+01    2.0987E+01    2.0846E+01    2.0502E+01    6.0048E+00    6.0899E+00    0.0000E+00    8.3894E+00   
 2.1134E+02    2.0814E+01    2.0889E+01    2.1493E+01    2.1406E+01    2.0686E+01    2.0977E+01    2.0843E+01    2.0524E+01    6.0048E+00    6.0899E+00    0.0000E+00    8.3894E+00   
 2.1185E+02    2.0814E+01    2.0884E+01    2.1493E+01    2.1417E+01    2.0686E+01    2.0994E+01    2.0843E+01    2.0494E+01    6.0252E+00    6.0899E+00    0.0000E+00    8.3894E+00   
 2.1235E+02    2.0806E+01    2.0882E+01    2.1521E+01    2.1494E+01    2.0689E+01    2.0977E+01    2.0847E+01    2.0503E+01    6.0252E+00    6.0899E+00    0.0000E+00    8.4145E+00   
 2.1285E+02    2.0806E+01    2.0882E+01    2.1630E+01    2.1406E+01    2.0681E+01    2.0977E+01    2.0837E+01    2.0499E+01    6.0252E+00    6.0899E+00    0.0000E+00    8.4145E+00   
 2.1341E+02    2.0809E+01    2.0869E+01    2.1735E+01    2.1406E+01    2.0686E+01    2.0961E+01    2.0813E+01    2.0483E+01    6.0252E+00    6.0899E+00    0.0000E+00    8.4145E+00   
 2.1392E+02    2.0796E+01    2.0891E+01    2.1764E+01    2.1340E+01    2.0670E+01    2.0950E+01    2.0818E+01    2.0473E+01    6.0048E+00    6.0899E+00    0.0000E+00    8.4395E+00   
 2.1442E+02    2.0796E+01    2.0871E+01    2.1764E+01    2.1320E+01    2.0663E+01    2.0957E+01    2.0818E+01    2.0486E+01    6.0048E+00    6.0899E+00    0.0000E+00    8.3894E+00   
 2.1492E+02    2.0810E+01    2.0889E+01    2.1761E+01    2.1289E+01    2.0663E+01    2.0966E+01    2.0822E+01    2.0469E+01    6.0048E+00    6.0899E+00    0.0000E+00    8.4645E+00   
 2.1549E+02    2.0807E+01    2.0881E+01    2.1682E+01    2.1297E+01    2.0660E+01    2.0940E+01    2.0804E+01    2.0469E+01    6.0048E+00    6.0899E+00    0.0000E+00    8.4395E+00   
 2.1600E+02    2.0804E+01    2.0881E+01    2.1610E+01    2.1290E+01    2.0676E+01    2.0974E+01    2.0831E+01    2.0489E+01    6.0252E+00    6.0899E+00    0.0000E+00    8.3894E+00   
 2.1650E+02    2.0805E+01    2.0881E+01    2.1547E+01    2.1290E+01    2.0678E+01    2.0974E+01    2.0822E+01    2.0489E+01    6.0048E+00    6.0899E+00    0.0000E+00    8.3894E+00   
 2.1701E+02    2.0805E+01    2.0883E+01    2.1526E+01    2.1320E+01    2.0692E+01    2.0965E+01    2.0845E+01    2.0506E+01    6.0252E+00    6.0899E+00    0.0000E+00    8.3894E+00   
 2.1756E+02    2.0821E+01    2.0889E+01    2.1508E+01    2.1282E+01    2.0695E+01    2.0963E+01    2.0845E+01    2.0510E+01    6.0252E+00    6.0899E+00    0.0000E+00    8.3642E+00   
 2.1807E+02    2.0818E+01    2.0887E+01    2.1508E+01    2.1263E+01    2.0711E+01    2.0970E+01    2.0847E+01    2.0518E+01    6.0252E+00    6.0899E+00    0.0000E+00    8.3894E+00   
 2.1857E+02    2.0812E+01    2.0889E+01    2.1509E+01    2.1254E+01    2.0710E+01    2.0969E+01    2.0845E+01    2.0502E+01    6.0252E+00    6.0899E+00    0.0000E+00    8.4145E+00   
# Time (s)      T1w (C)       T2w (C)       T1a (C)       T2a (C)       T1r (C)       T2r (C)       T3r (C)       T4r (C)       P1 (bar)      P2 (bar)      Ic (amp)      Qc (l/min)    
 2.1908E+02    2.0839E+01    2.0905E+01    2.1504E+01    2.1270E+01    2.0697E+01    2.0969E+01    2.0847E+01    2.0502E+01    6.0252E+00    6.0899E+00    0.0000E+00    8.3894E+00   
 2.1966E+02    2.0824E+01    2.0910E+01    2.1492E+01    2.1240E+01    2.0689E+01    2.0970E+01    2.0836E+01    2.0509E+01    6.0252E+00    6.0899E+00    0.0000E+00    8.4395E+00   
 2.2017E+02    2.0812E+01    2.0903E+01    2.1456E+01    2.1196E+01    2.0680E+01    2.0965E+01    2.0823E+01    2.0496E+01    6.0252E+00    6.0899E+00    0.0000E+00    8.4395E+00   
 2.2067E+02    2.0812E+01    2.0902E+01    2.1456E+01    2.1199E+01    2.0680E+01    2.0966E+01    2.0823E+01    2.0481E+01    6.0252E+00    6.0899E+00    0.0000E+00    8.3894E+00   
 2.2117E+02    2.0827E+01    2.0904E+01    2.1470E+01    2.1202E+01    2.0675E+01    2.0961E+01    2.0827E+01    2.0487E+01    6.0048E+00    6.0696E+00    0.0000E+00    8.4145E+00   
 2.2174E+02    2.0820E+01    2.0906E+01    2.1452E+01    2.1169E+01    2.0667E+01    2.0958E+01    2.0816E+01    2.0488E+01    6.0048E+00    6.0899E+00    0.0000E+00    8.4145E+00   
 2.2224E+02    2.0858E+01    2.0921E+01    2.1426E+01    2.1185E+01    2.0649E+01    2.0942E+01    2.0810E+01    2.0472E+01    6.0252E+00    6.0899E+00    0.0000E+00    8.4145E+00   
 2.2274E+02    2.0847E+01    2.0913E+01    2.1364E+01    2.1213E+01    2.0655E+01    2.0940E+01    2.0805E+01    2.0450E+01    6.0252E+00    6.0899E+00    0.0000E+00    8.3894E+00   
 2.2325E+02    2.0847E+01    2.0922E+01    2.1379E+01    2.1189E+01    2.0645E+01    2.0942E+01    2.0802E+01    2.0454E+01    6.0252E+00    6.0899E+00    0.0000E+00    8.4145E+00   
 2.2382E+02    2.0838E+01    2.0916E+01    2.1379E+01    2.1182E+01    2.0645E+01    2.0912E+01    2.0802E+01    2.0460E+01    6.0252E+00    6.0899E+00    0.0000E+00    8.4145E+00   
 2.2433E+02    2.0859E+01    2.0938E+01    2.1437E+01    2.1206E+01    2.0658E+01    2.0935E+01    2.0807E+01    2.0472E+01    6.0252E+00    6.0899E+00    0.0000E+00    8.4145E+00   
 2.2483E+02    2.0859E+01    2.0951E+01    2.1451E+01    2.1215E+01    2.0645E+01    2.0933E+01    2.0815E+01    2.0472E+01    6.0252E+00    6.0899E+00    0.0000E+00    8.4145E+00   
 2.2533E+02    2.0852E+01    2.0951E+01    2.1431E+01    2.1215E+01    2.0662E+01    2.0933E+01    2.0809E+01    2.0472E+01    6.0252E+00    6.0899E+00    0.0000E+00    8.4395E+00   
 2.2589E+02    2.0849E+01    2.0927E+01    2.1594E+01    2.1223E+01    2.0641E+01    2.0941E+01    2.0820E+01    2.0455E+01    6.0252E+00    6.0899E+00    0.0000E+00    8.4145E+00   
 2.2640E+02    2.0849E+01    2.0936E+01    2.1589E+01    2.1208E+01    2.0651E+01    2.0930E+01    2.0805E+01    2.0475E+01    6.0048E+00    6.0899E+00    0.0000E+00    8.4145E+00   
 2.2690E+02    2.0851E+01    2.0944E+01    2.1589E+01    2.1379E+01    2.0651E+01    2.0927E+01    2.0805E+01    2.0461E+01    6.0252E+00    6.0899E+00    0.0000E+00    8.3894E+00   
 2.2740E+02    2.0877E+01    2.0948E+01    2.1581E+01    2.1491E+01    2.0673E+01    2.0952E+01    2.0816E+01    2.0492E+01    6.0252E+00    6.0899E+00    0.0000E+00    8.3894E+00   
 2.2797E+02    2.0874E+01    2.0948E+01    2.1540E+01    2.1560E+01    2.0662E+01    2.0948E+01    2.0811E+01    2.0484E+01    6.0048E+00    6.0899E+00    0.0000E+00    8.4395E+00   
 2.2847E+02    2.0874E+01    2.0941E+01    2.1495E+01    2.1560E+01    2.0649E+01    2.0948E+01    2.0829E+01    2.0484E+01    6.0252E+00    6.0899E+00    0.0000E+00    8.4145E+00   
 2.2897E+02    2.0872E+01    2.0950E+01    2.1420E+01    2.1659E+01    2.0661E+01    2.0927E+01    2.0810E+01    2.0471E+01    6.0048E+00    6.0899E+00    0.0000E+00    8.3894E+00   
 2.2948E+02    2.0887E+01    2.0968E+01    2.1436E+01    2.1725E+01    2.0661E+01    2.0949E+01    2.0810E+01    2.0483E+01    6.0252E+00    6.0899E+00    0.0000E+00    8.4395E+00   
 2.3004E+02    2.0891E+01    2.0957E+01    2.1414E+01    2.1702E+01    2.0657E+01    2.0931E+01    2.0800E+01    2.0493E+01    6.0252E+00    6.0899E+00    0.0000E+00    8.4145E+00   
 2.3054E+02    2.0880E+01    2.0985E+01    2.1416E+01    2.1654E+01    2.0661E+01    2.0962E+01    2.0811E+01    2.0491E+01    6.0252E+00    6.0899E+00    0.0000E+00    8.3894E+00   
 2.3105E+02    2.0902E+01    2.0985E+01    2.1419E+01    2.1654E+01    2.0663E+01    2.0962E+01    2.0819E+01    2.0491E+01    6.0252E+00    6.0899E+00    0.0000E+00    8.3894E+00   
 2.3155E+02    2.0900E+01    2.0992E+01    2.1404E+01    2.1592E+01    2.0653E+01    2.0953E+01    2.0813E+01    2.0489E+01    6.0048E+00    6.0899E+00    0.0000E+00    8.3642E+00   
 2.3211E+02    2.0882E+01    2.0983E+01    2.1383E+01    2.1595E+01    2.0649E+01    2.0957E+01    2.0816E+01    2.0479E+01    6.0048E+00    6.0899E+00    0.0000E+00    8.4145E+00   
 2.3262E+02    2.0897E+01    2.0974E+01    2.1399E+01    2.1595E+01    2.0649E+01    2.0938E+01    2.0816E+01    2.0483E+01    6.0048E+00    6.0899E+00    0.0000E+00    8.4145E+00   
 2.3312E+02    2.0928E+01    2.1004E+01    2.1415E+01    2.1585E+01    2.0646E+01    2.0937E+01    2.0811E+01    2.0473E+01    6.0048E+00    6.0899E+00    0.0000E+00    8.3894E+00   
 2.3362E+02    2.0896E+01    2.0989E+01    2.1421E+01    2.1543E+01    2.0639E+01    2.0951E+01    2.0813E+01    2.0493E+01    6.0252E+00    6.0899E+00    0.0000E+00    8.4145E+00   
 2.3418E+02    2.0893E+01    2.0979E+01    2.1425E+01    2.1543E+01    2.0651E+01    2.0951E+01    2.0817E+01    2.0493E+01    6.0252E+00    6.0899E+00    0.0000E+00    8.3642E+00   
# Time (s)      T1w (C)       T2w (C)       T1a (C)       T2a (C)       T1r (C)       T2r (C)       T3r (C)       T4r (C)       P1 (bar)      P2 (bar)      Ic (amp)      Qc (l/min)    
 2.3469E+02    2.0885E+01    2.0978E+01    2.1411E+01    2.1546E+01    2.0637E+01    2.0936E+01    2.0818E+01    2.0472E+01    6.0048E+00    6.0899E+00    0.0000E+00    8.4145E+00   
 2.3519E+02    2.0885E+01    2.0970E+01    2.1384E+01    2.1564E+01    2.0652E+01    2.0953E+01    2.0824E+01    2.0491E+01    6.0252E+00    6.0899E+00    0.0000E+00    8.4145E+00   
 2.3569E+02    2.0896E+01    2.0977E+01    2.1384E+01    2.1555E+01    2.0652E+01    2.0945E+01    2.0824E+01    2.0489E+01    6.0252E+00    6.0899E+00    0.0000E+00    8.4395E+00   
 2.3626E+02    2.0888E+01    2.0970E+01    2.1403E+01    2.1560E+01    2.0663E+01    2.0972E+01    2.0820E+01    2.0508E+01    6.0252E+00    6.0899E+00    0.0000E+00    8.3894E+00   
 2.3676E+02    2.0888E+01    2.0970E+01    2.1406E+01    2.1586E+01    2.0668E+01    2.0962E+01    2.0827E+01    2.0523E+01    6.0252E+00    6.0899E+00    0.0000E+00    8.4395E+00   
 2.3726E+02    2.0915E+01    2.0986E+01    2.1433E+01    2.1601E+01    2.0692E+01    2.0977E+01    2.0855E+01    2.0538E+01    6.0252E+00    6.0899E+00    0.0000E+00    8.3894E+00   
 2.3777E+02    2.0892E+01    2.0995E+01    2.1429E+01    2.1626E+01    2.0689E+01    2.0973E+01    2.0834E+01    2.0514E+01    6.0252E+00    6.0899E+00    0.0000E+00    8.4145E+00   
 2.3833E+02    2.0908E+01    2.0996E+01    2.1459E+01    2.1645E+01    2.0689E+01    2.0969E+01    2.0857E+01    2.0521E+01    6.0252E+00    6.0899E+00    0.0000E+00    8.3642E+00   
 2.3883E+02    2.0920E+01    2.1002E+01    2.1459E+01    2.1619E+01    2.0689E+01    2.0989E+01    2.0857E+01    2.0532E+01    6.0252E+00    6.0899E+00    0.0000E+00    8.4145E+00   
 2.3934E+02    2.0901E+01    2.1007E+01    2.1456E+01    2.1618E+01    2.0690E+01    2.0981E+01    2.0859E+01    2.0525E+01    6.0252E+00    6.0899E+00    0.0000E+00    8.4145E+00   
 2.3984E+02    2.0919E+01    2.1007E+01    2.1466E+01    2.1618E+01    2.0682E+01    2.0981E+01    2.0846E+01    2.0525E+01    6.0048E+00    6.0899E+00    0.0000E+00    8.3642E+00   
 2.4040E+02    2.0916E+01    2.1015E+01    2.1458E+01    2.1623E+01    2.0695E+01    2.0989E+01    2.0861E+01    2.0515E+01    6.0252E+00    6.0899E+00    0.0000E+00    8.4145E+00   
 2.4090E+02    2.0917E+01    2.1013E+01    2.1449E+01    2.1686E+01    2.0688E+01    2.0976E+01    2.0845E+01    2.0517E+01    6.0048E+00    6.0899E+00    0.0000E+00    8.3642E+00   
 2.4141E+02    2.0917E+01    2.1006E+01    2.1449E+01    2.1772E+01    2.0688E+01    2.0976E+01    2.0845E+01    2.0510E+01    6.0252E+00    6.0899E+00    0.0000E+00    8.3642E+00   
 2.4191E+02    2.0903E+01    2.1004E+01    2.1445E+01    2.1819E+01    2.0671E+01    2.0982E+01    2.0855E+01    2.0519E+01    6.0252E+00    6.0899E+00    0.0000E+00    8.4145E+00   
 2.4248E+02    2.0905E+01    2.0981E+01    2.1430E+01    2.1750E+01    2.0675E+01    2.0964E+01    2.0852E+01    2.0516E+01    6.0048E+00    6.0899E+00    0.0000E+00    8.4395E+00   
 2.4299E+02    2.0885E+01    2.0981E+01    2.1422E+01    2.1750E+01    2.0655E+01    2.0964E+01    2.0832E+01    2.0516E+01    6.0252E+00    6.0899E+00    0.0000E+00    8.4145E+00   
 2.4349E+02    2.0883E+01    2.0980E+01    2.1402E+01    2.1788E+01    2.0668E+01    2.0985E+01    2.0855E+01    2.0527E+01    6.0252E+00    6.0899E+00    0.0000E+00    8.4395E+00   
 2.4399E+02    2.0883E+01    2.0969E+01    2.1406E+01    2.1757E+01    2.0680E+01    2.0996E+01    2.0863E+01    2.0508E+01    6.0252E+00    6.0899E+00    0.0000E+00    8.4145E+00   
 2.4456E+02    2.0888E+01    2.0979E+01    2.1406E+01    2.1801E+01    2.0696E+01    2.0991E+01    2.0879E+01    2.0536E+01    6.0252E+00    6.0899E+00    0.0000E+00    8.3642E+00   
 2.4506E+02    2.0894E+01    2.0979E+01    2.1394E+01    2.1798E+01    2.0698E+01    2.0990E+01    2.0883E+01    2.0514E+01    6.0252E+00    6.0899E+00    0.0000E+00    8.3642E+00   
 2.4557E+02    2.0901E+01    2.0995E+01    2.1409E+01    2.1819E+01    2.0722E+01    2.1005E+01    2.0871E+01    2.0547E+01    6.0252E+00    6.0899E+00    0.0000E+00    8.3894E+00   
 2.4607E+02    2.0898E+01    2.0998E+01    2.1385E+01    2.1819E+01    2.0692E+01    2.1005E+01    2.0890E+01    2.0547E+01    6.0048E+00    6.0899E+00    0.0000E+00    8.4395E+00   
 2.4663E+02    2.0908E+01    2.1003E+01    2.1415E+01    2.1823E+01    2.0726E+01    2.1020E+01    2.0895E+01    2.0561E+01    6.0048E+00    6.0899E+00    0.0000E+00    8.4145E+00   
 2.4714E+02    2.0908E+01    2.1001E+01    2.1408E+01    2.1835E+01    2.0717E+01    2.1011E+01    2.0890E+01    2.0560E+01    6.0252E+00    6.0899E+00    0.0000E+00    8.3642E+00   
 2.4764E+02    2.0903E+01    2.0989E+01    2.1408E+01    2.1842E+01    2.0717E+01    2.1026E+01    2.0890E+01    2.0556E+01    6.0252E+00    6.0899E+00    0.0000E+00    8.4145E+00   
 2.4815E+02    2.0908E+01    2.0986E+01    2.1373E+01    2.1856E+01    2.0730E+01    2.0999E+01    2.0898E+01    2.0549E+01    6.0252E+00    6.0899E+00    0.0000E+00    8.3894E+00   
 2.4871E+02    2.0892E+01    2.0986E+01    2.1381E+01    2.1808E+01    2.0716E+01    2.1011E+01    2.0894E+01    2.0536E+01    6.0252E+00    6.0899E+00    0.0000E+00    8.3642E+00   
 2.4922E+02    2.0894E+01    2.0986E+01    2.1389E+01    2.1808E+01    2.0715E+01    2.1011E+01    2.0892E+01    2.0536E+01    6.0252E+00    6.0899E+00    0.0000E+00    8.3642E+00   
 2.4972E+02    2.0882E+01    2.0977E+01    2.1378E+01    2.1739E+01    2.0719E+01    2.1020E+01    2.0894E+01    2.0570E+01    6.0252E+00    6.0899E+00    0.0000E+00    8.3894E+00   
# Time (s)      T1w (C)       T2w (C)       T1a (C)       T2a (C)       T1r (C)       T2r (C)       T3r (C)       T4r (C)       P1 (bar)      P2 (bar)      Ic (amp)      Qc (l/min)    
 2.5022E+02    2.0882E+01    2.0971E+01    2.1378E+01    2.1725E+01    2.0719E+01    2.1006E+01    2.0894E+01    2.0576E+01    6.0252E+00    6.0899E+00    0.0000E+00    8.3894E+00   
 2.5079E+02    2.0896E+01    2.1001E+01    2.1390E+01    2.1717E+01    2.0722E+01    2.1018E+01    2.0886E+01    2.0576E+01    6.0252E+00    6.0899E+00    0.0000E+00    8.3894E+00   
 2.5129E+02    2.0901E+01    2.0991E+01    2.1401E+01    2.1702E+01    2.0720E+01    2.1035E+01    2.0906E+01    2.0579E+01    6.0252E+00    6.0899E+00    0.0000E+00    8.4395E+00   
 2.5180E+02    2.0898E+01    2.0991E+01    2.1411E+01    2.1702E+01    2.0716E+01    2.1035E+01    2.0917E+01    2.0579E+01    6.0252E+00    6.0899E+00    0.0000E+00    8.4395E+00   
 2.5230E+02    2.0898E+01    2.0984E+01    2.1386E+01    2.1693E+01    2.0747E+01    2.1053E+01    2.0922E+01    2.0588E+01    6.0252E+00    6.0899E+00    0.0000E+00    8.4145E+00   
 2.5289E+02    2.0911E+01    2.0991E+01    2.1379E+01    2.1727E+01    2.0741E+01    2.1039E+01    2.0912E+01    2.0583E+01    6.0252E+00    6.0899E+00    0.0000E+00    8.3642E+00   
 2.5340E+02    2.0911E+01    2.0985E+01    2.1372E+01    2.1688E+01    2.0723E+01    2.1034E+01    2.0917E+01    2.0577E+01    6.0252E+00    6.0899E+00    0.0000E+00    8.3894E+00   
 2.5390E+02    2.0899E+01    2.0998E+01    2.1372E+01    2.1622E+01    2.0723E+01    2.1031E+01    2.0917E+01    2.0575E+01    6.0252E+00    6.0899E+00    0.0000E+00    8.4145E+00   
 2.5441E+02    2.0894E+01    2.0967E+01    2.1367E+01    2.1572E+01    2.0749E+01    2.1030E+01    2.0926E+01    2.0605E+01    6.0252E+00    6.0899E+00    0.0000E+00    8.3894E+00   
 2.5497E+02    2.0880E+01    2.0967E+01    2.1356E+01    2.1548E+01    2.0742E+01    2.1058E+01    2.0934E+01    2.0598E+01    6.0252E+00    6.0899E+00    0.0000E+00    8.3894E+00   
 2.5547E+02    2.0900E+01    2.0979E+01    2.1444E+01    2.1564E+01    2.0750E+01    2.1074E+01    2.0933E+01    2.0614E+01    6.0252E+00    6.0899E+00    0.0000E+00    8.3894E+00   
 2.5598E+02    2.0895E+01    2.0968E+01    2.1527E+01    2.1513E+01    2.0776E+01    2.1060E+01    2.0929E+01    2.0607E+01    6.0252E+00    6.0899E+00    0.0000E+00    8.4145E+00   
 2.5648E+02    2.0895E+01    2.0961E+01    2.1527E+01    2.1583E+01    2.0792E+01    2.1071E+01    2.0945E+01    2.0615E+01    6.0252E+00    6.0899E+00    0.0000E+00    8.4145E+00   
 2.5707E+02    2.0883E+01    2.0982E+01    2.1528E+01    2.1727E+01    2.0773E+01    2.1061E+01    2.0940E+01    2.0624E+01    6.0252E+00    6.0899E+00    0.0000E+00    8.4145E+00   
 2.5758E+02    2.0901E+01    2.1001E+01    2.1515E+01    2.1719E+01    2.0769E+01    2.1081E+01    2.0959E+01    2.0628E+01    6.0252E+00    6.0899E+00    0.0000E+00    8.3642E+00   
 2.5809E+02    2.0907E+01    2.1001E+01    2.1491E+01    2.1719E+01    2.0784E+01    2.1066E+01    2.0968E+01    2.0630E+01    6.0252E+00    6.0899E+00    0.0000E+00    8.4395E+00   
 2.5859E+02    2.0920E+01    2.0990E+01    2.1587E+01    2.1846E+01    2.0791E+01    2.1081E+01    2.0982E+01    2.0646E+01    6.0252E+00    6.0899E+00    0.0000E+00    8.4145E+00   
 2.5915E+02    2.0896E+01    2.0996E+01    2.1553E+01    2.1930E+01    2.0779E+01    2.1085E+01    2.0972E+01    2.0633E+01    6.0252E+00    6.0899E+00    0.0000E+00    8.4395E+00   
 2.5965E+02    2.0896E+01    2.0979E+01    2.1553E+01    2.2139E+01    2.0779E+01    2.1101E+01    2.0972E+01    2.0644E+01    6.0252E+00    6.0899E+00    0.0000E+00    8.4145E+00   
 2.6015E+02    2.0902E+01    2.0990E+01    2.1490E+01    2.2394E+01    2.0781E+01    2.1091E+01    2.0967E+01    2.0637E+01    6.0252E+00    6.0899E+00    0.0000E+00    8.4145E+00   
 2.6066E+02    2.0907E+01    2.1005E+01    2.1462E+01    2.2491E+01    2.0780E+01    2.1087E+01    2.0959E+01    2.0627E+01    6.0252E+00    6.0899E+00    0.0000E+00    8.3642E+00   
 2.6123E+02    2.0914E+01    2.1002E+01    2.1446E+01    2.2491E+01    2.0778E+01    2.1092E+01    2.0964E+01    2.0627E+01    6.0252E+00    6.0899E+00    0.0000E+00    8.4145E+00   
 2.6173E+02    2.0919E+01    2.1006E+01    2.1417E+01    2.2459E+01    2.0771E+01    2.1092E+01    2.0958E+01    2.0641E+01    6.0252E+00    6.0899E+00    0.0000E+00    8.3894E+00   
 2.6224E+02    2.0919E+01    2.1016E+01    2.1411E+01    2.2300E+01    2.0749E+01    2.1086E+01    2.0954E+01    2.0635E+01    6.0252E+00    6.0899E+00    0.0000E+00    8.3894E+00   
 2.6274E+02    2.0921E+01    2.1021E+01    2.1426E+01    2.2350E+01    2.0749E+01    2.1076E+01    2.0954E+01    2.0630E+01    6.0252E+00    6.0899E+00    0.0000E+00    8.4145E+00   
 2.6331E+02    2.0936E+01    2.1006E+01    2.1414E+01    2.2344E+01    2.0765E+01    2.1086E+01    2.0957E+01    2.0617E+01    6.0252E+00    6.0899E+00    0.0000E+00    8.4145E+00   
 2.6381E+02    2.0932E+01    2.1020E+01    2.1420E+01    2.2232E+01    2.0748E+01    2.1059E+01    2.0930E+01    2.0617E+01    6.0252E+00    6.0899E+00    0.0000E+00    8.3894E+00   
 2.6432E+02    2.0929E+01    2.1020E+01    2.1409E+01    2.2232E+01    2.0767E+01    2.1059E+01    2.0950E+01    2.0617E+01    6.0252E+00    6.0899E+00    0.0000E+00    8.4145E+00   
 2.6482E+02    2.0943E+01    2.1027E+01    2.1428E+01    2.2189E+01    2.0749E+01    2.1069E+01    2.0946E+01    2.0615E+01    6.0252E+00    6.0899E+00    0.0000E+00    8.3894E+00   
 2.6538E+02    2.0943E+01    2.1030E+01    2.1414E+01    2.2162E+01    2.0760E+01    2.1062E+01    2.0939E+01    2.0618E+01    6.0252E+00    6.0899E+00    0.0000E+00    8.3894E+00   
# Time (s)      T1w (C)       T2w (C)       T1a (C)       T2a (C)       T1r (C)       T2r (C)       T3r (C)       T4r (C)       P1 (bar)      P2 (bar)      Ic (amp)      Qc (l/min)    
 2.6588E+02    2.0930E+01    2.1026E+01    2.1414E+01    2.2128E+01    2.0760E+01    2.1068E+01    2.0939E+01    2.0627E+01    6.0252E+00    6.0899E+00    0.0000E+00    8.3894E+00   
 2.6639E+02    2.0927E+01    2.1022E+01    2.1405E+01    2.2014E+01    2.0758E+01    2.1062E+01    2.0956E+01    2.0642E+01    6.0252E+00    6.0899E+00    0.0000E+00    8.3894E+00   
 2.6689E+02    2.0935E+01    2.1022E+01    2.1396E+01    2.2014E+01    2.0759E+01    2.1078E+01    2.0959E+01    2.0642E+01    6.0252E+00    6.0899E+00    0.0000E+00    8.4145E+00   
 2.6745E+02    2.0931E+01    2.1014E+01    2.1398E+01    2.1963E+01    2.0769E+01    2.1086E+01    2.0953E+01    2.0615E+01    6.0252E+00    6.0899E+00    0.0000E+00    8.4145E+00   
 2.6796E+02    2.0934E+01    2.1030E+01    2.1392E+01    2.1945E+01    2.0763E+01    2.1099E+01    2.0953E+01    2.0624E+01    6.0252E+00    6.0899E+00    0.0000E+00    8.3894E+00   
 2.6846E+02    2.0934E+01    2.1016E+01    2.1392E+01    2.1955E+01    2.0779E+01    2.1100E+01    2.0969E+01    2.0631E+01    6.0252E+00    6.0899E+00    0.0000E+00    8.3894E+00   
 2.6896E+02    2.0922E+01    2.1015E+01    2.1360E+01    2.1968E+01    2.0756E+01    2.1075E+01    2.0955E+01    2.0638E+01    6.0252E+00    6.0899E+00    0.0000E+00    8.3894E+00   
 2.6953E+02    2.0919E+01    2.1027E+01    2.1366E+01    2.1948E+01    2.0761E+01    2.1112E+01    2.0984E+01    2.0663E+01    6.0252E+00    6.0899E+00    0.0000E+00    8.3894E+00   
 2.7004E+02    2.0921E+01    2.1027E+01    2.1385E+01    2.1948E+01    2.0777E+01    2.1091E+01    2.0985E+01    2.0643E+01    6.0252E+00    6.0899E+00    0.0000E+00    8.4145E+00   
 2.7054E+02    2.0932E+01    2.1032E+01    2.1376E+01    2.1939E+01    2.0751E+01    2.1075E+01    2.0959E+01    2.0628E+01    5.7395E+00    6.3953E+00    0.0000E+00    8.4145E+00   
 2.7105E+02    2.0932E+01    2.1027E+01    2.1397E+01    2.2056E+01    2.0359E+01    2.1289E+01    2.0970E+01    2.0613E+01    5.6783E+00    6.6600E+00    0.0000E+00    8.3894E+00   
 2.7161E+02    2.0945E+01    2.1036E+01    2.1412E+01    2.2161E+01    2.0359E+01    2.2388E+01    2.0970E+01    2.0606E+01    5.7191E+00    6.6193E+00    0.0000E+00    8.3894E+00   
 2.7211E+02    2.0955E+01    2.1048E+01    2.1425E+01    2.2046E+01    1.9907E+01    2.3090E+01    2.1142E+01    2.0640E+01    5.6579E+00    6.8433E+00    0.0000E+00    8.4145E+00   
 2.7261E+02    2.0952E+01    2.1115E+01    2.1395E+01    2.1964E+01    1.9798E+01    2.3868E+01    2.0977E+01    2.0596E+01    5.5967E+00    7.0876E+00    0.0000E+00    8.3894E+00   
 2.7312E+02    2.0943E+01    2.1115E+01    2.1350E+01    2.1964E+01    1.9535E+01    2.3868E+01    2.0940E+01    2.0596E+01    5.5151E+00    7.2912E+00    0.0000E+00    8.4145E+00   
 2.7368E+02    2.0974E+01    2.1168E+01    2.1363E+01    2.1953E+01    1.9302E+01    2.4864E+01    2.0912E+01    2.0560E+01    5.4539E+00    8.8792E+00    0.0000E+00    8.4145E+00   
 2.7418E+02    2.0974E+01    2.1143E+01    2.1423E+01    2.1948E+01    1.9108E+01    2.6417E+01    2.0913E+01    2.0604E+01    5.3927E+00    7.7391E+00    0.0000E+00    8.3894E+00   
 2.7469E+02    2.0953E+01    2.1093E+01    2.1423E+01    2.1940E+01    1.9124E+01    2.7093E+01    2.0928E+01    2.0704E+01    5.3111E+00    7.8002E+00    0.0000E+00    8.4145E+00   
 2.7519E+02    2.0973E+01    2.1027E+01    2.1471E+01    2.1955E+01    1.8939E+01    2.7458E+01    2.0939E+01    2.0790E+01    5.2294E+00    7.8205E+00    0.0000E+00    8.3642E+00   
 2.7575E+02    2.0972E+01    2.0989E+01    2.1573E+01    2.1913E+01    1.8846E+01    2.7895E+01    2.0979E+01    2.0888E+01    5.1478E+00    7.8612E+00    0.0000E+00    8.3894E+00   
 2.7625E+02    2.0962E+01    2.0989E+01    2.1658E+01    2.1913E+01    1.8844E+01    2.7895E+01    2.1092E+01    2.0888E+01    5.0866E+00    8.0648E+00    0.0000E+00    8.3894E+00   
 2.7676E+02    2.0965E+01    2.0974E+01    2.1724E+01    2.1911E+01    1.8891E+01    2.8497E+01    2.1205E+01    2.0982E+01    5.0050E+00    8.2684E+00    0.0000E+00    8.3894E+00   
 2.7726E+02    2.0965E+01    2.0943E+01    2.1724E+01    2.1923E+01    1.8891E+01    2.9230E+01    2.1205E+01    2.1077E+01    4.9438E+00    8.5535E+00    0.0000E+00    8.3894E+00   
 2.7782E+02    2.0970E+01    2.0894E+01    2.1780E+01    2.1916E+01    1.8943E+01    3.0207E+01    2.1300E+01    2.1181E+01    4.8622E+00    8.6960E+00    0.0000E+00    8.4145E+00   
 2.7833E+02    2.0969E+01    2.0827E+01    2.1802E+01    2.1881E+01    1.8954E+01    3.1062E+01    2.1420E+01    2.1263E+01    4.7805E+00    8.6756E+00    0.0000E+00    8.3642E+00   
 2.7883E+02    2.0989E+01    2.0843E+01    2.1915E+01    2.1897E+01    1.8960E+01    3.1047E+01    2.1551E+01    2.1247E+01    4.7193E+00    8.5331E+00    0.0000E+00    8.4145E+00   
 2.7933E+02    2.0973E+01    2.0764E+01    2.1931E+01    2.1867E+01    1.8983E+01    3.1422E+01    2.1698E+01    2.1361E+01    4.6377E+00    8.1056E+00    0.0000E+00    8.3894E+00   
 2.7989E+02    2.0980E+01    2.0698E+01    2.1881E+01    2.1754E+01    1.9006E+01    3.0686E+01    2.1898E+01    2.1487E+01    4.5765E+00    7.8409E+00    0.0000E+00    8.3894E+00   
 2.8040E+02    2.0980E+01    2.0651E+01    2.1881E+01    2.1742E+01    1.9006E+01    2.9721E+01    2.1898E+01    2.1604E+01    4.5153E+00    7.6780E+00    0.0000E+00    8.3894E+00   
 2.8090E+02    2.0985E+01    2.0609E+01    2.1842E+01    2.1620E+01    1.9042E+01    2.9104E+01    2.2103E+01    2.1733E+01    4.4541E+00    7.6169E+00    0.0000E+00    8.3894E+00   
# Time (s)      T1w (C)       T2w (C)       T1a (C)       T2a (C)       T1r (C)       T2r (C)       T3r (C)       T4r (C)       P1 (bar)      P2 (bar)      Ic (amp)      Qc (l/min)    
 2.8141E+02    2.0980E+01    2.0609E+01    2.1870E+01    2.1604E+01    1.9064E+01    2.8683E+01    2.2324E+01    2.1924E+01    4.3928E+00    7.5355E+00    0.0000E+00    8.4145E+00   
 2.8197E+02    2.0979E+01    2.0565E+01    2.1887E+01    2.1604E+01    1.9079E+01    2.8403E+01    2.2581E+01    2.1924E+01    4.3520E+00    7.5151E+00    0.0000E+00    8.4145E+00   
 2.8248E+02    2.0978E+01    2.0517E+01    2.1981E+01    2.1568E+01    1.9098E+01    2.8403E+01    2.2874E+01    2.2170E+01    4.2908E+00    7.4540E+00    0.0000E+00    8.3894E+00   
 2.8298E+02    2.0978E+01    2.0472E+01    2.2143E+01    2.1480E+01    1.9154E+01    2.8318E+01    2.3221E+01    2.2517E+01    4.2500E+00    7.5151E+00    0.0000E+00    8.3894E+00   
 2.8349E+02    2.0985E+01    2.0428E+01    2.2143E+01    2.1548E+01    1.9154E+01    2.8358E+01    2.3221E+01    2.2892E+01    4.2092E+00    7.4948E+00    0.0000E+00    8.4145E+00   
 2.8409E+02    2.0968E+01    2.0357E+01    2.2280E+01    2.1541E+01    1.9157E+01    2.8440E+01    2.3535E+01    2.3289E+01    4.1684E+00    7.5151E+00    0.0000E+00    8.3894E+00   
 2.8459E+02    2.0978E+01    2.0269E+01    2.2434E+01    2.1611E+01    1.9185E+01    2.8571E+01    2.3739E+01    2.3642E+01    4.1072E+00    7.5558E+00    0.0000E+00    8.4145E+00   
 2.8510E+02    2.0979E+01    2.0269E+01    2.2490E+01    2.1611E+01    1.9203E+01    2.8571E+01    2.3792E+01    2.3642E+01    4.0664E+00    7.5558E+00    0.0000E+00    8.4395E+00   
 2.8560E+02    2.0982E+01    2.0203E+01    2.2519E+01    2.1783E+01    1.9241E+01    2.8763E+01    2.3844E+01    2.3882E+01    4.0664E+00    7.5966E+00    0.0000E+00    8.4395E+00   
 2.8617E+02    2.0977E+01    2.0116E+01    2.2514E+01    2.1875E+01    1.9249E+01    2.8998E+01    2.3882E+01    2.4043E+01    4.0664E+00    7.6169E+00    0.0000E+00    8.4395E+00   
 2.8667E+02    2.0977E+01    1.9995E+01    2.2514E+01    2.1906E+01    1.9249E+01    2.9190E+01    2.3882E+01    2.4041E+01    4.0868E+00    7.6576E+00    0.0000E+00    8.4145E+00   
 2.8718E+02    2.0980E+01    1.9901E+01    2.2468E+01    2.1875E+01    1.9274E+01    2.9407E+01    2.4011E+01    2.4058E+01    4.1072E+00    7.6576E+00    0.0000E+00    8.3642E+00   
 2.8768E+02    2.0998E+01    1.9917E+01    2.2370E+01    2.1863E+01    1.9279E+01    2.9623E+01    2.4056E+01    2.3982E+01    4.1276E+00    7.7187E+00    0.0000E+00    8.4145E+00   
 2.8825E+02    2.0996E+01    1.9800E+01    2.2324E+01    2.1863E+01    1.9257E+01    2.9623E+01    2.4008E+01    2.3982E+01    4.1684E+00    7.7798E+00    0.0000E+00    8.3894E+00   
 2.8875E+02    2.0993E+01    1.9690E+01    2.2456E+01    2.2092E+01    1.9230E+01    2.9809E+01    2.3968E+01    2.3853E+01    4.2092E+00    7.8205E+00    0.0000E+00    8.3642E+00   
 2.8926E+02    2.0993E+01    1.9486E+01    2.2396E+01    2.2103E+01    1.9194E+01    2.9956E+01    2.3915E+01    2.3733E+01    4.2500E+00    7.8612E+00    0.0000E+00    8.3894E+00   
 2.8976E+02    2.1016E+01    1.9204E+01    2.2412E+01    2.2130E+01    1.9194E+01    3.0104E+01    2.3915E+01    2.3647E+01    4.2908E+00    7.8816E+00    0.0000E+00    8.3894E+00   
 2.9033E+02    2.1011E+01    1.8909E+01    2.2409E+01    2.2182E+01    1.9163E+01    3.0234E+01    2.3852E+01    2.3586E+01    4.3316E+00    7.9223E+00    0.0000E+00    8.3642E+00   
 2.9083E+02    2.1018E+01    1.8543E+01    2.2469E+01    2.2209E+01    1.9069E+01    3.0312E+01    2.3780E+01    2.3522E+01    4.3724E+00    7.9630E+00    0.0000E+00    8.3894E+00   
 2.9134E+02    2.1019E+01    1.8543E+01    2.2645E+01    2.2209E+01    1.8970E+01    3.0312E+01    2.3717E+01    2.3522E+01    4.3724E+00    7.9630E+00    0.0000E+00    8.4145E+00   
 2.9184E+02    2.1050E+01    1.8159E+01    2.2480E+01    2.2144E+01    1.8782E+01    3.0419E+01    2.3647E+01    2.3459E+01    4.3724E+00    8.0038E+00    0.0000E+00    8.3642E+00   
 2.9241E+02    2.1050E+01    1.7606E+01    2.2514E+01    2.2075E+01    1.7895E+01    3.0482E+01    2.3595E+01    2.3442E+01    4.3316E+00    8.0852E+00    0.0000E+00    8.4145E+00   
 2.9291E+02    2.1041E+01    1.7068E+01    2.2530E+01    2.2160E+01    1.7895E+01    3.0565E+01    2.3595E+01    2.3421E+01    4.3112E+00    8.0648E+00    0.0000E+00    8.3642E+00   
 2.9342E+02    2.1046E+01    1.6599E+01    2.2924E+01    2.2285E+01    1.4603E+01    3.0689E+01    2.3550E+01    2.3409E+01    4.2908E+00    8.1056E+00    0.0000E+00    8.4145E+00   
 2.9392E+02    2.1037E+01    1.6599E+01    2.2848E+01    2.2285E+01    1.3281E+01    3.0855E+01    2.3520E+01    2.3436E+01    4.2704E+00    8.1056E+00    0.0000E+00    8.3642E+00   
 2.9452E+02    2.1028E+01    1.6300E+01    2.2785E+01    2.2324E+01    1.2823E+01    3.0855E+01    2.3489E+01    2.3436E+01    4.2296E+00    8.1463E+00    0.0000E+00    8.3642E+00   
 2.9502E+02    2.1051E+01    1.6163E+01    2.2753E+01    2.2327E+01    1.2551E+01    3.1004E+01    2.3472E+01    2.3458E+01    4.1888E+00    8.1870E+00    0.0000E+00    8.3894E+00   
 2.9552E+02    2.1051E+01    1.6031E+01    2.2753E+01    2.2332E+01    1.2310E+01    3.1184E+01    2.3462E+01    2.3530E+01    4.1684E+00    8.1870E+00    0.0000E+00    8.3642E+00   
 2.9603E+02    2.1026E+01    1.5929E+01    2.2773E+01    2.2307E+01    1.2326E+01    3.1395E+01    2.3477E+01    2.3641E+01    4.1480E+00    8.2074E+00    0.0000E+00    8.4145E+00   
 2.9661E+02    2.1034E+01    1.5896E+01    2.2860E+01    2.2324E+01    1.2150E+01    3.1558E+01    2.3472E+01    2.3822E+01    4.1276E+00    8.2684E+00    0.0000E+00    8.3390E+00   
# Time (s)      T1w (C)       T2w (C)       T1a (C)       T2a (C)       T1r (C)       T2r (C)       T3r (C)       T4r (C)       P1 (bar)      P2 (bar)      Ic (amp)      Qc (l/min)    
 2.9711E+02    2.1039E+01    1.5896E+01    2.2753E+01    2.2274E+01    1.2054E+01    3.1754E+01    2.3492E+01    2.4147E+01    4.1072E+00    8.2888E+00    0.0000E+00    8.3642E+00   
 2.9762E+02    2.1035E+01    1.5960E+01    2.2753E+01    2.2274E+01    1.1940E+01    3.1754E+01    2.3465E+01    2.4147E+01    4.1276E+00    8.3295E+00    0.0000E+00    8.3390E+00   
 2.9812E+02    2.1022E+01    1.6068E+01    2.2775E+01    2.2087E+01    1.1986E+01    3.1940E+01    2.3475E+01    2.4544E+01    4.1276E+00    8.3295E+00    0.0000E+00    8.3390E+00   
 2.9869E+02    2.1022E+01    1.6202E+01    2.2851E+01    2.2000E+01    1.2047E+01    3.2123E+01    2.3475E+01    2.4910E+01    4.1480E+00    8.3906E+00    0.0000E+00    8.4145E+00   
 2.9919E+02    2.1032E+01    1.6301E+01    2.2851E+01    2.1943E+01    1.2047E+01    3.2197E+01    2.3475E+01    2.5364E+01    4.1684E+00    8.4517E+00    0.0000E+00    8.3642E+00   
 2.9970E+02    2.1049E+01    1.6429E+01    2.2912E+01    2.1900E+01    1.2096E+01    3.2113E+01    2.3474E+01    2.5805E+01    4.1888E+00    8.4517E+00    0.0000E+00    8.3642E+00   
 3.0021E+02    2.1058E+01    1.6444E+01    2.2885E+01    2.1900E+01    1.2198E+01    3.2113E+01    2.3474E+01    2.5805E+01    4.1684E+00    8.7978E+00    0.0000E+00    8.4145E+00   
 3.0079E+02    2.1050E+01    1.6551E+01    2.2824E+01    2.1863E+01    1.2174E+01    3.2085E+01    2.3470E+01    2.6214E+01    4.6377E+00    7.7798E+00    0.0000E+00    8.4145E+00   
 3.0129E+02    2.1057E+01    1.6665E+01    2.2807E+01    2.1875E+01    1.4508E+01    3.1924E+01    2.3461E+01    2.6761E+01    5.0254E+00    7.4337E+00    0.0000E+00    8.3642E+00   
 3.0180E+02    2.1057E+01    1.6750E+01    2.2807E+01    2.1837E+01    1.4524E+01    3.0330E+01    2.3476E+01    2.7090E+01    5.3315E+00    7.3726E+00    0.0000E+00    8.3894E+00   
 3.0230E+02    2.1045E+01    1.6921E+01    2.2760E+01    2.1868E+01    1.7441E+01    2.9139E+01    2.3480E+01    2.7209E+01    5.5763E+00    7.3522E+00    0.0000E+00    8.4145E+00   
 3.0288E+02    2.1022E+01    1.7333E+01    2.2666E+01    2.1865E+01    1.9932E+01    2.8761E+01    2.3477E+01    2.7157E+01    5.6783E+00    7.3930E+00    0.0000E+00    8.3390E+00   
 3.0339E+02    2.1033E+01    1.7333E+01    2.2685E+01    2.1790E+01    2.1358E+01    2.8816E+01    2.3477E+01    2.6960E+01    5.7600E+00    7.4948E+00    0.0000E+00    8.3390E+00   
 3.0389E+02    2.1006E+01    1.7973E+01    2.2686E+01    2.1774E+01    2.2002E+01    2.8831E+01    2.3505E+01    2.6976E+01    5.7395E+00    7.5762E+00    0.0000E+00    8.3390E+00   
 3.0440E+02    2.1004E+01    1.8695E+01    2.2675E+01    2.1607E+01    2.2089E+01    2.8949E+01    2.3505E+01    2.6763E+01    5.7395E+00    7.6780E+00    0.0000E+00    8.3642E+00   
 3.0498E+02    2.1004E+01    1.9444E+01    2.2605E+01    2.1398E+01    2.1935E+01    2.9229E+01    2.3470E+01    2.6565E+01    5.6987E+00    7.8002E+00    0.0000E+00    8.3894E+00   
 3.0549E+02    2.1011E+01    2.0079E+01    2.2605E+01    2.1333E+01    2.1935E+01    2.9526E+01    2.3470E+01    2.6370E+01    5.6171E+00    7.8409E+00    0.0000E+00    8.3642E+00   
 3.0599E+02    2.1032E+01    2.0812E+01    2.2596E+01    2.1461E+01    2.1684E+01    2.9784E+01    2.3482E+01    2.6178E+01    5.6171E+00    7.8816E+00    0.0000E+00    8.3894E+00   
 3.0650E+02    2.1020E+01    2.0812E+01    2.2589E+01    2.1461E+01    2.1406E+01    2.9784E+01    2.3465E+01    2.6178E+01    5.5559E+00    7.9630E+00    0.0000E+00    8.3894E+00   
 3.0708E+02    2.1004E+01    2.1560E+01    2.2619E+01    2.1607E+01    2.1197E+01    3.0003E+01    2.3486E+01    2.6013E+01    5.4947E+00    8.0241E+00    0.0000E+00    8.3894E+00   
 3.0758E+02    2.1008E+01    2.2278E+01    2.2573E+01    2.1349E+01    2.1007E+01    3.0278E+01    2.3460E+01    2.5826E+01    5.4947E+00    8.1463E+00    0.0000E+00    8.3642E+00   
 3.0808E+02    2.1023E+01    2.3010E+01    2.2589E+01    2.1323E+01    2.1022E+01    3.0592E+01    2.3468E+01    2.5613E+01    5.4539E+00    8.1870E+00    0.0000E+00    8.3894E+00   
 3.0859E+02    2.1040E+01    2.3620E+01    2.2583E+01    2.1282E+01    2.0828E+01    3.0823E+01    2.3468E+01    2.5299E+01    5.4131E+00    8.2074E+00    0.0000E+00    8.3894E+00   
 3.0918E+02    2.1053E+01    2.4155E+01    2.2596E+01    2.1191E+01    2.0518E+01    3.1058E+01    2.3504E+01    2.5035E+01    5.3723E+00    8.3092E+00    0.0000E+00    8.3642E+00   
 3.0968E+02    2.1046E+01    2.4667E+01    2.2649E+01    2.1164E+01    2.0330E+01    3.1315E+01    2.3482E+01    2.4827E+01    5.3315E+00    8.3295E+00    0.0000E+00    8.3642E+00   
 3.1019E+02    2.1048E+01    2.4667E+01    2.2599E+01    2.1164E+01    2.0184E+01    3.1315E+01    2.3477E+01    2.4827E+01    5.3315E+00    8.3906E+00    0.0000E+00    8.3894E+00   
 3.1069E+02    2.1045E+01    2.5134E+01    2.2486E+01    2.1176E+01    2.0109E+01    3.1560E+01    2.3477E+01    2.4642E+01    5.3111E+00    8.4517E+00    0.0000E+00    8.4145E+00   
 3.1126E+02    2.1060E+01    2.5554E+01    2.2308E+01    2.1207E+01    2.0075E+01    3.1814E+01    2.3475E+01    2.4479E+01    5.2906E+00    8.5128E+00    0.0000E+00    8.3390E+00   
 3.1176E+02    2.1066E+01    2.6003E+01    2.2308E+01    2.1196E+01    2.0075E+01    3.2073E+01    2.3475E+01    2.4243E+01    5.2702E+00    8.5535E+00    0.0000E+00    8.3390E+00   
 3.1227E+02    2.1058E+01    2.6360E+01    2.2070E+01    2.1193E+01    2.0059E+01    3.2288E+01    2.3493E+01    2.3929E+01    5.2498E+00    8.5942E+00    0.0000E+00    8.3642E+00   
# Time (s)      T1w (C)       T2w (C)       T1a (C)       T2a (C)       T1r (C)       T2r (C)       T3r (C)       T4r (C)       P1 (bar)      P2 (bar)      Ic (amp)      Qc (l/min)    
 3.1277E+02    2.1047E+01    2.6360E+01    2.2040E+01    2.1193E+01    1.9913E+01    3.2288E+01    2.3483E+01    2.3929E+01    5.2498E+00    8.7164E+00    0.0000E+00    8.4145E+00   
 3.1334E+02    2.1046E+01    2.6635E+01    2.2023E+01    2.1237E+01    1.9689E+01    3.2585E+01    2.3463E+01    2.3616E+01    5.1886E+00    8.7571E+00    0.0000E+00    8.3642E+00   
 3.1384E+02    2.1048E+01    2.6948E+01    2.2046E+01    2.1244E+01    1.9518E+01    3.2840E+01    2.3481E+01    2.3335E+01    5.1682E+00    8.7164E+00    0.0000E+00    8.3894E+00   
 3.1435E+02    2.1048E+01    2.7221E+01    2.2046E+01    2.1226E+01    1.9518E+01    3.2990E+01    2.3481E+01    2.3064E+01    5.1478E+00    8.7978E+00    0.0000E+00    8.3894E+00   
 3.1485E+02    2.1053E+01    2.7466E+01    2.2060E+01    2.1223E+01    1.9348E+01    3.3158E+01    2.3475E+01    2.2846E+01    5.1274E+00    8.7978E+00    0.0000E+00    8.4145E+00   
 3.1542E+02    2.1040E+01    2.7683E+01    2.1975E+01    2.1236E+01    1.9120E+01    3.3336E+01    2.3486E+01    2.2375E+01    5.1070E+00    8.8182E+00    0.0000E+00    8.3642E+00   
 3.1593E+02    2.1050E+01    2.7683E+01    2.1978E+01    2.1236E+01    1.8911E+01    3.3351E+01    2.3495E+01    2.2390E+01    5.1070E+00    8.8589E+00    0.0000E+00    8.4145E+00   
 3.1643E+02    2.1051E+01    2.7902E+01    2.1899E+01    2.1250E+01    1.8734E+01    3.3538E+01    2.3505E+01    2.2182E+01    5.1070E+00    8.8792E+00    0.0000E+00    8.4145E+00   
 3.1694E+02    2.1050E+01    2.8093E+01    2.1860E+01    2.1274E+01    1.8563E+01    3.3682E+01    2.3502E+01    2.1997E+01    5.0458E+00    8.9810E+00    0.0000E+00    8.4145E+00   
 3.1750E+02    2.1050E+01    2.8268E+01    2.1860E+01    2.1279E+01    1.8563E+01    3.3873E+01    2.3502E+01    2.1789E+01    5.0458E+00    9.0218E+00    0.0000E+00    8.4145E+00   
 3.1801E+02    2.1034E+01    2.8410E+01    2.1828E+01    2.1312E+01    1.8457E+01    3.4150E+01    2.3494E+01    2.1548E+01    5.0458E+00    9.0625E+00    0.0000E+00    8.4145E+00   
 3.1851E+02    2.1019E+01    2.8533E+01    2.1876E+01    2.1332E+01    1.8356E+01    3.4302E+01    2.3512E+01    2.1220E+01    5.0050E+00    9.0421E+00    0.0000E+00    8.4395E+00   
 3.1901E+02    2.1027E+01    2.8533E+01    2.1928E+01    2.1332E+01    1.8236E+01    3.4302E+01    2.3509E+01    2.1220E+01    4.9846E+00    9.0625E+00    0.0000E+00    8.3642E+00   
 3.1960E+02    2.1027E+01    2.8651E+01    2.1909E+01    2.1356E+01    1.8134E+01    3.4393E+01    2.3530E+01    2.0888E+01    4.9642E+00    9.1236E+00    0.0000E+00    8.4145E+00   
 3.2010E+02    2.1035E+01    2.8785E+01    2.1874E+01    2.1365E+01    1.7890E+01    3.4497E+01    2.3569E+01    2.0536E+01    4.9642E+00    9.0828E+00    0.0000E+00    8.3894E+00   
 3.2061E+02    2.1035E+01    2.8901E+01    2.1874E+01    2.1386E+01    1.7890E+01    3.4554E+01    2.3569E+01    2.0256E+01    4.9438E+00    9.1032E+00    0.0000E+00    8.4145E+00   
 3.2111E+02    2.1011E+01    2.9027E+01    2.1868E+01    2.1393E+01    1.7672E+01    3.4649E+01    2.3630E+01    1.9972E+01    4.9234E+00    9.1846E+00    0.0000E+00    8.4145E+00   
 3.2169E+02    2.1023E+01    2.9157E+01    2.1839E+01    2.1420E+01    1.7435E+01    3.4739E+01    2.3664E+01    1.9674E+01    4.9030E+00    9.1643E+00    0.0000E+00    8.3894E+00   
 3.2220E+02    2.1037E+01    2.9173E+01    2.1766E+01    2.1435E+01    1.7220E+01    3.4739E+01    2.3711E+01    1.9674E+01    4.8826E+00    9.2050E+00    0.0000E+00    8.3894E+00   
 3.2270E+02    2.1025E+01    2.9297E+01    2.1800E+01    2.1441E+01    1.7037E+01    3.4838E+01    2.3773E+01    1.9404E+01    4.8622E+00    9.1643E+00    0.0000E+00    8.4145E+00   
 3.2321E+02    2.1025E+01    2.9398E+01    2.1867E+01    2.1444E+01    1.6982E+01    3.4934E+01    2.3827E+01    1.9135E+01    4.8622E+00    9.1643E+00    0.0000E+00    8.4145E+00   
 3.2377E+02    2.1021E+01    2.9497E+01    2.1867E+01    2.1453E+01    1.6982E+01    3.5005E+01    2.3827E+01    1.8786E+01    4.8417E+00    9.1643E+00    0.0000E+00    8.4145E+00   
 3.2428E+02    2.1022E+01    2.9608E+01    2.1897E+01    2.1496E+01    1.6902E+01    3.5068E+01    2.3922E+01    1.8339E+01    4.8009E+00    9.2254E+00    0.0000E+00    8.4145E+00   
 3.2478E+02    2.1020E+01    2.9716E+01    2.1884E+01    2.1516E+01    1.6882E+01    3.5150E+01    2.3984E+01    1.7899E+01    4.7805E+00    9.2050E+00    0.0000E+00    8.4395E+00   
 3.2529E+02    2.1012E+01    2.9716E+01    2.1838E+01    2.1516E+01    1.6868E+01    3.5150E+01    2.4017E+01    1.7899E+01    4.7601E+00    9.2254E+00    0.0000E+00    8.4145E+00   
 3.2586E+02    2.1010E+01    2.9836E+01    2.1786E+01    2.1638E+01    1.6744E+01    3.5202E+01    2.4001E+01    1.7527E+01    4.7193E+00    9.2254E+00    0.0000E+00    8.4395E+00   
 3.2636E+02    2.1010E+01    2.9929E+01    2.1800E+01    2.1686E+01    1.6669E+01    3.5224E+01    2.3934E+01    1.7289E+01    4.6785E+00    9.2457E+00    0.0000E+00    8.3894E+00   
 3.2687E+02    2.1007E+01    3.0010E+01    2.1800E+01    2.1623E+01    1.6669E+01    3.5281E+01    2.3934E+01    1.7031E+01    4.6377E+00    9.2457E+00    0.0000E+00    8.4145E+00   
 3.2737E+02    2.1003E+01    3.0100E+01    2.1808E+01    2.1555E+01    1.6610E+01    3.5316E+01    2.3820E+01    1.6749E+01    4.6173E+00    9.2661E+00    0.0000E+00    8.4145E+00   
 3.2793E+02    2.0994E+01    3.0170E+01    2.1781E+01    2.1561E+01    1.6515E+01    3.5378E+01    2.3623E+01    1.6310E+01    4.5765E+00    9.2661E+00    0.0000E+00    8.4645E+00   
# Time (s)      T1w (C)       T2w (C)       T1a (C)       T2a (C)       T1r (C)       T2r (C)       T3r (C)       T4r (C)       P1 (bar)      P2 (bar)      Ic (amp)      Qc (l/min)    
 3.2844E+02    2.0998E+01    3.0170E+01    2.1758E+01    2.1561E+01    1.6375E+01    3.5378E+01    2.3353E+01    1.6310E+01    4.5561E+00    9.2457E+00    0.0000E+00    8.3894E+00   
 3.2894E+02    2.0987E+01    3.0267E+01    2.1720E+01    2.1549E+01    1.6196E+01    3.5469E+01    2.3090E+01    1.6087E+01    4.5153E+00    9.2457E+00    0.0000E+00    8.4145E+00   
 3.2945E+02    2.0987E+01    3.0304E+01    2.1720E+01    2.1553E+01    1.6196E+01    3.5557E+01    2.3090E+01    1.6000E+01    4.4949E+00    9.2661E+00    0.0000E+00    8.4395E+00   
 3.3001E+02    2.0979E+01    3.0361E+01    2.1647E+01    2.1538E+01    1.6016E+01    3.5618E+01    2.2808E+01    1.5952E+01    4.4745E+00    9.2661E+00    0.0000E+00    8.4145E+00   
 3.3052E+02    2.0979E+01    3.0428E+01    2.1677E+01    2.1533E+01    1.5858E+01    3.5685E+01    2.2549E+01    1.5878E+01    4.4541E+00    9.3272E+00    0.0000E+00    8.4395E+00   
 3.3103E+02    2.0970E+01    3.0428E+01    2.1641E+01    2.1533E+01    1.5694E+01    3.5752E+01    2.2323E+01    1.5787E+01    4.4541E+00    9.2864E+00    0.0000E+00    8.4645E+00   
 3.3153E+02    2.0947E+01    3.0463E+01    2.1586E+01    2.1515E+01    1.5578E+01    3.5752E+01    2.2148E+01    1.5787E+01    4.4337E+00    9.3068E+00    0.0000E+00    8.4395E+00   
 3.3210E+02    2.0958E+01    3.0516E+01    2.1548E+01    2.1509E+01    1.5507E+01    3.5810E+01    2.2015E+01    1.5733E+01    4.4133E+00    9.3272E+00    0.0000E+00    8.4395E+00   
 3.3260E+02    2.0958E+01    3.0532E+01    2.1548E+01    2.1494E+01    1.5437E+01    3.5870E+01    2.1933E+01    1.5681E+01    4.4133E+00    9.2864E+00    0.0000E+00    8.4645E+00   
 3.3310E+02    2.0953E+01    3.0578E+01    2.1508E+01    2.1460E+01    1.5437E+01    3.5915E+01    2.1933E+01    1.5663E+01    4.4133E+00    9.3272E+00    0.0000E+00    8.4645E+00   
 3.3361E+02    2.0940E+01    3.0585E+01    2.1430E+01    2.1468E+01    1.5419E+01    3.5972E+01    2.1924E+01    1.5620E+01    4.4133E+00    9.2864E+00    0.0000E+00    8.4145E+00   
 3.3418E+02    2.0933E+01    3.0585E+01    2.1380E+01    2.1451E+01    1.5453E+01    3.5980E+01    2.1933E+01    1.5574E+01    4.3928E+00    9.2864E+00    0.0000E+00    8.4395E+00   
 3.3468E+02    2.0935E+01    3.0613E+01    2.1367E+01    2.1451E+01    1.5464E+01    3.5980E+01    2.1999E+01    1.5574E+01    4.3724E+00    9.3068E+00    0.0000E+00    8.4893E+00   
 3.3518E+02    2.0931E+01    3.0639E+01    2.1291E+01    2.1462E+01    1.5472E+01    3.6036E+01    2.2121E+01    1.5540E+01    4.3520E+00    9.3272E+00    0.0000E+00    8.4645E+00   
 3.3569E+02    2.0931E+01    3.0662E+01    2.1291E+01    2.1471E+01    1.5472E+01    3.6054E+01    2.2121E+01    1.5507E+01    4.3112E+00    9.3068E+00    0.0000E+00    8.4395E+00   
 3.3626E+02    2.0936E+01    3.0681E+01    2.1199E+01    2.1477E+01    1.4894E+01    3.6069E+01    2.2283E+01    1.5466E+01    4.3316E+00    9.3068E+00    0.0000E+00    8.4395E+00   
 3.3676E+02    2.0936E+01    3.0720E+01    2.1103E+01    2.1505E+01    1.3407E+01    3.6087E+01    2.2451E+01    1.5429E+01    4.3112E+00    9.2864E+00    0.0000E+00    8.4645E+00   
 3.3727E+02    2.0961E+01    3.0735E+01    2.1021E+01    2.1521E+01    1.2718E+01    3.6087E+01    2.2669E+01    1.5429E+01    4.2908E+00    9.2661E+00    0.0000E+00    8.4395E+00   
 3.3777E+02    2.0934E+01    3.0753E+01    2.0929E+01    2.1514E+01    1.2394E+01    3.6108E+01    2.2886E+01    1.5371E+01    4.2908E+00    9.2457E+00    0.0000E+00    8.4395E+00   
 3.3834E+02    2.0927E+01    3.0780E+01    2.0881E+01    2.1530E+01    1.2177E+01    3.6131E+01    2.3124E+01    1.5312E+01    4.2908E+00    9.2457E+00    0.0000E+00    8.4395E+00   
 3.3884E+02    2.0927E+01    3.0805E+01    2.0881E+01    2.1560E+01    1.2177E+01    3.6168E+01    2.3124E+01    1.5206E+01    4.2908E+00    9.2457E+00    0.0000E+00    8.4395E+00   
 3.3935E+02    2.0925E+01    3.0816E+01    2.0884E+01    2.1557E+01    1.2012E+01    3.6188E+01    2.3366E+01    1.5075E+01    4.2908E+00    9.2864E+00    0.0000E+00    8.4395E+00   
 3.3985E+02    2.0931E+01    3.0816E+01    2.0931E+01    2.1544E+01    1.1901E+01    3.6202E+01    2.3590E+01    1.4941E+01    4.2704E+00    9.2661E+00    0.0000E+00    8.4395E+00   
 3.4042E+02    2.0953E+01    3.0837E+01    2.0983E+01    2.1560E+01    1.1827E+01    3.6202E+01    2.3830E+01    1.4941E+01    4.2704E+00    9.2661E+00    0.0000E+00    8.4645E+00   
 3.4092E+02    2.0927E+01    3.0841E+01    2.0986E+01    2.1546E+01    1.1744E+01    3.6212E+01    2.4067E+01    1.4776E+01    4.2500E+00    9.2661E+00    0.0000E+00    8.4893E+00   
 3.4143E+02    2.0943E+01    3.0871E+01    2.1016E+01    2.1549E+01    1.1662E+01    3.6247E+01    2.4274E+01    1.4614E+01    4.2500E+00    9.2661E+00    0.0000E+00    8.4645E+00   
 3.4193E+02    2.0939E+01    3.0893E+01    2.1016E+01    2.1546E+01    1.1662E+01    3.6304E+01    2.4274E+01    1.4457E+01    4.2296E+00    9.2457E+00    0.0000E+00    8.4395E+00   
 3.4250E+02    2.0929E+01    3.0897E+01    2.1028E+01    2.1542E+01    1.1637E+01    3.6366E+01    2.4538E+01    1.4308E+01    4.2296E+00    9.2864E+00    0.0000E+00    8.4645E+00   
 3.4300E+02    2.0921E+01    3.0897E+01    2.0943E+01    2.1533E+01    1.1632E+01    3.6404E+01    2.4765E+01    1.4162E+01    4.2092E+00    9.2457E+00    0.0000E+00    8.4395E+00   
 3.4351E+02    2.0914E+01    3.0903E+01    2.0731E+01    2.1533E+01    1.1677E+01    3.6419E+01    2.4988E+01    1.4162E+01    4.1480E+00    9.2661E+00    0.0000E+00    8.4645E+00   
# Time (s)      T1w (C)       T2w (C)       T1a (C)       T2a (C)       T1r (C)       T2r (C)       T3r (C)       T4r (C)       P1 (bar)      P2 (bar)      Ic (amp)      Qc (l/min)    
 3.4401E+02    2.0901E+01    3.0904E+01    2.0479E+01    2.1549E+01    1.1840E+01    3.6452E+01    2.5196E+01    1.3992E+01    4.1072E+00    9.2457E+00    0.0000E+00    8.4645E+00   
 3.4458E+02    2.0901E+01    3.0904E+01    2.0280E+01    2.1520E+01    1.2178E+01    3.6503E+01    2.5413E+01    1.3851E+01    4.0460E+00    9.2254E+00    0.0000E+00    8.4645E+00   
 3.4509E+02    2.0907E+01    3.0927E+01    2.0264E+01    2.1537E+01    1.2178E+01    3.6584E+01    2.5413E+01    1.3736E+01    4.0256E+00    9.2050E+00    0.0000E+00    8.4893E+00   
 3.4559E+02    2.0891E+01    3.0914E+01    2.0113E+01    2.1579E+01    1.2572E+01    3.6706E+01    2.5606E+01    1.3655E+01    4.0052E+00    9.2050E+00    0.0000E+00    8.4395E+00   
 3.4610E+02    2.0908E+01    3.0929E+01    1.9864E+01    2.1595E+01    1.2659E+01    3.6706E+01    2.5817E+01    1.3655E+01    3.9848E+00    9.1643E+00    0.0000E+00    8.4893E+00   
 3.4668E+02    2.0901E+01    3.0940E+01    1.9606E+01    2.1610E+01    1.2496E+01    3.6840E+01    2.6008E+01    1.3539E+01    3.9644E+00    9.1643E+00    0.0000E+00    8.4893E+00   
 3.4719E+02    2.0906E+01    3.0923E+01    1.8952E+01    2.1595E+01    1.2456E+01    3.6939E+01    2.6182E+01    1.3445E+01    3.9439E+00    9.1439E+00    0.0000E+00    8.4395E+00   
 3.4769E+02    2.0906E+01    3.0915E+01    1.8952E+01    2.1611E+01    1.2527E+01    3.7073E+01    2.6388E+01    1.3322E+01    3.9439E+00    9.1236E+00    0.0000E+00    8.4893E+00   
 3.4820E+02    2.0926E+01    3.0924E+01    1.9295E+01    2.1761E+01    1.2527E+01    3.7163E+01    2.6388E+01    1.3228E+01    3.9235E+00    9.1236E+00    0.0000E+00    8.4645E+00   
 3.4879E+02    2.0928E+01    3.0893E+01    1.9674E+01    2.0005E+01    1.2594E+01    3.7256E+01    2.6553E+01    1.3127E+01    3.9031E+00    9.1643E+00    0.0000E+00    8.4645E+00   
 3.4929E+02    2.0949E+01    3.0909E+01    2.0063E+01    1.7724E+01    1.2688E+01    3.7323E+01    2.6719E+01    1.3058E+01    3.9031E+00    9.1032E+00    0.0000E+00    8.4395E+00   
 3.4980E+02    2.0985E+01    3.0894E+01    2.0129E+01    1.7724E+01    1.2728E+01    3.7323E+01    2.6883E+01    1.3058E+01    3.9031E+00    9.1032E+00    0.0000E+00    8.4645E+00   
 3.5030E+02    2.0971E+01    3.0882E+01    2.0236E+01    1.6320E+01    1.2739E+01    3.7412E+01    2.7015E+01    1.2994E+01    3.9031E+00    9.0828E+00    0.0000E+00    8.4395E+00   
 3.5090E+02    2.0984E+01    3.0869E+01    2.0229E+01    1.5903E+01    1.2750E+01    3.7491E+01    2.7158E+01    1.2933E+01    3.9031E+00    9.0828E+00    0.0000E+00    8.4893E+00   
 3.5140E+02    2.0984E+01    3.0852E+01    2.0229E+01    1.5872E+01    1.2750E+01    3.7573E+01    2.7158E+01    1.2920E+01    3.9235E+00    9.1236E+00    0.0000E+00    8.4395E+00   
 3.5191E+02    2.0999E+01    3.0836E+01    2.0458E+01    1.5848E+01    1.2741E+01    3.7636E+01    2.7278E+01    1.2908E+01    3.9235E+00    9.1032E+00    0.0000E+00    8.4645E+00   
 3.5242E+02    2.0990E+01    3.0821E+01    2.0739E+01    1.5889E+01    1.2740E+01    3.7692E+01    2.7394E+01    1.2867E+01    3.9235E+00    9.0828E+00    0.0000E+00    8.4395E+00   
 3.5299E+02    2.1002E+01    3.0793E+01    2.0926E+01    1.5889E+01    1.2809E+01    3.7692E+01    2.7509E+01    1.2867E+01    3.9439E+00    9.1032E+00    0.0000E+00    8.4395E+00   
 3.5350E+02    2.1001E+01    3.0765E+01    2.1033E+01    1.5947E+01    1.2824E+01    3.7697E+01    2.7617E+01    1.2830E+01    3.9439E+00    9.1236E+00    0.0000E+00    8.4893E+00   
 3.5400E+02    2.1001E+01    3.0736E+01    2.1127E+01    1.6059E+01    1.2909E+01    3.7735E+01    2.7727E+01    1.2814E+01    3.9439E+00    9.1236E+00    0.0000E+00    8.4893E+00   
 3.5451E+02    2.1010E+01    3.0731E+01    2.1111E+01    1.6076E+01    1.2893E+01    3.7717E+01    2.7712E+01    1.2798E+01    3.9644E+00    9.0625E+00    0.0000E+00    8.4395E+00   
 3.5509E+02    2.1022E+01    3.0704E+01    2.1096E+01    1.6150E+01    1.2954E+01    3.7732E+01    2.7804E+01    1.2763E+01    3.9644E+00    9.0625E+00    0.0000E+00    8.4645E+00   
 3.5560E+02    2.1042E+01    3.0675E+01    2.1228E+01    1.6191E+01    1.3069E+01    3.7723E+01    2.7905E+01    1.2769E+01    3.9848E+00    9.0828E+00    0.0000E+00    8.4145E+00   
 3.5610E+02    2.1071E+01    3.0675E+01    2.1199E+01    1.6191E+01    1.3158E+01    3.7723E+01    2.8005E+01    1.2769E+01    3.9848E+00    9.0625E+00    0.0000E+00    8.4893E+00   
 3.5661E+02    2.1068E+01    3.0659E+01    2.1091E+01    1.6260E+01    1.3291E+01    3.7719E+01    2.8125E+01    1.2787E+01    3.9848E+00    9.0828E+00    0.0000E+00    8.4645E+00   
 3.5719E+02    2.1063E+01    3.0642E+01    2.0980E+01    1.6309E+01    1.3426E+01    3.7727E+01    2.8220E+01    1.2793E+01    4.0052E+00    9.1236E+00    0.0000E+00    8.4645E+00   
 3.5769E+02    2.1063E+01    3.0653E+01    2.0980E+01    1.6350E+01    1.3426E+01    3.7704E+01    2.8220E+01    1.2802E+01    4.0052E+00    9.0828E+00    0.0000E+00    8.4395E+00   
 3.5820E+02    2.1080E+01    3.0639E+01    2.0828E+01    1.6382E+01    1.3573E+01    3.7680E+01    2.8313E+01    1.2839E+01    4.0256E+00    9.0828E+00    0.0000E+00    8.4395E+00   
 3.5871E+02    2.1103E+01    3.0639E+01    2.0779E+01    1.6393E+01    1.3715E+01    3.7702E+01    2.8420E+01    1.2860E+01    4.0256E+00    9.1643E+00    0.0000E+00    8.4645E+00   
 3.5928E+02    2.1111E+01    3.0641E+01    2.0682E+01    1.6393E+01    1.3836E+01    3.7702E+01    2.8508E+01    1.2860E+01    4.0256E+00    9.1236E+00    0.0000E+00    8.4645E+00   
# Time (s)      T1w (C)       T2w (C)       T1a (C)       T2a (C)       T1r (C)       T2r (C)       T3r (C)       T4r (C)       P1 (bar)      P2 (bar)      Ic (amp)      Qc (l/min)    
 3.5979E+02    2.1121E+01    3.0646E+01    2.0472E+01    1.6383E+01    1.3963E+01    3.7703E+01    2.8594E+01    1.2863E+01    4.0460E+00    9.1439E+00    0.0000E+00    8.4395E+00   
 3.6029E+02    2.1121E+01    3.0654E+01    2.0397E+01    1.6471E+01    1.4090E+01    3.7676E+01    2.8676E+01    1.2891E+01    4.0460E+00    9.1439E+00    0.0000E+00    8.4395E+00   
 3.6080E+02    2.1141E+01    3.0663E+01    2.0397E+01    1.6511E+01    1.4090E+01    3.7649E+01    2.8676E+01    1.2900E+01    4.0664E+00    9.1032E+00    0.0000E+00    8.4893E+00   
 3.6139E+02    2.1168E+01    3.0690E+01    2.0314E+01    1.6533E+01    1.4225E+01    3.7638E+01    2.8777E+01    1.2967E+01    4.0664E+00    9.1439E+00    0.0000E+00    8.4893E+00   
 3.6189E+02    2.1193E+01    3.0730E+01    2.0314E+01    1.6564E+01    1.4355E+01    3.7629E+01    2.8861E+01    1.2981E+01    4.0664E+00    9.1643E+00    0.0000E+00    8.4395E+00   
 3.6240E+02    2.1222E+01    3.0730E+01    2.0370E+01    1.6564E+01    1.4462E+01    3.7629E+01    2.8944E+01    1.2981E+01    4.0868E+00    9.1236E+00    0.0000E+00    8.4145E+00   
 3.6291E+02    2.1232E+01    3.0732E+01    2.0342E+01    1.6555E+01    1.4563E+01    3.7611E+01    2.9016E+01    1.3011E+01    4.0868E+00    9.1439E+00    0.0000E+00    8.4893E+00   
 3.6350E+02    2.1265E+01    3.0750E+01    2.0324E+01    1.6608E+01    1.4655E+01    3.7595E+01    2.9116E+01    1.3023E+01    4.0868E+00    9.1439E+00    0.0000E+00    8.4893E+00   
 3.6401E+02    2.1265E+01    3.0780E+01    2.0324E+01    1.6613E+01    1.4655E+01    3.7584E+01    2.9116E+01    1.3034E+01    4.0868E+00    9.1439E+00    0.0000E+00    8.5141E+00   
 3.6451E+02    2.1264E+01    3.0796E+01    2.0399E+01    1.6698E+01    1.4749E+01    3.7577E+01    2.9183E+01    1.3046E+01    4.1072E+00    9.1643E+00    0.0000E+00    8.4645E+00   
 3.6502E+02    2.1290E+01    3.0796E+01    2.0440E+01    1.6672E+01    1.4864E+01    3.7567E+01    2.9241E+01    1.3079E+01    4.0868E+00    9.1846E+00    0.0000E+00    8.4893E+00   
 3.6561E+02    2.1285E+01    3.0812E+01    2.0322E+01    1.6669E+01    1.4860E+01    3.7545E+01    2.9304E+01    1.3110E+01    4.0868E+00    9.1643E+00    0.0000E+00    8.4645E+00   
 3.6612E+02    2.1315E+01    3.0820E+01    2.0235E+01    1.6669E+01    1.4815E+01    3.7545E+01    2.9363E+01    1.3110E+01    4.0868E+00    9.1846E+00    0.0000E+00    8.4645E+00   
 3.6662E+02    2.1343E+01    3.0844E+01    2.0231E+01    1.6717E+01    1.4723E+01    3.7545E+01    2.9428E+01    1.3126E+01    4.0868E+00    9.1846E+00    0.0000E+00    8.4395E+00   
 3.6713E+02    2.1343E+01    3.0856E+01    2.0231E+01    1.6768E+01    1.4723E+01    3.7527E+01    2.9428E+01    1.3156E+01    4.0868E+00    9.1643E+00    0.0000E+00    8.4645E+00   
 3.6773E+02    2.1377E+01    3.0887E+01    2.0136E+01    1.6774E+01    1.4582E+01    3.7541E+01    2.9480E+01    1.3174E+01    4.0868E+00    9.1846E+00    0.0000E+00    8.4645E+00   
 3.6824E+02    2.1407E+01    3.0928E+01    2.0216E+01    1.6780E+01    1.4415E+01    3.7565E+01    2.9541E+01    1.3187E+01    4.1072E+00    9.1846E+00    0.0000E+00    8.4645E+00   
 3.6874E+02    2.1444E+01    3.0928E+01    2.0300E+01    1.6780E+01    1.4325E+01    3.7596E+01    2.9589E+01    1.3187E+01    4.1072E+00    9.1643E+00    0.0000E+00    8.4395E+00   
 3.6925E+02    2.1480E+01    3.0914E+01    2.0295E+01    1.6783E+01    1.4248E+01    3.7611E+01    2.9673E+01    1.3211E+01    4.1072E+00    9.2050E+00    0.0000E+00    8.4645E+00   
 3.6983E+02    2.1490E+01    3.0954E+01    2.0337E+01    1.6783E+01    1.4114E+01    3.7643E+01    2.9720E+01    1.3210E+01    4.1072E+00    9.1846E+00    0.0000E+00    8.4645E+00   
 3.7033E+02    2.1474E+01    3.0953E+01    2.0255E+01    1.6850E+01    1.3989E+01    3.7647E+01    2.9785E+01    1.3224E+01    4.1072E+00    9.1846E+00    0.0000E+00    8.4395E+00   
 3.7084E+02    2.1489E+01    3.0957E+01    2.0255E+01    1.6779E+01    1.3989E+01    3.7645E+01    2.9785E+01    1.3233E+01    4.1072E+00    9.2254E+00    0.0000E+00    8.4893E+00   
 3.7135E+02    2.1499E+01    3.0982E+01    2.0111E+01    1.6807E+01    1.3710E+01    3.7647E+01    2.9841E+01    1.3274E+01    4.1072E+00    9.2254E+00    0.0000E+00    8.4395E+00   
 3.7193E+02    2.1543E+01    3.0982E+01    2.0053E+01    1.6783E+01    1.3441E+01    3.7630E+01    2.9896E+01    1.3281E+01    4.1276E+00    9.2254E+00    0.0000E+00    8.4645E+00   
 3.7244E+02    2.1524E+01    3.0987E+01    1.9968E+01    1.6767E+01    1.3170E+01    3.7646E+01    2.9959E+01    1.3297E+01    4.1276E+00    9.2050E+00    0.0000E+00    8.4645E+00   
 3.7295E+02    2.1558E+01    3.0995E+01    2.0118E+01    1.6762E+01    1.3002E+01    3.7658E+01    2.9976E+01    1.3279E+01    4.1276E+00    9.2457E+00    0.0000E+00    8.4395E+00   
 3.7345E+02    2.1573E+01    3.1045E+01    2.0134E+01    1.6819E+01    1.3002E+01    3.7681E+01    2.9976E+01    1.3274E+01    4.1276E+00    9.2050E+00    0.0000E+00    8.4645E+00   
 3.7404E+02    2.1602E+01    3.1073E+01    2.0073E+01    1.6826E+01    1.2914E+01    3.7681E+01    3.0024E+01    1.3239E+01    4.1480E+00    9.2661E+00    0.0000E+00    8.4645E+00   
 3.7454E+02    2.1636E+01    3.1107E+01    1.9975E+01    1.6861E+01    1.2884E+01    3.7704E+01    3.0066E+01    1.3233E+01    4.1276E+00    9.2254E+00    0.0000E+00    8.4395E+00   
 3.7505E+02    2.1649E+01    3.1107E+01    1.9972E+01    1.6840E+01    1.2809E+01    3.7711E+01    3.0074E+01    1.3215E+01    4.1276E+00    9.2457E+00    0.0000E+00    8.4395E+00   
# Time (s)      T1w (C)       T2w (C)       T1a (C)       T2a (C)       T1r (C)       T2r (C)       T3r (C)       T4r (C)       P1 (bar)      P2 (bar)      Ic (amp)      Qc (l/min)    
 3.7555E+02    2.1678E+01    3.1126E+01    1.9982E+01    1.6840E+01    1.2713E+01    3.7711E+01    3.0121E+01    1.3215E+01    4.1480E+00    9.2254E+00    0.0000E+00    8.4395E+00   
 3.7614E+02    2.1707E+01    3.1162E+01    2.0059E+01    1.6915E+01    1.2698E+01    3.7733E+01    3.0118E+01    1.3207E+01    4.1480E+00    9.2254E+00    0.0000E+00    8.5141E+00   
 3.7665E+02    2.1691E+01    3.1165E+01    2.0181E+01    1.6789E+01    1.2702E+01    3.7727E+01    3.0155E+01    1.3161E+01    4.1480E+00    9.2457E+00    0.0000E+00    8.4145E+00   
 3.7715E+02    2.1712E+01    3.1209E+01    2.0181E+01    1.6785E+01    1.2702E+01    3.7738E+01    3.0155E+01    1.3118E+01    4.1480E+00    9.2661E+00    0.0000E+00    8.4893E+00   
 3.7766E+02    2.1724E+01    3.1224E+01    2.0164E+01    1.6742E+01    1.2737E+01    3.7758E+01    3.0179E+01    1.3097E+01    4.1480E+00    9.2864E+00    0.0000E+00    8.4395E+00   
 3.7824E+02    2.1756E+01    3.1240E+01    2.0214E+01    1.6770E+01    1.2802E+01    3.7718E+01    3.0198E+01    1.3100E+01    4.1276E+00    9.2661E+00    0.0000E+00    8.4645E+00   
 3.7875E+02    2.1767E+01    3.1225E+01    2.0198E+01    1.6754E+01    1.2812E+01    3.7718E+01    3.0211E+01    1.3100E+01    4.1072E+00    9.2864E+00    0.0000E+00    8.4645E+00   
 3.7925E+02    2.1783E+01    3.1270E+01    2.0216E+01    1.6716E+01    1.2852E+01    3.7674E+01    3.0226E+01    1.3096E+01    4.1072E+00    9.2457E+00    0.0000E+00    8.4645E+00   
 3.7976E+02    2.1783E+01    3.1298E+01    2.0209E+01    1.6786E+01    1.2979E+01    3.7666E+01    3.0242E+01    1.3089E+01    4.1072E+00    9.3068E+00    0.0000E+00    8.4645E+00   
 3.8034E+02    2.1795E+01    3.1329E+01    2.0209E+01    1.6818E+01    1.2979E+01    3.7699E+01    3.0242E+01    1.3091E+01    4.0868E+00    9.2661E+00    0.0000E+00    8.4645E+00   
 3.8085E+02    2.1842E+01    3.1363E+01    2.0253E+01    1.6773E+01    1.3106E+01    3.7738E+01    3.0270E+01    1.3083E+01    4.0868E+00    9.2661E+00    0.0000E+00    8.4893E+00   
 3.8135E+02    2.1868E+01    3.1347E+01    2.0137E+01    1.6793E+01    1.3181E+01    3.7799E+01    3.0289E+01    1.3089E+01    4.0664E+00    9.2661E+00    0.0000E+00    8.4645E+00   
 3.8186E+02    2.1886E+01    3.1356E+01    2.0019E+01    1.6793E+01    1.3151E+01    3.7799E+01    3.0303E+01    1.3089E+01    4.0664E+00    9.2661E+00    0.0000E+00    8.4145E+00   
 3.8246E+02    2.1929E+01    3.1382E+01    1.9911E+01    1.6817E+01    1.3119E+01    3.7849E+01    3.0313E+01    1.3082E+01    4.0664E+00    9.2661E+00    0.0000E+00    8.4645E+00   
 3.8297E+02    2.1965E+01    3.1403E+01    1.9866E+01    1.6758E+01    1.3133E+01    3.7897E+01    3.0323E+01    1.3101E+01    4.0664E+00    9.2661E+00    0.0000E+00    8.4395E+00   
 3.8348E+02    2.1949E+01    3.1419E+01    1.9850E+01    1.6814E+01    1.3133E+01    3.7943E+01    3.0323E+01    1.3102E+01    4.0664E+00    9.3068E+00    0.0000E+00    8.4395E+00   
 3.8398E+02    2.1998E+01    3.1436E+01    1.9797E+01    1.6725E+01    1.3153E+01    3.8033E+01    3.0357E+01    1.3104E+01    4.0664E+00    9.2864E+00    0.0000E+00    8.4395E+00   
 3.8457E+02    2.2026E+01    3.1485E+01    1.9733E+01    1.6915E+01    1.3142E+01    3.8105E+01    3.0378E+01    1.3115E+01    4.0664E+00    9.2864E+00    0.0000E+00    8.4395E+00   
 3.8507E+02    2.2045E+01    3.1485E+01    1.9753E+01    1.6915E+01    1.3135E+01    3.8190E+01    3.0380E+01    1.3115E+01    4.0868E+00    9.2661E+00    0.0000E+00    8.4645E+00   
 3.8558E+02    2.2079E+01    3.1519E+01    2.0134E+01    1.6834E+01    1.3183E+01    3.8205E+01    3.0399E+01    1.3105E+01    4.0868E+00    9.3068E+00    0.0000E+00    8.4645E+00   
 3.8608E+02    2.2079E+01    3.1523E+01    2.0263E+01    1.6950E+01    1.3228E+01    3.8228E+01    3.0433E+01    1.3097E+01    4.0868E+00    9.2661E+00    0.0000E+00    8.4395E+00   
 3.8667E+02    2.2095E+01    3.1529E+01    2.0263E+01    1.6857E+01    1.3262E+01    3.8261E+01    3.0433E+01    1.3090E+01    4.0868E+00    9.2864E+00    0.0000E+00    8.4395E+00   
 3.8718E+02    2.2130E+01    3.1541E+01    2.0089E+01    1.6914E+01    1.3262E+01    3.8269E+01    3.0459E+01    1.3064E+01    4.0664E+00    9.3272E+00    0.0000E+00    8.4395E+00   
 3.8768E+02    2.2167E+01    3.1591E+01    2.0009E+01    1.6916E+01    1.3294E+01    3.8294E+01    3.0452E+01    1.3048E+01    4.0868E+00    9.2864E+00    0.0000E+00    8.4645E+00   
 3.8819E+02    2.2211E+01    3.1591E+01    1.9792E+01    1.6916E+01    1.3293E+01    3.8294E+01    3.0482E+01    1.3048E+01    4.0868E+00    9.3272E+00    0.0000E+00    8.4645E+00   
 3.8879E+02    2.2198E+01    3.1584E+01    1.9762E+01    1.6821E+01    1.3270E+01    3.8285E+01    3.0463E+01    1.3010E+01    4.0868E+00    9.3272E+00    0.0000E+00    8.4893E+00   
 3.8930E+02    2.2220E+01    3.1632E+01    1.9691E+01    1.6758E+01    1.3321E+01    3.8290E+01    3.0458E+01    1.3017E+01    4.0664E+00    9.3068E+00    0.0000E+00    8.4395E+00   
 3.8980E+02    2.2236E+01    3.1676E+01    1.9707E+01    1.6897E+01    1.3306E+01    3.8288E+01    3.0442E+01    1.2989E+01    4.0868E+00    9.3475E+00    0.0000E+00    8.4645E+00   
 3.9031E+02    2.2253E+01    3.1691E+01    1.9754E+01    1.6840E+01    1.3371E+01    3.8320E+01    3.0481E+01    1.2984E+01    4.0868E+00    9.3475E+00    0.0000E+00    8.4645E+00   
 3.9088E+02    2.2295E+01    3.1696E+01    1.9843E+01    1.6801E+01    1.3421E+01    3.8338E+01    3.0491E+01    1.2951E+01    4.0868E+00    9.3272E+00    0.0000E+00    8.4395E+00   
# Time (s)      T1w (C)       T2w (C)       T1a (C)       T2a (C)       T1r (C)       T2r (C)       T3r (C)       T4r (C)       P1 (bar)      P2 (bar)      Ic (amp)      Qc (l/min)    
 3.9139E+02    2.2315E+01    3.1696E+01    1.9951E+01    1.6852E+01    1.3516E+01    3.8349E+01    3.0488E+01    1.2938E+01    4.0868E+00    9.3068E+00    0.0000E+00    8.4395E+00   
 3.9189E+02    2.2346E+01    3.1740E+01    2.0041E+01    1.6852E+01    1.3534E+01    3.8334E+01    3.0500E+01    1.2938E+01    4.0868E+00    9.3475E+00    0.0000E+00    8.4645E+00   
 3.9240E+02    2.2366E+01    3.1751E+01    2.0139E+01    1.6795E+01    1.3539E+01    3.8342E+01    3.0527E+01    1.2921E+01    4.0664E+00    9.3679E+00    0.0000E+00    8.4645E+00   
 3.9298E+02    2.2351E+01    3.1772E+01    2.0125E+01    1.6816E+01    1.3470E+01    3.8326E+01    3.0541E+01    1.2938E+01    4.0868E+00    9.3882E+00    0.0000E+00    8.4395E+00   
 3.9348E+02    2.2382E+01    3.1787E+01    2.0109E+01    1.6820E+01    1.3438E+01    3.8292E+01    3.0510E+01    1.2903E+01    4.0664E+00    9.3272E+00    0.0000E+00    8.4645E+00   
 3.9399E+02    2.2411E+01    3.1794E+01    2.0050E+01    1.6891E+01    1.3421E+01    3.8286E+01    3.0526E+01    1.2882E+01    4.0664E+00    9.3272E+00    0.0000E+00    8.4645E+00   
 3.9450E+02    2.2435E+01    3.1794E+01    2.0050E+01    1.6891E+01    1.3396E+01    3.8286E+01    3.0561E+01    1.2882E+01    4.0868E+00    9.3679E+00    0.0000E+00    8.4645E+00   
 3.9507E+02    2.2466E+01    3.1820E+01    1.9996E+01    1.6785E+01    1.3347E+01    3.8313E+01    3.0573E+01    1.2908E+01    4.0868E+00    9.3272E+00    0.0000E+00    8.4893E+00   
 3.9558E+02    2.2458E+01    3.1835E+01    1.9937E+01    1.6731E+01    1.3339E+01    3.8320E+01    3.0567E+01    1.2888E+01    4.0868E+00    9.3882E+00    0.0000E+00    8.4145E+00   
 3.9608E+02    2.2458E+01    3.1862E+01    1.9937E+01    1.6766E+01    1.3339E+01    3.8334E+01    3.0567E+01    1.2901E+01    4.0868E+00    9.3882E+00    0.0000E+00    8.4395E+00   
 3.9659E+02    2.2480E+01    3.1895E+01    1.9931E+01    1.6795E+01    1.3340E+01    3.8324E+01    3.0567E+01    1.2879E+01    4.0868E+00    9.3679E+00    0.0000E+00    8.4395E+00   
 3.9717E+02    2.2503E+01    3.1890E+01    2.0086E+01    1.6812E+01    1.3343E+01    3.8296E+01    3.0605E+01    1.2876E+01    4.0868E+00    9.3882E+00    0.0000E+00    8.3642E+00   
 3.9767E+02    2.2514E+01    3.1875E+01    2.0152E+01    1.6784E+01    1.3396E+01    3.8292E+01    3.0613E+01    1.2860E+01    4.1072E+00    9.3679E+00    0.0000E+00    8.4145E+00   
 3.9818E+02    2.2526E+01    3.1908E+01    2.0123E+01    1.6784E+01    1.3495E+01    3.8292E+01    3.0608E+01    1.2862E+01    4.1072E+00    9.3679E+00    0.0000E+00    8.4645E+00   
 3.9869E+02    2.2526E+01    3.1922E+01    2.0113E+01    1.6772E+01    1.3512E+01    3.8275E+01    3.0615E+01    1.2816E+01    4.1072E+00    9.4290E+00    0.0000E+00    8.4145E+00   
 3.9927E+02    2.2560E+01    3.1957E+01    2.0046E+01    1.6756E+01    1.3574E+01    3.8279E+01    3.0615E+01    1.2818E+01    4.0868E+00    9.3882E+00    0.0000E+00    8.4395E+00   
 3.9977E+02    2.2594E+01    3.1969E+01    2.0046E+01    1.6727E+01    1.3559E+01    3.8272E+01    3.0608E+01    1.2808E+01    4.0868E+00    9.3679E+00    0.0000E+00    8.4645E+00   
 4.0028E+02    2.2614E+01    3.2003E+01    1.9965E+01    1.6728E+01    1.3554E+01    3.8275E+01    3.0642E+01    1.2836E+01    4.0664E+00    9.3679E+00    0.0000E+00    8.4893E+00   
 4.0079E+02    2.2648E+01    3.2003E+01    2.0007E+01    1.6728E+01    1.3575E+01    3.8260E+01    3.0656E+01    1.2820E+01    4.0868E+00    9.3882E+00    0.0000E+00    8.4395E+00   
 4.0138E+02    2.2689E+01    3.2031E+01    1.9994E+01    1.6740E+01    1.3626E+01    3.8266E+01    3.0676E+01    1.2820E+01    4.0664E+00    9.3679E+00    0.0000E+00    8.4893E+00   
 4.0188E+02    2.2728E+01    3.2057E+01    1.9963E+01    1.6801E+01    1.3610E+01    3.8271E+01    3.0681E+01    1.2803E+01    4.0664E+00    9.3882E+00    0.0000E+00    8.4145E+00   
 4.0239E+02    2.2728E+01    3.2072E+01    1.9963E+01    1.6763E+01    1.3610E+01    3.8308E+01    3.0681E+01    1.2839E+01    4.0868E+00    9.4290E+00    0.0000E+00    8.4645E+00   
 4.0290E+02    2.2760E+01    3.2114E+01    1.9880E+01    1.6747E+01    1.3468E+01    3.8312E+01    3.0689E+01    1.2824E+01    4.0868E+00    9.4086E+00    0.0000E+00    8.4645E+00   
 4.0347E+02    2.2791E+01    3.2122E+01    2.0022E+01    1.6718E+01    1.3402E+01    3.8345E+01    3.0720E+01    1.2842E+01    4.0868E+00    9.4086E+00    0.0000E+00    8.4395E+00   
 4.0398E+02    2.2823E+01    3.2122E+01    2.0244E+01    1.6844E+01    1.3371E+01    3.8375E+01    3.0711E+01    1.2813E+01    4.0868E+00    9.4290E+00    0.0000E+00    8.4395E+00   
 4.0449E+02    2.2861E+01    3.2140E+01    2.0183E+01    1.6844E+01    1.3351E+01    3.8375E+01    3.0742E+01    1.2813E+01    4.1072E+00    9.4086E+00    0.0000E+00    8.4645E+00   
 4.0499E+02    2.2883E+01    3.2174E+01    2.0035E+01    1.6807E+01    1.3366E+01    3.8408E+01    3.0773E+01    1.2822E+01    4.1072E+00    9.4086E+00    0.0000E+00    8.4395E+00   
 4.0559E+02    2.2898E+01    3.2196E+01    1.9980E+01    1.6726E+01    1.3414E+01    3.8415E+01    3.0818E+01    1.2820E+01    4.1072E+00    9.4290E+00    0.0000E+00    8.4645E+00   
 4.0609E+02    2.2912E+01    3.2219E+01    1.9980E+01    1.6753E+01    1.3414E+01    3.8435E+01    3.0818E+01    1.2839E+01    4.0868E+00    9.4290E+00    0.0000E+00    8.4145E+00   
 4.0660E+02    2.2931E+01    3.2243E+01    1.9910E+01    1.6789E+01    1.3383E+01    3.8439E+01    3.0833E+01    1.2839E+01    4.1072E+00    9.4697E+00    0.0000E+00    8.4395E+00   
# Time (s)      T1w (C)       T2w (C)       T1a (C)       T2a (C)       T1r (C)       T2r (C)       T3r (C)       T4r (C)       P1 (bar)      P2 (bar)      Ic (amp)      Qc (l/min)    
 4.0710E+02    2.2951E+01    3.2243E+01    1.9919E+01    1.6710E+01    1.3389E+01    3.8460E+01    3.0856E+01    1.2839E+01    4.1072E+00    9.4290E+00    0.0000E+00    8.4395E+00   
 4.0768E+02    2.2963E+01    3.2272E+01    1.9960E+01    1.6710E+01    1.3411E+01    3.8475E+01    3.0902E+01    1.2836E+01    4.1072E+00    9.4697E+00    0.0000E+00    8.4145E+00   
 4.0819E+02    2.2993E+01    3.2306E+01    2.0076E+01    1.6724E+01    1.3495E+01    3.8477E+01    3.0919E+01    1.2836E+01    4.1072E+00    9.4493E+00    0.0000E+00    8.4145E+00   
 4.0869E+02    2.2993E+01    3.2303E+01    2.0131E+01    1.6671E+01    1.3459E+01    3.8459E+01    3.0904E+01    1.2835E+01    4.0868E+00    9.4290E+00    0.0000E+00    8.4145E+00   
 4.0920E+02    2.2983E+01    3.2346E+01    2.0131E+01    1.6713E+01    1.3459E+01    3.8445E+01    3.0906E+01    1.2844E+01    4.1072E+00    9.4900E+00    0.0000E+00    8.4395E+00   
 4.0978E+02    2.3030E+01    3.2378E+01    2.0390E+01    1.6614E+01    1.3366E+01    3.8451E+01    3.0939E+01    1.2859E+01    4.0868E+00    9.4493E+00    0.0000E+00    8.4645E+00   
 4.1029E+02    2.3045E+01    3.2378E+01    2.0306E+01    1.6624E+01    1.3223E+01    3.8469E+01    3.0965E+01    1.2870E+01    4.1072E+00    9.4493E+00    0.0000E+00    8.4645E+00   
 4.1079E+02    2.3104E+01    3.2392E+01    2.0304E+01    1.6624E+01    1.3165E+01    3.8485E+01    3.1002E+01    1.2885E+01    4.1072E+00    9.4900E+00    0.0000E+00    8.4893E+00   
 4.1130E+02    2.3133E+01    3.2428E+01    2.0311E+01    1.6681E+01    1.3155E+01    3.8510E+01    3.1021E+01    1.2875E+01    4.1072E+00    9.5104E+00    0.0000E+00    8.4645E+00   
 4.1188E+02    2.3133E+01    3.2449E+01    2.0376E+01    1.6666E+01    1.3145E+01    3.8514E+01    3.1032E+01    1.2862E+01    4.0868E+00    9.4697E+00    0.0000E+00    8.4395E+00   
 4.1238E+02    2.3175E+01    3.2498E+01    2.0376E+01    1.6759E+01    1.3145E+01    3.8566E+01    3.1032E+01    1.2857E+01    4.0868E+00    9.5104E+00    0.0000E+00    8.4395E+00   
 4.1289E+02    2.3191E+01    3.2516E+01    2.0468E+01    1.6704E+01    1.3096E+01    3.8591E+01    3.1041E+01    1.2848E+01    4.0868E+00    9.4697E+00    0.0000E+00    8.4395E+00   
 4.1339E+02    2.3217E+01    3.2516E+01    2.0498E+01    1.6704E+01    1.3042E+01    3.8574E+01    3.1079E+01    1.2848E+01    4.0868E+00    9.4900E+00    0.0000E+00    8.4893E+00   
 4.1397E+02    2.3252E+01    3.2529E+01    2.0485E+01    1.6652E+01    1.2912E+01    3.8544E+01    3.1054E+01    1.2840E+01    4.1072E+00    9.4697E+00    0.0000E+00    8.4645E+00   
 4.1448E+02    2.3280E+01    3.2573E+01    2.0425E+01    1.6609E+01    1.2785E+01    3.8557E+01    3.1071E+01    1.2859E+01    4.1072E+00    9.4900E+00    0.0000E+00    8.4645E+00   
 4.1498E+02    2.3280E+01    3.2574E+01    2.0425E+01    1.6628E+01    1.2712E+01    3.8550E+01    3.1040E+01    1.2832E+01    4.1276E+00    9.5308E+00    0.0000E+00    8.4645E+00   
 4.1549E+02    2.3283E+01    3.2599E+01    2.0303E+01    1.6566E+01    1.2712E+01    3.8536E+01    3.1056E+01    1.2808E+01    4.1276E+00    9.5308E+00    0.0000E+00    8.4395E+00   
 4.1607E+02    2.3317E+01    3.2610E+01    2.0277E+01    1.6638E+01    1.2730E+01    3.8511E+01    3.1105E+01    1.2790E+01    4.1072E+00    9.5104E+00    0.0000E+00    8.4893E+00   
 4.1657E+02    2.3349E+01    3.2610E+01    2.0328E+01    1.6715E+01    1.2673E+01    3.8504E+01    3.1107E+01    1.2779E+01    4.1072E+00    9.5511E+00    0.0000E+00    8.4645E+00   
 4.1708E+02    2.3383E+01    3.2655E+01    2.0307E+01    1.6731E+01    1.2649E+01    3.8534E+01    3.1156E+01    1.2810E+01    4.1072E+00    9.5104E+00    0.0000E+00    8.4645E+00   
 4.1759E+02    2.3399E+01    3.2652E+01    2.0237E+01    1.6661E+01    1.2562E+01    3.8482E+01    3.1162E+01    1.2813E+01    4.1072E+00    9.5308E+00    0.0000E+00    8.4395E+00   
 4.1816E+02    2.3415E+01    3.2731E+01    2.0206E+01    1.6707E+01    1.2567E+01    3.8491E+01    3.1194E+01    1.2803E+01    4.1072E+00    9.5715E+00    0.0000E+00    8.4395E+00   
 4.1867E+02    2.3452E+01    3.2731E+01    2.0206E+01    1.6698E+01    1.2583E+01    3.8526E+01    3.1209E+01    1.2835E+01    4.1072E+00    9.5308E+00    0.0000E+00    8.4145E+00   
 4.1918E+02    2.3499E+01    3.2770E+01    2.0216E+01    1.6669E+01    1.2584E+01    3.8551E+01    3.1242E+01    1.2819E+01    4.1072E+00    9.5715E+00    0.0000E+00    8.4645E+00   
 4.1968E+02    2.3523E+01    3.2770E+01    2.0168E+01    1.6669E+01    1.2610E+01    3.8558E+01    3.1228E+01    1.2819E+01    4.1276E+00    9.5715E+00    0.0000E+00    8.4395E+00   
 4.2028E+02    2.3530E+01    3.2803E+01    2.0160E+01    1.6663E+01    1.2598E+01    3.8558E+01    3.1260E+01    1.2807E+01    4.1276E+00    9.5308E+00    0.0000E+00    8.4395E+00   
 4.2079E+02    2.3544E+01    3.2819E+01    2.0087E+01    1.6658E+01    1.2539E+01    3.8574E+01    3.1246E+01    1.2774E+01    4.1276E+00    9.5511E+00    0.0000E+00    8.4645E+00   
 4.2129E+02    2.3544E+01    3.2819E+01    2.0122E+01    1.6634E+01    1.2456E+01    3.8616E+01    3.1263E+01    1.2760E+01    4.1276E+00    9.6122E+00    0.0000E+00    8.4395E+00   
 4.2180E+02    2.3534E+01    3.2850E+01    2.0106E+01    1.6638E+01    1.2456E+01    3.8610E+01    3.1263E+01    1.2746E+01    4.1072E+00    9.5511E+00    0.0000E+00    8.4395E+00   
 4.2237E+02    2.3572E+01    3.2887E+01    2.0124E+01    1.6660E+01    1.2306E+01    3.8629E+01    3.1271E+01    1.2731E+01    4.1072E+00    9.6122E+00    0.0000E+00    8.4395E+00   
# Time (s)      T1w (C)       T2w (C)       T1a (C)       T2a (C)       T1r (C)       T2r (C)       T3r (C)       T4r (C)       P1 (bar)      P2 (bar)      Ic (amp)      Qc (l/min)    
 4.2288E+02    2.3587E+01    3.2903E+01    2.0147E+01    1.6717E+01    1.2232E+01    3.8691E+01    3.1290E+01    1.2729E+01    4.1276E+00    9.5715E+00    0.0000E+00    8.4395E+00   
 4.2339E+02    2.3629E+01    3.2913E+01    2.0172E+01    1.6717E+01    1.2199E+01    3.8691E+01    3.1297E+01    1.2729E+01    4.1072E+00    9.5715E+00    0.0000E+00    8.4395E+00   
 4.2389E+02    2.3651E+01    3.2937E+01    2.0154E+01    1.6611E+01    1.2137E+01    3.8732E+01    3.1324E+01    1.2710E+01    4.1276E+00    9.6122E+00    0.0000E+00    8.4395E+00   
 4.2447E+02    2.3651E+01    3.2940E+01    2.0215E+01    1.6552E+01    1.2084E+01    3.8714E+01    3.1319E+01    1.2705E+01    4.1072E+00    9.5715E+00    0.0000E+00    8.4395E+00   
 4.2498E+02    2.3671E+01    3.3020E+01    2.0231E+01    1.6519E+01    1.2084E+01    3.8700E+01    3.1319E+01    1.2710E+01    4.1072E+00    9.6326E+00    0.0000E+00    8.4893E+00   
 4.2548E+02    2.3704E+01    3.3021E+01    2.0177E+01    1.6522E+01    1.2030E+01    3.8718E+01    3.1335E+01    1.2682E+01    4.1072E+00    9.5918E+00    0.0000E+00    8.4645E+00   
 4.2599E+02    2.3741E+01    3.3021E+01    2.0192E+01    1.6609E+01    1.2022E+01    3.8741E+01    3.1355E+01    1.2659E+01    4.1072E+00    9.5918E+00    0.0000E+00    8.4145E+00   
 4.2658E+02    2.3759E+01    3.3040E+01    2.0196E+01    1.6609E+01    1.2013E+01    3.8747E+01    3.1352E+01    1.2659E+01    4.1276E+00    9.6529E+00    0.0000E+00    8.4645E+00   
 4.2709E+02    2.3764E+01    3.3063E+01    2.0159E+01    1.6578E+01    1.2014E+01    3.8732E+01    3.1351E+01    1.2626E+01    4.1276E+00    9.6733E+00    0.0000E+00    8.4645E+00   
 4.2759E+02    2.3764E+01    3.3089E+01    2.0121E+01    1.6556E+01    1.2025E+01    3.8757E+01    3.1349E+01    1.2595E+01    4.1276E+00    9.6326E+00    0.0000E+00    8.4893E+00   
 4.2810E+02    2.3811E+01    3.3113E+01    2.0121E+01    1.6472E+01    1.2025E+01    3.8754E+01    3.1349E+01    1.2584E+01    4.1276E+00    9.6326E+00    0.0000E+00    8.4645E+00   
 4.2869E+02    2.3845E+01    3.3149E+01    2.0040E+01    1.6527E+01    1.2007E+01    3.8798E+01    3.1349E+01    1.2558E+01    4.1276E+00    9.6733E+00    0.0000E+00    8.4395E+00   
 4.2919E+02    2.3832E+01    3.3144E+01    2.0141E+01    1.6504E+01    1.1976E+01    3.8828E+01    3.1353E+01    1.2530E+01    4.1276E+00    9.6326E+00    0.0000E+00    8.4395E+00   
 4.2970E+02    2.3855E+01    3.3144E+01    2.0245E+01    1.6504E+01    1.1977E+01    3.8828E+01    3.1372E+01    1.2514E+01    4.1276E+00    9.6529E+00    0.0000E+00    8.4645E+00   
 4.3020E+02    2.3892E+01    3.3197E+01    2.0200E+01    1.6537E+01    1.1961E+01    3.8811E+01    3.1351E+01    1.2496E+01    4.1072E+00    9.6733E+00    0.0000E+00    8.4395E+00   
 4.3080E+02    2.3901E+01    3.3209E+01    2.0252E+01    1.6449E+01    1.1931E+01    3.8846E+01    3.1351E+01    1.2499E+01    4.1072E+00    9.6529E+00    0.0000E+00    8.4893E+00   
 4.3130E+02    2.3901E+01    3.3246E+01    2.0252E+01    1.6380E+01    1.1931E+01    3.8845E+01    3.1351E+01    1.2482E+01    4.1072E+00    9.6529E+00    0.0000E+00    8.4645E+00   
 4.3181E+02    2.3928E+01    3.3259E+01    2.0200E+01    1.6404E+01    1.1923E+01    3.8817E+01    3.1347E+01    1.2455E+01    4.1072E+00    9.6936E+00    0.0000E+00    8.4145E+00   
 4.3232E+02    2.3949E+01    3.3259E+01    2.0092E+01    1.6464E+01    1.1935E+01    3.8833E+01    3.1351E+01    1.2442E+01    4.1276E+00    9.6529E+00    0.0000E+00    8.4645E+00   
 4.3290E+02    2.3969E+01    3.3274E+01    2.0053E+01    1.6464E+01    1.1950E+01    3.8905E+01    3.1360E+01    1.2442E+01    4.1072E+00    9.6936E+00    0.0000E+00    8.4893E+00   
 4.3340E+02    2.4001E+01    3.3319E+01    2.0095E+01    1.6367E+01    1.1885E+01    3.8905E+01    3.1367E+01    1.2433E+01    4.1072E+00    9.6733E+00    0.0000E+00    8.4893E+00   
 4.3391E+02    2.3985E+01    3.3309E+01    2.0148E+01    1.6327E+01    1.1829E+01    3.8907E+01    3.1395E+01    1.2435E+01    4.1072E+00    9.6733E+00    0.0000E+00    8.4645E+00   
 4.3441E+02    2.4005E+01    3.3346E+01    2.0148E+01    1.6438E+01    1.1829E+01    3.8941E+01    3.1395E+01    1.2426E+01    4.1276E+00    9.6529E+00    0.0000E+00    8.4645E+00   
 4.3501E+02    2.3997E+01    3.3356E+01    2.0250E+01    1.6401E+01    1.1798E+01    3.8974E+01    3.1385E+01    1.2412E+01    4.1072E+00    9.7140E+00    0.0000E+00    8.4395E+00   
 4.3551E+02    2.4030E+01    3.3390E+01    2.0266E+01    1.6457E+01    1.1773E+01    3.8996E+01    3.1396E+01    1.2381E+01    4.1072E+00    9.6936E+00    0.0000E+00    8.4645E+00   
 4.3602E+02    2.4029E+01    3.3375E+01    2.0183E+01    1.6441E+01    1.1712E+01    3.9020E+01    3.1410E+01    1.2381E+01    4.1072E+00    9.7140E+00    0.0000E+00    8.4645E+00   
 4.3653E+02    2.4045E+01    3.3386E+01    2.0110E+01    1.6356E+01    1.1700E+01    3.9020E+01    3.1397E+01    1.2372E+01    4.1072E+00    9.6936E+00    0.0000E+00    8.4395E+00   
 4.3711E+02    2.4061E+01    3.3415E+01    2.0100E+01    1.6341E+01    1.1689E+01    3.9036E+01    3.1391E+01    1.2364E+01    4.1276E+00    9.6936E+00    0.0000E+00    8.4145E+00   
 4.3762E+02    2.4061E+01    3.3421E+01    2.0100E+01    1.6365E+01    1.1707E+01    3.9091E+01    3.1391E+01    1.2341E+01    4.1072E+00    9.6936E+00    0.0000E+00    8.4645E+00   
 4.3812E+02    2.4092E+01    3.3437E+01    2.0177E+01    1.6294E+01    1.1691E+01    3.9080E+01    3.1391E+01    1.2299E+01    4.1072E+00    9.7140E+00    0.0000E+00    8.4645E+00   
# Time (s)      T1w (C)       T2w (C)       T1a (C)       T2a (C)       T1r (C)       T2r (C)       T3r (C)       T4r (C)       P1 (bar)      P2 (bar)      Ic (amp)      Qc (l/min)    
 4.3863E+02    2.4114E+01    3.3461E+01    2.0206E+01    1.6329E+01    1.1696E+01    3.9133E+01    3.1383E+01    1.2288E+01    4.1072E+00    9.7140E+00    0.0000E+00    8.4645E+00   
 4.3922E+02    2.4157E+01    3.3461E+01    2.0141E+01    1.6269E+01    1.1694E+01    3.9176E+01    3.1406E+01    1.2287E+01    4.1072E+00    9.7547E+00    0.0000E+00    8.4145E+00   
 4.3972E+02    2.4155E+01    3.3475E+01    2.0113E+01    1.6269E+01    1.1667E+01    3.9176E+01    3.1408E+01    1.2287E+01    4.1072E+00    9.7344E+00    0.0000E+00    8.4645E+00   
 4.4023E+02    2.4195E+01    3.3493E+01    2.0114E+01    1.6267E+01    1.1702E+01    3.9205E+01    3.1423E+01    1.2278E+01    4.1072E+00    9.7547E+00    0.0000E+00    8.4893E+00   
 4.4074E+02    2.4195E+01    3.3526E+01    2.0114E+01    1.6233E+01    1.1702E+01    3.9205E+01    3.1423E+01    1.2266E+01    4.1072E+00    9.7547E+00    0.0000E+00    8.4395E+00   
 4.4132E+02    2.4222E+01    3.3564E+01    2.0153E+01    1.6266E+01    1.1716E+01    3.9205E+01    3.1436E+01    1.2252E+01    4.1072E+00    9.7547E+00    0.0000E+00    8.4893E+00   
 4.4183E+02    2.4219E+01    3.3550E+01    2.0214E+01    1.6331E+01    1.1801E+01    3.9232E+01    3.1454E+01    1.2233E+01    4.1072E+00    9.7344E+00    0.0000E+00    8.4395E+00   
 4.4234E+02    2.4202E+01    3.3550E+01    2.0163E+01    1.6331E+01    1.1861E+01    3.9260E+01    3.1454E+01    1.2233E+01    4.1276E+00    9.7751E+00    0.0000E+00    8.4645E+00   
 4.4284E+02    2.4220E+01    3.3572E+01    2.0112E+01    1.6163E+01    1.1995E+01    3.9275E+01    3.1484E+01    1.2229E+01    4.1072E+00    9.7547E+00    0.0000E+00    8.4395E+00   
 4.4342E+02    2.4209E+01    3.3587E+01    2.0058E+01    1.6257E+01    1.2095E+01    3.9317E+01    3.1481E+01    1.2205E+01    4.1072E+00    9.7344E+00    0.0000E+00    8.4395E+00   
 4.4393E+02    2.4224E+01    3.3632E+01    2.0074E+01    1.6191E+01    1.2195E+01    3.9329E+01    3.1481E+01    1.2190E+01    4.1072E+00    9.7954E+00    0.0000E+00    8.4645E+00   
 4.4444E+02    2.4240E+01    3.3650E+01    1.9873E+01    1.6240E+01    1.2195E+01    3.9372E+01    3.1474E+01    1.2162E+01    4.1072E+00    9.7751E+00    0.0000E+00    8.4645E+00   
 4.4494E+02    2.4277E+01    3.3696E+01    1.9840E+01    1.6179E+01    1.2301E+01    3.9418E+01    3.1526E+01    1.2161E+01    4.1276E+00    9.7954E+00    0.0000E+00    8.4893E+00   
 4.4553E+02    2.4326E+01    3.3696E+01    2.0014E+01    1.6243E+01    1.2411E+01    3.9470E+01    3.1519E+01    1.2147E+01    4.1072E+00    9.7547E+00    0.0000E+00    8.4645E+00   
 4.4604E+02    2.4321E+01    3.3712E+01    2.0290E+01    1.6243E+01    1.2473E+01    3.9455E+01    3.1528E+01    1.2131E+01    4.0868E+00    9.7954E+00    0.0000E+00    8.4893E+00   
 4.4654E+02    2.4384E+01    3.3743E+01    2.0345E+01    1.6256E+01    1.2518E+01    3.9533E+01    3.1538E+01    1.2101E+01    4.1072E+00    9.7954E+00    0.0000E+00    8.4645E+00   
 4.4705E+02    2.4384E+01    3.3756E+01    2.0345E+01    1.6175E+01    1.2517E+01    3.9565E+01    3.1522E+01    1.2081E+01    4.0868E+00    9.7954E+00    0.0000E+00    8.4645E+00   
 4.4763E+02    2.4419E+01    3.3785E+01    2.0335E+01    1.6204E+01    1.2517E+01    3.9573E+01    3.1521E+01    1.2077E+01    4.0868E+00    9.7751E+00    0.0000E+00    8.4395E+00   
 4.4814E+02    2.4428E+01    3.3800E+01    2.0214E+01    1.6141E+01    1.2492E+01    3.9558E+01    3.1527E+01    1.2051E+01    4.0868E+00    9.7954E+00    0.0000E+00    8.4395E+00   
 4.4865E+02    2.4458E+01    3.3800E+01    2.0201E+01    1.6186E+01    1.2487E+01    3.9602E+01    3.1543E+01    1.2054E+01    4.0868E+00    9.7751E+00    0.0000E+00    8.4395E+00   
 4.4915E+02    2.4471E+01    3.3788E+01    2.0050E+01    1.6170E+01    1.2469E+01    3.9587E+01    3.1525E+01    1.2038E+01    4.1072E+00    9.7751E+00    0.0000E+00    8.4395E+00   
 4.4975E+02    2.4505E+01    3.3812E+01    1.9923E+01    1.6137E+01    1.2518E+01    3.9641E+01    3.1538E+01    1.2007E+01    4.1072E+00    9.7954E+00    0.0000E+00    8.4645E+00   
 4.5025E+02    2.4505E+01    3.3844E+01    2.0013E+01    1.6161E+01    1.2570E+01    3.9662E+01    3.1562E+01    1.2022E+01    4.1072E+00    9.7751E+00    0.0000E+00    8.4395E+00   
 4.5076E+02    2.4523E+01    3.3847E+01    2.0013E+01    1.6119E+01    1.2570E+01    3.9690E+01    3.1562E+01    1.2002E+01    4.1072E+00    9.7954E+00    0.0000E+00    8.4645E+00   
 4.5127E+02    2.4559E+01    3.3876E+01    2.0062E+01    1.6173E+01    1.2625E+01    3.9745E+01    3.1590E+01    1.2008E+01    4.1072E+00    9.8362E+00    0.0000E+00    8.4145E+00   
 4.5186E+02    2.4575E+01    3.3874E+01    2.0093E+01    1.6152E+01    1.2697E+01    3.9771E+01    3.1604E+01    1.2000E+01    4.1072E+00    9.7954E+00    0.0000E+00    8.4395E+00   
 4.5237E+02    2.4599E+01    3.3874E+01    2.0047E+01    1.6152E+01    1.2761E+01    3.9771E+01    3.1617E+01    1.2000E+01    4.0868E+00    9.8158E+00    0.0000E+00    8.4645E+00   
 4.5288E+02    2.4623E+01    3.3886E+01    2.0014E+01    1.6126E+01    1.2826E+01    3.9801E+01    3.1628E+01    1.1999E+01    4.0868E+00    9.8158E+00    0.0000E+00    8.4395E+00   
 4.5338E+02    2.4623E+01    3.3937E+01    2.0001E+01    1.6167E+01    1.2899E+01    3.9831E+01    3.1640E+01    1.1976E+01    4.0868E+00    9.8158E+00    0.0000E+00    8.4893E+00   
 4.5396E+02    2.4663E+01    3.3955E+01    2.0017E+01    1.6223E+01    1.2977E+01    3.9876E+01    3.1640E+01    1.1970E+01    4.0868E+00    9.8565E+00    0.0000E+00    8.4893E+00   
# Time (s)      T1w (C)       T2w (C)       T1a (C)       T2a (C)       T1r (C)       T2r (C)       T3r (C)       T4r (C)       P1 (bar)      P2 (bar)      Ic (amp)      Qc (l/min)    
 4.5447E+02    2.4679E+01    3.3980E+01    2.0100E+01    1.6208E+01    1.2977E+01    3.9916E+01    3.1654E+01    1.1971E+01    4.1072E+00    9.8565E+00    0.0000E+00    8.4645E+00   
 4.5498E+02    2.4713E+01    3.4012E+01    2.0046E+01    1.6222E+01    1.3037E+01    3.9891E+01    3.1664E+01    1.1955E+01    4.0868E+00    9.8565E+00    0.0000E+00    8.4645E+00   
 4.5548E+02    2.4741E+01    3.4012E+01    2.0094E+01    1.6222E+01    1.3108E+01    3.9891E+01    3.1677E+01    1.1955E+01    4.0868E+00    9.8362E+00    0.0000E+00    8.4893E+00   
 4.5607E+02    2.4791E+01    3.4037E+01    2.0081E+01    1.6194E+01    1.3204E+01    3.9930E+01    3.1704E+01    1.1971E+01    4.0868E+00    9.8362E+00    0.0000E+00    8.4145E+00   
 4.5658E+02    2.4841E+01    3.4067E+01    1.9998E+01    1.6235E+01    1.3269E+01    3.9883E+01    3.1732E+01    1.1962E+01    4.0868E+00    9.8565E+00    0.0000E+00    8.4893E+00   
 4.5709E+02    2.4841E+01    3.4069E+01    1.9998E+01    1.6160E+01    1.3269E+01    3.9926E+01    3.1732E+01    1.1961E+01    4.0868E+00    9.8362E+00    0.0000E+00    8.4645E+00   
 4.5760E+02    2.4877E+01    3.4090E+01    2.0077E+01    1.6143E+01    1.3347E+01    3.9958E+01    3.1736E+01    1.1953E+01    4.0868E+00    9.8769E+00    0.0000E+00    8.4645E+00   
 4.5817E+02    2.4909E+01    3.4115E+01    2.0093E+01    1.6022E+01    1.3381E+01    4.0002E+01    3.1745E+01    1.1944E+01    4.0868E+00    9.8769E+00    0.0000E+00    8.4893E+00   
 4.5868E+02    2.4951E+01    3.4115E+01    2.0074E+01    1.6022E+01    1.3468E+01    4.0075E+01    3.1765E+01    1.1944E+01    4.0868E+00    9.8362E+00    0.0000E+00    8.4145E+00   
 4.5918E+02    2.4964E+01    3.4134E+01    2.0113E+01    1.6026E+01    1.3508E+01    4.0075E+01    3.1783E+01    1.1943E+01    4.0868E+00    9.8362E+00    0.0000E+00    8.4395E+00   
 4.5969E+02    2.4964E+01    3.4150E+01    2.0032E+01    1.5972E+01    1.3588E+01    4.0129E+01    3.1797E+01    1.1936E+01    4.0868E+00    9.8769E+00    0.0000E+00    8.4893E+00   
 4.6027E+02    2.5008E+01    3.4181E+01    2.0047E+01    1.5971E+01    1.3634E+01    4.0151E+01    3.1794E+01    1.1928E+01    4.0868E+00    9.8565E+00    0.0000E+00    8.4395E+00   
 4.6077E+02    2.5046E+01    3.4218E+01    2.0031E+01    1.6010E+01    1.3634E+01    4.0213E+01    3.1794E+01    1.1921E+01    4.0868E+00    9.8769E+00    0.0000E+00    8.4395E+00   
 4.6128E+02    2.5098E+01    3.4242E+01    2.0286E+01    1.6024E+01    1.3710E+01    4.0237E+01    3.1820E+01    1.1926E+01    4.0868E+00    9.8972E+00    0.0000E+00    8.4145E+00   
 4.6179E+02    2.5121E+01    3.4242E+01    2.0216E+01    1.6024E+01    1.3782E+01    4.0237E+01    3.1848E+01    1.1926E+01    4.0868E+00    9.8565E+00    0.0000E+00    8.4645E+00   
 4.6237E+02    2.5144E+01    3.4266E+01    2.0001E+01    1.6025E+01    1.3854E+01    4.0284E+01    3.1879E+01    1.1922E+01    4.0868E+00    9.8769E+00    0.0000E+00    8.4645E+00   
 4.6288E+02    2.5186E+01    3.4285E+01    1.9986E+01    1.6031E+01    1.3934E+01    4.0285E+01    3.1879E+01    1.1917E+01    4.0868E+00    9.8565E+00    0.0000E+00    8.4395E+00   
 4.6338E+02    2.5171E+01    3.4294E+01    1.9971E+01    1.6035E+01    1.3918E+01    4.0283E+01    3.1864E+01    1.1902E+01    4.0868E+00    9.9176E+00    0.0000E+00    8.4893E+00   
 4.6389E+02    2.5200E+01    3.4322E+01    2.0061E+01    1.5983E+01    1.3978E+01    4.0273E+01    3.1908E+01    1.1916E+01    4.0868E+00    9.8769E+00    0.0000E+00    8.4645E+00   
 4.6444E+02    2.5206E+01    3.4330E+01    2.0092E+01    1.6037E+01    1.4054E+01    4.0284E+01    3.1909E+01    1.1897E+01    4.0868E+00    9.9380E+00    0.0000E+00    8.4645E+00   
 4.6495E+02    2.5242E+01    3.4330E+01    2.0133E+01    1.6037E+01    1.4129E+01    4.0284E+01    3.1926E+01    1.1897E+01    4.0868E+00    9.9380E+00    0.0000E+00    8.4893E+00   
 4.6546E+02    2.5239E+01    3.4332E+01    2.0104E+01    1.5895E+01    1.4184E+01    4.0300E+01    3.1940E+01    1.1889E+01    4.0868E+00    9.9380E+00    0.0000E+00    8.4645E+00   
 4.6596E+02    2.5239E+01    3.4352E+01    2.0146E+01    1.5899E+01    1.4250E+01    4.0358E+01    3.1972E+01    1.1871E+01    4.0868E+00    9.8972E+00    0.0000E+00    8.4395E+00   
 4.6655E+02    2.5235E+01    3.4384E+01    2.0130E+01    1.5831E+01    1.4316E+01    4.0356E+01    3.1957E+01    1.1860E+01    4.0868E+00    9.8972E+00    0.0000E+00    8.4645E+00   
 4.6706E+02    2.5240E+01    3.4398E+01    2.0175E+01    1.5846E+01    1.4300E+01    4.0392E+01    3.1968E+01    1.1868E+01    4.0868E+00    9.9583E+00    0.0000E+00    8.4395E+00   
 4.6757E+02    2.5264E+01    3.4418E+01    2.0242E+01    1.5833E+01    1.4364E+01    4.0447E+01    3.2003E+01    1.1871E+01    4.0868E+00    9.9583E+00    0.0000E+00    8.4645E+00   
 4.6807E+02    2.5276E+01    3.4418E+01    2.0300E+01    1.5833E+01    1.4418E+01    4.0447E+01    3.2024E+01    1.1871E+01    4.0868E+00    9.8972E+00    0.0000E+00    8.4395E+00   
 4.6865E+02    2.5267E+01    3.4431E+01    2.0349E+01    1.5901E+01    1.4476E+01    4.0516E+01    3.2047E+01    1.1892E+01    4.0868E+00    9.9176E+00    0.0000E+00    8.5141E+00   
 4.6915E+02    2.5245E+01    3.4476E+01    2.0160E+01    1.5827E+01    1.4555E+01    4.0571E+01    3.2091E+01    1.1913E+01    4.0868E+00    9.9176E+00    0.0000E+00    8.4645E+00   
 4.6966E+02    2.5245E+01    3.4484E+01    2.0160E+01    1.5862E+01    1.4555E+01    4.0577E+01    3.2091E+01    1.1925E+01    4.0868E+00    9.9176E+00    0.0000E+00    8.4395E+00   
# Time (s)      T1w (C)       T2w (C)       T1a (C)       T2a (C)       T1r (C)       T2r (C)       T3r (C)       T4r (C)       P1 (bar)      P2 (bar)      Ic (amp)      Qc (l/min)    
 4.7017E+02    2.5259E+01    3.4496E+01    1.9801E+01    1.5765E+01    1.4609E+01    4.0605E+01    3.2096E+01    1.1919E+01    4.0868E+00    9.9176E+00    0.0000E+00    8.4893E+00   
 4.7077E+02    2.5248E+01    3.4535E+01    1.9855E+01    1.5725E+01    1.4666E+01    4.0656E+01    3.2142E+01    1.1928E+01    4.0868E+00    9.9583E+00    0.0000E+00    8.4645E+00   
 4.7127E+02    2.5264E+01    3.4535E+01    1.9673E+01    1.5725E+01    1.4736E+01    4.0687E+01    3.2164E+01    1.1943E+01    4.0868E+00    9.9583E+00    0.0000E+00    8.4395E+00   
 4.7178E+02    2.5257E+01    3.4558E+01    1.9548E+01    1.5823E+01    1.4794E+01    4.0687E+01    3.2192E+01    1.1943E+01    4.0868E+00    9.9380E+00    0.0000E+00    8.4395E+00   
 4.7229E+02    2.5285E+01    3.4580E+01    1.9664E+01    1.5809E+01    1.4835E+01    4.0741E+01    3.2236E+01    1.1942E+01    4.0868E+00    9.9583E+00    0.0000E+00    8.4645E+00   
 4.7287E+02    2.5285E+01    3.4589E+01    1.9805E+01    1.5886E+01    1.4882E+01    4.0740E+01    3.2264E+01    1.1960E+01    4.0664E+00    9.9787E+00    0.0000E+00    8.4645E+00   
 4.7338E+02    2.5300E+01    3.4602E+01    1.9805E+01    1.5763E+01    1.4882E+01    4.0735E+01    3.2264E+01    1.1978E+01    4.0664E+00    9.9380E+00    0.0000E+00    8.4645E+00   
 4.7389E+02    2.5340E+01    3.4619E+01    2.0028E+01    1.5685E+01    1.4906E+01    4.0765E+01    3.2302E+01    1.2007E+01    4.0664E+00    9.9583E+00    0.0000E+00    8.4645E+00   
 4.7439E+02    2.5405E+01    3.4634E+01    2.0064E+01    1.5701E+01    1.4941E+01    4.0790E+01    3.2354E+01    1.2023E+01    4.0664E+00    9.9380E+00    0.0000E+00    8.4893E+00   
 4.7495E+02    2.5449E+01    3.4657E+01    2.0105E+01    1.5771E+01    1.4970E+01    4.0790E+01    3.2385E+01    1.2023E+01    4.0664E+00    9.9176E+00    0.0000E+00    8.4645E+00   
 4.7546E+02    2.5485E+01    3.4683E+01    2.0259E+01    1.5734E+01    1.5001E+01    4.0838E+01    3.2432E+01    1.2065E+01    4.0664E+00    9.9787E+00    0.0000E+00    8.4645E+00   
 4.7596E+02    2.5485E+01    3.4693E+01    2.0259E+01    1.5676E+01    1.5004E+01    4.0893E+01    3.2432E+01    1.2113E+01    4.0664E+00    9.9176E+00    0.0000E+00    8.4893E+00   
 4.7647E+02    2.5540E+01    3.4716E+01    2.0347E+01    1.5685E+01    1.4988E+01    4.0909E+01    3.2462E+01    1.2116E+01    4.0664E+00    9.9787E+00    0.0000E+00    8.4645E+00   
 4.7704E+02    2.5558E+01    3.4718E+01    2.0380E+01    1.5812E+01    1.5010E+01    4.0940E+01    3.2498E+01    1.2123E+01    4.0868E+00    9.9990E+00    0.0000E+00    8.4395E+00   
 4.7755E+02    2.5604E+01    3.4718E+01    2.0281E+01    1.5812E+01    1.5021E+01    4.0975E+01    3.2541E+01    1.2139E+01    4.0664E+00    9.9380E+00    0.0000E+00    8.4645E+00   
 4.7805E+02    2.5645E+01    3.4717E+01    2.0237E+01    1.5690E+01    1.5015E+01    4.0975E+01    3.2576E+01    1.2139E+01    4.0868E+00    9.9990E+00    0.0000E+00    8.4645E+00   
 4.7856E+02    2.5658E+01    3.4705E+01    2.0139E+01    1.5700E+01    1.5017E+01    4.0985E+01    3.2596E+01    1.2135E+01    4.0664E+00    9.9787E+00    0.0000E+00    8.4645E+00   
 4.7913E+02    2.5658E+01    3.4723E+01    2.0288E+01    1.5686E+01    1.5026E+01    4.1017E+01    3.2625E+01    1.2156E+01    4.0868E+00    9.9380E+00    0.0000E+00    8.4645E+00   
 4.7964E+02    2.5718E+01    3.4737E+01    2.0288E+01    1.5642E+01    1.5026E+01    4.1040E+01    3.2625E+01    1.2169E+01    4.0664E+00    1.0019E+01    0.0000E+00    8.4395E+00   
 4.8015E+02    2.5735E+01    3.4759E+01    2.0119E+01    1.5670E+01    1.5053E+01    4.1114E+01    3.2692E+01    1.2201E+01    4.0868E+00    9.9787E+00    0.0000E+00    8.4893E+00   
 4.8066E+02    2.5761E+01    3.4759E+01    2.0068E+01    1.5670E+01    1.5075E+01    4.1114E+01    3.2721E+01    1.2201E+01    4.0868E+00    9.9990E+00    0.0000E+00    8.4893E+00   
 4.8122E+02    2.5775E+01    3.4779E+01    2.0204E+01    1.5749E+01    1.5064E+01    4.1114E+01    3.2737E+01    1.2200E+01    4.0868E+00    9.9787E+00    0.0000E+00    8.4645E+00   
 4.8173E+02    2.5786E+01    3.4795E+01    2.0015E+01    1.5746E+01    1.5076E+01    4.1155E+01    3.2784E+01    1.2196E+01    4.0868E+00    9.9990E+00    0.0000E+00    8.4395E+00   
 4.8224E+02    2.5786E+01    3.4819E+01    2.0015E+01    1.5616E+01    1.5076E+01    4.1177E+01    3.2784E+01    1.2227E+01    4.0868E+00    9.9787E+00    0.0000E+00    8.4645E+00   
 4.8275E+02    2.5819E+01    3.4840E+01    1.9862E+01    1.5729E+01    1.5096E+01    4.1206E+01    3.2824E+01    1.2241E+01    4.0868E+00    9.9990E+00    0.0000E+00    8.4645E+00   
 4.8331E+02    2.5842E+01    3.4864E+01    2.0056E+01    1.5733E+01    1.5109E+01    4.1250E+01    3.2848E+01    1.2271E+01    4.0868E+00    1.0019E+01    0.0000E+00    8.4893E+00   
 4.8382E+02    2.5834E+01    3.4864E+01    2.0006E+01    1.5733E+01    1.5119E+01    4.1250E+01    3.2885E+01    1.2271E+01    4.0868E+00    1.0040E+01    0.0000E+00    8.4645E+00   
 4.8432E+02    2.5865E+01    3.4895E+01    1.9646E+01    1.5724E+01    1.5122E+01    4.1276E+01    3.2910E+01    1.2284E+01    4.0868E+00    9.9787E+00    0.0000E+00    8.4395E+00   
 4.8483E+02    2.5865E+01    3.4913E+01    1.9463E+01    1.5697E+01    1.5132E+01    4.1329E+01    3.2949E+01    1.2292E+01    4.0868E+00    9.9990E+00    0.0000E+00    8.4395E+00   
 4.8539E+02    2.5900E+01    3.4940E+01    1.9463E+01    1.5693E+01    1.5144E+01    4.1352E+01    3.2949E+01    1.2324E+01    4.0664E+00    9.9990E+00    0.0000E+00    8.4395E+00   
# Time (s)      T1w (C)       T2w (C)       T1a (C)       T2a (C)       T1r (C)       T2r (C)       T3r (C)       T4r (C)       P1 (bar)      P2 (bar)      Ic (amp)      Qc (l/min)    
 4.8590E+02    2.5892E+01    3.4954E+01    1.9541E+01    1.5667E+01    1.5144E+01    4.1394E+01    3.2976E+01    1.2355E+01    4.0460E+00    1.0040E+01    0.0000E+00    8.4395E+00   
 4.8641E+02    2.5954E+01    3.4984E+01    1.9445E+01    1.5617E+01    1.5138E+01    4.1444E+01    3.3016E+01    1.2382E+01    4.0664E+00    1.0019E+01    0.0000E+00    8.4645E+00   
 4.8691E+02    2.5947E+01    3.4984E+01    1.9445E+01    1.5617E+01    1.5087E+01    4.1444E+01    3.3049E+01    1.2382E+01    4.0664E+00    9.9990E+00    0.0000E+00    8.4645E+00   
 4.8747E+02    2.5973E+01    3.5015E+01    1.9455E+01    1.5705E+01    1.5026E+01    4.1497E+01    3.3099E+01    1.2449E+01    4.0664E+00    1.0019E+01    0.0000E+00    8.5141E+00   
 4.8798E+02    2.5997E+01    3.5029E+01    1.9413E+01    1.5620E+01    1.4991E+01    4.1500E+01    3.3133E+01    1.2476E+01    4.0664E+00    1.0060E+01    0.0000E+00    8.4395E+00   
 4.8849E+02    2.5982E+01    3.5038E+01    1.9397E+01    1.5552E+01    1.4991E+01    4.1543E+01    3.3133E+01    1.2519E+01    4.0664E+00    1.0040E+01    0.0000E+00    8.4645E+00   
 4.8900E+02    2.5992E+01    3.5053E+01    1.9456E+01    1.5589E+01    1.4930E+01    4.1583E+01    3.3162E+01    1.2551E+01    4.0664E+00    1.0060E+01    0.0000E+00    8.4645E+00   
 4.8956E+02    2.6000E+01    3.5081E+01    1.9407E+01    1.5536E+01    1.4880E+01    4.1604E+01    3.3207E+01    1.2564E+01    4.0664E+00    1.0060E+01    0.0000E+00    8.4645E+00   
 4.9007E+02    2.6007E+01    3.5081E+01    1.9285E+01    1.5536E+01    1.4794E+01    4.1604E+01    3.3233E+01    1.2564E+01    4.0664E+00    1.0019E+01    0.0000E+00    8.4645E+00   
 4.9058E+02    2.6016E+01    3.5087E+01    1.9204E+01    1.5646E+01    1.4716E+01    4.1641E+01    3.3266E+01    1.2611E+01    4.0664E+00    1.0040E+01    0.0000E+00    8.4645E+00   
 4.9108E+02    2.6016E+01    3.5113E+01    1.9204E+01    1.5530E+01    1.4618E+01    4.1679E+01    3.3294E+01    1.2618E+01    4.0664E+00    1.0080E+01    0.0000E+00    8.5141E+00   
 4.9165E+02    2.6000E+01    3.5112E+01    1.9210E+01    1.5511E+01    1.4618E+01    4.1687E+01    3.3294E+01    1.2646E+01    4.0664E+00    1.0080E+01    0.0000E+00    8.4893E+00   
 4.9216E+02    2.6029E+01    3.5147E+01    1.9224E+01    1.5498E+01    1.4479E+01    4.1701E+01    3.3324E+01    1.2671E+01    4.0664E+00    1.0019E+01    0.0000E+00    8.4893E+00   
 4.9266E+02    2.6068E+01    3.5147E+01    1.9221E+01    1.5488E+01    1.4332E+01    4.1700E+01    3.3360E+01    1.2701E+01    4.0868E+00    1.0040E+01    0.0000E+00    8.4645E+00   
 4.9317E+02    2.6100E+01    3.5144E+01    1.9026E+01    1.5488E+01    1.4220E+01    4.1700E+01    3.3392E+01    1.2701E+01    4.0868E+00    1.0101E+01    0.0000E+00    8.4893E+00   
 4.9376E+02    2.6133E+01    3.5136E+01    1.9050E+01    1.5470E+01    1.4102E+01    4.1714E+01    3.3419E+01    1.2710E+01    4.0664E+00    1.0040E+01    0.0000E+00    8.4645E+00   
 4.9426E+02    2.6167E+01    3.5157E+01    1.9013E+01    1.5512E+01    1.3985E+01    4.1750E+01    3.3456E+01    1.2722E+01    4.0664E+00    1.0121E+01    0.0000E+00    8.4893E+00   
 4.9477E+02    2.6151E+01    3.5171E+01    1.9013E+01    1.5447E+01    1.3985E+01    4.1781E+01    3.3456E+01    1.2737E+01    4.0460E+00    1.0060E+01    0.0000E+00    8.4893E+00   
 4.9528E+02    2.6196E+01    3.5197E+01    1.9099E+01    1.5438E+01    1.3810E+01    4.1797E+01    3.3475E+01    1.2752E+01    4.0460E+00    1.0080E+01    0.0000E+00    8.4645E+00   
 4.9583E+02    2.6238E+01    3.5205E+01    1.9277E+01    1.5411E+01    1.3429E+01    4.1860E+01    3.3499E+01    1.2779E+01    4.0664E+00    1.0040E+01    0.0000E+00    8.4645E+00   
 4.9634E+02    2.6271E+01    3.5190E+01    1.9219E+01    1.5395E+01    1.3139E+01    4.1845E+01    3.3509E+01    1.2763E+01    4.0664E+00    1.0060E+01    0.0000E+00    8.4395E+00   
 4.9685E+02    2.6307E+01    3.5208E+01    1.9359E+01    1.5490E+01    1.2931E+01    4.1874E+01    3.3534E+01    1.2783E+01    4.0664E+00    1.0040E+01    0.0000E+00    8.4645E+00   
 4.9736E+02    2.6292E+01    3.5215E+01    1.9343E+01    1.5390E+01    1.2672E+01    4.1928E+01    3.3518E+01    1.2788E+01    4.0664E+00    1.0060E+01    0.0000E+00    8.4645E+00   
 4.9792E+02    2.6324E+01    3.5232E+01    1.9533E+01    1.5475E+01    1.2672E+01    4.1984E+01    3.3543E+01    1.2799E+01    4.0664E+00    1.0121E+01    0.0000E+00    8.4645E+00   
 4.9843E+02    2.6358E+01    3.5269E+01    1.9413E+01    1.5456E+01    1.2379E+01    4.2003E+01    3.3551E+01    1.2788E+01    4.0664E+00    1.0080E+01    0.0000E+00    8.4645E+00   
 4.9894E+02    2.6392E+01    3.5269E+01    1.9336E+01    1.5482E+01    1.2188E+01    4.2034E+01    3.3571E+01    1.2758E+01    4.0664E+00    1.0080E+01    0.0000E+00    8.4645E+00   
 4.9944E+02    2.6391E+01    3.5244E+01    1.9244E+01    1.5466E+01    1.2008E+01    4.2019E+01    3.3561E+01    1.2742E+01    4.0868E+00    1.0101E+01    0.0000E+00    8.4645E+00   
 5.0001E+02    2.6416E+01    3.5270E+01    1.9183E+01    1.5530E+01    1.1868E+01    4.2065E+01    3.3591E+01    1.2719E+01    4.0868E+00    1.0101E+01    0.0000E+00    8.4645E+00   
 5.0052E+02    2.6416E+01    3.5300E+01    1.9407E+01    1.5566E+01    1.1762E+01    4.2103E+01    3.3595E+01    1.2672E+01    4.0868E+00    1.0162E+01    0.0000E+00    8.4645E+00   
 5.0103E+02    2.6449E+01    3.5325E+01    1.9407E+01    1.5429E+01    1.1762E+01    4.2127E+01    3.3595E+01    1.2634E+01    4.0868E+00    1.0162E+01    0.0000E+00    8.4893E+00   
# Time (s)      T1w (C)       T2w (C)       T1a (C)       T2a (C)       T1r (C)       T2r (C)       T3r (C)       T4r (C)       P1 (bar)      P2 (bar)      Ic (amp)      Qc (l/min)    
 5.0153E+02    2.6469E+01    3.5330E+01    1.9641E+01    1.5481E+01    1.1707E+01    4.2144E+01    3.3591E+01    1.2577E+01    4.1072E+00    1.0162E+01    0.0000E+00    8.4395E+00   
 5.0209E+02    2.6481E+01    3.5330E+01    1.9675E+01    1.5469E+01    1.1631E+01    4.2135E+01    3.3601E+01    1.2536E+01    4.1072E+00    1.0121E+01    0.0000E+00    8.4395E+00   
 5.0260E+02    2.6490E+01    3.5353E+01    1.9631E+01    1.5453E+01    1.1561E+01    4.2120E+01    3.3584E+01    1.2520E+01    4.1072E+00    1.0142E+01    0.0000E+00    8.4645E+00   
 5.0311E+02    2.6520E+01    3.5372E+01    1.9472E+01    1.5504E+01    1.1475E+01    4.2117E+01    3.3597E+01    1.2506E+01    4.1072E+00    1.0142E+01    0.0000E+00    8.4893E+00   
 5.0361E+02    2.6504E+01    3.5395E+01    1.9456E+01    1.5436E+01    1.1475E+01    4.2132E+01    3.3597E+01    1.2485E+01    4.1072E+00    1.0182E+01    0.0000E+00    8.4395E+00   
 5.0419E+02    2.6525E+01    3.5429E+01    1.9577E+01    1.5446E+01    1.1398E+01    4.2101E+01    3.3608E+01    1.2437E+01    4.1072E+00    1.0162E+01    0.0000E+00    8.4395E+00   
 5.0470E+02    2.6548E+01    3.5437E+01    1.9603E+01    1.5403E+01    1.1318E+01    4.2101E+01    3.3595E+01    1.2420E+01    4.1072E+00    1.0182E+01    0.0000E+00    8.4645E+00   
 5.0521E+02    2.6544E+01    3.5437E+01    1.9514E+01    1.5403E+01    1.1267E+01    4.2113E+01    3.3592E+01    1.2380E+01    4.1072E+00    1.0223E+01    0.0000E+00    8.4645E+00   
 5.0571E+02    2.6533E+01    3.5454E+01    1.9436E+01    1.5344E+01    1.1221E+01    4.2098E+01    3.3575E+01    1.2364E+01    4.1276E+00    1.0243E+01    0.0000E+00    8.4893E+00   
 5.0628E+02    2.6504E+01    3.5488E+01    1.9381E+01    1.5468E+01    1.1194E+01    4.2125E+01    3.3561E+01    1.2324E+01    4.1072E+00    1.0182E+01    0.0000E+00    8.4395E+00   
 5.0678E+02    2.6520E+01    3.5528E+01    1.9397E+01    1.5377E+01    1.1182E+01    4.2159E+01    3.3573E+01    1.2295E+01    4.1072E+00    1.0243E+01    0.0000E+00    8.4395E+00   
 5.0729E+02    2.6520E+01    3.5564E+01    1.9372E+01    1.5370E+01    1.1182E+01    4.2182E+01    3.3573E+01    1.2260E+01    4.1072E+00    1.0203E+01    0.0000E+00    8.4645E+00   
 5.0780E+02    2.6545E+01    3.5601E+01    1.9364E+01    1.5313E+01    1.1179E+01    4.2194E+01    3.3564E+01    1.2236E+01    4.1072E+00    1.0223E+01    0.0000E+00    8.4893E+00   
 5.0836E+02    2.6593E+01    3.5601E+01    1.9416E+01    1.5313E+01    1.1164E+01    4.2209E+01    3.3521E+01    1.2169E+01    4.0868E+00    1.0223E+01    0.0000E+00    8.5141E+00   
 5.0886E+02    2.6638E+01    3.5672E+01    1.9320E+01    1.5397E+01    1.1079E+01    4.2209E+01    3.3513E+01    1.2169E+01    4.1072E+00    1.0243E+01    0.0000E+00    8.4645E+00   
 5.0937E+02    2.6663E+01    3.5707E+01    1.9287E+01    1.5252E+01    1.1014E+01    4.2232E+01    3.3508E+01    1.2141E+01    4.1072E+00    1.0243E+01    0.0000E+00    8.4645E+00   
 5.0988E+02    2.6663E+01    3.5733E+01    1.9287E+01    1.5263E+01    1.1014E+01    4.2238E+01    3.3508E+01    1.2105E+01    4.0868E+00    1.0243E+01    0.0000E+00    8.4395E+00   
 5.1044E+02    2.6653E+01    3.5734E+01    1.9317E+01    1.5244E+01    1.0955E+01    4.2216E+01    3.3466E+01    1.2058E+01    4.0868E+00    1.0284E+01    0.0000E+00    8.4645E+00   
 5.1094E+02    2.6705E+01    3.5775E+01    1.9297E+01    1.5297E+01    1.0891E+01    4.2243E+01    3.3448E+01    1.2052E+01    4.0868E+00    1.0264E+01    0.0000E+00    8.4395E+00   
 5.1145E+02    2.6718E+01    3.5759E+01    1.9349E+01    1.5281E+01    1.0827E+01    4.2213E+01    3.3412E+01    1.2020E+01    4.0664E+00    1.0264E+01    0.0000E+00    8.4893E+00   
 5.1196E+02    2.6745E+01    3.5793E+01    1.9418E+01    1.5267E+01    1.0802E+01    4.2257E+01    3.3388E+01    1.1987E+01    4.0868E+00    1.0264E+01    0.0000E+00    8.4645E+00   
 5.1252E+02    2.6768E+01    3.5793E+01    1.9549E+01    1.5260E+01    1.0781E+01    4.2307E+01    3.3389E+01    1.1981E+01    4.0868E+00    1.0243E+01    0.0000E+00    8.4645E+00   
 5.1303E+02    2.6768E+01    3.5818E+01    1.9549E+01    1.5261E+01    1.0781E+01    4.2322E+01    3.3389E+01    1.1954E+01    4.0868E+00    1.0284E+01    0.0000E+00    8.4645E+00   
 5.1354E+02    2.6794E+01    3.5837E+01    1.9483E+01    1.5245E+01    1.0771E+01    4.2342E+01    3.3368E+01    1.1910E+01    4.0868E+00    1.0304E+01    0.0000E+00    8.4893E+00   
 5.1405E+02    2.6830E+01    3.5837E+01    1.9481E+01    1.5223E+01    1.0753E+01    4.2351E+01    3.3346E+01    1.1868E+01    4.1072E+00    1.0304E+01    0.0000E+00    8.5141E+00   
 5.1463E+02    2.6869E+01    3.5872E+01    1.9413E+01    1.5231E+01    1.0750E+01    4.2351E+01    3.3332E+01    1.1832E+01    4.0868E+00    1.0284E+01    0.0000E+00    8.4395E+00   
 5.1514E+02    2.6903E+01    3.5889E+01    1.9340E+01    1.5231E+01    1.0743E+01    4.2351E+01    3.3301E+01    1.1832E+01    4.0868E+00    1.0325E+01    0.0000E+00    8.4645E+00   
 5.1565E+02    2.6951E+01    3.5917E+01    1.9335E+01    1.5167E+01    1.0753E+01    4.2384E+01    3.3300E+01    1.1824E+01    4.0868E+00    1.0304E+01    0.0000E+00    8.4395E+00   
 5.1616E+02    2.6951E+01    3.5935E+01    1.9335E+01    1.5203E+01    1.0753E+01    4.2400E+01    3.3300E+01    1.1775E+01    4.0868E+00    1.0325E+01    0.0000E+00    8.4893E+00   
 5.1671E+02    2.6996E+01    3.5964E+01    1.9260E+01    1.5190E+01    1.0726E+01    4.2411E+01    3.3262E+01    1.1725E+01    4.0868E+00    1.0284E+01    0.0000E+00    8.4395E+00   
# Time (s)      T1w (C)       T2w (C)       T1a (C)       T2a (C)       T1r (C)       T2r (C)       T3r (C)       T4r (C)       P1 (bar)      P2 (bar)      Ic (amp)      Qc (l/min)    
 5.1722E+02    2.7030E+01    3.5996E+01    1.9282E+01    1.5168E+01    1.0722E+01    4.2430E+01    3.3254E+01    1.1693E+01    4.0868E+00    1.0304E+01    0.0000E+00    8.4645E+00   
 5.1772E+02    2.7055E+01    3.5996E+01    1.9330E+01    1.5168E+01    1.0705E+01    4.2430E+01    3.3240E+01    1.1693E+01    4.0664E+00    1.0325E+01    0.0000E+00    8.4893E+00   
 5.1823E+02    2.7075E+01    3.6031E+01    1.9305E+01    1.5226E+01    1.0649E+01    4.2420E+01    3.3223E+01    1.1668E+01    4.0868E+00    1.0345E+01    0.0000E+00    8.4145E+00   
 5.1884E+02    2.7112E+01    3.6043E+01    1.9211E+01    1.5191E+01    1.0615E+01    4.2435E+01    3.3181E+01    1.1612E+01    4.0664E+00    1.0325E+01    0.0000E+00    8.4893E+00   
 5.1934E+02    2.7112E+01    3.6068E+01    1.9190E+01    1.5248E+01    1.0588E+01    4.2468E+01    3.3180E+01    1.1609E+01    4.0664E+00    1.0325E+01    0.0000E+00    8.4645E+00   
 5.1986E+02    2.7127E+01    3.6108E+01    1.9190E+01    1.5161E+01    1.0572E+01    4.2491E+01    3.3164E+01    1.1560E+01    4.0664E+00    1.0325E+01    0.0000E+00    8.4645E+00   
 5.2036E+02    2.7121E+01    3.6120E+01    1.9189E+01    1.5124E+01    1.0545E+01    4.2474E+01    3.3148E+01    1.1529E+01    4.0664E+00    1.0304E+01    0.0000E+00    8.4645E+00   
 5.2092E+02    2.7141E+01    3.6120E+01    1.9178E+01    1.5310E+01    1.0530E+01    4.2502E+01    3.3159E+01    1.1545E+01    4.0664E+00    1.0366E+01    0.0000E+00    8.4645E+00   
 5.2143E+02    2.7151E+01    3.6160E+01    1.9136E+01    1.5310E+01    1.0527E+01    4.2502E+01    3.3152E+01    1.1525E+01    4.0664E+00    1.0366E+01    0.0000E+00    8.4395E+00   
 5.2193E+02    2.7171E+01    3.6168E+01    1.9170E+01    1.5270E+01    1.0516E+01    4.2524E+01    3.3123E+01    1.1490E+01    4.0664E+00    1.0366E+01    0.0000E+00    8.4893E+00   
 5.2244E+02    2.7171E+01    3.6204E+01    1.9170E+01    1.5277E+01    1.0516E+01    4.2524E+01    3.3108E+01    1.1438E+01    4.0664E+00    1.0304E+01    0.0000E+00    8.4645E+00   
 5.2300E+02    2.7186E+01    3.6230E+01    1.9311E+01    1.5268E+01    1.0496E+01    4.2561E+01    3.3096E+01    1.1413E+01    4.0664E+00    1.0386E+01    0.0000E+00    8.4395E+00   
 5.2351E+02    2.7207E+01    3.6259E+01    1.9435E+01    1.5192E+01    1.0482E+01    4.2574E+01    3.3073E+01    1.1377E+01    4.0664E+00    1.0366E+01    0.0000E+00    8.4893E+00   
 5.2401E+02    2.7205E+01    3.6259E+01    1.9546E+01    1.5192E+01    1.0495E+01    4.2574E+01    3.3055E+01    1.1377E+01    4.0664E+00    1.0386E+01    0.0000E+00    8.4645E+00   
 5.2452E+02    2.7215E+01    3.6282E+01    1.9663E+01    1.5306E+01    1.0471E+01    4.2598E+01    3.3007E+01    1.1328E+01    4.0664E+00    1.0406E+01    0.0000E+00    8.4893E+00   
 5.2510E+02    2.7233E+01    3.6313E+01    1.9611E+01    1.5247E+01    1.0472E+01    4.2641E+01    3.3009E+01    1.1293E+01    4.0664E+00    1.0345E+01    0.0000E+00    8.5141E+00   
 5.2560E+02    2.7233E+01    3.6344E+01    1.9611E+01    1.5246E+01    1.0456E+01    4.2637E+01    3.2994E+01    1.1256E+01    4.0664E+00    1.0366E+01    0.0000E+00    8.4395E+00   
 5.2611E+02    2.7264E+01    3.6357E+01    1.9584E+01    1.5150E+01    1.0476E+01    4.2670E+01    3.2979E+01    1.1234E+01    4.0664E+00    1.0366E+01    0.0000E+00    8.4645E+00   
 5.2662E+02    2.7299E+01    3.6394E+01    1.9633E+01    1.5231E+01    1.0500E+01    4.2712E+01    3.2963E+01    1.1205E+01    4.0664E+00    1.0366E+01    0.0000E+00    8.4893E+00   
 5.2718E+02    2.7320E+01    3.6394E+01    1.9539E+01    1.5231E+01    1.0518E+01    4.2712E+01    3.2955E+01    1.1205E+01    4.0664E+00    1.0406E+01    0.0000E+00    8.4645E+00   
 5.2769E+02    2.7366E+01    3.6415E+01    1.9416E+01    1.5345E+01    1.0561E+01    4.2744E+01    3.2941E+01    1.1181E+01    4.0664E+00    1.0406E+01    0.0000E+00    8.4395E+00   
 5.2820E+02    2.7390E+01    3.6432E+01    1.9449E+01    1.5180E+01    1.0591E+01    4.2729E+01    3.2930E+01    1.1171E+01    4.0664E+00    1.0386E+01    0.0000E+00    8.4395E+00   
 5.2871E+02    2.7390E+01    3.6474E+01    1.9449E+01    1.5171E+01    1.0591E+01    4.2736E+01    3.2930E+01    1.1128E+01    4.0460E+00    1.0427E+01    0.0000E+00    8.4145E+00   
 5.2926E+02    2.7444E+01    3.6477E+01    1.9450E+01    1.5135E+01    1.0669E+01    4.2753E+01    3.2928E+01    1.1103E+01    4.0460E+00    1.0427E+01    0.0000E+00    8.4893E+00   
 5.2977E+02    2.7449E+01    3.6512E+01    1.9436E+01    1.5182E+01    1.0735E+01    4.2782E+01    3.2932E+01    1.1074E+01    4.0460E+00    1.0427E+01    0.0000E+00    8.4645E+00   
 5.3028E+02    2.7477E+01    3.6512E+01    1.9431E+01    1.5182E+01    1.0756E+01    4.2782E+01    3.2915E+01    1.1074E+01    4.0460E+00    1.0386E+01    0.0000E+00    8.4645E+00   
 5.3079E+02    2.7495E+01    3.6521E+01    1.9386E+01    1.5151E+01    1.0830E+01    4.2846E+01    3.2909E+01    1.1082E+01    4.0460E+00    1.0406E+01    0.0000E+00    8.4645E+00   
 5.3135E+02    2.7497E+01    3.6536E+01    1.9531E+01    1.5093E+01    1.0885E+01    4.2930E+01    3.2908E+01    1.1051E+01    4.0460E+00    1.0427E+01    0.0000E+00    8.4645E+00   
 5.3186E+02    2.7482E+01    3.6537E+01    1.9515E+01    1.5160E+01    1.0885E+01    4.3010E+01    3.2908E+01    1.1017E+01    4.0460E+00    1.0386E+01    0.0000E+00    8.4395E+00   
 5.3237E+02    2.7489E+01    3.6551E+01    1.9457E+01    1.5162E+01    1.0968E+01    4.3056E+01    3.2903E+01    1.0981E+01    4.0460E+00    1.0386E+01    0.0000E+00    8.4645E+00   
# Time (s)      T1w (C)       T2w (C)       T1a (C)       T2a (C)       T1r (C)       T2r (C)       T3r (C)       T4r (C)       P1 (bar)      P2 (bar)      Ic (amp)      Qc (l/min)    
 5.3287E+02    2.7504E+01    3.6551E+01    1.9487E+01    1.5184E+01    1.1063E+01    4.3112E+01    3.2896E+01    1.0957E+01    4.0460E+00    1.0427E+01    0.0000E+00    8.4645E+00   
 5.3344E+02    2.7547E+01    3.6567E+01    1.9383E+01    1.5184E+01    1.1140E+01    4.3112E+01    3.2890E+01    1.0957E+01    4.0460E+00    1.0447E+01    0.0000E+00    8.4645E+00   
 5.3395E+02    2.7570E+01    3.6589E+01    1.9353E+01    1.5168E+01    1.1247E+01    4.3118E+01    3.2856E+01    1.0922E+01    4.0460E+00    1.0427E+01    0.0000E+00    8.4893E+00   
 5.3446E+02    2.7570E+01    3.6588E+01    1.9264E+01    1.5113E+01    1.1350E+01    4.3145E+01    3.2857E+01    1.0881E+01    4.0460E+00    1.0467E+01    0.0000E+00    8.5141E+00   
 5.3496E+02    2.7602E+01    3.6596E+01    1.9264E+01    1.5099E+01    1.1318E+01    4.3151E+01    3.2827E+01    1.0830E+01    4.0256E+00    1.0406E+01    0.0000E+00    8.4645E+00   
 5.3553E+02    2.7639E+01    3.6636E+01    1.9247E+01    1.5183E+01    1.1448E+01    4.3146E+01    3.2843E+01    1.0795E+01    4.0256E+00    1.0447E+01    0.0000E+00    8.4645E+00   
 5.3604E+02    2.7668E+01    3.6637E+01    1.9304E+01    1.5063E+01    1.1535E+01    4.3191E+01    3.2829E+01    1.0760E+01    4.0256E+00    1.0488E+01    0.0000E+00    8.5141E+00   
 5.3655E+02    2.7677E+01    3.6637E+01    1.9337E+01    1.5063E+01    1.1634E+01    4.3191E+01    3.2838E+01    1.0744E+01    4.0256E+00    1.0447E+01    0.0000E+00    8.4893E+00   
 5.3705E+02    2.7690E+01    3.6669E+01    1.9264E+01    1.5124E+01    1.1741E+01    4.3197E+01    3.2826E+01    1.0735E+01    4.0256E+00    1.0427E+01    0.0000E+00    8.4645E+00   
 5.3761E+02    2.7690E+01    3.6688E+01    1.9303E+01    1.5267E+01    1.1856E+01    4.3230E+01    3.2841E+01    1.0743E+01    4.0052E+00    1.0467E+01    0.0000E+00    8.4893E+00   
 5.3812E+02    2.7725E+01    3.6711E+01    1.9303E+01    1.5222E+01    1.1856E+01    4.3277E+01    3.2841E+01    1.0713E+01    4.0052E+00    1.0406E+01    0.0000E+00    8.4395E+00   
 5.3862E+02    2.7746E+01    3.6735E+01    1.9374E+01    1.5172E+01    1.1980E+01    4.3315E+01    3.2864E+01    1.0732E+01    4.0052E+00    1.0447E+01    0.0000E+00    8.4645E+00   
 5.3913E+02    2.7791E+01    3.6735E+01    1.9466E+01    1.5192E+01    1.2070E+01    4.3338E+01    3.2886E+01    1.0732E+01    4.0052E+00    1.0427E+01    0.0000E+00    8.4893E+00   
 5.3970E+02    2.7803E+01    3.6752E+01    1.9459E+01    1.5192E+01    1.2177E+01    4.3338E+01    3.2903E+01    1.0722E+01    4.0052E+00    1.0447E+01    0.0000E+00    8.4645E+00   
 5.4021E+02    2.7856E+01    3.6777E+01    1.9400E+01    1.5154E+01    1.2284E+01    4.3310E+01    3.2922E+01    1.0710E+01    3.9848E+00    1.0427E+01    0.0000E+00    8.4395E+00   
 5.4071E+02    2.7856E+01    3.6785E+01    1.9320E+01    1.5127E+01    1.2300E+01    4.3332E+01    3.2937E+01    1.0733E+01    3.9848E+00    1.0488E+01    0.0000E+00    8.4645E+00   
 5.4122E+02    2.7882E+01    3.6809E+01    1.9320E+01    1.5235E+01    1.2381E+01    4.3383E+01    3.2953E+01    1.0734E+01    3.9848E+00    1.0427E+01    0.0000E+00    8.4893E+00   
 5.4178E+02    2.7916E+01    3.6806E+01    1.9315E+01    1.5187E+01    1.2459E+01    4.3433E+01    3.2985E+01    1.0739E+01    3.9848E+00    1.0488E+01    0.0000E+00    8.4645E+00   
 5.4229E+02    2.7941E+01    3.6806E+01    1.9357E+01    1.5226E+01    1.2568E+01    4.3498E+01    3.3002E+01    1.0754E+01    4.0052E+00    1.0427E+01    0.0000E+00    8.4395E+00   
 5.4279E+02    2.7937E+01    3.6806E+01    1.9275E+01    1.5211E+01    1.2656E+01    4.3498E+01    3.3035E+01    1.0754E+01    3.9848E+00    1.0447E+01    0.0000E+00    8.4645E+00   
 5.4330E+02    2.7966E+01    3.6829E+01    1.9142E+01    1.5103E+01    1.2745E+01    4.3529E+01    3.3049E+01    1.0760E+01    3.9848E+00    1.0447E+01    0.0000E+00    8.4893E+00   
 5.4387E+02    2.7966E+01    3.6846E+01    1.9210E+01    1.5128E+01    1.2828E+01    4.3526E+01    3.3077E+01    1.0775E+01    3.9848E+00    1.0467E+01    0.0000E+00    8.4645E+00   
 5.4437E+02    2.7990E+01    3.6856E+01    1.9210E+01    1.5228E+01    1.2828E+01    4.3549E+01    3.3077E+01    1.0778E+01    3.9848E+00    1.0427E+01    0.0000E+00    8.4645E+00   
 5.4488E+02    2.8013E+01    3.6846E+01    1.9363E+01    1.5137E+01    1.2925E+01    4.3597E+01    3.3115E+01    1.0781E+01    3.9848E+00    1.0447E+01    0.0000E+00    8.4645E+00   
 5.4539E+02    2.8034E+01    3.6846E+01    1.9394E+01    1.5137E+01    1.2999E+01    4.3597E+01    3.3138E+01    1.0781E+01    3.9848E+00    1.0427E+01    0.0000E+00    8.4893E+00   
 5.4596E+02    2.8036E+01    3.6853E+01    1.9418E+01    1.5251E+01    1.3088E+01    4.3617E+01    3.3194E+01    1.0790E+01    3.9644E+00    1.0467E+01    0.0000E+00    8.4893E+00   
 5.4646E+02    2.8062E+01    3.6884E+01    1.9325E+01    1.5226E+01    1.3161E+01    4.3670E+01    3.3214E+01    1.0800E+01    3.9848E+00    1.0427E+01    0.0000E+00    8.4395E+00   
 5.4697E+02    2.8062E+01    3.6896E+01    1.9325E+01    1.5245E+01    1.3161E+01    4.3673E+01    3.3214E+01    1.0825E+01    3.9644E+00    1.0508E+01    0.0000E+00    8.4395E+00   
 5.4748E+02    2.8104E+01    3.6912E+01    1.9234E+01    1.5152E+01    1.3245E+01    4.3698E+01    3.3257E+01    1.0843E+01    3.9644E+00    1.0467E+01    0.0000E+00    8.4645E+00   
 5.4803E+02    2.8122E+01    3.6943E+01    1.9263E+01    1.5209E+01    1.3327E+01    4.3757E+01    3.3302E+01    1.0854E+01    3.9644E+00    1.0467E+01    0.0000E+00    8.4645E+00   
# Time (s)      T1w (C)       T2w (C)       T1a (C)       T2a (C)       T1r (C)       T2r (C)       T3r (C)       T4r (C)       P1 (bar)      P2 (bar)      Ic (amp)      Qc (l/min)    
 5.4854E+02    2.8154E+01    3.6943E+01    1.9267E+01    1.5192E+01    1.3386E+01    4.3757E+01    3.3333E+01    1.0854E+01    3.9848E+00    1.0488E+01    0.0000E+00    8.4645E+00   
 5.4905E+02    2.8181E+01    3.6938E+01    1.9333E+01    1.5192E+01    1.3457E+01    4.3771E+01    3.3384E+01    1.0853E+01    3.9644E+00    1.0467E+01    0.0000E+00    8.5141E+00   
 5.4956E+02    2.8190E+01    3.6967E+01    1.9519E+01    1.5199E+01    1.3529E+01    4.3835E+01    3.3417E+01    1.0860E+01    3.9644E+00    1.0488E+01    0.0000E+00    8.5141E+00   
 5.5011E+02    2.8205E+01    3.6996E+01    1.9535E+01    1.5266E+01    1.3529E+01    4.3873E+01    3.3417E+01    1.0882E+01    3.9848E+00    1.0508E+01    0.0000E+00    8.4893E+00   
 5.5062E+02    2.8251E+01    3.7002E+01    1.9432E+01    1.5239E+01    1.3601E+01    4.3885E+01    3.3461E+01    1.0886E+01    3.9848E+00    1.0467E+01    0.0000E+00    8.4893E+00   
 5.5113E+02    2.8233E+01    3.7014E+01    1.9331E+01    1.5390E+01    1.3656E+01    4.3875E+01    3.3517E+01    1.0903E+01    3.9644E+00    1.0447E+01    0.0000E+00    8.4645E+00   
 5.5164E+02    2.8257E+01    3.7014E+01    1.9319E+01    1.5390E+01    1.3743E+01    4.3875E+01    3.3563E+01    1.0903E+01    3.9644E+00    1.0467E+01    0.0000E+00    8.4893E+00   
 5.5220E+02    2.8253E+01    3.7029E+01    1.9240E+01    1.5414E+01    1.3791E+01    4.3898E+01    3.3607E+01    1.0924E+01    3.9644E+00    1.0488E+01    0.0000E+00    8.4395E+00   
 5.5271E+02    2.8273E+01    3.7030E+01    1.9152E+01    1.5483E+01    1.3862E+01    4.3909E+01    3.3656E+01    1.0934E+01    3.9848E+00    1.0528E+01    0.0000E+00    8.4893E+00   
 5.5322E+02    2.8258E+01    3.7044E+01    1.9137E+01    1.5338E+01    1.3862E+01    4.3927E+01    3.3656E+01    1.0967E+01    3.9848E+00    1.0549E+01    0.0000E+00    8.4645E+00   
 5.5373E+02    2.8283E+01    3.7069E+01    1.9198E+01    1.5319E+01    1.3906E+01    4.3949E+01    3.3686E+01    1.0957E+01    3.9848E+00    1.0467E+01    0.0000E+00    8.4893E+00   
 5.5429E+02    2.8254E+01    3.7081E+01    1.9189E+01    1.5263E+01    1.3956E+01    4.3994E+01    3.3742E+01    1.0968E+01    3.9848E+00    1.0488E+01    0.0000E+00    8.4893E+00   
 5.5480E+02    2.8273E+01    3.7081E+01    1.9135E+01    1.5263E+01    1.3993E+01    4.3979E+01    3.3775E+01    1.0952E+01    3.9848E+00    1.0528E+01    0.0000E+00    8.4645E+00   
 5.5531E+02    2.8280E+01    3.7084E+01    1.9277E+01    1.5273E+01    1.4067E+01    4.4001E+01    3.3821E+01    1.1001E+01    3.9848E+00    1.0549E+01    0.0000E+00    8.4893E+00   
 5.5582E+02    2.8264E+01    3.7088E+01    1.9269E+01    1.5213E+01    1.4127E+01    4.4005E+01    3.3879E+01    1.1023E+01    3.9848E+00    1.0467E+01    0.0000E+00    8.4645E+00   
 5.5640E+02    2.8273E+01    3.7090E+01    1.9269E+01    1.5307E+01    1.4127E+01    4.4007E+01    3.3879E+01    1.1057E+01    3.9848E+00    1.0508E+01    0.0000E+00    8.4645E+00   
 5.5691E+02    2.8301E+01    3.7135E+01    1.9253E+01    1.5210E+01    1.4164E+01    4.4024E+01    3.3902E+01    1.1069E+01    3.9848E+00    1.0488E+01    0.0000E+00    8.4893E+00   
 5.5742E+02    2.8317E+01    3.7148E+01    1.9340E+01    1.5221E+01    1.4231E+01    4.4066E+01    3.3947E+01    1.1107E+01    3.9848E+00    1.0528E+01    0.0000E+00    8.4645E+00   
 5.5792E+02    2.8331E+01    3.7148E+01    1.9297E+01    1.5221E+01    1.4288E+01    4.4066E+01    3.3999E+01    1.1107E+01    3.9848E+00    1.0569E+01    0.0000E+00    8.4645E+00   
 5.5848E+02    2.8343E+01    3.7165E+01    1.9279E+01    1.5118E+01    1.4352E+01    4.4102E+01    3.4051E+01    1.1124E+01    3.9848E+00    1.0488E+01    0.0000E+00    8.4645E+00   
 5.5899E+02    2.8353E+01    3.7182E+01    1.9159E+01    1.5014E+01    1.4399E+01    4.4128E+01    3.4104E+01    1.1160E+01    3.9848E+00    1.0569E+01    0.0000E+00    8.4645E+00   
 5.5950E+02    2.8353E+01    3.7201E+01    1.9159E+01    1.5141E+01    1.4399E+01    4.4150E+01    3.4104E+01    1.1192E+01    3.9848E+00    1.0528E+01    0.0000E+00    8.4395E+00   
 5.6001E+02    2.8371E+01    3.7203E+01    1.9124E+01    1.5036E+01    1.4433E+01    4.4182E+01    3.4135E+01    1.1220E+01    3.9848E+00    1.0508E+01    0.0000E+00    8.4893E+00   
 5.6057E+02    2.8389E+01    3.7206E+01    1.9118E+01    1.5142E+01    1.4497E+01    4.4217E+01    3.4173E+01    1.1261E+01    4.0052E+00    1.0508E+01    0.0000E+00    8.4645E+00   
 5.6108E+02    2.8381E+01    3.7176E+01    1.8966E+01    1.5111E+01    1.4558E+01    4.4232E+01    3.4246E+01    1.1277E+01    4.0052E+00    1.0569E+01    0.0000E+00    8.4893E+00   
 5.6159E+02    2.8410E+01    3.7190E+01    1.8850E+01    1.5039E+01    1.4610E+01    4.4270E+01    3.4289E+01    1.1316E+01    4.0052E+00    1.0508E+01    0.0000E+00    8.4893E+00   
 5.6210E+02    2.8410E+01    3.7199E+01    1.8941E+01    1.5073E+01    1.4650E+01    4.4320E+01    3.4324E+01    1.1362E+01    4.0052E+00    1.0508E+01    0.0000E+00    8.4893E+00   
 5.6265E+02    2.8451E+01    3.7220E+01    1.8941E+01    1.5008E+01    1.4650E+01    4.4358E+01    3.4324E+01    1.1379E+01    4.0256E+00    1.0569E+01    0.0000E+00    8.4645E+00   
 5.6316E+02    2.8483E+01    3.7240E+01    1.9179E+01    1.5078E+01    1.4703E+01    4.4389E+01    3.4382E+01    1.1423E+01    4.0052E+00    1.0549E+01    0.0000E+00    8.4395E+00   
 5.6367E+02    2.8523E+01    3.7240E+01    1.9361E+01    1.5041E+01    1.4728E+01    4.4421E+01    3.4413E+01    1.1453E+01    4.0052E+00    1.0569E+01    0.0000E+00    8.4395E+00   
# Time (s)      T1w (C)       T2w (C)       T1a (C)       T2a (C)       T1r (C)       T2r (C)       T3r (C)       T4r (C)       P1 (bar)      P2 (bar)      Ic (amp)      Qc (l/min)    
 5.6418E+02    2.8568E+01    3.7251E+01    1.9516E+01    1.5041E+01    1.4756E+01    4.4406E+01    3.4449E+01    1.1437E+01    4.0256E+00    1.0589E+01    0.0000E+00    8.5141E+00   
 5.6473E+02    2.8598E+01    3.7272E+01    1.9390E+01    1.5016E+01    1.4796E+01    4.4405E+01    3.4475E+01    1.1468E+01    4.0256E+00    1.0589E+01    0.0000E+00    8.4893E+00   
 5.6524E+02    2.8598E+01    3.7267E+01    1.9274E+01    1.5007E+01    1.4825E+01    4.4400E+01    3.4520E+01    1.1504E+01    4.0256E+00    1.0589E+01    0.0000E+00    8.4893E+00   
 5.6575E+02    2.8617E+01    3.7284E+01    1.9274E+01    1.5134E+01    1.4825E+01    4.4431E+01    3.4520E+01    1.1538E+01    4.0256E+00    1.0549E+01    0.0000E+00    8.4395E+00   
 5.6626E+02    2.8672E+01    3.7297E+01    1.9334E+01    1.5134E+01    1.4886E+01    4.4449E+01    3.4573E+01    1.1576E+01    4.0256E+00    1.0610E+01    0.0000E+00    8.4893E+00   
 5.6683E+02    2.8712E+01    3.7309E+01    1.9294E+01    1.5060E+01    1.4914E+01    4.4489E+01    3.4598E+01    1.1629E+01    4.0256E+00    1.0569E+01    0.0000E+00    8.4645E+00   
 5.6734E+02    2.8738E+01    3.7309E+01    1.9372E+01    1.5060E+01    1.4945E+01    4.4489E+01    3.4654E+01    1.1629E+01    4.0256E+00    1.0589E+01    0.0000E+00    8.4893E+00   
 5.6785E+02    2.8766E+01    3.7350E+01    1.9373E+01    1.5105E+01    1.4973E+01    4.4509E+01    3.4704E+01    1.1672E+01    4.0256E+00    1.0569E+01    0.0000E+00    8.4395E+00   
 5.6836E+02    2.8766E+01    3.7347E+01    1.9370E+01    1.5071E+01    1.4973E+01    4.4534E+01    3.4704E+01    1.1705E+01    4.0256E+00    1.0549E+01    0.0000E+00    8.4395E+00   
 5.6891E+02    2.8792E+01    3.7391E+01    1.9386E+01    1.5125E+01    1.4991E+01    4.4507E+01    3.4707E+01    1.1703E+01    4.0460E+00    1.0630E+01    0.0000E+00    8.4395E+00   
 5.6942E+02    2.8792E+01    3.7418E+01    1.9362E+01    1.5068E+01    1.5025E+01    4.4499E+01    3.4755E+01    1.1740E+01    4.0460E+00    1.0651E+01    0.0000E+00    8.5141E+00   
 5.6993E+02    2.8798E+01    3.7403E+01    1.9340E+01    1.4951E+01    1.5028E+01    4.4484E+01    3.4760E+01    1.1724E+01    4.0460E+00    1.0610E+01    0.0000E+00    8.4395E+00   
 5.7044E+02    2.8823E+01    3.7423E+01    1.9405E+01    1.4951E+01    1.5047E+01    4.4475E+01    3.4807E+01    1.1748E+01    4.0460E+00    1.0589E+01    0.0000E+00    8.4645E+00   
 5.7101E+02    2.8825E+01    3.7438E+01    1.9267E+01    1.5129E+01    1.5075E+01    4.4480E+01    3.4838E+01    1.1766E+01    4.0664E+00    1.0671E+01    0.0000E+00    8.5141E+00   
 5.7151E+02    2.8825E+01    3.7445E+01    1.9166E+01    1.5099E+01    1.5075E+01    4.4467E+01    3.4873E+01    1.1787E+01    4.0460E+00    1.0651E+01    0.0000E+00    8.4645E+00   
 5.7202E+02    2.8825E+01    3.7494E+01    1.9151E+01    1.5001E+01    1.5043E+01    4.4405E+01    3.4842E+01    1.1802E+01    4.0664E+00    1.0630E+01    0.0000E+00    8.4893E+00   
 5.7253E+02    2.8854E+01    3.7504E+01    1.9172E+01    1.5054E+01    1.5104E+01    4.4407E+01    3.4884E+01    1.1824E+01    4.0664E+00    1.0671E+01    0.0000E+00    8.4893E+00   
 5.7311E+02    2.8848E+01    3.7506E+01    1.9137E+01    1.5095E+01    1.5094E+01    4.4419E+01    3.4905E+01    1.1841E+01    4.0664E+00    1.0671E+01    0.0000E+00    8.4645E+00   
 5.7362E+02    2.8862E+01    3.7506E+01    1.9138E+01    1.5095E+01    1.5108E+01    4.4419E+01    3.4932E+01    1.1841E+01    4.0664E+00    1.0671E+01    0.0000E+00    8.4645E+00   
 5.7413E+02    2.8870E+01    3.7541E+01    1.9149E+01    1.5017E+01    1.5102E+01    4.4455E+01    3.4937E+01    1.1856E+01    4.0664E+00    1.0651E+01    0.0000E+00    8.4645E+00   
 5.7464E+02    2.8870E+01    3.7559E+01    1.9167E+01    1.4995E+01    1.5102E+01    4.4475E+01    3.4937E+01    1.1884E+01    4.0664E+00    1.0651E+01    0.0000E+00    8.4645E+00   
 5.7521E+02    2.8887E+01    3.7567E+01    1.9151E+01    1.4962E+01    1.5103E+01    4.4502E+01    3.4938E+01    1.1881E+01    4.0664E+00    1.0712E+01    0.0000E+00    8.4893E+00   
 5.7572E+02    2.8902E+01    3.7593E+01    1.9220E+01    1.4911E+01    1.5126E+01    4.4509E+01    3.4970E+01    1.1914E+01    4.0664E+00    1.0691E+01    0.0000E+00    8.4645E+00   
 5.7623E+02    2.8909E+01    3.7578E+01    1.9318E+01    1.4815E+01    1.5133E+01    4.4529E+01    3.5005E+01    1.1956E+01    4.0664E+00    1.0671E+01    0.0000E+00    8.4645E+00   
 5.7674E+02    2.8945E+01    3.7614E+01    1.9322E+01    1.4815E+01    1.5121E+01    4.4529E+01    3.5031E+01    1.1956E+01    4.0664E+00    1.0671E+01    0.0000E+00    8.4893E+00   
 5.7733E+02    2.8967E+01    3.7620E+01    1.9210E+01    1.4790E+01    1.5143E+01    4.4527E+01    3.5058E+01    1.1986E+01    4.0664E+00    1.0691E+01    0.0000E+00    8.4893E+00   
 5.7784E+02    2.8985E+01    3.7661E+01    1.9146E+01    1.4845E+01    1.5123E+01    4.4553E+01    3.5097E+01    1.2026E+01    4.0664E+00    1.0712E+01    0.0000E+00    8.4645E+00   
 5.7835E+02    2.8985E+01    3.7691E+01    1.9146E+01    1.4979E+01    1.5123E+01    4.4589E+01    3.5097E+01    1.2079E+01    4.0460E+00    1.0671E+01    0.0000E+00    8.4395E+00   
 5.7886E+02    2.8993E+01    3.7706E+01    1.9188E+01    1.4964E+01    1.5117E+01    4.4612E+01    3.5113E+01    1.2114E+01    4.0664E+00    1.0691E+01    0.0000E+00    8.4645E+00   
 5.7943E+02    2.9023E+01    3.7732E+01    1.9151E+01    1.5002E+01    1.5117E+01    4.4656E+01    3.5155E+01    1.2155E+01    4.0664E+00    1.0671E+01    0.0000E+00    8.4645E+00   
# Time (s)      T1w (C)       T2w (C)       T1a (C)       T2a (C)       T1r (C)       T2r (C)       T3r (C)       T4r (C)       P1 (bar)      P2 (bar)      Ic (amp)      Qc (l/min)    
 5.7994E+02    2.9023E+01    3.7732E+01    1.9076E+01    1.5002E+01    1.5071E+01    4.4656E+01    3.5194E+01    1.2155E+01    4.0460E+00    1.0671E+01    0.0000E+00    8.4645E+00   
 5.8045E+02    2.9054E+01    3.7739E+01    1.9085E+01    1.4914E+01    1.5034E+01    4.4701E+01    3.5206E+01    1.2199E+01    4.0664E+00    1.0732E+01    0.0000E+00    8.4893E+00   
 5.8096E+02    2.9080E+01    3.7765E+01    1.9116E+01    1.5009E+01    1.4982E+01    4.4747E+01    3.5252E+01    1.2248E+01    4.0664E+00    1.0691E+01    0.0000E+00    8.4893E+00   
 5.8153E+02    2.9065E+01    3.7760E+01    1.9116E+01    1.5092E+01    1.4982E+01    4.4770E+01    3.5252E+01    1.2302E+01    4.0664E+00    1.0752E+01    0.0000E+00    8.4645E+00   
 5.8204E+02    2.9088E+01    3.7791E+01    1.9079E+01    1.5116E+01    1.4887E+01    4.4783E+01    3.5247E+01    1.2305E+01    4.0664E+00    1.0752E+01    0.0000E+00    8.4893E+00   
 5.8255E+02    2.9117E+01    3.7816E+01    1.9209E+01    1.5085E+01    1.4812E+01    4.4805E+01    3.5272E+01    1.2324E+01    4.0664E+00    1.0671E+01    0.0000E+00    8.4893E+00   
 5.8305E+02    2.9125E+01    3.7801E+01    1.9277E+01    1.5069E+01    1.4727E+01    4.4790E+01    3.5290E+01    1.2308E+01    4.0664E+00    1.0691E+01    0.0000E+00    8.4893E+00   
 5.8362E+02    2.9135E+01    3.7828E+01    1.9319E+01    1.4937E+01    1.4649E+01    4.4768E+01    3.5315E+01    1.2326E+01    4.0868E+00    1.0752E+01    0.0000E+00    8.4893E+00   
 5.8413E+02    2.9146E+01    3.7818E+01    1.9461E+01    1.4928E+01    1.4532E+01    4.4803E+01    3.5350E+01    1.2369E+01    4.0664E+00    1.0752E+01    0.0000E+00    8.4645E+00   
 5.8464E+02    2.9146E+01    3.7834E+01    1.9461E+01    1.5105E+01    1.4532E+01    4.4812E+01    3.5350E+01    1.2390E+01    4.0664E+00    1.0773E+01    0.0000E+00    8.4395E+00   
 5.8515E+02    2.9145E+01    3.7865E+01    1.9384E+01    1.5150E+01    1.4326E+01    4.4812E+01    3.5363E+01    1.2396E+01    4.0664E+00    1.0752E+01    0.0000E+00    8.4893E+00   
 5.8572E+02    2.9158E+01    3.7894E+01    1.9294E+01    1.5012E+01    1.3926E+01    4.4863E+01    3.5374E+01    1.2437E+01    4.0460E+00    1.0773E+01    0.0000E+00    8.4893E+00   
 5.8623E+02    2.9178E+01    3.7879E+01    1.9275E+01    1.4996E+01    1.3283E+01    4.4863E+01    3.5409E+01    1.2437E+01    4.0664E+00    1.0732E+01    0.0000E+00    8.5141E+00   
 5.8674E+02    2.9201E+01    3.7889E+01    1.9300E+01    1.5056E+01    1.2724E+01    4.4891E+01    3.5423E+01    1.2474E+01    4.0664E+00    1.0732E+01    0.0000E+00    8.4645E+00   
 5.8725E+02    2.9259E+01    3.7920E+01    1.9345E+01    1.4985E+01    1.2256E+01    4.4944E+01    3.5433E+01    1.2483E+01    4.0664E+00    1.0732E+01    0.0000E+00    8.4645E+00   
 5.8781E+02    2.9259E+01    3.7926E+01    1.9345E+01    1.5122E+01    1.2256E+01    4.4983E+01    3.5433E+01    1.2500E+01    4.0868E+00    1.0773E+01    0.0000E+00    8.4893E+00   
 5.8831E+02    2.9296E+01    3.7966E+01    1.9273E+01    1.5116E+01    1.1937E+01    4.5009E+01    3.5442E+01    1.2478E+01    4.0868E+00    1.0773E+01    0.0000E+00    8.4145E+00   
 5.8883E+02    2.9329E+01    3.8010E+01    1.9004E+01    1.4997E+01    1.1712E+01    4.5017E+01    3.5460E+01    1.2466E+01    4.0868E+00    1.0793E+01    0.0000E+00    8.5141E+00   
 5.8935E+02    2.9347E+01    3.7995E+01    1.8959E+01    1.4981E+01    1.1540E+01    4.5017E+01    3.5483E+01    1.2466E+01    4.0868E+00    1.0752E+01    0.0000E+00    8.4893E+00   
 5.8990E+02    2.9367E+01    3.8000E+01    1.9030E+01    1.5190E+01    1.1408E+01    4.5035E+01    3.5478E+01    1.2410E+01    4.0868E+00    1.0773E+01    0.0000E+00    8.5141E+00   
 5.9041E+02    2.9365E+01    3.7988E+01    1.9059E+01    1.5067E+01    1.1323E+01    4.5052E+01    3.5476E+01    1.2350E+01    4.1072E+00    1.0834E+01    0.0000E+00    8.4893E+00   
 5.9093E+02    2.9365E+01    3.8005E+01    1.9059E+01    1.4995E+01    1.1323E+01    4.5044E+01    3.5476E+01    1.2265E+01    4.1072E+00    1.0813E+01    0.0000E+00    8.4645E+00   
 5.9145E+02    2.9376E+01    3.8028E+01    1.9008E+01    1.4936E+01    1.1270E+01    4.5061E+01    3.5462E+01    1.2200E+01    4.1072E+00    1.0793E+01    0.0000E+00    8.4893E+00   
 5.9198E+02    2.9427E+01    3.8058E+01    1.8852E+01    1.4848E+01    1.1213E+01    4.5064E+01    3.5490E+01    1.2143E+01    4.1072E+00    1.0813E+01    0.0000E+00    8.4645E+00   
 5.9249E+02    2.9435E+01    3.8043E+01    1.8730E+01    1.4832E+01    1.1161E+01    4.5064E+01    3.5469E+01    1.2143E+01    4.1072E+00    1.0813E+01    0.0000E+00    8.4893E+00   
 5.9302E+02    2.9464E+01    3.8064E+01    1.8880E+01    1.4874E+01    1.1135E+01    4.5068E+01    3.5438E+01    1.2068E+01    4.0868E+00    1.0834E+01    0.0000E+00    8.4395E+00   
 5.9353E+02    2.9484E+01    3.8122E+01    1.8774E+01    1.4908E+01    1.1046E+01    4.5040E+01    3.5441E+01    1.2025E+01    4.0868E+00    1.0875E+01    0.0000E+00    8.4645E+00   
 5.9407E+02    2.9484E+01    3.8151E+01    1.8790E+01    1.5050E+01    1.1046E+01    4.5040E+01    3.5441E+01    1.1979E+01    4.0868E+00    1.0834E+01    0.0000E+00    8.4395E+00   
 5.9458E+02    2.9506E+01    3.8195E+01    1.8933E+01    1.4979E+01    1.0995E+01    4.5021E+01    3.5432E+01    1.1970E+01    4.0664E+00    1.0834E+01    0.0000E+00    8.4893E+00   
 5.9510E+02    2.9505E+01    3.8229E+01    1.8924E+01    1.4979E+01    1.0965E+01    4.5030E+01    3.5417E+01    1.1960E+01    4.0664E+00    1.0834E+01    0.0000E+00    8.4395E+00   
# Time (s)      T1w (C)       T2w (C)       T1a (C)       T2a (C)       T1r (C)       T2r (C)       T3r (C)       T4r (C)       P1 (bar)      P2 (bar)      Ic (amp)      Qc (l/min)    
 5.9562E+02    2.9512E+01    3.8229E+01    1.8870E+01    1.4979E+01    1.0927E+01    4.5030E+01    3.5420E+01    1.1960E+01    4.0664E+00    1.0834E+01    0.0000E+00    8.4645E+00   
 5.9617E+02    2.9549E+01    3.8280E+01    1.8964E+01    1.4961E+01    1.0893E+01    4.5034E+01    3.5415E+01    1.1934E+01    4.0868E+00    1.0895E+01    0.0000E+00    8.4893E+00   
 5.9669E+02    2.9546E+01    3.8302E+01    1.8906E+01    1.4972E+01    1.0854E+01    4.5048E+01    3.5410E+01    1.1896E+01    4.0868E+00    1.0854E+01    0.0000E+00    8.4395E+00   
 5.9720E+02    2.9530E+01    3.8315E+01    1.8890E+01    1.4847E+01    1.0854E+01    4.5046E+01    3.5410E+01    1.1881E+01    4.0868E+00    1.0875E+01    0.0000E+00    8.4645E+00   
 5.9772E+02    2.9540E+01    3.8340E+01    1.8642E+01    1.4880E+01    1.0816E+01    4.5093E+01    3.5398E+01    1.1843E+01    4.0664E+00    1.0895E+01    0.0000E+00    8.4645E+00   
 5.9827E+02    2.9544E+01    3.8349E+01    1.8530E+01    1.5044E+01    1.0765E+01    4.5059E+01    3.5377E+01    1.1813E+01    4.0868E+00    1.0915E+01    0.0000E+00    8.4893E+00   
 5.9879E+02    2.9570E+01    3.8349E+01    1.8628E+01    1.5044E+01    1.0732E+01    4.5059E+01    3.5357E+01    1.1813E+01    4.0868E+00    1.0895E+01    0.0000E+00    8.4893E+00   
 5.9930E+02    2.9596E+01    3.8362E+01    1.8620E+01    1.4886E+01    1.0671E+01    4.5000E+01    3.5330E+01    1.1749E+01    4.0664E+00    1.0915E+01    0.0000E+00    8.4395E+00   
 5.9982E+02    2.9635E+01    3.8389E+01    1.8758E+01    1.4852E+01    1.0638E+01    4.4982E+01    3.5318E+01    1.1728E+01    4.0664E+00    1.0895E+01    0.0000E+00    8.4893E+00   
 6.0035E+02    2.9619E+01    3.8407E+01    1.8742E+01    1.4756E+01    1.0622E+01    4.4963E+01    3.5303E+01    1.1691E+01    4.0664E+00    1.0895E+01    0.0000E+00    8.4645E+00   
 6.0087E+02    2.9672E+01    3.8443E+01    1.8845E+01    1.4864E+01    1.0613E+01    4.4968E+01    3.5300E+01    1.1652E+01    4.0664E+00    1.0936E+01    0.0000E+00    8.4893E+00   
 6.0139E+02    2.9678E+01    3.8442E+01    1.8884E+01    1.4882E+01    1.0547E+01    4.5015E+01    3.5253E+01    1.1618E+01    4.0868E+00    1.0936E+01    0.0000E+00    8.4893E+00   
 6.0191E+02    2.9701E+01    3.8442E+01    1.8918E+01    1.4882E+01    1.0537E+01    4.5015E+01    3.5246E+01    1.1618E+01    4.0868E+00    1.0895E+01    0.0000E+00    8.5141E+00   
 6.0245E+02    2.9723E+01    3.8455E+01    1.8870E+01    1.4881E+01    1.0537E+01    4.5055E+01    3.5246E+01    1.1588E+01    4.0664E+00    1.0976E+01    0.0000E+00    8.4395E+00   
 6.0297E+02    2.9734E+01    3.8476E+01    1.8686E+01    1.4801E+01    1.0520E+01    4.5086E+01    3.5222E+01    1.1555E+01    4.0664E+00    1.0956E+01    0.0000E+00    8.4893E+00   
 6.0349E+02    2.9734E+01    3.8497E+01    1.8686E+01    1.4783E+01    1.0536E+01    4.5122E+01    3.5237E+01    1.1543E+01    4.0868E+00    1.0936E+01    0.0000E+00    8.4893E+00   
 6.0401E+02    2.9744E+01    3.8532E+01    1.8567E+01    1.4811E+01    1.0495E+01    4.5129E+01    3.5224E+01    1.1513E+01    4.0868E+00    1.0936E+01    0.0000E+00    8.5141E+00   
 6.0455E+02    2.9766E+01    3.8554E+01    1.8671E+01    1.4854E+01    1.0490E+01    4.5143E+01    3.5209E+01    1.1474E+01    4.0868E+00    1.0915E+01    0.0000E+00    8.4645E+00   
 6.0506E+02    2.9794E+01    3.8554E+01    1.8791E+01    1.4854E+01    1.0473E+01    4.5143E+01    3.5181E+01    1.1474E+01    4.0868E+00    1.0936E+01    0.0000E+00    8.4645E+00   
 6.0558E+02    2.9836E+01    3.8595E+01    1.8909E+01    1.4906E+01    1.0455E+01    4.5172E+01    3.5168E+01    1.1417E+01    4.0868E+00    1.0956E+01    0.0000E+00    8.4893E+00   
 6.0610E+02    2.9845E+01    3.8603E+01    1.8846E+01    1.4790E+01    1.0405E+01    4.5160E+01    3.5126E+01    1.1385E+01    4.0868E+00    1.1017E+01    0.0000E+00    8.4645E+00   
 6.0666E+02    2.9845E+01    3.8620E+01    1.8846E+01    1.4769E+01    1.0389E+01    4.5129E+01    3.5111E+01    1.1332E+01    4.0664E+00    1.1037E+01    0.0000E+00    8.4893E+00   
 6.0718E+02    2.9882E+01    3.8646E+01    1.8840E+01    1.4741E+01    1.0340E+01    4.5084E+01    3.5082E+01    1.1273E+01    4.0664E+00    1.1037E+01    0.0000E+00    8.4395E+00   
 6.0769E+02    2.9882E+01    3.8699E+01    1.9114E+01    1.4694E+01    1.0313E+01    4.5075E+01    3.5077E+01    1.1249E+01    4.0664E+00    1.0976E+01    0.0000E+00    8.4645E+00   
 6.0821E+02    2.9889E+01    3.8684E+01    1.9236E+01    1.4678E+01    1.0277E+01    4.5075E+01    3.5046E+01    1.1249E+01    4.0664E+00    1.0956E+01    0.0000E+00    8.3894E+00   
 6.0879E+02    2.9912E+01    3.8692E+01    1.9329E+01    1.4709E+01    1.0271E+01    4.5097E+01    3.5028E+01    1.1205E+01    4.0664E+00    1.0976E+01    0.0000E+00    8.4645E+00   
 6.0930E+02    2.9929E+01    3.8700E+01    1.9510E+01    1.4696E+01    1.0249E+01    4.5129E+01    3.5027E+01    1.1186E+01    4.0664E+00    1.1017E+01    0.0000E+00    8.4395E+00   
 6.0982E+02    2.9929E+01    3.8737E+01    1.9510E+01    1.4654E+01    1.0249E+01    4.5172E+01    3.5027E+01    1.1162E+01    4.0868E+00    1.1037E+01    0.0000E+00    8.5141E+00   
 6.1034E+02    2.9955E+01    3.8738E+01    1.9531E+01    1.4584E+01    1.0267E+01    4.5201E+01    3.5032E+01    1.1131E+01    4.0664E+00    1.1017E+01    0.0000E+00    8.4645E+00   
 6.1088E+02    2.9973E+01    3.8767E+01    1.9398E+01    1.4566E+01    1.0267E+01    4.5234E+01    3.5016E+01    1.1086E+01    4.0664E+00    1.1017E+01    0.0000E+00    8.4893E+00   
# Time (s)      T1w (C)       T2w (C)       T1a (C)       T2a (C)       T1r (C)       T2r (C)       T3r (C)       T4r (C)       P1 (bar)      P2 (bar)      Ic (amp)      Qc (l/min)    
 6.1139E+02    3.0030E+01    3.8796E+01    1.9455E+01    1.4578E+01    1.0275E+01    4.5249E+01    3.5013E+01    1.1102E+01    4.0664E+00    1.1017E+01    0.0000E+00    8.4395E+00   
 6.1191E+02    3.0068E+01    3.8796E+01    1.9255E+01    1.4578E+01    1.0241E+01    4.5319E+01    3.4985E+01    1.1078E+01    4.0664E+00    1.1017E+01    0.0000E+00    8.4645E+00   
 6.1243E+02    3.0080E+01    3.8827E+01    1.9140E+01    1.4623E+01    1.0231E+01    4.5372E+01    3.4987E+01    1.1068E+01    4.0460E+00    1.0997E+01    0.0000E+00    8.4645E+00   
 6.1297E+02    3.0080E+01    3.8847E+01    1.9099E+01    1.4634E+01    1.0231E+01    4.5397E+01    3.4987E+01    1.1031E+01    4.0460E+00    1.1078E+01    0.0000E+00    8.4645E+00   
 6.1349E+02    3.0113E+01    3.8884E+01    1.9115E+01    1.4656E+01    1.0192E+01    4.5391E+01    3.4961E+01    1.1011E+01    4.0460E+00    1.1078E+01    0.0000E+00    8.4645E+00   
 6.1401E+02    3.0144E+01    3.8920E+01    1.9211E+01    1.4609E+01    1.0171E+01    4.5407E+01    3.4946E+01    1.0995E+01    4.0460E+00    1.1078E+01    0.0000E+00    8.5141E+00   
 6.1453E+02    3.0168E+01    3.8920E+01    1.9262E+01    1.4632E+01    1.0162E+01    4.5407E+01    3.4936E+01    1.0995E+01    4.0460E+00    1.1078E+01    0.0000E+00    8.4893E+00   
 6.1507E+02    3.0200E+01    3.8948E+01    1.9156E+01    1.4632E+01    1.0163E+01    4.5434E+01    3.4922E+01    1.0975E+01    4.0664E+00    1.1078E+01    0.0000E+00    8.5141E+00   
 6.1559E+02    3.0214E+01    3.8947E+01    1.9201E+01    1.4546E+01    1.0153E+01    4.5457E+01    3.4895E+01    1.0931E+01    4.0460E+00    1.1058E+01    0.0000E+00    8.4893E+00   
 6.1610E+02    3.0214E+01    3.8973E+01    1.9201E+01    1.4533E+01    1.0153E+01    4.5487E+01    3.4895E+01    1.0918E+01    4.0460E+00    1.1098E+01    0.0000E+00    8.4645E+00   
 6.1662E+02    3.0232E+01    3.8991E+01    1.9289E+01    1.4582E+01    1.0132E+01    4.5503E+01    3.4873E+01    1.0866E+01    4.0460E+00    1.1058E+01    0.0000E+00    8.4145E+00   
 6.1717E+02    3.0244E+01    3.9030E+01    1.9533E+01    1.4539E+01    1.0132E+01    4.5543E+01    3.4850E+01    1.0845E+01    4.0460E+00    1.1037E+01    0.0000E+00    8.4645E+00   
 6.1768E+02    3.0247E+01    3.9015E+01    1.9595E+01    1.4540E+01    1.0130E+01    4.5543E+01    3.4833E+01    1.0845E+01    4.0460E+00    1.1078E+01    0.0000E+00    8.4893E+00   
 6.1820E+02    3.0250E+01    3.9037E+01    1.9640E+01    1.4540E+01    1.0121E+01    4.5550E+01    3.4831E+01    1.0820E+01    4.0460E+00    1.1098E+01    0.0000E+00    8.4893E+00   
 6.1872E+02    3.0274E+01    3.9064E+01    1.9570E+01    1.4593E+01    1.0154E+01    4.5553E+01    3.4797E+01    1.0790E+01    4.0460E+00    1.1098E+01    0.0000E+00    8.4645E+00   
 6.1925E+02    3.0274E+01    3.9082E+01    1.9395E+01    1.4613E+01    1.0154E+01    4.5588E+01    3.4797E+01    1.0764E+01    4.0460E+00    1.1078E+01    0.0000E+00    8.5141E+00   
 6.1977E+02    3.0301E+01    3.9107E+01    1.9395E+01    1.4631E+01    1.0189E+01    4.5624E+01    3.4812E+01    1.0729E+01    4.0256E+00    1.1119E+01    0.0000E+00    8.4893E+00   
 6.2028E+02    3.0321E+01    3.9120E+01    1.9335E+01    1.4664E+01    1.0275E+01    4.5639E+01    3.4794E+01    1.0718E+01    4.0256E+00    1.1098E+01    0.0000E+00    8.4893E+00   
 6.2080E+02    3.0345E+01    3.9120E+01    1.9291E+01    1.4664E+01    1.0328E+01    4.5639E+01    3.4809E+01    1.0718E+01    4.0256E+00    1.1119E+01    0.0000E+00    8.4893E+00   
 6.2133E+02    3.0377E+01    3.9143E+01    1.9304E+01    1.4544E+01    1.0420E+01    4.5654E+01    3.4780E+01    1.0691E+01    4.0256E+00    1.1058E+01    0.0000E+00    8.4893E+00   
 6.2185E+02    3.0388E+01    3.9169E+01    1.9313E+01    1.4574E+01    1.0489E+01    4.5689E+01    3.4763E+01    1.0657E+01    4.0256E+00    1.1098E+01    0.0000E+00    8.5141E+00   
 6.2237E+02    3.0388E+01    3.9193E+01    1.9313E+01    1.4632E+01    1.0489E+01    4.5717E+01    3.4763E+01    1.0615E+01    4.0256E+00    1.1139E+01    0.0000E+00    8.4893E+00   
 6.2289E+02    3.0403E+01    3.9204E+01    1.9284E+01    1.4581E+01    1.0600E+01    4.5723E+01    3.4766E+01    1.0587E+01    4.0256E+00    1.1119E+01    0.0000E+00    8.4893E+00   
 6.2342E+02    3.0389E+01    3.9219E+01    1.9223E+01    1.4453E+01    1.0694E+01    4.5790E+01    3.4771E+01    1.0553E+01    4.0256E+00    1.1139E+01    0.0000E+00    8.4645E+00   
 6.2394E+02    3.0384E+01    3.9219E+01    1.9227E+01    1.4453E+01    1.0804E+01    4.5790E+01    3.4776E+01    1.0553E+01    4.0052E+00    1.1139E+01    0.0000E+00    8.4645E+00   
 6.2446E+02    3.0404E+01    3.9242E+01    1.9061E+01    1.4451E+01    1.0910E+01    4.5830E+01    3.4757E+01    1.0547E+01    4.0052E+00    1.1078E+01    0.0000E+00    8.4893E+00   
 6.2498E+02    3.0397E+01    3.9263E+01    1.8898E+01    1.4611E+01    1.1002E+01    4.5880E+01    3.4764E+01    1.0520E+01    4.0052E+00    1.1139E+01    0.0000E+00    8.4893E+00   
 6.2550E+02    3.0397E+01    3.9279E+01    1.8898E+01    1.4614E+01    1.1002E+01    4.5903E+01    3.4764E+01    1.0486E+01    4.0052E+00    1.1098E+01    0.0000E+00    8.4893E+00   
 6.2602E+02    3.0425E+01    3.9299E+01    1.8873E+01    1.4565E+01    1.1100E+01    4.5887E+01    3.4751E+01    1.0458E+01    4.0052E+00    1.1160E+01    0.0000E+00    8.4893E+00   
 6.2654E+02    3.0416E+01    3.9289E+01    1.8882E+01    1.4610E+01    1.1173E+01    4.5906E+01    3.4754E+01    1.0456E+01    4.0052E+00    1.1180E+01    0.0000E+00    8.5141E+00   
# Time (s)      T1w (C)       T2w (C)       T1a (C)       T2a (C)       T1r (C)       T2r (C)       T3r (C)       T4r (C)       P1 (bar)      P2 (bar)      Ic (amp)      Qc (l/min)    
 6.2706E+02    3.0441E+01    3.9289E+01    1.8777E+01    1.4610E+01    1.1278E+01    4.5906E+01    3.4758E+01    1.0456E+01    3.9848E+00    1.1119E+01    0.0000E+00    8.5141E+00   
 6.2759E+02    3.0479E+01    3.9310E+01    1.8633E+01    1.4608E+01    1.1386E+01    4.5871E+01    3.4741E+01    1.0421E+01    3.9848E+00    1.1160E+01    0.0000E+00    8.4645E+00   
 6.2811E+02    3.0503E+01    3.9341E+01    1.8455E+01    1.4676E+01    1.1464E+01    4.5885E+01    3.4773E+01    1.0415E+01    3.9848E+00    1.1119E+01    0.0000E+00    8.4645E+00   
 6.2863E+02    3.0503E+01    3.9357E+01    1.8455E+01    1.4670E+01    1.1464E+01    4.5946E+01    3.4773E+01    1.0424E+01    3.9848E+00    1.1098E+01    0.0000E+00    8.4893E+00   
 6.2914E+02    3.0561E+01    3.9394E+01    1.8231E+01    1.4625E+01    1.1571E+01    4.5999E+01    3.4775E+01    1.0423E+01    3.9848E+00    1.1160E+01    0.0000E+00    8.4395E+00   
 6.2968E+02    3.0589E+01    3.9383E+01    1.8289E+01    1.4680E+01    1.1658E+01    4.6024E+01    3.4777E+01    1.0416E+01    3.9848E+00    1.1139E+01    0.0000E+00    8.4893E+00   
 6.3020E+02    3.0606E+01    3.9383E+01    1.8338E+01    1.4680E+01    1.1757E+01    4.6024E+01    3.4793E+01    1.0416E+01    3.9848E+00    1.1078E+01    0.0000E+00    8.4645E+00   
 6.3071E+02    3.0637E+01    3.9401E+01    1.8417E+01    1.4711E+01    1.1840E+01    4.6067E+01    3.4808E+01    1.0414E+01    3.9644E+00    1.1160E+01    0.0000E+00    8.4645E+00   
 6.3123E+02    3.0651E+01    3.9409E+01    1.8430E+01    1.4676E+01    1.1932E+01    4.6104E+01    3.4848E+01    1.0411E+01    3.9644E+00    1.1139E+01    0.0000E+00    8.4893E+00   
 6.3176E+02    3.0651E+01    3.9431E+01    1.8430E+01    1.4756E+01    1.1916E+01    4.6151E+01    3.4833E+01    1.0411E+01    3.9644E+00    1.1160E+01    0.0000E+00    8.4645E+00   
 6.3228E+02    3.0671E+01    3.9440E+01    1.8312E+01    1.4687E+01    1.2004E+01    4.6172E+01    3.4859E+01    1.0422E+01    3.9644E+00    1.1119E+01    0.0000E+00    8.4645E+00   
 6.3280E+02    3.0664E+01    3.9429E+01    1.8221E+01    1.4663E+01    1.2082E+01    4.6149E+01    3.4876E+01    1.0422E+01    3.9644E+00    1.1160E+01    0.0000E+00    8.4893E+00   
 6.3331E+02    3.0679E+01    3.9429E+01    1.8242E+01    1.4663E+01    1.2146E+01    4.6149E+01    3.4887E+01    1.0422E+01    3.9848E+00    1.1139E+01    0.0000E+00    8.5141E+00   
 6.3384E+02    3.0687E+01    3.9446E+01    1.8231E+01    1.4763E+01    1.2213E+01    4.6178E+01    3.4936E+01    1.0418E+01    3.9644E+00    1.1160E+01    0.0000E+00    8.5141E+00   
 6.3436E+02    3.0687E+01    3.9443E+01    1.8152E+01    1.4775E+01    1.2213E+01    4.6212E+01    3.4930E+01    1.0402E+01    3.9644E+00    1.1119E+01    0.0000E+00    8.4893E+00   
 6.3488E+02    3.0724E+01    3.9470E+01    1.8152E+01    1.4755E+01    1.2268E+01    4.6223E+01    3.4930E+01    1.0413E+01    3.9644E+00    1.1139E+01    0.0000E+00    8.5141E+00   
 6.3539E+02    3.0762E+01    3.9487E+01    1.8151E+01    1.4667E+01    1.2331E+01    4.6240E+01    3.4953E+01    1.0425E+01    3.9644E+00    1.1160E+01    0.0000E+00    8.4893E+00   
 6.3595E+02    3.0748E+01    3.9503E+01    1.8400E+01    1.4696E+01    1.2417E+01    4.6276E+01    3.4995E+01    1.0420E+01    3.9439E+00    1.1160E+01    0.0000E+00    8.4645E+00   
 6.3647E+02    3.0744E+01    3.9488E+01    1.8390E+01    1.4680E+01    1.2480E+01    4.6261E+01    3.5016E+01    1.0404E+01    3.9644E+00    1.1098E+01    0.0000E+00    8.4645E+00   
 6.3699E+02    3.0752E+01    3.9486E+01    1.8322E+01    1.4614E+01    1.2535E+01    4.6293E+01    3.5072E+01    1.0444E+01    3.9439E+00    1.1139E+01    0.0000E+00    8.4645E+00   
 6.3751E+02    3.0736E+01    3.9486E+01    1.8378E+01    1.4620E+01    1.2615E+01    4.6321E+01    3.5089E+01    1.0426E+01    3.9644E+00    1.1098E+01    0.0000E+00    8.4893E+00   
 6.3803E+02    3.0719E+01    3.9513E+01    1.8378E+01    1.4509E+01    1.2615E+01    4.6370E+01    3.5089E+01    1.0447E+01    3.9644E+00    1.1139E+01    0.0000E+00    8.4645E+00   
 6.3855E+02    3.0716E+01    3.9494E+01    1.8364E+01    1.4493E+01    1.2698E+01    4.6389E+01    3.5119E+01    1.0470E+01    3.9644E+00    1.1098E+01    0.0000E+00    8.5141E+00   
 6.3907E+02    3.0705E+01    3.9509E+01    1.8316E+01    1.4589E+01    1.2793E+01    4.6407E+01    3.5164E+01    1.0490E+01    3.9644E+00    1.1180E+01    0.0000E+00    8.5141E+00   
 6.3959E+02    3.0721E+01    3.9509E+01    1.8598E+01    1.4589E+01    1.2839E+01    4.6407E+01    3.5219E+01    1.0490E+01    3.9644E+00    1.1160E+01    0.0000E+00    8.4645E+00   
 6.4012E+02    3.0729E+01    3.9531E+01    1.8633E+01    1.4525E+01    1.2914E+01    4.6431E+01    3.5273E+01    1.0495E+01    3.9644E+00    1.1119E+01    0.0000E+00    8.5141E+00   
 6.4063E+02    3.0729E+01    3.9533E+01    1.8633E+01    1.4528E+01    1.2914E+01    4.6430E+01    3.5273E+01    1.0512E+01    3.9644E+00    1.1139E+01    0.0000E+00    8.4893E+00   
 6.4115E+02    3.0694E+01    3.9539E+01    1.8893E+01    1.4539E+01    1.2985E+01    4.6368E+01    3.5315E+01    1.0552E+01    3.9644E+00    1.1200E+01    0.0000E+00    8.4645E+00   
 6.4167E+02    3.0718E+01    3.9545E+01    1.9192E+01    1.4517E+01    1.3038E+01    4.6373E+01    3.5360E+01    1.0580E+01    3.9644E+00    1.1119E+01    0.0000E+00    8.5141E+00   
 6.4220E+02    3.0720E+01    3.9545E+01    1.9471E+01    1.4566E+01    1.3101E+01    4.6373E+01    3.5408E+01    1.0580E+01    3.9644E+00    1.1139E+01    0.0000E+00    8.4893E+00   
# Time (s)      T1w (C)       T2w (C)       T1a (C)       T2a (C)       T1r (C)       T2r (C)       T3r (C)       T4r (C)       P1 (bar)      P2 (bar)      Ic (amp)      Qc (l/min)    
 6.4272E+02    3.0755E+01    3.9588E+01    1.9641E+01    1.4582E+01    1.3169E+01    4.6383E+01    3.5455E+01    1.0571E+01    3.9644E+00    1.1180E+01    0.0000E+00    8.4645E+00   
 6.4324E+02    3.0781E+01    3.9579E+01    1.9596E+01    1.4643E+01    1.3223E+01    4.6371E+01    3.5496E+01    1.0597E+01    3.9644E+00    1.1139E+01    0.0000E+00    8.4893E+00   
 6.4376E+02    3.0796E+01    3.9605E+01    1.9612E+01    1.4657E+01    1.3207E+01    4.6392E+01    3.5481E+01    1.0613E+01    3.9644E+00    1.1180E+01    0.0000E+00    8.4645E+00   
 6.4429E+02    3.0808E+01    3.9613E+01    1.9607E+01    1.4625E+01    1.3268E+01    4.6392E+01    3.5528E+01    1.0637E+01    3.9644E+00    1.1139E+01    0.0000E+00    8.5141E+00   
 6.4481E+02    3.0841E+01    3.9642E+01    1.9627E+01    1.4585E+01    1.3315E+01    4.6399E+01    3.5564E+01    1.0657E+01    3.9644E+00    1.1119E+01    0.0000E+00    8.4893E+00   
 6.4534E+02    3.0894E+01    3.9642E+01    1.9580E+01    1.4585E+01    1.3390E+01    4.6399E+01    3.5621E+01    1.0657E+01    3.9644E+00    1.1200E+01    0.0000E+00    8.4893E+00   
 6.4585E+02    3.0936E+01    3.9644E+01    1.9383E+01    1.4620E+01    1.3432E+01    4.6431E+01    3.5652E+01    1.0676E+01    3.9644E+00    1.1200E+01    0.0000E+00    8.4645E+00   
 6.4639E+02    3.0986E+01    3.9666E+01    1.9278E+01    1.4705E+01    1.3489E+01    4.6443E+01    3.5705E+01    1.0711E+01    3.9644E+00    1.1221E+01    0.0000E+00    8.4645E+00   
 6.4690E+02    3.0971E+01    3.9653E+01    1.9262E+01    1.4548E+01    1.3489E+01    4.6427E+01    3.5705E+01    1.0744E+01    3.9848E+00    1.1180E+01    0.0000E+00    8.4645E+00   
 6.4742E+02    3.0985E+01    3.9642E+01    1.9095E+01    1.4504E+01    1.3565E+01    4.6399E+01    3.5753E+01    1.0767E+01    3.9848E+00    1.1139E+01    0.0000E+00    8.5141E+00   
 6.4794E+02    3.1005E+01    3.9654E+01    1.9412E+01    1.4596E+01    1.3622E+01    4.6390E+01    3.5775E+01    1.0788E+01    3.9848E+00    1.1241E+01    0.0000E+00    8.4893E+00   
 6.4847E+02    3.1058E+01    3.9654E+01    1.9279E+01    1.4596E+01    1.3660E+01    4.6390E+01    3.5827E+01    1.0788E+01    3.9848E+00    1.1221E+01    0.0000E+00    8.4645E+00   
 6.4899E+02    3.1094E+01    3.9657E+01    1.9291E+01    1.4640E+01    1.3725E+01    4.6410E+01    3.5882E+01    1.0817E+01    3.9848E+00    1.1241E+01    0.0000E+00    8.5141E+00   
 6.4951E+02    3.1142E+01    3.9669E+01    1.9231E+01    1.4652E+01    1.3779E+01    4.6412E+01    3.5931E+01    1.0861E+01    3.9848E+00    1.1180E+01    0.0000E+00    8.4645E+00   
 6.5003E+02    3.1142E+01    3.9690E+01    1.9231E+01    1.4602E+01    1.3779E+01    4.6399E+01    3.5931E+01    1.0894E+01    4.0052E+00    1.1180E+01    0.0000E+00    8.4893E+00   
 6.5059E+02    3.1194E+01    3.9713E+01    1.9169E+01    1.4550E+01    1.3844E+01    4.6433E+01    3.5974E+01    1.0946E+01    3.9848E+00    1.1241E+01    0.0000E+00    8.5388E+00   
 6.5111E+02    3.1234E+01    3.9708E+01    1.9258E+01    1.4523E+01    1.3904E+01    4.6427E+01    3.6030E+01    1.0985E+01    4.0052E+00    1.1241E+01    0.0000E+00    8.4893E+00   
 6.5163E+02    3.1250E+01    3.9736E+01    1.9237E+01    1.4523E+01    1.3944E+01    4.6427E+01    3.6069E+01    1.1011E+01    4.0052E+00    1.1180E+01    0.0000E+00    8.4645E+00   
 6.5215E+02    3.1260E+01    3.9736E+01    1.9442E+01    1.4568E+01    1.3988E+01    4.6433E+01    3.6120E+01    1.1011E+01    4.0052E+00    1.1200E+01    0.0000E+00    8.4893E+00   
 6.5267E+02    3.1294E+01    3.9746E+01    1.9510E+01    1.4494E+01    1.4015E+01    4.6472E+01    3.6166E+01    1.1062E+01    4.0052E+00    1.1180E+01    0.0000E+00    8.5141E+00   
 6.5319E+02    3.1294E+01    3.9779E+01    1.9510E+01    1.4498E+01    1.4015E+01    4.6497E+01    3.6166E+01    1.1112E+01    4.0052E+00    1.1221E+01    0.0000E+00    8.5141E+00   
 6.5370E+02    3.1330E+01    3.9793E+01    1.9362E+01    1.4556E+01    1.4047E+01    4.6533E+01    3.6174E+01    1.1122E+01    4.0052E+00    1.1282E+01    0.0000E+00    8.4893E+00   
 6.5422E+02    3.1382E+01    3.9822E+01    1.9180E+01    1.4609E+01    1.4104E+01    4.6553E+01    3.6223E+01    1.1179E+01    4.0052E+00    1.1221E+01    0.0000E+00    8.5388E+00   
 6.5476E+02    3.1392E+01    3.9822E+01    1.9014E+01    1.4609E+01    1.4117E+01    4.6553E+01    3.6264E+01    1.1179E+01    4.0256E+00    1.1241E+01    0.0000E+00    8.5141E+00   
 6.5527E+02    3.1432E+01    3.9852E+01    1.9093E+01    1.4625E+01    1.4181E+01    4.6564E+01    3.6303E+01    1.1233E+01    4.0256E+00    1.1221E+01    0.0000E+00    8.4893E+00   
 6.5579E+02    3.1438E+01    3.9879E+01    1.9006E+01    1.4574E+01    1.4201E+01    4.6580E+01    3.6351E+01    1.1257E+01    4.0052E+00    1.1241E+01    0.0000E+00    8.5388E+00   
 6.5631E+02    3.1438E+01    3.9920E+01    1.9006E+01    1.4701E+01    1.4201E+01    4.6629E+01    3.6351E+01    1.1303E+01    4.0256E+00    1.1302E+01    0.0000E+00    8.5635E+00   
 6.5687E+02    3.1449E+01    3.9935E+01    1.8940E+01    1.4646E+01    1.4249E+01    4.6664E+01    3.6411E+01    1.1326E+01    4.0256E+00    1.1221E+01    0.0000E+00    8.5388E+00   
 6.5739E+02    3.1458E+01    3.9964E+01    1.8959E+01    1.4630E+01    1.4284E+01    4.6720E+01    3.6446E+01    1.1360E+01    4.0256E+00    1.1221E+01    0.0000E+00    8.5141E+00   
 6.5790E+02    3.1473E+01    3.9964E+01    1.8927E+01    1.4630E+01    1.4322E+01    4.6720E+01    3.6478E+01    1.1360E+01    4.0256E+00    1.1241E+01    0.0000E+00    8.4893E+00   
# Time (s)      T1w (C)       T2w (C)       T1a (C)       T2a (C)       T1r (C)       T2r (C)       T3r (C)       T4r (C)       P1 (bar)      P2 (bar)      Ic (amp)      Qc (l/min)    
 6.5842E+02    3.1485E+01    3.9990E+01    1.8944E+01    1.4631E+01    1.4350E+01    4.6745E+01    3.6521E+01    1.1380E+01    4.0256E+00    1.1261E+01    0.0000E+00    8.5388E+00   
 6.5896E+02    3.1486E+01    4.0006E+01    1.8982E+01    1.4692E+01    1.4382E+01    4.6796E+01    3.6560E+01    1.1416E+01    4.0256E+00    1.1282E+01    0.0000E+00    8.4893E+00   
 6.5948E+02    3.1486E+01    4.0035E+01    1.8982E+01    1.4581E+01    1.4382E+01    4.6836E+01    3.6560E+01    1.1460E+01    4.0256E+00    1.1302E+01    0.0000E+00    8.5388E+00   
 6.6000E+02    3.1501E+01    4.0066E+01    1.8790E+01    1.4608E+01    1.4398E+01    4.6854E+01    3.6602E+01    1.1481E+01    4.0256E+00    1.1282E+01    0.0000E+00    8.5141E+00   
 6.6052E+02    3.1523E+01    4.0080E+01    1.8589E+01    1.4620E+01    1.4433E+01    4.6908E+01    3.6634E+01    1.1506E+01    4.0256E+00    1.1261E+01    0.0000E+00    8.5388E+00   
 6.6109E+02    3.1535E+01    4.0121E+01    1.8614E+01    1.4602E+01    1.4453E+01    4.6969E+01    3.6678E+01    1.1536E+01    4.0460E+00    1.1282E+01    0.0000E+00    8.4893E+00   
 6.6161E+02    3.1561E+01    4.0121E+01    1.8736E+01    1.4602E+01    1.4491E+01    4.6969E+01    3.6718E+01    1.1536E+01    4.0460E+00    1.1322E+01    0.0000E+00    8.5635E+00   
 6.6213E+02    3.1561E+01    4.0140E+01    1.8853E+01    1.4641E+01    1.4515E+01    4.7011E+01    3.6743E+01    1.1570E+01    4.0460E+00    1.1322E+01    0.0000E+00    8.5388E+00   
 6.6265E+02    3.1589E+01    4.0152E+01    1.8853E+01    1.4583E+01    1.4521E+01    4.7050E+01    3.6801E+01    1.1605E+01    4.0460E+00    1.1302E+01    0.0000E+00    8.5635E+00   
 6.6321E+02    3.1589E+01    4.0188E+01    1.9023E+01    1.4539E+01    1.4521E+01    4.7099E+01    3.6801E+01    1.1638E+01    4.0460E+00    1.1322E+01    0.0000E+00    8.4893E+00   
 6.6372E+02    3.1606E+01    4.0176E+01    1.9220E+01    1.4510E+01    1.4499E+01    4.7158E+01    3.6819E+01    1.1685E+01    4.0256E+00    1.1302E+01    0.0000E+00    8.4893E+00   
 6.6424E+02    3.1603E+01    4.0213E+01    1.9263E+01    1.4555E+01    1.4487E+01    4.7173E+01    3.6861E+01    1.1749E+01    4.0256E+00    1.1302E+01    0.0000E+00    8.5141E+00   
 6.6476E+02    3.1596E+01    4.0198E+01    1.9305E+01    1.4539E+01    1.4486E+01    4.7158E+01    3.6900E+01    1.1733E+01    4.0256E+00    1.1261E+01    0.0000E+00    8.5388E+00   
 6.6530E+02    3.1590E+01    4.0207E+01    1.9370E+01    1.4483E+01    1.4463E+01    4.7196E+01    3.6922E+01    1.1799E+01    4.0256E+00    1.1282E+01    0.0000E+00    8.4893E+00   
 6.6582E+02    3.1620E+01    4.0221E+01    1.9310E+01    1.4513E+01    1.4452E+01    4.7263E+01    3.6972E+01    1.1863E+01    4.0256E+00    1.1282E+01    0.0000E+00    8.5141E+00   
 6.6634E+02    3.1620E+01    4.0246E+01    1.9310E+01    1.4465E+01    1.4452E+01    4.7315E+01    3.6972E+01    1.1918E+01    4.0460E+00    1.1343E+01    0.0000E+00    8.5388E+00   
 6.6686E+02    3.1620E+01    4.0243E+01    1.9389E+01    1.4556E+01    1.4452E+01    4.7353E+01    3.7007E+01    1.1947E+01    4.0460E+00    1.1343E+01    0.0000E+00    8.5388E+00   
 6.6740E+02    3.1635E+01    4.0239E+01    1.9273E+01    1.4642E+01    1.4431E+01    4.7402E+01    3.7037E+01    1.1990E+01    4.0460E+00    1.1363E+01    0.0000E+00    8.5388E+00   
 6.6792E+02    3.1670E+01    4.0239E+01    1.9100E+01    1.4642E+01    1.4388E+01    4.7402E+01    3.7072E+01    1.1990E+01    4.0460E+00    1.1322E+01    0.0000E+00    8.5388E+00   
 6.6843E+02    3.1676E+01    4.0257E+01    1.8844E+01    1.4565E+01    1.4331E+01    4.7419E+01    3.7119E+01    1.2020E+01    4.0460E+00    1.1302E+01    0.0000E+00    8.5881E+00   
 6.6895E+02    3.1721E+01    4.0290E+01    1.8763E+01    1.4603E+01    1.4278E+01    4.7484E+01    3.7170E+01    1.2070E+01    4.0460E+00    1.1343E+01    0.0000E+00    8.5388E+00   
 6.6951E+02    3.1721E+01    4.0316E+01    1.8763E+01    1.4564E+01    1.4278E+01    4.7531E+01    3.7170E+01    1.2092E+01    4.0460E+00    1.1302E+01    0.0000E+00    8.5141E+00   
 6.7002E+02    3.1731E+01    4.0326E+01    1.8785E+01    1.4751E+01    1.4200E+01    4.7582E+01    3.7196E+01    1.2132E+01    4.0460E+00    1.1343E+01    0.0000E+00    8.4893E+00   
 6.7054E+02    3.1777E+01    4.0351E+01    1.8710E+01    1.4743E+01    1.4115E+01    4.7646E+01    3.7232E+01    1.2198E+01    4.0460E+00    1.1384E+01    0.0000E+00    8.4645E+00   
 6.7106E+02    3.1781E+01    4.0366E+01    1.8949E+01    1.4759E+01    1.3984E+01    4.7631E+01    3.7267E+01    1.2182E+01    4.0460E+00    1.1343E+01    0.0000E+00    8.4893E+00   
 6.7162E+02    3.1803E+01    4.0380E+01    1.9011E+01    1.4654E+01    1.3828E+01    4.7627E+01    3.7294E+01    1.2210E+01    4.0664E+00    1.1404E+01    0.0000E+00    8.5141E+00   
 6.7214E+02    3.1804E+01    4.0394E+01    1.9141E+01    1.4685E+01    1.3501E+01    4.7636E+01    3.7318E+01    1.2213E+01    4.0460E+00    1.1363E+01    0.0000E+00    8.5141E+00   
 6.7266E+02    3.1804E+01    4.0399E+01    1.9141E+01    1.4750E+01    1.3501E+01    4.7687E+01    3.7318E+01    1.2257E+01    4.0460E+00    1.1363E+01    0.0000E+00    8.4893E+00   
 6.7318E+02    3.1826E+01    4.0420E+01    1.9201E+01    1.4736E+01    1.3030E+01    4.7718E+01    3.7341E+01    1.2285E+01    4.0460E+00    1.1404E+01    0.0000E+00    8.5388E+00   
 6.7370E+02    3.1854E+01    4.0460E+01    1.9221E+01    1.4727E+01    1.2526E+01    4.7758E+01    3.7353E+01    1.2319E+01    4.0460E+00    1.1343E+01    0.0000E+00    8.5635E+00   
# Time (s)      T1w (C)       T2w (C)       T1a (C)       T2a (C)       T1r (C)       T2r (C)       T3r (C)       T4r (C)       P1 (bar)      P2 (bar)      Ic (amp)      Qc (l/min)    
 6.7421E+02    3.1896E+01    4.0460E+01    1.9238E+01    1.4727E+01    1.2054E+01    4.7758E+01    3.7384E+01    1.2319E+01    4.0460E+00    1.1322E+01    0.0000E+00    8.5141E+00   
 6.7473E+02    3.1897E+01    4.0469E+01    1.9128E+01    1.4709E+01    1.1804E+01    4.7833E+01    3.7419E+01    1.2350E+01    4.0664E+00    1.1404E+01    0.0000E+00    8.5141E+00   
 6.7525E+02    3.1921E+01    4.0474E+01    1.9041E+01    1.4719E+01    1.1608E+01    4.7873E+01    3.7443E+01    1.2358E+01    4.0460E+00    1.1343E+01    0.0000E+00    8.4893E+00   
 6.7578E+02    3.1921E+01    4.0494E+01    1.9041E+01    1.4664E+01    1.1608E+01    4.7939E+01    3.7443E+01    1.2369E+01    4.0460E+00    1.1404E+01    0.0000E+00    8.4893E+00   
 6.7629E+02    3.1942E+01    4.0494E+01    1.9054E+01    1.4659E+01    1.1358E+01    4.8000E+01    3.7459E+01    1.2361E+01    4.0460E+00    1.1363E+01    0.0000E+00    8.4893E+00   
 6.7682E+02    3.1914E+01    4.0508E+01    1.9219E+01    1.4720E+01    1.1163E+01    4.7992E+01    3.7463E+01    1.2307E+01    4.0664E+00    1.1445E+01    0.0000E+00    8.5141E+00   
 6.7734E+02    3.1940E+01    4.0508E+01    1.9219E+01    1.4720E+01    1.1033E+01    4.7992E+01    3.7484E+01    1.2307E+01    4.0664E+00    1.1363E+01    0.0000E+00    8.4893E+00   
 6.7787E+02    3.1932E+01    4.0523E+01    1.9241E+01    1.4719E+01    1.1001E+01    4.8016E+01    3.7491E+01    1.2254E+01    4.0664E+00    1.1445E+01    0.0000E+00    8.5141E+00   
 6.7839E+02    3.1962E+01    4.0522E+01    1.9251E+01    1.4764E+01    1.0950E+01    4.8075E+01    3.7513E+01    1.2180E+01    4.0664E+00    1.1384E+01    0.0000E+00    8.4645E+00   
 6.7891E+02    3.1962E+01    4.0528E+01    1.9251E+01    1.4697E+01    1.0966E+01    4.8116E+01    3.7528E+01    1.2111E+01    4.0868E+00    1.1404E+01    0.0000E+00    8.4893E+00   
 6.7943E+02    3.1987E+01    4.0554E+01    1.9231E+01    1.4588E+01    1.0924E+01    4.8137E+01    3.7512E+01    1.2062E+01    4.0868E+00    1.1445E+01    0.0000E+00    8.4645E+00   
 6.7997E+02    3.2042E+01    4.0586E+01    1.9333E+01    1.4601E+01    1.0910E+01    4.8207E+01    3.7545E+01    1.2019E+01    4.0868E+00    1.1404E+01    0.0000E+00    8.4645E+00   
 6.8049E+02    3.2075E+01    4.0586E+01    1.9398E+01    1.4601E+01    1.0871E+01    4.8207E+01    3.7536E+01    1.2019E+01    4.0868E+00    1.1465E+01    0.0000E+00    8.5141E+00   
 6.8101E+02    3.2087E+01    4.0595E+01    1.9474E+01    1.4658E+01    1.0828E+01    4.8250E+01    3.7556E+01    1.2003E+01    4.0868E+00    1.1506E+01    0.0000E+00    8.4893E+00   
 6.8152E+02    3.2087E+01    4.0613E+01    1.9322E+01    1.4711E+01    1.0783E+01    4.8271E+01    3.7548E+01    1.1942E+01    4.0664E+00    1.1445E+01    0.0000E+00    8.4893E+00   
 6.8209E+02    3.2071E+01    4.0639E+01    1.9306E+01    1.4615E+01    1.0783E+01    4.8302E+01    3.7548E+01    1.1919E+01    4.0664E+00    1.1465E+01    0.0000E+00    8.4893E+00   
 6.8261E+02    3.2084E+01    4.0665E+01    1.9167E+01    1.4650E+01    1.0740E+01    4.8313E+01    3.7540E+01    1.1885E+01    4.0664E+00    1.1445E+01    0.0000E+00    8.4893E+00   
 6.8312E+02    3.2109E+01    4.0662E+01    1.9105E+01    1.4570E+01    1.0682E+01    4.8359E+01    3.7518E+01    1.1857E+01    4.0664E+00    1.1445E+01    0.0000E+00    8.4893E+00   
 6.8364E+02    3.2093E+01    4.0662E+01    1.9013E+01    1.4570E+01    1.0666E+01    4.8359E+01    3.7511E+01    1.1857E+01    4.0664E+00    1.1465E+01    0.0000E+00    8.4645E+00   
 6.8420E+02    3.2123E+01    4.0686E+01    1.8826E+01    1.4562E+01    1.0618E+01    4.8404E+01    3.7496E+01    1.1821E+01    4.0664E+00    1.1485E+01    0.0000E+00    8.4893E+00   
 6.8472E+02    3.2126E+01    4.0724E+01    1.8709E+01    1.4546E+01    1.0604E+01    4.8447E+01    3.7483E+01    1.1787E+01    4.0664E+00    1.1485E+01    0.0000E+00    8.4893E+00   
 6.8524E+02    3.2126E+01    4.0747E+01    1.8709E+01    1.4499E+01    1.0604E+01    4.8442E+01    3.7483E+01    1.1763E+01    4.0664E+00    1.1546E+01    0.0000E+00    8.4893E+00   
 6.8576E+02    3.2167E+01    4.0769E+01    1.8576E+01    1.4506E+01    1.0573E+01    4.8450E+01    3.7480E+01    1.1720E+01    4.0664E+00    1.1485E+01    0.0000E+00    8.5141E+00   
 6.8630E+02    3.2182E+01    4.0809E+01    1.8751E+01    1.4621E+01    1.0557E+01    4.8440E+01    3.7440E+01    1.1696E+01    4.0868E+00    1.1506E+01    0.0000E+00    8.4893E+00   
 6.8682E+02    3.2213E+01    4.0807E+01    1.8712E+01    1.4658E+01    1.0534E+01    4.8424E+01    3.7419E+01    1.1661E+01    4.0664E+00    1.1567E+01    0.0000E+00    8.5141E+00   
 6.8734E+02    3.2246E+01    4.0807E+01    1.8667E+01    1.4658E+01    1.0528E+01    4.8424E+01    3.7404E+01    1.1661E+01    4.0664E+00    1.1526E+01    0.0000E+00    8.4645E+00   
 6.8786E+02    3.2257E+01    4.0849E+01    1.8691E+01    1.4539E+01    1.0522E+01    4.8416E+01    3.7373E+01    1.1629E+01    4.0664E+00    1.1526E+01    0.0000E+00    8.4645E+00   
 6.8839E+02    3.2295E+01    4.0870E+01    1.8650E+01    1.4465E+01    1.0521E+01    4.8383E+01    3.7361E+01    1.1609E+01    4.0664E+00    1.1587E+01    0.0000E+00    8.4893E+00   
 6.8891E+02    3.2279E+01    4.0872E+01    1.8635E+01    1.4558E+01    1.0521E+01    4.8357E+01    3.7361E+01    1.1572E+01    4.0664E+00    1.1587E+01    0.0000E+00    8.5141E+00   
 6.8943E+02    3.2308E+01    4.0892E+01    1.8943E+01    1.4558E+01    1.0486E+01    4.8322E+01    3.7352E+01    1.1542E+01    4.0664E+00    1.1526E+01    0.0000E+00    8.5141E+00   
# Time (s)      T1w (C)       T2w (C)       T1a (C)       T2a (C)       T1r (C)       T2r (C)       T3r (C)       T4r (C)       P1 (bar)      P2 (bar)      Ic (amp)      Qc (l/min)    
 6.8995E+02    3.2357E+01    4.0907E+01    1.8851E+01    1.4573E+01    1.0456E+01    4.8322E+01    3.7326E+01    1.1522E+01    4.0664E+00    1.1607E+01    0.0000E+00    8.4893E+00   
 6.9050E+02    3.2381E+01    4.0943E+01    1.9101E+01    1.4523E+01    1.0445E+01    4.8300E+01    3.7288E+01    1.1522E+01    4.0868E+00    1.1628E+01    0.0000E+00    8.4893E+00   
 6.9102E+02    3.2402E+01    4.0944E+01    1.9272E+01    1.4444E+01    1.0449E+01    4.8286E+01    3.7251E+01    1.1480E+01    4.0868E+00    1.1607E+01    0.0000E+00    8.4645E+00   
 6.9154E+02    3.2431E+01    4.0963E+01    1.9135E+01    1.4485E+01    1.0449E+01    4.8259E+01    3.7217E+01    1.1454E+01    4.0868E+00    1.1546E+01    0.0000E+00    8.4645E+00   
 6.9206E+02    3.2415E+01    4.0951E+01    1.9119E+01    1.4509E+01    1.0447E+01    4.8275E+01    3.7217E+01    1.1403E+01    4.0868E+00    1.1587E+01    0.0000E+00    8.5141E+00   
 6.9261E+02    3.2424E+01    4.0995E+01    1.9002E+01    1.4534E+01    1.0439E+01    4.8264E+01    3.7191E+01    1.1371E+01    4.0868E+00    1.1567E+01    0.0000E+00    8.4893E+00   
 6.9313E+02    3.2486E+01    4.1025E+01    1.8837E+01    1.4475E+01    1.0404E+01    4.8219E+01    3.7164E+01    1.1327E+01    4.0664E+00    1.1567E+01    0.0000E+00    8.5141E+00   
 6.9365E+02    3.2491E+01    4.1025E+01    1.8623E+01    1.4475E+01    1.0374E+01    4.8219E+01    3.7128E+01    1.1327E+01    4.0664E+00    1.1587E+01    0.0000E+00    8.4893E+00   
 6.9417E+02    3.2492E+01    4.1035E+01    1.8462E+01    1.4375E+01    1.0344E+01    4.8219E+01    3.7101E+01    1.1301E+01    4.0868E+00    1.1648E+01    0.0000E+00    8.4645E+00   
 6.9470E+02    3.2510E+01    4.1062E+01    1.8437E+01    1.4450E+01    1.0341E+01    4.8232E+01    3.7076E+01    1.1286E+01    4.0664E+00    1.1607E+01    0.0000E+00    8.4645E+00   
 6.9522E+02    3.2495E+01    4.1090E+01    1.8422E+01    1.4518E+01    1.0341E+01    4.8225E+01    3.7076E+01    1.1249E+01    4.0664E+00    1.1628E+01    0.0000E+00    8.5141E+00   
 6.9574E+02    3.2520E+01    4.1109E+01    1.8722E+01    1.4509E+01    1.0307E+01    4.8206E+01    3.7043E+01    1.1216E+01    4.0868E+00    1.1648E+01    0.0000E+00    8.4645E+00   
 6.9626E+02    3.2514E+01    4.1129E+01    1.8902E+01    1.4389E+01    1.0297E+01    4.8206E+01    3.7011E+01    1.1193E+01    4.0664E+00    1.1628E+01    0.0000E+00    8.4645E+00   
 6.9679E+02    3.2551E+01    4.1129E+01    1.8854E+01    1.4389E+01    1.0288E+01    4.8206E+01    3.6981E+01    1.1193E+01    4.0868E+00    1.1689E+01    0.0000E+00    8.4893E+00   
 6.9730E+02    3.2532E+01    4.1120E+01    1.8904E+01    1.4404E+01    1.0256E+01    4.8220E+01    3.6950E+01    1.1135E+01    4.0868E+00    1.1628E+01    0.0000E+00    8.4893E+00   
 6.9783E+02    3.2540E+01    4.1140E+01    1.8876E+01    1.4408E+01    1.0246E+01    4.8207E+01    3.6946E+01    1.1125E+01    4.0664E+00    1.1669E+01    0.0000E+00    8.4893E+00   
 6.9835E+02    3.2524E+01    4.1147E+01    1.8860E+01    1.4420E+01    1.0230E+01    4.8171E+01    3.6931E+01    1.1073E+01    4.0868E+00    1.1709E+01    0.0000E+00    8.4645E+00   
 6.9887E+02    3.2526E+01    4.1167E+01    1.8928E+01    1.4374E+01    1.0182E+01    4.8165E+01    3.6892E+01    1.1040E+01    4.0868E+00    1.1628E+01    0.0000E+00    8.4893E+00   
 6.9939E+02    3.2554E+01    4.1199E+01    1.8846E+01    1.4402E+01    1.0189E+01    4.8172E+01    3.6867E+01    1.0987E+01    4.0664E+00    1.1730E+01    0.0000E+00    8.5141E+00   
 6.9991E+02    3.2567E+01    4.1199E+01    1.8879E+01    1.4402E+01    1.0182E+01    4.8172E+01    3.6843E+01    1.0987E+01    4.0664E+00    1.1648E+01    0.0000E+00    8.5141E+00   
 7.0043E+02    3.2579E+01    4.1223E+01    1.8804E+01    1.4351E+01    1.0159E+01    4.8199E+01    3.6821E+01    1.0964E+01    4.0664E+00    1.1730E+01    0.0000E+00    8.5141E+00   
 7.0097E+02    3.2632E+01    4.1248E+01    1.8887E+01    1.4477E+01    1.0138E+01    4.8199E+01    3.6787E+01    1.0924E+01    4.0664E+00    1.1709E+01    0.0000E+00    8.4893E+00   
 7.0149E+02    3.2632E+01    4.1301E+01    1.8887E+01    1.4492E+01    1.0138E+01    4.8206E+01    3.6787E+01    1.0928E+01    4.0664E+00    1.1770E+01    0.0000E+00    8.5141E+00   
 7.0201E+02    3.2636E+01    4.1309E+01    1.8898E+01    1.4460E+01    1.0131E+01    4.8233E+01    3.6783E+01    1.0878E+01    4.0664E+00    1.1750E+01    0.0000E+00    8.4893E+00   
 7.0253E+02    3.2654E+01    4.1314E+01    1.8875E+01    1.4550E+01    1.0154E+01    4.8212E+01    3.6761E+01    1.0854E+01    4.0868E+00    1.1770E+01    0.0000E+00    8.5141E+00   
 7.0305E+02    3.2671E+01    4.1329E+01    1.8949E+01    1.4566E+01    1.0204E+01    4.8226E+01    3.6755E+01    1.0870E+01    4.0664E+00    1.1770E+01    0.0000E+00    8.4893E+00   
 7.0357E+02    3.2688E+01    4.1369E+01    1.8916E+01    1.4505E+01    1.0228E+01    4.8220E+01    3.6734E+01    1.0854E+01    4.0664E+00    1.1709E+01    0.0000E+00    8.5141E+00   
 7.0409E+02    3.2703E+01    4.1401E+01    1.8932E+01    1.4532E+01    1.0228E+01    4.8216E+01    3.6734E+01    1.0824E+01    4.0664E+00    1.1770E+01    0.0000E+00    8.5141E+00   
 7.0461E+02    3.2721E+01    4.1391E+01    1.8961E+01    1.4495E+01    1.0229E+01    4.8172E+01    3.6721E+01    1.0777E+01    4.0664E+00    1.1750E+01    0.0000E+00    8.4395E+00   
 7.0515E+02    3.2757E+01    4.1448E+01    1.8827E+01    1.4514E+01    1.0239E+01    4.8149E+01    3.6707E+01    1.0781E+01    4.0460E+00    1.1709E+01    0.0000E+00    8.4145E+00   
# Time (s)      T1w (C)       T2w (C)       T1a (C)       T2a (C)       T1r (C)       T2r (C)       T3r (C)       T4r (C)       P1 (bar)      P2 (bar)      Ic (amp)      Qc (l/min)    
 7.0567E+02    3.2764E+01    4.1477E+01    1.8865E+01    1.4461E+01    1.0246E+01    4.8178E+01    3.6683E+01    1.0728E+01    4.0460E+00    1.1730E+01    0.0000E+00    8.4893E+00   
 7.0619E+02    3.2802E+01    4.1492E+01    1.8721E+01    1.4477E+01    1.0324E+01    4.8178E+01    3.6670E+01    1.0728E+01    4.0460E+00    1.1709E+01    0.0000E+00    8.4893E+00   
 7.0671E+02    3.2797E+01    4.1500E+01    1.8715E+01    1.4543E+01    1.0395E+01    4.8243E+01    3.6647E+01    1.0713E+01    4.0460E+00    1.1709E+01    0.0000E+00    8.4893E+00   
 7.0724E+02    3.2782E+01    4.1505E+01    1.8676E+01    1.4536E+01    1.0497E+01    4.8330E+01    3.6647E+01    1.0676E+01    4.0256E+00    1.1730E+01    0.0000E+00    8.4893E+00   
 7.0776E+02    3.2818E+01    4.1534E+01    1.8676E+01    1.4455E+01    1.0497E+01    4.8382E+01    3.6628E+01    1.0646E+01    4.0460E+00    1.1770E+01    0.0000E+00    8.4893E+00   
 7.0828E+02    3.2794E+01    4.1536E+01    1.8770E+01    1.4419E+01    1.0567E+01    4.8416E+01    3.6595E+01    1.0597E+01    4.0256E+00    1.1709E+01    0.0000E+00    8.4893E+00   
 7.0881E+02    3.2818E+01    4.1555E+01    1.8688E+01    1.4395E+01    1.0643E+01    4.8416E+01    3.6593E+01    1.0597E+01    4.0460E+00    1.1730E+01    0.0000E+00    8.5141E+00   
 7.0934E+02    3.2833E+01    4.1540E+01    1.8638E+01    1.4379E+01    1.0754E+01    4.8476E+01    3.6570E+01    1.0554E+01    4.0460E+00    1.1770E+01    0.0000E+00    8.4893E+00   
 7.0986E+02    3.2856E+01    4.1544E+01    1.8666E+01    1.4380E+01    1.0855E+01    4.8524E+01    3.6550E+01    1.0541E+01    4.0256E+00    1.1791E+01    0.0000E+00    8.5388E+00   
 7.1038E+02    3.2841E+01    4.1561E+01    1.8651E+01    1.4474E+01    1.0839E+01    4.8594E+01    3.6535E+01    1.0514E+01    4.0256E+00    1.1750E+01    0.0000E+00    8.5141E+00   
 7.1090E+02    3.2864E+01    4.1572E+01    1.8623E+01    1.4479E+01    1.0936E+01    4.8641E+01    3.6548E+01    1.0488E+01    4.0256E+00    1.1709E+01    0.0000E+00    8.5388E+00   
 7.1145E+02    3.2877E+01    4.1556E+01    1.8550E+01    1.4520E+01    1.1023E+01    4.8670E+01    3.6538E+01    1.0466E+01    4.0256E+00    1.1791E+01    0.0000E+00    8.4893E+00   
 7.1196E+02    3.2913E+01    4.1581E+01    1.8527E+01    1.4476E+01    1.1142E+01    4.8697E+01    3.6529E+01    1.0456E+01    4.0256E+00    1.1791E+01    0.0000E+00    8.4645E+00   
 7.1248E+02    3.2927E+01    4.1566E+01    1.8518E+01    1.4460E+01    1.1228E+01    4.8697E+01    3.6547E+01    1.0456E+01    4.0052E+00    1.1750E+01    0.0000E+00    8.5141E+00   
 7.1300E+02    3.2950E+01    4.1585E+01    1.8441E+01    1.4451E+01    1.1335E+01    4.8732E+01    3.6557E+01    1.0461E+01    4.0052E+00    1.1709E+01    0.0000E+00    8.4645E+00   
 7.1357E+02    3.2940E+01    4.1583E+01    1.8309E+01    1.4446E+01    1.1420E+01    4.8763E+01    3.6563E+01    1.0458E+01    4.0052E+00    1.1811E+01    0.0000E+00    8.4893E+00   
 7.1409E+02    3.2925E+01    4.1588E+01    1.8293E+01    1.4387E+01    1.1420E+01    4.8831E+01    3.6563E+01    1.0460E+01    4.0052E+00    1.1750E+01    0.0000E+00    8.4645E+00   
 7.1461E+02    3.2957E+01    4.1611E+01    1.8453E+01    1.4476E+01    1.1523E+01    4.8878E+01    3.6578E+01    1.0455E+01    4.0052E+00    1.1791E+01    0.0000E+00    8.4893E+00   
 7.1513E+02    3.3010E+01    4.1623E+01    1.8382E+01    1.4408E+01    1.1603E+01    4.8910E+01    3.6625E+01    1.0473E+01    4.0052E+00    1.1750E+01    0.0000E+00    8.4893E+00   
 7.1567E+02    3.2985E+01    4.1623E+01    1.8624E+01    1.4408E+01    1.1684E+01    4.8910E+01    3.6633E+01    1.0473E+01    4.0052E+00    1.1709E+01    0.0000E+00    8.4645E+00   
 7.1619E+02    3.3007E+01    4.1626E+01    1.8794E+01    1.4487E+01    1.1765E+01    4.8933E+01    3.6649E+01    1.0463E+01    3.9848E+00    1.1750E+01    0.0000E+00    8.4893E+00   
 7.1671E+02    3.3022E+01    4.1638E+01    1.8888E+01    1.4509E+01    1.1862E+01    4.8983E+01    3.6679E+01    1.0465E+01    4.0052E+00    1.1811E+01    0.0000E+00    8.5141E+00   
 7.1723E+02    3.3037E+01    4.1666E+01    1.8904E+01    1.4568E+01    1.1862E+01    4.9024E+01    3.6679E+01    1.0466E+01    4.0052E+00    1.1770E+01    0.0000E+00    8.4893E+00   
 7.1777E+02    3.3016E+01    4.1645E+01    1.9079E+01    1.4535E+01    1.1954E+01    4.9087E+01    3.6699E+01    1.0484E+01    4.0052E+00    1.1730E+01    0.0000E+00    8.4645E+00   
 7.1829E+02    3.3052E+01    4.1704E+01    1.8915E+01    1.4595E+01    1.2047E+01    4.9144E+01    3.6744E+01    1.0514E+01    4.0052E+00    1.1750E+01    0.0000E+00    8.4645E+00   
 7.1882E+02    3.3070E+01    4.1704E+01    1.8690E+01    1.4595E+01    1.2126E+01    4.9144E+01    3.6776E+01    1.0514E+01    4.0052E+00    1.1811E+01    0.0000E+00    8.4893E+00   
 7.1934E+02    3.3100E+01    4.1741E+01    1.8513E+01    1.4618E+01    1.2224E+01    4.9171E+01    3.6821E+01    1.0549E+01    4.0052E+00    1.1750E+01    0.0000E+00    8.5141E+00   
 7.1987E+02    3.3158E+01    4.1746E+01    1.8569E+01    1.4618E+01    1.2312E+01    4.9215E+01    3.6863E+01    1.0572E+01    3.9848E+00    1.1730E+01    0.0000E+00    8.4645E+00   
 7.2039E+02    3.3158E+01    4.1764E+01    1.8569E+01    1.4556E+01    1.2328E+01    4.9252E+01    3.6878E+01    1.0624E+01    3.9848E+00    1.1770E+01    0.0000E+00    8.5141E+00   
 7.2091E+02    3.3166E+01    4.1782E+01    1.8539E+01    1.4617E+01    1.2400E+01    4.9243E+01    3.6918E+01    1.0655E+01    4.0052E+00    1.1831E+01    0.0000E+00    8.4893E+00   
# Time (s)      T1w (C)       T2w (C)       T1a (C)       T2a (C)       T1r (C)       T2r (C)       T3r (C)       T4r (C)       P1 (bar)      P2 (bar)      Ic (amp)      Qc (l/min)    
 7.2143E+02    3.3206E+01    4.1799E+01    1.8639E+01    1.4553E+01    1.2520E+01    4.9274E+01    3.6992E+01    1.0694E+01    4.0052E+00    1.1831E+01    0.0000E+00    8.4893E+00   
 7.2197E+02    3.3217E+01    4.1799E+01    1.8751E+01    1.4553E+01    1.2588E+01    4.9274E+01    3.7033E+01    1.0694E+01    4.0052E+00    1.1791E+01    0.0000E+00    8.5635E+00   
 7.2249E+02    3.3269E+01    4.1810E+01    1.8669E+01    1.4559E+01    1.2658E+01    4.9280E+01    3.7068E+01    1.0713E+01    4.0052E+00    1.1831E+01    0.0000E+00    8.4893E+00   
 7.2301E+02    3.3290E+01    4.1820E+01    1.8632E+01    1.4495E+01    1.2749E+01    4.9302E+01    3.7106E+01    1.0741E+01    3.9848E+00    1.1750E+01    0.0000E+00    8.4893E+00   
 7.2353E+02    3.3290E+01    4.1858E+01    1.8632E+01    1.4563E+01    1.2749E+01    4.9306E+01    3.7106E+01    1.0768E+01    3.9848E+00    1.1852E+01    0.0000E+00    8.4395E+00   
 7.2408E+02    3.3326E+01    4.1860E+01    1.8778E+01    1.4513E+01    1.2840E+01    4.9323E+01    3.7155E+01    1.0792E+01    3.9848E+00    1.1791E+01    0.0000E+00    8.4645E+00   
 7.2460E+02    3.3337E+01    4.1860E+01    1.8867E+01    1.4418E+01    1.2902E+01    4.9393E+01    3.7208E+01    1.0813E+01    4.0052E+00    1.1831E+01    0.0000E+00    8.4893E+00   
 7.2512E+02    3.3340E+01    4.1845E+01    1.8958E+01    1.4402E+01    1.2965E+01    4.9393E+01    3.7261E+01    1.0813E+01    4.0052E+00    1.1750E+01    0.0000E+00    8.5141E+00   
 7.2564E+02    3.3384E+01    4.1876E+01    1.8921E+01    1.4478E+01    1.3047E+01    4.9419E+01    3.7305E+01    1.0845E+01    3.9848E+00    1.1791E+01    0.0000E+00    8.4893E+00   
 7.2618E+02    3.3386E+01    4.1856E+01    1.8857E+01    1.4412E+01    1.3149E+01    4.9479E+01    3.7389E+01    1.0904E+01    3.9848E+00    1.1852E+01    0.0000E+00    8.5388E+00   
 7.2670E+02    3.3386E+01    4.1871E+01    1.8857E+01    1.4407E+01    1.3149E+01    4.9543E+01    3.7389E+01    1.0936E+01    3.9848E+00    1.1791E+01    0.0000E+00    8.5388E+00   
 7.2722E+02    3.3367E+01    4.1896E+01    1.8912E+01    1.4452E+01    1.3245E+01    4.9591E+01    3.7451E+01    1.0958E+01    3.9848E+00    1.1750E+01    0.0000E+00    8.4893E+00   
 7.2774E+02    3.3384E+01    4.1898E+01    1.8829E+01    1.4422E+01    1.3306E+01    4.9644E+01    3.7509E+01    1.1002E+01    4.0052E+00    1.1770E+01    0.0000E+00    8.4893E+00   
 7.2826E+02    3.3416E+01    4.1883E+01    1.8776E+01    1.4407E+01    1.3377E+01    4.9644E+01    3.7569E+01    1.1002E+01    3.9848E+00    1.1791E+01    0.0000E+00    8.5388E+00   
 7.2878E+02    3.3443E+01    4.1902E+01    1.8762E+01    1.4380E+01    1.3443E+01    4.9702E+01    3.7632E+01    1.1043E+01    4.0052E+00    1.1750E+01    0.0000E+00    8.4893E+00   
 7.2931E+02    3.3460E+01    4.1922E+01    1.8613E+01    1.4406E+01    1.3500E+01    4.9738E+01    3.7689E+01    1.1071E+01    4.0052E+00    1.1791E+01    0.0000E+00    8.5141E+00   
 7.2983E+02    3.3460E+01    4.1945E+01    1.8613E+01    1.4455E+01    1.3500E+01    4.9770E+01    3.7689E+01    1.1107E+01    4.0052E+00    1.1852E+01    0.0000E+00    8.4893E+00   
 7.3036E+02    3.3484E+01    4.1937E+01    1.8388E+01    1.4379E+01    1.3547E+01    4.9768E+01    3.7720E+01    1.1126E+01    3.9848E+00    1.1770E+01    0.0000E+00    8.4893E+00   
 7.3088E+02    3.3495E+01    4.1955E+01    1.8315E+01    1.4335E+01    1.3621E+01    4.9810E+01    3.7773E+01    1.1185E+01    4.0052E+00    1.1811E+01    0.0000E+00    8.5141E+00   
 7.3140E+02    3.3491E+01    4.1940E+01    1.8185E+01    1.4319E+01    1.3676E+01    4.9810E+01    3.7831E+01    1.1185E+01    4.0052E+00    1.1872E+01    0.0000E+00    8.4893E+00   
 7.3192E+02    3.3501E+01    4.1970E+01    1.8245E+01    1.4403E+01    1.3760E+01    4.9848E+01    3.7884E+01    1.1191E+01    4.0052E+00    1.1872E+01    0.0000E+00    8.4893E+00   
 7.3245E+02    3.3531E+01    4.1986E+01    1.8492E+01    1.4429E+01    1.3818E+01    4.9875E+01    3.7945E+01    1.1241E+01    4.0052E+00    1.1872E+01    0.0000E+00    8.4893E+00   
 7.3297E+02    3.3531E+01    4.2006E+01    1.8492E+01    1.4421E+01    1.3818E+01    4.9945E+01    3.7945E+01    1.1282E+01    4.0052E+00    1.1872E+01    0.0000E+00    8.4893E+00   
 7.3349E+02    3.3523E+01    4.2015E+01    1.8624E+01    1.4365E+01    1.3868E+01    4.9978E+01    3.7999E+01    1.1317E+01    4.0052E+00    1.1791E+01    0.0000E+00    8.5388E+00   
 7.3401E+02    3.3558E+01    4.2031E+01    1.8707E+01    1.4391E+01    1.3929E+01    5.0009E+01    3.8045E+01    1.1337E+01    4.0052E+00    1.1831E+01    0.0000E+00    8.4893E+00   
 7.3457E+02    3.3589E+01    4.2016E+01    1.8683E+01    1.4375E+01    1.3991E+01    5.0009E+01    3.8098E+01    1.1337E+01    4.0256E+00    1.1872E+01    0.0000E+00    8.5141E+00   
 7.3509E+02    3.3601E+01    4.2024E+01    1.8649E+01    1.4423E+01    1.4036E+01    5.0056E+01    3.8139E+01    1.1375E+01    4.0256E+00    1.1811E+01    0.0000E+00    8.5141E+00   
 7.3561E+02    3.3629E+01    4.2064E+01    1.8721E+01    1.4405E+01    1.4087E+01    5.0111E+01    3.8190E+01    1.1412E+01    4.0256E+00    1.1872E+01    0.0000E+00    8.4893E+00   
 7.3613E+02    3.3629E+01    4.2074E+01    1.8721E+01    1.4454E+01    1.4087E+01    5.0163E+01    3.8190E+01    1.1445E+01    4.0256E+00    1.1893E+01    0.0000E+00    8.4645E+00   
 7.3667E+02    3.3676E+01    4.2110E+01    1.8641E+01    1.4468E+01    1.4106E+01    5.0201E+01    3.8210E+01    1.1452E+01    4.0256E+00    1.1811E+01    0.0000E+00    8.4645E+00   
# Time (s)      T1w (C)       T2w (C)       T1a (C)       T2a (C)       T1r (C)       T2r (C)       T3r (C)       T4r (C)       P1 (bar)      P2 (bar)      Ic (amp)      Qc (l/min)    
 7.3719E+02    3.3681E+01    4.2103E+01    1.8695E+01    1.4450E+01    1.4152E+01    5.0235E+01    3.8268E+01    1.1501E+01    4.0256E+00    1.1872E+01    0.0000E+00    8.4893E+00   
 7.3771E+02    3.3681E+01    4.2118E+01    1.8866E+01    1.4450E+01    1.4173E+01    5.0270E+01    3.8299E+01    1.1529E+01    4.0256E+00    1.1933E+01    0.0000E+00    8.4893E+00   
 7.3823E+02    3.3696E+01    4.2156E+01    1.8893E+01    1.4379E+01    1.4231E+01    5.0270E+01    3.8343E+01    1.1529E+01    4.0256E+00    1.1831E+01    0.0000E+00    8.4893E+00   
 7.3877E+02    3.3719E+01    4.2177E+01    1.8914E+01    1.4445E+01    1.4281E+01    5.0321E+01    3.8408E+01    1.1564E+01    4.0256E+00    1.1852E+01    0.0000E+00    8.4645E+00   
 7.3929E+02    3.3704E+01    4.2159E+01    1.8853E+01    1.4387E+01    1.4314E+01    5.0340E+01    3.8448E+01    1.1590E+01    4.0460E+00    1.1831E+01    0.0000E+00    8.4893E+00   
 7.3982E+02    3.3690E+01    4.2167E+01    1.8853E+01    1.4481E+01    1.4314E+01    5.0348E+01    3.8448E+01    1.1618E+01    4.0460E+00    1.1872E+01    0.0000E+00    8.5141E+00   
 7.4034E+02    3.3692E+01    4.2203E+01    1.8562E+01    1.4334E+01    1.4350E+01    5.0371E+01    3.8482E+01    1.1665E+01    4.0460E+00    1.1933E+01    0.0000E+00    8.4893E+00   
 7.4087E+02    3.3727E+01    4.2212E+01    1.8472E+01    1.4347E+01    1.4378E+01    5.0377E+01    3.8538E+01    1.1674E+01    4.0460E+00    1.1893E+01    0.0000E+00    8.5141E+00   
 7.4139E+02    3.3716E+01    4.2197E+01    1.8478E+01    1.4331E+01    1.4371E+01    5.0362E+01    3.8528E+01    1.1658E+01    4.0460E+00    1.1913E+01    0.0000E+00    8.4893E+00   
 7.4191E+02    3.3756E+01    4.2220E+01    1.8469E+01    1.4268E+01    1.4374E+01    5.0372E+01    3.8596E+01    1.1711E+01    4.0256E+00    1.1872E+01    0.0000E+00    8.4893E+00   
 7.4243E+02    3.3741E+01    4.2238E+01    1.8454E+01    1.4349E+01    1.4358E+01    5.0350E+01    3.8581E+01    1.1736E+01    4.0052E+00    1.1872E+01    0.0000E+00    8.5141E+00   
 7.4295E+02    3.3718E+01    4.2255E+01    1.8522E+01    1.4373E+01    1.4344E+01    5.0374E+01    3.8623E+01    1.1822E+01    4.0256E+00    1.1933E+01    0.0000E+00    8.4893E+00   
 7.4347E+02    3.3714E+01    4.2269E+01    1.8639E+01    1.4472E+01    1.4349E+01    5.0415E+01    3.8656E+01    1.1899E+01    4.0256E+00    1.1913E+01    0.0000E+00    8.4893E+00   
 7.4399E+02    3.3764E+01    4.2269E+01    1.8515E+01    1.4472E+01    1.4318E+01    5.0415E+01    3.8676E+01    1.1899E+01    4.0256E+00    1.1954E+01    0.0000E+00    8.4645E+00   
 7.4451E+02    3.3775E+01    4.2269E+01    1.8455E+01    1.4361E+01    1.4269E+01    5.0487E+01    3.8720E+01    1.1962E+01    4.0460E+00    1.1872E+01    0.0000E+00    8.4893E+00   
 7.4504E+02    3.3782E+01    4.2296E+01    1.8444E+01    1.4425E+01    1.4212E+01    5.0527E+01    3.8760E+01    1.2004E+01    4.0460E+00    1.1954E+01    0.0000E+00    8.4893E+00   
 7.4556E+02    3.3767E+01    4.2285E+01    1.8428E+01    1.4405E+01    1.4228E+01    5.0597E+01    3.8776E+01    1.2085E+01    4.0460E+00    1.1913E+01    0.0000E+00    8.4893E+00   
 7.4608E+02    3.3769E+01    4.2303E+01    1.8559E+01    1.4461E+01    1.4154E+01    5.0613E+01    3.8807E+01    1.2091E+01    4.0460E+00    1.1954E+01    0.0000E+00    8.4893E+00   
 7.4660E+02    3.3787E+01    4.2298E+01    1.8597E+01    1.4414E+01    1.4079E+01    5.0643E+01    3.8859E+01    1.2153E+01    4.0460E+00    1.1852E+01    0.0000E+00    8.5141E+00   
 7.4713E+02    3.3799E+01    4.2298E+01    1.8608E+01    1.4414E+01    1.3991E+01    5.0643E+01    3.8900E+01    1.2153E+01    4.0664E+00    1.1913E+01    0.0000E+00    8.5141E+00   
 7.4765E+02    3.3818E+01    4.2332E+01    1.8621E+01    1.4503E+01    1.3868E+01    5.0645E+01    3.8916E+01    1.2165E+01    4.0664E+00    1.1994E+01    0.0000E+00    8.4645E+00   
 7.4817E+02    3.3870E+01    4.2333E+01    1.8579E+01    1.4542E+01    1.3737E+01    5.0649E+01    3.8948E+01    1.2186E+01    4.0664E+00    1.1974E+01    0.0000E+00    8.4893E+00   
 7.4869E+02    3.3855E+01    4.2336E+01    1.8563E+01    1.4527E+01    1.3721E+01    5.0660E+01    3.8933E+01    1.2215E+01    4.0664E+00    1.1913E+01    0.0000E+00    8.4893E+00   
 7.4923E+02    3.3860E+01    4.2351E+01    1.8621E+01    1.4631E+01    1.3425E+01    5.0672E+01    3.8984E+01    1.2247E+01    4.0664E+00    1.1954E+01    0.0000E+00    8.5141E+00   
 7.4975E+02    3.3886E+01    4.2363E+01    1.8622E+01    1.4626E+01    1.3027E+01    5.0658E+01    3.9000E+01    1.2273E+01    4.0868E+00    1.1913E+01    0.0000E+00    8.4893E+00   
 7.5027E+02    3.3917E+01    4.2363E+01    1.8645E+01    1.4626E+01    1.2571E+01    5.0658E+01    3.9029E+01    1.2273E+01    4.0868E+00    1.1974E+01    0.0000E+00    8.4645E+00   
 7.5079E+02    3.3937E+01    4.2393E+01    1.8642E+01    1.4589E+01    1.2099E+01    5.0691E+01    3.9035E+01    1.2285E+01    4.0868E+00    1.1994E+01    0.0000E+00    8.5141E+00   
 7.5131E+02    3.3972E+01    4.2403E+01    1.8701E+01    1.4615E+01    1.1649E+01    5.0689E+01    3.9080E+01    1.2320E+01    4.0868E+00    1.1913E+01    0.0000E+00    8.5141E+00   
 7.5183E+02    3.3987E+01    4.2430E+01    1.8717E+01    1.4615E+01    1.1649E+01    5.0704E+01    3.9080E+01    1.2357E+01    4.0868E+00    1.1933E+01    0.0000E+00    8.4645E+00   
 7.5235E+02    3.4036E+01    4.2449E+01    1.8653E+01    1.4618E+01    1.1430E+01    5.0709E+01    3.9102E+01    1.2355E+01    4.0664E+00    1.1933E+01    0.0000E+00    8.4893E+00   
# Time (s)      T1w (C)       T2w (C)       T1a (C)       T2a (C)       T1r (C)       T2r (C)       T3r (C)       T4r (C)       P1 (bar)      P2 (bar)      Ic (amp)      Qc (l/min)    
 7.5288E+02    3.4069E+01    4.2469E+01    1.8646E+01    1.4639E+01    1.1298E+01    5.0740E+01    3.9121E+01    1.2344E+01    4.0664E+00    1.1954E+01    0.0000E+00    8.4645E+00   
 7.5340E+02    3.4080E+01    4.2469E+01    1.8641E+01    1.4639E+01    1.1215E+01    5.0725E+01    3.9128E+01    1.2328E+01    4.0868E+00    1.1954E+01    0.0000E+00    8.4893E+00   
 7.5392E+02    3.4102E+01    4.2489E+01    1.8703E+01    1.4688E+01    1.1170E+01    5.0753E+01    3.9136E+01    1.2320E+01    4.0868E+00    1.1994E+01    0.0000E+00    8.4645E+00   
 7.5444E+02    3.4114E+01    4.2514E+01    1.8712E+01    1.4708E+01    1.1065E+01    5.0783E+01    3.9148E+01    1.2264E+01    4.0868E+00    1.2015E+01    0.0000E+00    8.5141E+00   
 7.5496E+02    3.4114E+01    4.2535E+01    1.8712E+01    1.4638E+01    1.1065E+01    5.0820E+01    3.9148E+01    1.2219E+01    4.1072E+00    1.2015E+01    0.0000E+00    8.4893E+00   
 7.5551E+02    3.4141E+01    4.2559E+01    1.8826E+01    1.4610E+01    1.0981E+01    5.0836E+01    3.9139E+01    1.2155E+01    4.1072E+00    1.1954E+01    0.0000E+00    8.5388E+00   
 7.5603E+02    3.4156E+01    4.2578E+01    1.8839E+01    1.4669E+01    1.0929E+01    5.0875E+01    3.9153E+01    1.2118E+01    4.1072E+00    1.1994E+01    0.0000E+00    8.5388E+00   
 7.5655E+02    3.4189E+01    4.2578E+01    1.8945E+01    1.4669E+01    1.0878E+01    5.0875E+01    3.9149E+01    1.2118E+01    4.1072E+00    1.1994E+01    0.0000E+00    8.5141E+00   
 7.5708E+02    3.4194E+01    4.2597E+01    1.8891E+01    1.4628E+01    1.0874E+01    5.0900E+01    3.9137E+01    1.2055E+01    4.1072E+00    1.2015E+01    0.0000E+00    8.4893E+00   
 7.5761E+02    3.4237E+01    4.2621E+01    1.8771E+01    1.4624E+01    1.0851E+01    5.0894E+01    3.9145E+01    1.2003E+01    4.0868E+00    1.2116E+01    0.0000E+00    8.4893E+00   
 7.5813E+02    3.4237E+01    4.2659E+01    1.8771E+01    1.4659E+01    1.0851E+01    5.0908E+01    3.9136E+01    1.1974E+01    4.0868E+00    1.2116E+01    0.0000E+00    8.5141E+00   
 7.5865E+02    3.4280E+01    4.2684E+01    1.8681E+01    1.4653E+01    1.0767E+01    5.0894E+01    3.9121E+01    1.1937E+01    4.0868E+00    1.2035E+01    0.0000E+00    8.4645E+00   
 7.5917E+02    3.4289E+01    4.2708E+01    1.8536E+01    1.4667E+01    1.0717E+01    5.0858E+01    3.9110E+01    1.1919E+01    4.1072E+00    1.2116E+01    0.0000E+00    8.5141E+00   
 7.5972E+02    3.4287E+01    4.2693E+01    1.8538E+01    1.4652E+01    1.0683E+01    5.0843E+01    3.9096E+01    1.1874E+01    4.0868E+00    1.2096E+01    0.0000E+00    8.4645E+00   
 7.6024E+02    3.4310E+01    4.2729E+01    1.8570E+01    1.4557E+01    1.0667E+01    5.0881E+01    3.9083E+01    1.1874E+01    4.0868E+00    1.2137E+01    0.0000E+00    8.5141E+00   
 7.6076E+02    3.4332E+01    4.2739E+01    1.8529E+01    1.4553E+01    1.0641E+01    5.0856E+01    3.9061E+01    1.1855E+01    4.0868E+00    1.2137E+01    0.0000E+00    8.4893E+00   
 7.6128E+02    3.4332E+01    4.2765E+01    1.8529E+01    1.4605E+01    1.0641E+01    5.0865E+01    3.9053E+01    1.1844E+01    4.0868E+00    1.2076E+01    0.0000E+00    8.4893E+00   
 7.6182E+02    3.4363E+01    4.2791E+01    1.8486E+01    1.4583E+01    1.0617E+01    5.0844E+01    3.9053E+01    1.1812E+01    4.0868E+00    1.2178E+01    0.0000E+00    8.4893E+00   
 7.6234E+02    3.4389E+01    4.2841E+01    1.8596E+01    1.4555E+01    1.0583E+01    5.0869E+01    3.9042E+01    1.1786E+01    4.0868E+00    1.2116E+01    0.0000E+00    8.5141E+00   
 7.6286E+02    3.4424E+01    4.2826E+01    1.8618E+01    1.4540E+01    1.0565E+01    5.0869E+01    3.9026E+01    1.1765E+01    4.0868E+00    1.2137E+01    0.0000E+00    8.4893E+00   
 7.6338E+02    3.4456E+01    4.2842E+01    1.8768E+01    1.4541E+01    1.0559E+01    5.0874E+01    3.9006E+01    1.1765E+01    4.0868E+00    1.2137E+01    0.0000E+00    8.5141E+00   
 7.6391E+02    3.4469E+01    4.2855E+01    1.8593E+01    1.4455E+01    1.0553E+01    5.0878E+01    3.8996E+01    1.1726E+01    4.0868E+00    1.2157E+01    0.0000E+00    8.4645E+00   
 7.6443E+02    3.4469E+01    4.2912E+01    1.8608E+01    1.4494E+01    1.0537E+01    5.0868E+01    3.8957E+01    1.1686E+01    4.0868E+00    1.2198E+01    0.0000E+00    8.4645E+00   
 7.6495E+02    3.4515E+01    4.2936E+01    1.8560E+01    1.4540E+01    1.0488E+01    5.0864E+01    3.8957E+01    1.1661E+01    4.0868E+00    1.2096E+01    0.0000E+00    8.4893E+00   
 7.6547E+02    3.4510E+01    4.2953E+01    1.8495E+01    1.4442E+01    1.0460E+01    5.0849E+01    3.8914E+01    1.1618E+01    4.0868E+00    1.2137E+01    0.0000E+00    8.4645E+00   
 7.6603E+02    3.4528E+01    4.2953E+01    1.8612E+01    1.4480E+01    1.0443E+01    5.0834E+01    3.8903E+01    1.1591E+01    4.0868E+00    1.2116E+01    0.0000E+00    8.4395E+00   
 7.6655E+02    3.4546E+01    4.2990E+01    1.8672E+01    1.4480E+01    1.0421E+01    5.0819E+01    3.8850E+01    1.1575E+01    4.0868E+00    1.2198E+01    0.0000E+00    8.4645E+00   
 7.6707E+02    3.4553E+01    4.3013E+01    1.8735E+01    1.4385E+01    1.0389E+01    5.0795E+01    3.8845E+01    1.1534E+01    4.0664E+00    1.2157E+01    0.0000E+00    8.4893E+00   
 7.6759E+02    3.4553E+01    4.3032E+01    1.8735E+01    1.4498E+01    1.0354E+01    5.0784E+01    3.8827E+01    1.1516E+01    4.0664E+00    1.2137E+01    0.0000E+00    8.5141E+00   
 7.6813E+02    3.4570E+01    4.3071E+01    1.8679E+01    1.4418E+01    1.0354E+01    5.0774E+01    3.8827E+01    1.1489E+01    4.0664E+00    1.2157E+01    0.0000E+00    8.4893E+00   
# Time (s)      T1w (C)       T2w (C)       T1a (C)       T2a (C)       T1r (C)       T2r (C)       T3r (C)       T4r (C)       P1 (bar)      P2 (bar)      Ic (amp)      Qc (l/min)    
 7.6865E+02    3.4558E+01    4.3083E+01    1.8680E+01    1.4426E+01    1.0321E+01    5.0766E+01    3.8805E+01    1.1454E+01    4.0664E+00    1.2178E+01    0.0000E+00    8.5141E+00   
 7.6917E+02    3.4558E+01    4.3109E+01    1.8689E+01    1.4426E+01    1.0309E+01    5.0784E+01    3.8767E+01    1.1418E+01    4.0868E+00    1.2239E+01    0.0000E+00    8.4645E+00   
 7.6969E+02    3.4554E+01    4.3109E+01    1.8700E+01    1.4378E+01    1.0326E+01    5.0784E+01    3.8750E+01    1.1418E+01    4.0868E+00    1.2218E+01    0.0000E+00    8.4893E+00   
 7.7024E+02    3.4557E+01    4.3144E+01    1.8559E+01    1.4371E+01    1.0290E+01    5.0773E+01    3.8744E+01    1.1404E+01    4.0868E+00    1.2218E+01    0.0000E+00    8.4645E+00   
 7.7076E+02    3.4563E+01    4.3164E+01    1.8481E+01    1.4305E+01    1.0296E+01    5.0766E+01    3.8703E+01    1.1387E+01    4.0868E+00    1.2259E+01    0.0000E+00    8.5141E+00   
 7.7129E+02    3.4563E+01    4.3193E+01    1.8481E+01    1.4405E+01    1.0296E+01    5.0762E+01    3.8703E+01    1.1345E+01    4.0868E+00    1.2178E+01    0.0000E+00    8.4893E+00   
 7.7181E+02    3.4559E+01    4.3217E+01    1.8425E+01    1.4432E+01    1.0297E+01    5.0743E+01    3.8692E+01    1.1311E+01    4.0868E+00    1.2279E+01    0.0000E+00    8.4893E+00   
 7.7234E+02    3.4583E+01    4.3232E+01    1.8535E+01    1.4384E+01    1.0296E+01    5.0739E+01    3.8666E+01    1.1273E+01    4.0868E+00    1.2198E+01    0.0000E+00    8.4893E+00   
 7.7286E+02    3.4597E+01    4.3217E+01    1.8623E+01    1.4369E+01    1.0275E+01    5.0725E+01    3.8633E+01    1.1257E+01    4.0868E+00    1.2300E+01    0.0000E+00    8.4645E+00   
 7.7339E+02    3.4618E+01    4.3263E+01    1.8684E+01    1.4399E+01    1.0262E+01    5.0702E+01    3.8612E+01    1.1224E+01    4.0868E+00    1.2198E+01    0.0000E+00    8.4893E+00   
 7.7391E+02    3.4649E+01    4.3281E+01    1.8644E+01    1.4393E+01    1.0232E+01    5.0693E+01    3.8609E+01    1.1200E+01    4.0664E+00    1.2239E+01    0.0000E+00    8.5141E+00   
 7.7445E+02    3.4649E+01    4.3300E+01    1.8644E+01    1.4430E+01    1.0232E+01    5.0675E+01    3.8609E+01    1.1175E+01    4.0868E+00    1.2198E+01    0.0000E+00    8.5141E+00   
 7.7497E+02    3.4661E+01    4.3320E+01    1.8585E+01    1.4435E+01    1.0231E+01    5.0687E+01    3.8580E+01    1.1142E+01    4.0868E+00    1.2300E+01    0.0000E+00    8.4645E+00   
 7.7549E+02    3.4709E+01    4.3336E+01    1.8548E+01    1.4415E+01    1.0214E+01    5.0668E+01    3.8531E+01    1.1110E+01    4.0868E+00    1.2218E+01    0.0000E+00    8.5141E+00   
 7.7601E+02    3.4752E+01    4.3336E+01    1.8537E+01    1.4415E+01    1.0230E+01    5.0668E+01    3.8515E+01    1.1110E+01    4.0868E+00    1.2218E+01    0.0000E+00    8.4893E+00   
 7.7657E+02    3.4786E+01    4.3381E+01    1.8537E+01    1.4498E+01    1.0235E+01    5.0688E+01    3.8509E+01    1.1095E+01    4.0664E+00    1.2279E+01    0.0000E+00    8.4893E+00   
 7.7709E+02    3.4816E+01    4.3414E+01    1.8534E+01    1.4423E+01    1.0239E+01    5.0685E+01    3.8492E+01    1.1072E+01    4.0868E+00    1.2239E+01    0.0000E+00    8.4893E+00   
 7.7761E+02    3.4816E+01    4.3424E+01    1.8534E+01    1.4455E+01    1.0223E+01    5.0677E+01    3.8477E+01    1.1017E+01    4.0664E+00    1.2279E+01    0.0000E+00    8.5388E+00   
 7.7813E+02    3.4849E+01    4.3440E+01    1.8488E+01    1.4377E+01    1.0214E+01    5.0692E+01    3.8457E+01    1.0990E+01    4.0664E+00    1.2239E+01    0.0000E+00    8.4893E+00   
 7.7866E+02    3.4891E+01    4.3473E+01    1.8646E+01    1.4394E+01    1.0239E+01    5.0725E+01    3.8432E+01    1.0973E+01    4.0664E+00    1.2300E+01    0.0000E+00    8.4893E+00   
 7.7919E+02    3.4932E+01    4.3473E+01    1.8710E+01    1.4394E+01    1.0256E+01    5.0741E+01    3.8426E+01    1.0955E+01    4.0664E+00    1.2300E+01    0.0000E+00    8.4893E+00   
 7.7971E+02    3.4932E+01    4.3496E+01    1.8447E+01    1.4356E+01    1.0233E+01    5.0741E+01    3.8395E+01    1.0955E+01    4.0664E+00    1.2300E+01    0.0000E+00    8.4893E+00   
 7.8023E+02    3.4975E+01    4.3505E+01    1.8412E+01    1.4346E+01    1.0189E+01    5.0774E+01    3.8385E+01    1.0931E+01    4.0664E+00    1.2361E+01    0.0000E+00    8.4893E+00   
 7.8076E+02    3.4975E+01    4.3527E+01    1.8412E+01    1.4373E+01    1.0173E+01    5.0775E+01    3.8370E+01    1.0885E+01    4.0664E+00    1.2320E+01    0.0000E+00    8.5141E+00   
 7.8128E+02    3.5011E+01    4.3538E+01    1.8331E+01    1.4417E+01    1.0162E+01    5.0792E+01    3.8348E+01    1.0862E+01    4.0664E+00    1.2361E+01    0.0000E+00    8.5141E+00   
 7.8181E+02    3.5014E+01    4.3577E+01    1.8374E+01    1.4363E+01    1.0180E+01    5.0818E+01    3.8346E+01    1.0832E+01    4.0664E+00    1.2259E+01    0.0000E+00    8.5141E+00   
 7.8233E+02    3.5056E+01    4.3577E+01    1.8407E+01    1.4363E+01    1.0182E+01    5.0818E+01    3.8334E+01    1.0796E+01    4.0664E+00    1.2300E+01    0.0000E+00    8.4893E+00   
 7.8286E+02    3.5036E+01    4.3561E+01    1.8344E+01    1.4386E+01    1.0231E+01    5.0890E+01    3.8313E+01    1.0796E+01    4.0664E+00    1.2320E+01    0.0000E+00    8.5388E+00   
 7.8338E+02    3.5059E+01    4.3577E+01    1.8309E+01    1.4375E+01    1.0271E+01    5.0956E+01    3.8286E+01    1.0778E+01    4.0460E+00    1.2300E+01    0.0000E+00    8.5388E+00   
 7.8390E+02    3.5044E+01    4.3587E+01    1.8294E+01    1.4367E+01    1.0271E+01    5.0983E+01    3.8286E+01    1.0748E+01    4.0460E+00    1.2340E+01    0.0000E+00    8.5388E+00   
# Time (s)      T1w (C)       T2w (C)       T1a (C)       T2a (C)       T1r (C)       T2r (C)       T3r (C)       T4r (C)       P1 (bar)      P2 (bar)      Ic (amp)      Qc (l/min)    
 7.8442E+02    3.5053E+01    4.3613E+01    1.8338E+01    1.4392E+01    1.0313E+01    5.1008E+01    3.8284E+01    1.0731E+01    4.0460E+00    1.2300E+01    0.0000E+00    8.5388E+00   
 7.8495E+02    3.5037E+01    4.3614E+01    1.8394E+01    1.4345E+01    1.0361E+01    5.1035E+01    3.8259E+01    1.0694E+01    4.0460E+00    1.2402E+01    0.0000E+00    8.5141E+00   
 7.8547E+02    3.5077E+01    4.3614E+01    1.8494E+01    1.4345E+01    1.0400E+01    5.1035E+01    3.8258E+01    1.0677E+01    4.0460E+00    1.2279E+01    0.0000E+00    8.4893E+00   
 7.8599E+02    3.5066E+01    4.3641E+01    1.8511E+01    1.4378E+01    1.0433E+01    5.1083E+01    3.8236E+01    1.0677E+01    4.0460E+00    1.2300E+01    0.0000E+00    8.5141E+00   
 7.8652E+02    3.5089E+01    4.3662E+01    1.8348E+01    1.4454E+01    1.0492E+01    5.1122E+01    3.8251E+01    1.0643E+01    4.0256E+00    1.2320E+01    0.0000E+00    8.4893E+00   
 7.8706E+02    3.5089E+01    4.3675E+01    1.8348E+01    1.4411E+01    1.0492E+01    5.1158E+01    3.8233E+01    1.0621E+01    4.0460E+00    1.2381E+01    0.0000E+00    8.5141E+00   
 7.8758E+02    3.5131E+01    4.3686E+01    1.8291E+01    1.4403E+01    1.0578E+01    5.1169E+01    3.8233E+01    1.0602E+01    4.0460E+00    1.2422E+01    0.0000E+00    8.4645E+00   
 7.8810E+02    3.5158E+01    4.3723E+01    1.8174E+01    1.4401E+01    1.0654E+01    5.1185E+01    3.8241E+01    1.0561E+01    4.0460E+00    1.2300E+01    0.0000E+00    8.5141E+00   
 7.8862E+02    3.5170E+01    4.3723E+01    1.8251E+01    1.4401E+01    1.0747E+01    5.1185E+01    3.8223E+01    1.0543E+01    4.0256E+00    1.2422E+01    0.0000E+00    8.5141E+00   
 7.8915E+02    3.5208E+01    4.3743E+01    1.8282E+01    1.4429E+01    1.0853E+01    5.1213E+01    3.8237E+01    1.0543E+01    4.0256E+00    1.2340E+01    0.0000E+00    8.5141E+00   
 7.8968E+02    3.5221E+01    4.3760E+01    1.8415E+01    1.4396E+01    1.0920E+01    5.1253E+01    3.8215E+01    1.0537E+01    4.0256E+00    1.2320E+01    0.0000E+00    8.4645E+00   
 7.9020E+02    3.5221E+01    4.3788E+01    1.8415E+01    1.4383E+01    1.0920E+01    5.1299E+01    3.8215E+01    1.0530E+01    4.0256E+00    1.2340E+01    0.0000E+00    8.4645E+00   
 7.9072E+02    3.5219E+01    4.3814E+01    1.8574E+01    1.4377E+01    1.1012E+01    5.1335E+01    3.8250E+01    1.0530E+01    4.0256E+00    1.2402E+01    0.0000E+00    8.4645E+00   
 7.9126E+02    3.5207E+01    4.3818E+01    1.8622E+01    1.4397E+01    1.1079E+01    5.1408E+01    3.8243E+01    1.0545E+01    4.0256E+00    1.2402E+01    0.0000E+00    8.4645E+00   
 7.9178E+02    3.5191E+01    4.3803E+01    1.8366E+01    1.4381E+01    1.1135E+01    5.1459E+01    3.8262E+01    1.0521E+01    4.0052E+00    1.2422E+01    0.0000E+00    8.5141E+00   
 7.9231E+02    3.5204E+01    4.3821E+01    1.8369E+01    1.4430E+01    1.1203E+01    5.1459E+01    3.8268E+01    1.0521E+01    4.0052E+00    1.2402E+01    0.0000E+00    8.4893E+00   
 7.9283E+02    3.5215E+01    4.3822E+01    1.8321E+01    1.4437E+01    1.1290E+01    5.1504E+01    3.8282E+01    1.0535E+01    4.0256E+00    1.2381E+01    0.0000E+00    8.5141E+00   
 7.9336E+02    3.5215E+01    4.3833E+01    1.8321E+01    1.4402E+01    1.1378E+01    5.1553E+01    3.8312E+01    1.0549E+01    4.0052E+00    1.2300E+01    0.0000E+00    8.5388E+00   
 7.9388E+02    3.5233E+01    4.3859E+01    1.8176E+01    1.4421E+01    1.1378E+01    5.1588E+01    3.8312E+01    1.0549E+01    4.0256E+00    1.2422E+01    0.0000E+00    8.4893E+00   
 7.9441E+02    3.5233E+01    4.3866E+01    1.8137E+01    1.4392E+01    1.1440E+01    5.1610E+01    3.8342E+01    1.0545E+01    4.0256E+00    1.2320E+01    0.0000E+00    8.4893E+00   
 7.9493E+02    3.5265E+01    4.3852E+01    1.8087E+01    1.4376E+01    1.1545E+01    5.1666E+01    3.8356E+01    1.0571E+01    4.0052E+00    1.2340E+01    0.0000E+00    8.4395E+00   
 7.9546E+02    3.5298E+01    4.3870E+01    1.8065E+01    1.4353E+01    1.1609E+01    5.1666E+01    3.8374E+01    1.0571E+01    4.0256E+00    1.2361E+01    0.0000E+00    8.4893E+00   
 7.9598E+02    3.5336E+01    4.3873E+01    1.8297E+01    1.4420E+01    1.1676E+01    5.1698E+01    3.8406E+01    1.0569E+01    4.0256E+00    1.2340E+01    0.0000E+00    8.4645E+00   
 7.9650E+02    3.5336E+01    4.3882E+01    1.8297E+01    1.4397E+01    1.1676E+01    5.1705E+01    3.8444E+01    1.0572E+01    4.0256E+00    1.2381E+01    0.0000E+00    8.4645E+00   
 7.9702E+02    3.5362E+01    4.3897E+01    1.8384E+01    1.4421E+01    1.1765E+01    5.1748E+01    3.8444E+01    1.0584E+01    4.0052E+00    1.2422E+01    0.0000E+00    8.5388E+00   
 7.9758E+02    3.5388E+01    4.3901E+01    1.8399E+01    1.4439E+01    1.1855E+01    5.1775E+01    3.8449E+01    1.0596E+01    4.0052E+00    1.2340E+01    0.0000E+00    8.4893E+00   
 7.9810E+02    3.5402E+01    4.3909E+01    1.8328E+01    1.4471E+01    1.1937E+01    5.1753E+01    3.8505E+01    1.0624E+01    4.0052E+00    1.2402E+01    0.0000E+00    8.4645E+00   
 7.9862E+02    3.5409E+01    4.3909E+01    1.8178E+01    1.4471E+01    1.2000E+01    5.1753E+01    3.8532E+01    1.0624E+01    4.0052E+00    1.2381E+01    0.0000E+00    8.4645E+00   
 7.9914E+02    3.5420E+01    4.3896E+01    1.8089E+01    1.4456E+01    1.2081E+01    5.1771E+01    3.8589E+01    1.0623E+01    4.0256E+00    1.2442E+01    0.0000E+00    8.5141E+00   
 7.9967E+02    3.5420E+01    4.3903E+01    1.8089E+01    1.4496E+01    1.2175E+01    5.1788E+01    3.8629E+01    1.0660E+01    4.0052E+00    1.2320E+01    0.0000E+00    8.5141E+00   
# Time (s)      T1w (C)       T2w (C)       T1a (C)       T2a (C)       T1r (C)       T2r (C)       T3r (C)       T4r (C)       P1 (bar)      P2 (bar)      Ic (amp)      Qc (l/min)    
 8.0019E+02    3.5433E+01    4.3924E+01    1.8166E+01    1.4455E+01    1.2175E+01    5.1804E+01    3.8629E+01    1.0678E+01    4.0256E+00    1.2340E+01    0.0000E+00    8.5141E+00   
 8.0071E+02    3.5452E+01    4.3925E+01    1.8086E+01    1.4407E+01    1.2239E+01    5.1816E+01    3.8677E+01    1.0707E+01    4.0256E+00    1.2463E+01    0.0000E+00    8.4645E+00   
 8.0123E+02    3.5470E+01    4.3910E+01    1.8031E+01    1.4407E+01    1.2319E+01    5.1857E+01    3.8727E+01    1.0739E+01    4.0052E+00    1.2340E+01    0.0000E+00    8.4893E+00   
 8.0176E+02    3.5502E+01    4.3930E+01    1.8133E+01    1.4432E+01    1.2401E+01    5.1857E+01    3.8786E+01    1.0739E+01    4.0052E+00    1.2422E+01    0.0000E+00    8.5141E+00   
 8.0229E+02    3.5538E+01    4.3943E+01    1.8333E+01    1.4451E+01    1.2495E+01    5.1885E+01    3.8830E+01    1.0766E+01    4.0052E+00    1.2422E+01    0.0000E+00    8.4645E+00   
 8.0282E+02    3.5538E+01    4.3962E+01    1.8333E+01    1.4409E+01    1.2568E+01    5.1920E+01    3.8852E+01    1.0794E+01    4.0256E+00    1.2381E+01    0.0000E+00    8.4893E+00   
 8.0334E+02    3.5558E+01    4.3963E+01    1.8632E+01    1.4423E+01    1.2568E+01    5.1931E+01    3.8852E+01    1.0826E+01    4.0256E+00    1.2340E+01    0.0000E+00    8.4645E+00   
 8.0386E+02    3.5589E+01    4.3984E+01    1.8846E+01    1.4432E+01    1.2649E+01    5.1914E+01    3.8920E+01    1.0823E+01    4.0256E+00    1.2340E+01    0.0000E+00    8.4645E+00   
 8.0438E+02    3.5605E+01    4.3973E+01    1.8754E+01    1.4418E+01    1.2740E+01    5.1956E+01    3.8963E+01    1.0855E+01    4.0256E+00    1.2463E+01    0.0000E+00    8.4893E+00   
 8.0490E+02    3.5622E+01    4.3973E+01    1.8481E+01    1.4418E+01    1.2837E+01    5.1956E+01    3.9029E+01    1.0855E+01    4.0256E+00    1.2361E+01    0.0000E+00    8.4893E+00   
 8.0543E+02    3.5628E+01    4.3999E+01    1.8624E+01    1.4436E+01    1.2894E+01    5.1983E+01    3.9069E+01    1.0890E+01    4.0256E+00    1.2402E+01    0.0000E+00    8.4893E+00   
 8.0596E+02    3.5628E+01    4.4006E+01    1.8860E+01    1.4439E+01    1.2967E+01    5.2024E+01    3.9111E+01    1.0933E+01    4.0256E+00    1.2483E+01    0.0000E+00    8.4893E+00   
 8.0648E+02    3.5645E+01    4.4020E+01    1.8860E+01    1.4433E+01    1.2967E+01    5.2058E+01    3.9111E+01    1.0942E+01    4.0256E+00    1.2381E+01    0.0000E+00    8.4893E+00   
 8.0700E+02    3.5663E+01    4.4027E+01    1.8861E+01    1.4443E+01    1.3045E+01    5.2120E+01    3.9165E+01    1.0965E+01    4.0256E+00    1.2422E+01    0.0000E+00    8.4645E+00   
 8.0752E+02    3.5666E+01    4.4040E+01    1.8854E+01    1.4443E+01    1.3118E+01    5.2176E+01    3.9210E+01    1.1012E+01    4.0256E+00    1.2483E+01    0.0000E+00    8.4893E+00   
 8.0806E+02    3.5681E+01    4.4040E+01    1.8810E+01    1.4454E+01    1.3193E+01    5.2176E+01    3.9268E+01    1.1012E+01    4.0460E+00    1.2483E+01    0.0000E+00    8.4645E+00   
 8.0858E+02    3.5703E+01    4.4069E+01    1.8749E+01    1.4479E+01    1.3253E+01    5.2208E+01    3.9310E+01    1.1056E+01    4.0256E+00    1.2503E+01    0.0000E+00    8.5141E+00   
 8.0910E+02    3.5703E+01    4.4081E+01    1.8914E+01    1.4436E+01    1.3313E+01    5.2259E+01    3.9352E+01    1.1071E+01    4.0256E+00    1.2442E+01    0.0000E+00    8.5141E+00   
 8.0962E+02    3.5717E+01    4.4093E+01    1.8914E+01    1.4513E+01    1.3313E+01    5.2279E+01    3.9352E+01    1.1106E+01    4.0256E+00    1.2422E+01    0.0000E+00    8.5141E+00   
 8.1016E+02    3.5702E+01    4.4111E+01    1.8992E+01    1.4516E+01    1.3380E+01    5.2304E+01    3.9406E+01    1.1149E+01    4.0460E+00    1.2442E+01    0.0000E+00    8.5141E+00   
 8.1068E+02    3.5727E+01    4.4105E+01    1.8923E+01    1.4513E+01    1.3447E+01    5.2350E+01    3.9450E+01    1.1197E+01    4.0460E+00    1.2442E+01    0.0000E+00    8.4645E+00   
 8.1120E+02    3.5746E+01    4.4105E+01    1.9105E+01    1.4513E+01    1.3510E+01    5.2335E+01    3.9487E+01    1.1181E+01    4.0256E+00    1.2442E+01    0.0000E+00    8.5141E+00   
 8.1172E+02    3.5758E+01    4.4127E+01    1.9004E+01    1.4545E+01    1.3595E+01    5.2392E+01    3.9531E+01    1.1215E+01    4.0256E+00    1.2422E+01    0.0000E+00    8.4893E+00   
 8.1228E+02    3.5782E+01    4.4139E+01    1.8899E+01    1.4563E+01    1.3619E+01    5.2408E+01    3.9569E+01    1.1247E+01    4.0460E+00    1.2524E+01    0.0000E+00    8.5141E+00   
 8.1280E+02    3.5782E+01    4.4177E+01    1.8899E+01    1.4487E+01    1.3619E+01    5.2424E+01    3.9569E+01    1.1285E+01    4.0460E+00    1.2463E+01    0.0000E+00    8.4893E+00   
 8.1333E+02    3.5806E+01    4.4167E+01    1.8927E+01    1.4463E+01    1.3673E+01    5.2421E+01    3.9595E+01    1.1322E+01    4.0460E+00    1.2422E+01    0.0000E+00    8.4645E+00   
 8.1385E+02    3.5830E+01    4.4182E+01    1.8927E+01    1.4473E+01    1.3715E+01    5.2406E+01    3.9635E+01    1.1330E+01    4.0460E+00    1.2524E+01    0.0000E+00    8.4893E+00   
 8.1438E+02    3.5853E+01    4.4182E+01    1.8922E+01    1.4473E+01    1.3767E+01    5.2406E+01    3.9686E+01    1.1330E+01    4.0460E+00    1.2463E+01    0.0000E+00    8.4645E+00   
 8.1490E+02    3.5861E+01    4.4195E+01    1.8930E+01    1.4514E+01    1.3835E+01    5.2382E+01    3.9745E+01    1.1380E+01    4.0664E+00    1.2544E+01    0.0000E+00    8.5388E+00   
 8.1543E+02    3.5893E+01    4.4216E+01    1.8841E+01    1.4491E+01    1.3880E+01    5.2419E+01    3.9781E+01    1.1412E+01    4.0460E+00    1.2524E+01    0.0000E+00    8.4893E+00   
# Time (s)      T1w (C)       T2w (C)       T1a (C)       T2a (C)       T1r (C)       T2r (C)       T3r (C)       T4r (C)       P1 (bar)      P2 (bar)      Ic (amp)      Qc (l/min)    
 8.1595E+02    3.5878E+01    4.4211E+01    1.8825E+01    1.4483E+01    1.3880E+01    5.2416E+01    3.9781E+01    1.1445E+01    4.0460E+00    1.2503E+01    0.0000E+00    8.4893E+00   
 8.1648E+02    3.5906E+01    4.4222E+01    1.8748E+01    1.4504E+01    1.3928E+01    5.2427E+01    3.9818E+01    1.1476E+01    4.0664E+00    1.2422E+01    0.0000E+00    8.4893E+00   
 8.1700E+02    3.5920E+01    4.4243E+01    1.8789E+01    1.4497E+01    1.3985E+01    5.2453E+01    3.9883E+01    1.1534E+01    4.0664E+00    1.2463E+01    0.0000E+00    8.4893E+00   
 8.1752E+02    3.5937E+01    4.4243E+01    1.8832E+01    1.4497E+01    1.4031E+01    5.2453E+01    3.9917E+01    1.1534E+01    4.0664E+00    1.2442E+01    0.0000E+00    8.4645E+00   
 8.1804E+02    3.5927E+01    4.4248E+01    1.8925E+01    1.4464E+01    1.4078E+01    5.2453E+01    3.9963E+01    1.1578E+01    4.0664E+00    1.2564E+01    0.0000E+00    8.4645E+00   
 8.1862E+02    3.5955E+01    4.4269E+01    1.8945E+01    1.4506E+01    1.4117E+01    5.2469E+01    3.9982E+01    1.1621E+01    4.0664E+00    1.2564E+01    0.0000E+00    8.4893E+00   
 8.1914E+02    3.5939E+01    4.4259E+01    1.8886E+01    1.4456E+01    1.4144E+01    5.2534E+01    4.0046E+01    1.1662E+01    4.0664E+00    1.2564E+01    0.0000E+00    8.4893E+00   
 8.1966E+02    3.5944E+01    4.4274E+01    1.8886E+01    1.4524E+01    1.4144E+01    5.2581E+01    4.0046E+01    1.1692E+01    4.0664E+00    1.2544E+01    0.0000E+00    8.4645E+00   
 8.2019E+02    3.5954E+01    4.4289E+01    1.8821E+01    1.4543E+01    1.4146E+01    5.2601E+01    4.0077E+01    1.1750E+01    4.0664E+00    1.2483E+01    0.0000E+00    8.5141E+00   
 8.2072E+02    3.5976E+01    4.4313E+01    1.8668E+01    1.4603E+01    1.4138E+01    5.2650E+01    4.0118E+01    1.1817E+01    4.0664E+00    1.2585E+01    0.0000E+00    8.4645E+00   
 8.2124E+02    3.5972E+01    4.4313E+01    1.8442E+01    1.4603E+01    1.4115E+01    5.2620E+01    4.0121E+01    1.1785E+01    4.0460E+00    1.2483E+01    0.0000E+00    8.4893E+00   
 8.2176E+02    3.5955E+01    4.4325E+01    1.8308E+01    1.4663E+01    1.4117E+01    5.2640E+01    4.0170E+01    1.1855E+01    4.0460E+00    1.2544E+01    0.0000E+00    8.4893E+00   
 8.2228E+02    3.5955E+01    4.4346E+01    1.8308E+01    1.4646E+01    1.4117E+01    5.2624E+01    4.0211E+01    1.1939E+01    4.0460E+00    1.2585E+01    0.0000E+00    8.4893E+00   
 8.2281E+02    3.5957E+01    4.4363E+01    1.8483E+01    1.4672E+01    1.4104E+01    5.2664E+01    4.0211E+01    1.1995E+01    4.0664E+00    1.2605E+01    0.0000E+00    8.5141E+00   
 8.2334E+02    3.5988E+01    4.4389E+01    1.8623E+01    1.4678E+01    1.4061E+01    5.2729E+01    4.0249E+01    1.2027E+01    4.0664E+00    1.2605E+01    0.0000E+00    8.5388E+00   
 8.2386E+02    3.5993E+01    4.4405E+01    1.8658E+01    1.4692E+01    1.3983E+01    5.2761E+01    4.0297E+01    1.2080E+01    4.0664E+00    1.2585E+01    0.0000E+00    8.4893E+00   
 8.2439E+02    3.6000E+01    4.4420E+01    1.8486E+01    1.4707E+01    1.3902E+01    5.2761E+01    4.0332E+01    1.2080E+01    4.0664E+00    1.2544E+01    0.0000E+00    8.4645E+00   
 8.2492E+02    3.6038E+01    4.4435E+01    1.8865E+01    1.4754E+01    1.3826E+01    5.2832E+01    4.0377E+01    1.2143E+01    4.0868E+00    1.2585E+01    0.0000E+00    8.5141E+00   
 8.2544E+02    3.6038E+01    4.4446E+01    1.8900E+01    1.4802E+01    1.3655E+01    5.2865E+01    4.0415E+01    1.2193E+01    4.0868E+00    1.2605E+01    0.0000E+00    8.4893E+00   
 8.2596E+02    3.6055E+01    4.4442E+01    1.8900E+01    1.4705E+01    1.3639E+01    5.2882E+01    4.0400E+01    1.2187E+01    4.0868E+00    1.2544E+01    0.0000E+00    8.4893E+00   
 8.2649E+02    3.6057E+01    4.4466E+01    1.8930E+01    1.4713E+01    1.3438E+01    5.2907E+01    4.0429E+01    1.2231E+01    4.0868E+00    1.2564E+01    0.0000E+00    8.5141E+00   
 8.2702E+02    3.6074E+01    4.4478E+01    1.9014E+01    1.4698E+01    1.3085E+01    5.2936E+01    4.0455E+01    1.2261E+01    4.0868E+00    1.2524E+01    0.0000E+00    8.5141E+00   
 8.2754E+02    3.6100E+01    4.4478E+01    1.9114E+01    1.4698E+01    1.2468E+01    5.2936E+01    4.0495E+01    1.2261E+01    4.1072E+00    1.2625E+01    0.0000E+00    8.5388E+00   
 8.2806E+02    3.6114E+01    4.4484E+01    1.9057E+01    1.4680E+01    1.1848E+01    5.2945E+01    4.0537E+01    1.2297E+01    4.0868E+00    1.2503E+01    0.0000E+00    8.5388E+00   
 8.2858E+02    3.6143E+01    4.4502E+01    1.8872E+01    1.4752E+01    1.1487E+01    5.2981E+01    4.0545E+01    1.2309E+01    4.1072E+00    1.2646E+01    0.0000E+00    8.4893E+00   
 8.2912E+02    3.6158E+01    4.4519E+01    1.8888E+01    1.4781E+01    1.1487E+01    5.3001E+01    4.0545E+01    1.2347E+01    4.1072E+00    1.2605E+01    0.0000E+00    8.4645E+00   
 8.2964E+02    3.6185E+01    4.4528E+01    1.8759E+01    1.4754E+01    1.1251E+01    5.3015E+01    4.0570E+01    1.2359E+01    4.1072E+00    1.2585E+01    0.0000E+00    8.4645E+00   
 8.3016E+02    3.6207E+01    4.4550E+01    1.8799E+01    1.4879E+01    1.1085E+01    5.3049E+01    4.0606E+01    1.2372E+01    4.1276E+00    1.2605E+01    0.0000E+00    8.4893E+00   
 8.3068E+02    3.6223E+01    4.4550E+01    1.8739E+01    1.4879E+01    1.0929E+01    5.3049E+01    4.0614E+01    1.2372E+01    4.1276E+00    1.2585E+01    0.0000E+00    8.4645E+00   
 8.3121E+02    3.6207E+01    4.4548E+01    1.8842E+01    1.4840E+01    1.0873E+01    5.3028E+01    4.0630E+01    1.2328E+01    4.1276E+00    1.2625E+01    0.0000E+00    8.5141E+00   
# Time (s)      T1w (C)       T2w (C)       T1a (C)       T2a (C)       T1r (C)       T2r (C)       T3r (C)       T4r (C)       P1 (bar)      P2 (bar)      Ic (amp)      Qc (l/min)    
 8.3173E+02    3.6241E+01    4.4542E+01    1.8748E+01    1.4822E+01    1.0843E+01    5.3030E+01    4.0649E+01    1.2288E+01    4.1276E+00    1.2585E+01    0.0000E+00    8.5141E+00   
 8.3225E+02    3.6241E+01    4.4570E+01    1.8748E+01    1.4797E+01    1.0843E+01    5.3044E+01    4.0649E+01    1.2233E+01    4.1276E+00    1.2625E+01    0.0000E+00    8.5141E+00   
 8.3278E+02    3.6255E+01    4.4589E+01    1.8767E+01    1.4853E+01    1.0832E+01    5.3082E+01    4.0641E+01    1.2179E+01    4.1276E+00    1.2687E+01    0.0000E+00    8.4893E+00   
 8.3331E+02    3.6265E+01    4.4630E+01    1.8836E+01    1.4834E+01    1.0794E+01    5.3091E+01    4.0657E+01    1.2128E+01    4.1276E+00    1.2707E+01    0.0000E+00    8.4893E+00   
 8.3383E+02    3.6301E+01    4.4630E+01    1.8738E+01    1.4834E+01    1.0774E+01    5.3091E+01    4.0644E+01    1.2128E+01    4.1276E+00    1.2707E+01    0.0000E+00    8.5141E+00   
 8.3436E+02    3.6322E+01    4.4633E+01    1.8798E+01    1.4727E+01    1.0705E+01    5.3093E+01    4.0636E+01    1.2059E+01    4.1276E+00    1.2666E+01    0.0000E+00    8.4645E+00   
 8.3488E+02    3.6335E+01    4.4655E+01    1.8856E+01    1.4774E+01    1.0661E+01    5.3086E+01    4.0618E+01    1.2012E+01    4.1276E+00    1.2646E+01    0.0000E+00    8.5141E+00   
 8.3540E+02    3.6350E+01    4.4701E+01    1.8872E+01    1.4770E+01    1.0661E+01    5.3094E+01    4.0618E+01    1.1991E+01    4.1072E+00    1.2687E+01    0.0000E+00    8.4893E+00   
 8.3592E+02    3.6379E+01    4.4712E+01    1.8830E+01    1.4770E+01    1.0609E+01    5.3095E+01    4.0604E+01    1.1953E+01    4.1276E+00    1.2625E+01    0.0000E+00    8.5141E+00   
 8.3645E+02    3.6366E+01    4.4728E+01    1.8626E+01    1.4716E+01    1.0542E+01    5.3089E+01    4.0601E+01    1.1921E+01    4.1276E+00    1.2707E+01    0.0000E+00    8.4893E+00   
 8.3697E+02    3.6390E+01    4.4728E+01    1.8575E+01    1.4716E+01    1.0535E+01    5.3089E+01    4.0581E+01    1.1921E+01    4.1276E+00    1.2646E+01    0.0000E+00    8.4893E+00   
 8.3750E+02    3.6421E+01    4.4759E+01    1.8590E+01    1.4733E+01    1.0507E+01    5.3082E+01    4.0587E+01    1.1893E+01    4.1072E+00    1.2646E+01    0.0000E+00    8.4893E+00   
 8.3802E+02    3.6441E+01    4.4774E+01    1.8647E+01    1.4723E+01    1.0476E+01    5.3089E+01    4.0559E+01    1.1840E+01    4.1072E+00    1.2707E+01    0.0000E+00    8.4893E+00   
 8.3854E+02    3.6441E+01    4.4794E+01    1.8647E+01    1.4695E+01    1.0476E+01    5.3104E+01    4.0559E+01    1.1806E+01    4.1072E+00    1.2666E+01    0.0000E+00    8.5388E+00   
 8.3906E+02    3.6435E+01    4.4808E+01    1.8773E+01    1.4709E+01    1.0444E+01    5.3122E+01    4.0564E+01    1.1788E+01    4.1276E+00    1.2788E+01    0.0000E+00    8.4893E+00   
 8.3959E+02    3.6449E+01    4.4819E+01    1.8769E+01    1.4757E+01    1.0406E+01    5.3159E+01    4.0529E+01    1.1750E+01    4.1072E+00    1.2727E+01    0.0000E+00    8.4645E+00   
 8.4011E+02    3.6495E+01    4.4834E+01    1.8854E+01    1.4773E+01    1.0377E+01    5.3159E+01    4.0524E+01    1.1750E+01    4.1072E+00    1.2666E+01    0.0000E+00    8.4645E+00   
 8.4064E+02    3.6523E+01    4.4871E+01    1.9157E+01    1.4731E+01    1.0367E+01    5.3193E+01    4.0520E+01    1.1729E+01    4.1072E+00    1.2809E+01    0.0000E+00    8.4645E+00   
 8.4116E+02    3.6529E+01    4.4896E+01    1.9225E+01    1.4728E+01    1.0367E+01    5.3207E+01    4.0520E+01    1.1695E+01    4.1072E+00    1.2768E+01    0.0000E+00    8.4893E+00   
 8.4168E+02    3.6529E+01    4.4920E+01    1.9225E+01    1.4710E+01    1.0360E+01    5.3235E+01    4.0475E+01    1.1671E+01    4.1072E+00    1.2788E+01    0.0000E+00    8.5141E+00   
 8.4220E+02    3.6548E+01    4.4909E+01    1.9080E+01    1.4728E+01    1.0355E+01    5.3263E+01    4.0484E+01    1.1682E+01    4.1072E+00    1.2707E+01    0.0000E+00    8.5141E+00   
 8.4272E+02    3.6574E+01    4.4941E+01    1.8942E+01    1.4702E+01    1.0313E+01    5.3294E+01    4.0472E+01    1.1634E+01    4.1072E+00    1.2768E+01    0.0000E+00    8.4645E+00   
 8.4325E+02    3.6620E+01    4.4956E+01    1.9023E+01    1.4718E+01    1.0319E+01    5.3294E+01    4.0453E+01    1.1634E+01    4.1072E+00    1.2707E+01    0.0000E+00    8.4645E+00   
 8.4377E+02    3.6615E+01    4.4970E+01    1.8952E+01    1.4705E+01    1.0294E+01    5.3299E+01    4.0421E+01    1.1604E+01    4.1072E+00    1.2707E+01    0.0000E+00    8.4645E+00   
 8.4429E+02    3.6654E+01    4.4990E+01    1.8978E+01    1.4708E+01    1.0294E+01    5.3248E+01    4.0399E+01    1.1568E+01    4.1072E+00    1.2768E+01    0.0000E+00    8.4645E+00   
 8.4482E+02    3.6654E+01    4.5014E+01    1.8978E+01    1.4651E+01    1.0262E+01    5.3264E+01    4.0399E+01    1.1532E+01    4.1276E+00    1.2748E+01    0.0000E+00    8.4893E+00   
 8.4534E+02    3.6655E+01    4.5021E+01    1.8972E+01    1.4568E+01    1.0255E+01    5.3284E+01    4.0358E+01    1.1488E+01    4.1072E+00    1.2870E+01    0.0000E+00    8.5141E+00   
 8.4586E+02    3.6652E+01    4.5039E+01    1.9025E+01    1.4559E+01    1.0248E+01    5.3284E+01    4.0330E+01    1.1488E+01    4.1276E+00    1.2768E+01    0.0000E+00    8.4893E+00   
 8.4638E+02    3.6691E+01    4.5054E+01    1.9136E+01    1.4575E+01    1.0262E+01    5.3292E+01    4.0316E+01    1.1467E+01    4.1072E+00    1.2890E+01    0.0000E+00    8.4893E+00   
 8.4691E+02    3.6689E+01    4.5075E+01    1.9322E+01    1.4605E+01    1.0243E+01    5.3276E+01    4.0299E+01    1.1430E+01    4.1276E+00    1.2768E+01    0.0000E+00    8.4893E+00   
# Time (s)      T1w (C)       T2w (C)       T1a (C)       T2a (C)       T1r (C)       T2r (C)       T3r (C)       T4r (C)       P1 (bar)      P2 (bar)      Ic (amp)      Qc (l/min)    
 8.4743E+02    3.6689E+01    4.5104E+01    1.9392E+01    1.4655E+01    1.0259E+01    5.3270E+01    4.0314E+01    1.1410E+01    4.1072E+00    1.2788E+01    0.0000E+00    8.5141E+00   
 8.4795E+02    3.6719E+01    4.5129E+01    1.9392E+01    1.4683E+01    1.0233E+01    5.3289E+01    4.0280E+01    1.1372E+01    4.1072E+00    1.2870E+01    0.0000E+00    8.4645E+00   
 8.4847E+02    3.6747E+01    4.5149E+01    1.9430E+01    1.4690E+01    1.0216E+01    5.3292E+01    4.0259E+01    1.1347E+01    4.1072E+00    1.2911E+01    0.0000E+00    8.4395E+00   
 8.4900E+02    3.6758E+01    4.5183E+01    1.9326E+01    1.4720E+01    1.0215E+01    5.3292E+01    4.0220E+01    1.1303E+01    4.1072E+00    1.2768E+01    0.0000E+00    8.4893E+00   
 8.4952E+02    3.6781E+01    4.5183E+01    1.9092E+01    1.4720E+01    1.0201E+01    5.3297E+01    4.0188E+01    1.1303E+01    4.1072E+00    1.2911E+01    0.0000E+00    8.4645E+00   
 8.5004E+02    3.6788E+01    4.5190E+01    1.9225E+01    1.4703E+01    1.0231E+01    5.3292E+01    4.0154E+01    1.1281E+01    4.1072E+00    1.2870E+01    0.0000E+00    8.4645E+00   
 8.5057E+02    3.6788E+01    4.5225E+01    1.9276E+01    1.4762E+01    1.0231E+01    5.3257E+01    4.0154E+01    1.1246E+01    4.1072E+00    1.2829E+01    0.0000E+00    8.4893E+00   
 8.5109E+02    3.6808E+01    4.5240E+01    1.9276E+01    1.4783E+01    1.0220E+01    5.3205E+01    4.0134E+01    1.1223E+01    4.1072E+00    1.2829E+01    0.0000E+00    8.5388E+00   
 8.5161E+02    3.6815E+01    4.5262E+01    1.9087E+01    1.4747E+01    1.0216E+01    5.3205E+01    4.0104E+01    1.1172E+01    4.1072E+00    1.2809E+01    0.0000E+00    8.4893E+00   
 8.5213E+02    3.6829E+01    4.5273E+01    1.8942E+01    1.4707E+01    1.0196E+01    5.3219E+01    4.0093E+01    1.1188E+01    4.1072E+00    1.2890E+01    0.0000E+00    8.5141E+00   
 8.5266E+02    3.6830E+01    4.5273E+01    1.8969E+01    1.4707E+01    1.0149E+01    5.3205E+01    4.0055E+01    1.1163E+01    4.0868E+00    1.2951E+01    0.0000E+00    8.5141E+00   
 8.5318E+02    3.6839E+01    4.5304E+01    1.9074E+01    1.4748E+01    1.0115E+01    5.3217E+01    4.0055E+01    1.1156E+01    4.1072E+00    1.2951E+01    0.0000E+00    8.4645E+00   
 8.5370E+02    3.6839E+01    4.5323E+01    1.9052E+01    1.4812E+01    1.0115E+01    5.3234E+01    4.0055E+01    1.1114E+01    4.1072E+00    1.2849E+01    0.0000E+00    8.4893E+00   
 8.5422E+02    3.6811E+01    4.5321E+01    1.9036E+01    1.4835E+01    1.0079E+01    5.3233E+01    4.0025E+01    1.1076E+01    4.0868E+00    1.2890E+01    0.0000E+00    8.5141E+00   
 8.5475E+02    3.6836E+01    4.5363E+01    1.9083E+01    1.4840E+01    1.0050E+01    5.3241E+01    3.9986E+01    1.1038E+01    4.0868E+00    1.2931E+01    0.0000E+00    8.4645E+00   
 8.5527E+02    3.6811E+01    4.5348E+01    1.9165E+01    1.4882E+01    1.0003E+01    5.3241E+01    3.9947E+01    1.1038E+01    4.0868E+00    1.2951E+01    0.0000E+00    8.4893E+00   
 8.5580E+02    3.6822E+01    4.5341E+01    1.9235E+01    1.4882E+01    9.9960E+00    5.3286E+01    3.9930E+01    1.1023E+01    4.0868E+00    1.2870E+01    0.0000E+00    8.4893E+00   
 8.5632E+02    3.6837E+01    4.5371E+01    1.9266E+01    1.4880E+01    1.0004E+01    5.3283E+01    3.9905E+01    1.0988E+01    4.0868E+00    1.2951E+01    0.0000E+00    8.4645E+00   
 8.5684E+02    3.6837E+01    4.5373E+01    1.9350E+01    1.4851E+01    1.0004E+01    5.3276E+01    3.9905E+01    1.0967E+01    4.1072E+00    1.2951E+01    0.0000E+00    8.4645E+00   
 8.5736E+02    3.6847E+01    4.5401E+01    1.9350E+01    1.4864E+01    1.0005E+01    5.3290E+01    3.9860E+01    1.0943E+01    4.1072E+00    1.2870E+01    0.0000E+00    8.4893E+00   
 8.5789E+02    3.6879E+01    4.5410E+01    1.9452E+01    1.4888E+01    1.0057E+01    5.3324E+01    3.9855E+01    1.0916E+01    4.0868E+00    1.2931E+01    0.0000E+00    8.4893E+00   
 8.5841E+02    3.6901E+01    4.5410E+01    1.9458E+01    1.4891E+01    1.0079E+01    5.3338E+01    3.9847E+01    1.0932E+01    4.0868E+00    1.2849E+01    0.0000E+00    8.4645E+00   
 8.5893E+02    3.6916E+01    4.5450E+01    1.9439E+01    1.4891E+01    1.0085E+01    5.3371E+01    3.9813E+01    1.0901E+01    4.0868E+00    1.2911E+01    0.0000E+00    8.4395E+00   
 8.5945E+02    3.6945E+01    4.5455E+01    1.9524E+01    1.4905E+01    1.0113E+01    5.3384E+01    3.9802E+01    1.0883E+01    4.0868E+00    1.3012E+01    0.0000E+00    8.4893E+00   
 8.5998E+02    3.6945E+01    4.5470E+01    1.9524E+01    1.4816E+01    1.0113E+01    5.3396E+01    3.9802E+01    1.0848E+01    4.0868E+00    1.2951E+01    0.0000E+00    8.4893E+00   
 8.6051E+02    3.6957E+01    4.5484E+01    1.9353E+01    1.4772E+01    1.0143E+01    5.3407E+01    3.9779E+01    1.0827E+01    4.0868E+00    1.2931E+01    0.0000E+00    8.4645E+00   
 8.6103E+02    3.6996E+01    4.5492E+01    1.9341E+01    1.4780E+01    1.0195E+01    5.3454E+01    3.9763E+01    1.0778E+01    4.0664E+00    1.2951E+01    0.0000E+00    8.4893E+00   
 8.6155E+02    3.6976E+01    4.5462E+01    1.9293E+01    1.4736E+01    1.0269E+01    5.3454E+01    3.9763E+01    1.0778E+01    4.0664E+00    1.3033E+01    0.0000E+00    8.4893E+00   
 8.6207E+02    3.6997E+01    4.5470E+01    1.9336E+01    1.4736E+01    1.0367E+01    5.3467E+01    3.9721E+01    1.0748E+01    4.0868E+00    1.2890E+01    0.0000E+00    8.4893E+00   
 8.6260E+02    3.6993E+01    4.5481E+01    1.9310E+01    1.4757E+01    1.0451E+01    5.3451E+01    3.9710E+01    1.0732E+01    4.0664E+00    1.2911E+01    0.0000E+00    8.4645E+00   
# Time (s)      T1w (C)       T2w (C)       T1a (C)       T2a (C)       T1r (C)       T2r (C)       T3r (C)       T4r (C)       P1 (bar)      P2 (bar)      Ic (amp)      Qc (l/min)    
 8.6312E+02    3.6993E+01    4.5498E+01    1.9118E+01    1.4742E+01    1.0451E+01    5.3462E+01    3.9710E+01    1.0703E+01    4.0664E+00    1.2890E+01    0.0000E+00    8.4893E+00   
 8.6364E+02    3.7002E+01    4.5522E+01    1.9118E+01    1.4723E+01    1.0553E+01    5.3495E+01    3.9715E+01    1.0669E+01    4.0664E+00    1.2951E+01    0.0000E+00    8.4645E+00   
 8.6416E+02    3.7008E+01    4.5524E+01    1.9117E+01    1.4717E+01    1.0654E+01    5.3502E+01    3.9689E+01    1.0640E+01    4.0664E+00    1.2992E+01    0.0000E+00    8.4645E+00   
 8.6469E+02    3.7011E+01    4.5524E+01    1.9140E+01    1.4721E+01    1.0802E+01    5.3517E+01    3.9694E+01    1.0656E+01    4.0664E+00    1.2972E+01    0.0000E+00    8.4645E+00   
 8.6521E+02    3.7012E+01    4.5534E+01    1.9205E+01    1.4721E+01    1.0915E+01    5.3520E+01    3.9688E+01    1.0624E+01    4.0664E+00    1.3053E+01    0.0000E+00    8.4893E+00   
 8.6574E+02    3.7016E+01    4.5551E+01    1.9159E+01    1.4657E+01    1.1025E+01    5.3516E+01    3.9688E+01    1.0614E+01    4.0664E+00    1.3012E+01    0.0000E+00    8.4395E+00   
 8.6626E+02    3.7016E+01    4.5563E+01    1.9016E+01    1.4708E+01    1.1041E+01    5.3532E+01    3.9704E+01    1.0599E+01    4.0664E+00    1.3033E+01    0.0000E+00    8.4893E+00   
 8.6678E+02    3.7035E+01    4.5571E+01    1.9016E+01    1.4604E+01    1.1147E+01    5.3534E+01    3.9702E+01    1.0604E+01    4.0664E+00    1.3033E+01    0.0000E+00    8.4893E+00   
 8.6730E+02    3.7037E+01    4.5587E+01    1.9120E+01    1.4584E+01    1.1267E+01    5.3570E+01    3.9748E+01    1.0608E+01    4.0664E+00    1.3033E+01    0.0000E+00    8.5141E+00   
 8.6783E+02    3.7062E+01    4.5587E+01    1.9240E+01    1.4559E+01    1.1374E+01    5.3570E+01    3.9742E+01    1.0608E+01    4.0460E+00    1.2992E+01    0.0000E+00    8.4893E+00   
 8.6835E+02    3.7086E+01    4.5590E+01    1.9347E+01    1.4543E+01    1.1474E+01    5.3581E+01    3.9751E+01    1.0618E+01    4.0664E+00    1.3033E+01    0.0000E+00    8.5141E+00   
 8.6887E+02    3.7094E+01    4.5591E+01    1.9094E+01    1.4595E+01    1.1560E+01    5.3575E+01    3.9774E+01    1.0619E+01    4.0460E+00    1.2931E+01    0.0000E+00    8.5141E+00   
 8.6940E+02    3.7109E+01    4.5643E+01    1.9109E+01    1.4624E+01    1.1560E+01    5.3595E+01    3.9774E+01    1.0643E+01    4.0460E+00    1.3053E+01    0.0000E+00    8.5141E+00   
 8.6992E+02    3.7135E+01    4.5647E+01    1.9188E+01    1.4546E+01    1.1657E+01    5.3627E+01    3.9794E+01    1.0663E+01    4.0460E+00    1.2931E+01    0.0000E+00    8.4893E+00   
 8.7044E+02    3.7128E+01    4.5636E+01    1.9210E+01    1.4572E+01    1.1747E+01    5.3658E+01    3.9822E+01    1.0686E+01    4.0460E+00    1.2992E+01    0.0000E+00    8.4893E+00   
 8.7097E+02    3.7138E+01    4.5636E+01    1.9207E+01    1.4572E+01    1.1831E+01    5.3658E+01    3.9842E+01    1.0686E+01    4.0256E+00    1.2951E+01    0.0000E+00    8.4645E+00   
 8.7149E+02    3.7153E+01    4.5652E+01    1.9265E+01    1.4506E+01    1.1915E+01    5.3697E+01    3.9869E+01    1.0698E+01    4.0460E+00    1.2972E+01    0.0000E+00    8.4893E+00   
 8.7201E+02    3.7174E+01    4.5660E+01    1.9338E+01    1.4504E+01    1.2014E+01    5.3736E+01    3.9899E+01    1.0738E+01    4.0460E+00    1.2972E+01    0.0000E+00    8.4645E+00   
 8.7254E+02    3.7189E+01    4.5683E+01    1.9354E+01    1.4558E+01    1.1998E+01    5.3753E+01    3.9884E+01    1.0757E+01    4.0460E+00    1.3073E+01    0.0000E+00    8.4645E+00   
 8.7306E+02    3.7206E+01    4.5689E+01    1.9342E+01    1.4576E+01    1.2060E+01    5.3796E+01    3.9945E+01    1.0809E+01    4.0460E+00    1.2951E+01    0.0000E+00    8.4645E+00   
 8.7358E+02    3.7226E+01    4.5691E+01    1.9222E+01    1.4573E+01    1.2149E+01    5.3824E+01    3.9965E+01    1.0836E+01    4.0460E+00    1.3073E+01    0.0000E+00    8.4395E+00   
 8.7411E+02    3.7244E+01    4.5691E+01    1.9166E+01    1.4573E+01    1.2248E+01    5.3824E+01    4.0008E+01    1.0836E+01    4.0460E+00    1.3012E+01    0.0000E+00    8.4645E+00   
 8.7463E+02    3.7283E+01    4.5709E+01    1.9016E+01    1.4574E+01    1.2294E+01    5.3864E+01    4.0045E+01    1.0844E+01    4.0460E+00    1.3012E+01    0.0000E+00    8.4645E+00   
 8.7515E+02    3.7309E+01    4.5718E+01    1.8739E+01    1.4531E+01    1.2343E+01    5.3918E+01    4.0088E+01    1.0892E+01    4.0460E+00    1.3073E+01    0.0000E+00    8.4893E+00   
 8.7568E+02    3.7294E+01    4.5699E+01    1.8723E+01    1.4477E+01    1.2327E+01    5.3965E+01    4.0073E+01    1.0903E+01    4.0460E+00    1.3053E+01    0.0000E+00    8.4893E+00   
 8.7620E+02    3.7305E+01    4.5716E+01    1.8948E+01    1.4523E+01    1.2399E+01    5.3993E+01    4.0139E+01    1.0958E+01    4.0460E+00    1.3053E+01    0.0000E+00    8.4893E+00   
 8.7673E+02    3.7324E+01    4.5710E+01    1.9082E+01    1.4488E+01    1.2473E+01    5.4024E+01    4.0177E+01    1.1009E+01    4.0460E+00    1.3073E+01    0.0000E+00    8.5141E+00   
 8.7725E+02    3.7333E+01    4.5710E+01    1.9085E+01    1.4488E+01    1.2548E+01    5.4024E+01    4.0244E+01    1.1009E+01    4.0460E+00    1.2931E+01    0.0000E+00    8.4893E+00   
 8.7777E+02    3.7342E+01    4.5689E+01    1.9135E+01    1.4344E+01    1.2594E+01    5.4005E+01    4.0292E+01    1.1031E+01    4.0460E+00    1.2951E+01    0.0000E+00    8.4645E+00   
 8.7830E+02    3.7373E+01    4.5698E+01    1.9212E+01    1.4405E+01    1.2657E+01    5.3990E+01    4.0354E+01    1.1045E+01    4.0460E+00    1.3073E+01    0.0000E+00    8.4893E+00   
# Time (s)      T1w (C)       T2w (C)       T1a (C)       T2a (C)       T1r (C)       T2r (C)       T3r (C)       T4r (C)       P1 (bar)      P2 (bar)      Ic (amp)      Qc (l/min)    
 8.7882E+02    3.7358E+01    4.5698E+01    1.9197E+01    1.4358E+01    1.2641E+01    5.3998E+01    4.0339E+01    1.1082E+01    4.0460E+00    1.2992E+01    0.0000E+00    8.5141E+00   
 8.7934E+02    3.7371E+01    4.5694E+01    1.9189E+01    1.4364E+01    1.2711E+01    5.4031E+01    4.0395E+01    1.1114E+01    4.0664E+00    1.3033E+01    0.0000E+00    8.5141E+00   
 8.7987E+02    3.7401E+01    4.5713E+01    1.9134E+01    1.4296E+01    1.2744E+01    5.4037E+01    4.0448E+01    1.1134E+01    4.0664E+00    1.3114E+01    0.0000E+00    8.4893E+00   
 8.8039E+02    3.7411E+01    4.5713E+01    1.8858E+01    1.4296E+01    1.2786E+01    5.4023E+01    4.0490E+01    1.1118E+01    4.0664E+00    1.2992E+01    0.0000E+00    8.4893E+00   
 8.8091E+02    3.7439E+01    4.5712E+01    1.8797E+01    1.4440E+01    1.2854E+01    5.4068E+01    4.0543E+01    1.1155E+01    4.0460E+00    1.3094E+01    0.0000E+00    8.4893E+00   
 8.8144E+02    3.7451E+01    4.5754E+01    1.8787E+01    1.4414E+01    1.2889E+01    5.4094E+01    4.0581E+01    1.1160E+01    4.0664E+00    1.3073E+01    0.0000E+00    8.4645E+00   
 8.8196E+02    3.7451E+01    4.5774E+01    1.8787E+01    1.4350E+01    1.2889E+01    5.4123E+01    4.0581E+01    1.1187E+01    4.0664E+00    1.3033E+01    0.0000E+00    8.4893E+00   
 8.8249E+02    3.7493E+01    4.5784E+01    1.8789E+01    1.4398E+01    1.2950E+01    5.4158E+01    4.0651E+01    1.1234E+01    4.0664E+00    1.3053E+01    0.0000E+00    8.4893E+00   
 8.8301E+02    3.7500E+01    4.5790E+01    1.8855E+01    1.4460E+01    1.2975E+01    5.4186E+01    4.0708E+01    1.1254E+01    4.0664E+00    1.2972E+01    0.0000E+00    8.4893E+00   
 8.8353E+02    3.7486E+01    4.5775E+01    1.8953E+01    1.4444E+01    1.3040E+01    5.4186E+01    4.0765E+01    1.1254E+01    4.0868E+00    1.3012E+01    0.0000E+00    8.4395E+00   
 8.8406E+02    3.7514E+01    4.5810E+01    1.8966E+01    1.4447E+01    1.3094E+01    5.4228E+01    4.0838E+01    1.1302E+01    4.0868E+00    1.3114E+01    0.0000E+00    8.5141E+00   
 8.8458E+02    3.7519E+01    4.5812E+01    1.8991E+01    1.4445E+01    1.3147E+01    5.4269E+01    4.0886E+01    1.1325E+01    4.0664E+00    1.3114E+01    0.0000E+00    8.4893E+00   
 8.8510E+02    3.7519E+01    4.5841E+01    1.8991E+01    1.4459E+01    1.3147E+01    5.4294E+01    4.0886E+01    1.1386E+01    4.0868E+00    1.3012E+01    0.0000E+00    8.4645E+00   
 8.8563E+02    3.7522E+01    4.5859E+01    1.8961E+01    1.4565E+01    1.3221E+01    5.4347E+01    4.0956E+01    1.1442E+01    4.0868E+00    1.3114E+01    0.0000E+00    8.4645E+00   
 8.8615E+02    3.7526E+01    4.5882E+01    1.8881E+01    1.4493E+01    1.3280E+01    5.4354E+01    4.1002E+01    1.1479E+01    4.0868E+00    1.3073E+01    0.0000E+00    8.4645E+00   
 8.8668E+02    3.7532E+01    4.5882E+01    1.8981E+01    1.4493E+01    1.3301E+01    5.4339E+01    4.1035E+01    1.1463E+01    4.0868E+00    1.3053E+01    0.0000E+00    8.4893E+00   
 8.8720E+02    3.7528E+01    4.5888E+01    1.9015E+01    1.4464E+01    1.3394E+01    5.4364E+01    4.1089E+01    1.1496E+01    4.0868E+00    1.3053E+01    0.0000E+00    8.4645E+00   
 8.8772E+02    3.7548E+01    4.5916E+01    1.9034E+01    1.4502E+01    1.3435E+01    5.4389E+01    4.1151E+01    1.1548E+01    4.0868E+00    1.3073E+01    0.0000E+00    8.4395E+00   
 8.8825E+02    3.7548E+01    4.5936E+01    1.9034E+01    1.4522E+01    1.3435E+01    5.4412E+01    4.1151E+01    1.1577E+01    4.0868E+00    1.3012E+01    0.0000E+00    8.4893E+00   
 8.8877E+02    3.7562E+01    4.5947E+01    1.9068E+01    1.4624E+01    1.3485E+01    5.4445E+01    4.1190E+01    1.1628E+01    4.0868E+00    1.3175E+01    0.0000E+00    8.4645E+00   
 8.8929E+02    3.7579E+01    4.5980E+01    1.9057E+01    1.4652E+01    1.3554E+01    5.4459E+01    4.1247E+01    1.1675E+01    4.1072E+00    1.3033E+01    0.0000E+00    8.4645E+00   
 8.8982E+02    3.7589E+01    4.5965E+01    1.8891E+01    1.4636E+01    1.3569E+01    5.4430E+01    4.1261E+01    1.1644E+01    4.1072E+00    1.3094E+01    0.0000E+00    8.4395E+00   
 8.9034E+02    3.7622E+01    4.5983E+01    1.8989E+01    1.4612E+01    1.3623E+01    5.4451E+01    4.1319E+01    1.1677E+01    4.1072E+00    1.3134E+01    0.0000E+00    8.5141E+00   
 8.9087E+02    3.7616E+01    4.5977E+01    1.8918E+01    1.4568E+01    1.3664E+01    5.4461E+01    4.1344E+01    1.1701E+01    4.1072E+00    1.3114E+01    0.0000E+00    8.4645E+00   
 8.9139E+02    3.7616E+01    4.5993E+01    1.8918E+01    1.4604E+01    1.3664E+01    5.4478E+01    4.1344E+01    1.1739E+01    4.1072E+00    1.3094E+01    0.0000E+00    8.5141E+00   
 8.9192E+02    3.7649E+01    4.6015E+01    1.8852E+01    1.4582E+01    1.3696E+01    5.4523E+01    4.1359E+01    1.1761E+01    4.1072E+00    1.3175E+01    0.0000E+00    8.4395E+00   
 8.9244E+02    3.7655E+01    4.6019E+01    1.8867E+01    1.4516E+01    1.3739E+01    5.4558E+01    4.1398E+01    1.1797E+01    4.1072E+00    1.3094E+01    0.0000E+00    8.4395E+00   
 8.9297E+02    3.7696E+01    4.6019E+01    1.8822E+01    1.4516E+01    1.3794E+01    5.4558E+01    4.1450E+01    1.1797E+01    4.1072E+00    1.3175E+01    0.0000E+00    8.4893E+00   
 8.9349E+02    3.7722E+01    4.6030E+01    1.8734E+01    1.4588E+01    1.3812E+01    5.4567E+01    4.1495E+01    1.1837E+01    4.1276E+00    1.3094E+01    0.0000E+00    8.4645E+00   
 8.9401E+02    3.7742E+01    4.6061E+01    1.8714E+01    1.4646E+01    1.3834E+01    5.4578E+01    4.1540E+01    1.1874E+01    4.1072E+00    1.3175E+01    0.0000E+00    8.4645E+00   
# Time (s)      T1w (C)       T2w (C)       T1a (C)       T2a (C)       T1r (C)       T2r (C)       T3r (C)       T4r (C)       P1 (bar)      P2 (bar)      Ic (amp)      Qc (l/min)    
 8.9454E+02    3.7773E+01    4.6104E+01    1.8745E+01    1.4709E+01    1.3850E+01    5.4593E+01    4.1555E+01    1.1951E+01    4.1072E+00    1.3053E+01    0.0000E+00    8.5141E+00   
 8.9506E+02    3.7788E+01    4.6122E+01    1.8896E+01    1.4715E+01    1.3842E+01    5.4605E+01    4.1600E+01    1.2018E+01    4.0868E+00    1.3073E+01    0.0000E+00    8.4893E+00   
 8.9558E+02    3.7827E+01    4.6122E+01    1.8890E+01    1.4766E+01    1.3847E+01    5.4643E+01    4.1672E+01    1.2126E+01    4.0868E+00    1.3196E+01    0.0000E+00    8.5141E+00   
 8.9611E+02    3.7855E+01    4.6122E+01    1.8976E+01    1.4766E+01    1.3822E+01    5.4643E+01    4.1699E+01    1.2126E+01    4.0868E+00    1.3216E+01    0.0000E+00    8.5141E+00   
 8.9663E+02    3.7903E+01    4.6157E+01    1.8816E+01    1.4766E+01    1.3774E+01    5.4677E+01    4.1744E+01    1.2233E+01    4.1072E+00    1.3196E+01    0.0000E+00    8.4893E+00   
 8.9716E+02    3.7936E+01    4.6165E+01    1.8706E+01    1.4779E+01    1.3687E+01    5.4731E+01    4.1805E+01    1.2307E+01    4.1072E+00    1.3175E+01    0.0000E+00    8.5141E+00   
 8.9768E+02    3.7936E+01    4.6179E+01    1.8706E+01    1.4746E+01    1.3703E+01    5.4738E+01    4.1820E+01    1.2370E+01    4.1276E+00    1.3216E+01    0.0000E+00    8.5141E+00   
 8.9820E+02    3.7952E+01    4.6198E+01    1.8753E+01    1.4746E+01    1.3552E+01    5.4739E+01    4.1866E+01    1.2419E+01    4.1276E+00    1.3073E+01    0.0000E+00    8.4893E+00   
 8.9873E+02    3.7962E+01    4.6187E+01    1.8682E+01    1.4801E+01    1.3293E+01    5.4778E+01    4.1890E+01    1.2483E+01    4.1276E+00    1.3114E+01    0.0000E+00    8.5141E+00   
 8.9925E+02    3.7973E+01    4.6187E+01    1.8466E+01    1.4801E+01    1.2933E+01    5.4778E+01    4.1936E+01    1.2483E+01    4.1480E+00    1.3114E+01    0.0000E+00    8.4893E+00   
 8.9977E+02    3.8010E+01    4.6206E+01    1.8347E+01    1.4797E+01    1.2455E+01    5.4767E+01    4.1975E+01    1.2488E+01    4.1480E+00    1.3155E+01    0.0000E+00    8.4893E+00   
 9.0030E+02    3.8035E+01    4.6226E+01    1.8326E+01    1.4852E+01    1.1652E+01    5.4753E+01    4.2030E+01    1.2529E+01    4.1276E+00    1.3155E+01    0.0000E+00    8.5141E+00   
 9.0082E+02    3.8035E+01    4.6235E+01    1.8326E+01    1.4750E+01    1.1652E+01    5.4777E+01    4.2030E+01    1.2565E+01    4.1480E+00    1.3155E+01    0.0000E+00    8.4645E+00   
 9.0135E+02    3.8050E+01    4.6254E+01    1.8245E+01    1.4725E+01    1.1121E+01    5.4786E+01    4.2064E+01    1.2613E+01    4.1480E+00    1.3257E+01    0.0000E+00    8.4645E+00   
 9.0187E+02    3.8088E+01    4.6303E+01    1.8329E+01    1.4847E+01    1.0887E+01    5.4794E+01    4.2109E+01    1.2598E+01    4.1480E+00    1.3257E+01    0.0000E+00    8.4645E+00   
 9.0240E+02    3.8077E+01    4.6303E+01    1.8669E+01    1.4847E+01    1.0792E+01    5.4794E+01    4.2116E+01    1.2598E+01    4.1684E+00    1.3236E+01    0.0000E+00    8.4645E+00   
 9.0292E+02    3.8088E+01    4.6328E+01    1.8906E+01    1.4868E+01    1.0740E+01    5.4811E+01    4.2153E+01    1.2597E+01    4.1684E+00    1.3257E+01    0.0000E+00    8.4893E+00   
 9.0345E+02    3.8099E+01    4.6345E+01    1.8953E+01    1.4952E+01    1.0712E+01    5.4824E+01    4.2162E+01    1.2547E+01    4.1684E+00    1.3175E+01    0.0000E+00    8.4645E+00   
 9.0397E+02    3.8099E+01    4.6372E+01    1.8953E+01    1.4842E+01    1.0712E+01    5.4849E+01    4.2162E+01    1.2473E+01    4.1684E+00    1.3196E+01    0.0000E+00    8.4645E+00   
 9.0449E+02    3.8132E+01    4.6397E+01    1.8878E+01    1.4738E+01    1.0662E+01    5.4846E+01    4.2180E+01    1.2419E+01    4.1480E+00    1.3277E+01    0.0000E+00    8.4893E+00   
 9.0502E+02    3.8109E+01    4.6396E+01    1.9057E+01    1.4827E+01    1.0624E+01    5.4856E+01    4.2180E+01    1.2363E+01    4.1480E+00    1.3318E+01    0.0000E+00    8.4893E+00   
 9.0554E+02    3.8116E+01    4.6396E+01    1.8952E+01    1.4827E+01    1.0574E+01    5.4856E+01    4.2185E+01    1.2363E+01    4.1480E+00    1.3257E+01    0.0000E+00    8.4645E+00   
 9.0606E+02    3.8121E+01    4.6413E+01    1.9013E+01    1.4736E+01    1.0531E+01    5.4878E+01    4.2203E+01    1.2310E+01    4.1480E+00    1.3318E+01    0.0000E+00    8.4893E+00   
 9.0659E+02    3.8106E+01    4.6453E+01    1.9012E+01    1.4778E+01    1.0530E+01    5.4854E+01    4.2192E+01    1.2255E+01    4.1684E+00    1.3338E+01    0.0000E+00    8.5141E+00   
 9.0711E+02    3.8106E+01    4.6497E+01    1.9012E+01    1.4680E+01    1.0530E+01    5.4849E+01    4.2192E+01    1.2190E+01    4.1684E+00    1.3236E+01    0.0000E+00    8.4395E+00   
 9.0764E+02    3.8135E+01    4.6518E+01    1.9003E+01    1.4756E+01    1.0477E+01    5.4889E+01    4.2189E+01    1.2142E+01    4.1684E+00    1.3358E+01    0.0000E+00    8.4893E+00   
 9.0817E+02    3.8135E+01    4.6519E+01    1.9083E+01    1.4721E+01    1.0438E+01    5.4916E+01    4.2192E+01    1.2134E+01    4.1480E+00    1.3297E+01    0.0000E+00    8.4893E+00   
 9.0869E+02    3.8139E+01    4.6519E+01    1.8942E+01    1.4721E+01    1.0404E+01    5.4916E+01    4.2187E+01    1.2045E+01    4.1480E+00    1.3338E+01    0.0000E+00    8.4645E+00   
 9.0922E+02    3.8155E+01    4.6563E+01    1.8995E+01    1.4770E+01    1.0354E+01    5.4947E+01    4.2187E+01    1.2045E+01    4.1480E+00    1.3379E+01    0.0000E+00    8.4145E+00   
 9.0974E+02    3.8170E+01    4.6556E+01    1.8910E+01    1.4694E+01    1.0356E+01    5.5006E+01    4.2155E+01    1.2038E+01    4.1684E+00    1.3297E+01    0.0000E+00    8.4395E+00   
# Time (s)      T1w (C)       T2w (C)       T1a (C)       T2a (C)       T1r (C)       T2r (C)       T3r (C)       T4r (C)       P1 (bar)      P2 (bar)      Ic (amp)      Qc (l/min)    
 9.1026E+02    3.8170E+01    4.6579E+01    1.8910E+01    1.4849E+01    1.0356E+01    5.5042E+01    4.2155E+01    1.1996E+01    4.1276E+00    1.3236E+01    0.0000E+00    8.4645E+00   
 9.1079E+02    3.8177E+01    4.6599E+01    1.8894E+01    1.4729E+01    1.0337E+01    5.5074E+01    4.2151E+01    1.1978E+01    4.1480E+00    1.3236E+01    0.0000E+00    8.5141E+00   
 9.1131E+02    3.8191E+01    4.6615E+01    1.8791E+01    1.4710E+01    1.0275E+01    5.5114E+01    4.2146E+01    1.1972E+01    4.1480E+00    1.3338E+01    0.0000E+00    8.4645E+00   
 9.1184E+02    3.8204E+01    4.6600E+01    1.8775E+01    1.4694E+01    1.0237E+01    5.5114E+01    4.2132E+01    1.1972E+01    4.1276E+00    1.3338E+01    0.0000E+00    8.4645E+00   
 9.1236E+02    3.8230E+01    4.6635E+01    1.8744E+01    1.4709E+01    1.0227E+01    5.5164E+01    4.2123E+01    1.1940E+01    4.1276E+00    1.3318E+01    0.0000E+00    8.4645E+00   
 9.1289E+02    3.8220E+01    4.6617E+01    1.8689E+01    1.4685E+01    1.0230E+01    5.5211E+01    4.2112E+01    1.1929E+01    4.1276E+00    1.3338E+01    0.0000E+00    8.4893E+00   
 9.1341E+02    3.8220E+01    4.6629E+01    1.8689E+01    1.4687E+01    1.0230E+01    5.5216E+01    4.2088E+01    1.1885E+01    4.1276E+00    1.3379E+01    0.0000E+00    8.4645E+00   
 9.1394E+02    3.8223E+01    4.6659E+01    1.8448E+01    1.4703E+01    1.0236E+01    5.5241E+01    4.2103E+01    1.1871E+01    4.1276E+00    1.3420E+01    0.0000E+00    8.5141E+00   
 9.1446E+02    3.8265E+01    4.6660E+01    1.8745E+01    1.4724E+01    1.0206E+01    5.5280E+01    4.2097E+01    1.1850E+01    4.1276E+00    1.3297E+01    0.0000E+00    8.4893E+00   
 9.1499E+02    3.8262E+01    4.6660E+01    1.8871E+01    1.4724E+01    1.0184E+01    5.5280E+01    4.2065E+01    1.1813E+01    4.1276E+00    1.3420E+01    0.0000E+00    8.4645E+00   
 9.1551E+02    3.8297E+01    4.6694E+01    1.8646E+01    1.4668E+01    1.0161E+01    5.5302E+01    4.2036E+01    1.1813E+01    4.1276E+00    1.3358E+01    0.0000E+00    8.4893E+00   
 9.1603E+02    3.8306E+01    4.6678E+01    1.8689E+01    1.4735E+01    1.0170E+01    5.5276E+01    4.2018E+01    1.1776E+01    4.1480E+00    1.3420E+01    0.0000E+00    8.4645E+00   
 9.1656E+02    3.8306E+01    4.6698E+01    1.8689E+01    1.4721E+01    1.0170E+01    5.5289E+01    4.2018E+01    1.1733E+01    4.1276E+00    1.3338E+01    0.0000E+00    8.4645E+00   
 9.1708E+02    3.8323E+01    4.6713E+01    1.8504E+01    1.4689E+01    1.0140E+01    5.5272E+01    4.1993E+01    1.1690E+01    4.1480E+00    1.3399E+01    0.0000E+00    8.4645E+00   
 9.1760E+02    3.8352E+01    4.6742E+01    1.8483E+01    1.4751E+01    1.0128E+01    5.5268E+01    4.1967E+01    1.1658E+01    4.1276E+00    1.3460E+01    0.0000E+00    8.4893E+00   
 9.1813E+02    3.8350E+01    4.6727E+01    1.8562E+01    1.4771E+01    1.0069E+01    5.5243E+01    4.1929E+01    1.1589E+01    4.1276E+00    1.3358E+01    0.0000E+00    8.4893E+00   
 9.1866E+02    3.8369E+01    4.6745E+01    1.8790E+01    1.4755E+01    1.0065E+01    5.5257E+01    4.1914E+01    1.1605E+01    4.1276E+00    1.3338E+01    0.0000E+00    8.4645E+00   
 9.1918E+02    3.8375E+01    4.6757E+01    1.8798E+01    1.4718E+01    1.0037E+01    5.5262E+01    4.1884E+01    1.1578E+01    4.1276E+00    1.3358E+01    0.0000E+00    8.4645E+00   
 9.1971E+02    3.8390E+01    4.6768E+01    1.8813E+01    1.4715E+01    1.0053E+01    5.5241E+01    4.1899E+01    1.1563E+01    4.1276E+00    1.3440E+01    0.0000E+00    8.4645E+00   
 9.2023E+02    3.8418E+01    4.6802E+01    1.8764E+01    1.4799E+01    1.0030E+01    5.5209E+01    4.1883E+01    1.1530E+01    4.1276E+00    1.3338E+01    0.0000E+00    8.4645E+00   
 9.2075E+02    3.8421E+01    4.6817E+01    1.8789E+01    1.4801E+01    9.9913E+00    5.5212E+01    4.1857E+01    1.1507E+01    4.1276E+00    1.3440E+01    0.0000E+00    8.4893E+00   
 9.2128E+02    3.8446E+01    4.6817E+01    1.8816E+01    1.4765E+01    9.9526E+00    5.5212E+01    4.1814E+01    1.1455E+01    4.1276E+00    1.3481E+01    0.0000E+00    8.5141E+00   
 9.2180E+02    3.8473E+01    4.6852E+01    1.8696E+01    1.4765E+01    9.9412E+00    5.5230E+01    4.1814E+01    1.1471E+01    4.1072E+00    1.3420E+01    0.0000E+00    8.4645E+00   
 9.2233E+02    3.8499E+01    4.6880E+01    1.8655E+01    1.4734E+01    9.9308E+00    5.5216E+01    4.1799E+01    1.1440E+01    4.1072E+00    1.3420E+01    0.0000E+00    8.4645E+00   
 9.2285E+02    3.8484E+01    4.6877E+01    1.8639E+01    1.4765E+01    9.9308E+00    5.5218E+01    4.1759E+01    1.1394E+01    4.1276E+00    1.3440E+01    0.0000E+00    8.4893E+00   
 9.2338E+02    3.8507E+01    4.6885E+01    1.8548E+01    1.4786E+01    9.9469E+00    5.5221E+01    4.1759E+01    1.1347E+01    4.1276E+00    1.3420E+01    0.0000E+00    8.4395E+00   
 9.2390E+02    3.8500E+01    4.6892E+01    1.8667E+01    1.4839E+01    9.9318E+00    5.5246E+01    4.1740E+01    1.1311E+01    4.1072E+00    1.3440E+01    0.0000E+00    8.4395E+00   
 9.2443E+02    3.8530E+01    4.6892E+01    1.8401E+01    1.4749E+01    9.9044E+00    5.5246E+01    4.1713E+01    1.1267E+01    4.1072E+00    1.3379E+01    0.0000E+00    8.5141E+00   
 9.2495E+02    3.8524E+01    4.6902E+01    1.8190E+01    1.4733E+01    9.9081E+00    5.5265E+01    4.1676E+01    1.1267E+01    4.1072E+00    1.3521E+01    0.0000E+00    8.4893E+00   
 9.2548E+02    3.8555E+01    4.6920E+01    1.8062E+01    1.4706E+01    9.9289E+00    5.5255E+01    4.1656E+01    1.1211E+01    4.1072E+00    1.3399E+01    0.0000E+00    8.4893E+00   
# Time (s)      T1w (C)       T2w (C)       T1a (C)       T2a (C)       T1r (C)       T2r (C)       T3r (C)       T4r (C)       P1 (bar)      P2 (bar)      Ic (amp)      Qc (l/min)    
 9.2600E+02    3.8540E+01    4.6942E+01    1.8099E+01    1.4655E+01    9.9449E+00    5.5279E+01    4.1648E+01    1.1195E+01    4.1072E+00    1.3420E+01    0.0000E+00    8.4893E+00   
 9.2652E+02    3.8561E+01    4.6935E+01    1.8099E+01    1.4699E+01    9.9213E+00    5.5309E+01    4.1648E+01    1.1131E+01    4.1072E+00    1.3399E+01    0.0000E+00    8.4893E+00   
 9.2705E+02    3.8615E+01    4.6969E+01    1.8160E+01    1.4718E+01    9.9090E+00    5.5310E+01    4.1628E+01    1.1127E+01    4.1072E+00    1.3542E+01    0.0000E+00    8.4893E+00   
 9.2757E+02    3.8630E+01    4.6969E+01    1.8231E+01    1.4759E+01    9.9156E+00    5.5310E+01    4.1602E+01    1.1127E+01    4.1072E+00    1.3501E+01    0.0000E+00    8.5141E+00   
 9.2809E+02    3.8639E+01    4.6969E+01    1.8503E+01    1.4744E+01    9.9071E+00    5.5339E+01    4.1596E+01    1.1100E+01    4.1072E+00    1.3399E+01    0.0000E+00    8.4893E+00   
 9.2862E+02    3.8657E+01    4.6992E+01    1.8538E+01    1.4739E+01    9.8967E+00    5.5340E+01    4.1584E+01    1.1087E+01    4.1072E+00    1.3501E+01    0.0000E+00    8.4645E+00   
 9.2914E+02    3.8672E+01    4.7008E+01    1.8465E+01    1.4729E+01    9.9127E+00    5.5365E+01    4.1560E+01    1.1046E+01    4.1072E+00    1.3501E+01    0.0000E+00    8.4645E+00   
 9.2967E+02    3.8678E+01    4.7039E+01    1.8465E+01    1.4715E+01    9.8995E+00    5.5397E+01    4.1560E+01    1.1026E+01    4.1072E+00    1.3481E+01    0.0000E+00    8.4645E+00   
 9.3019E+02    3.8710E+01    4.7070E+01    1.8602E+01    1.4774E+01    9.8797E+00    5.5394E+01    4.1518E+01    1.0967E+01    4.0868E+00    1.3440E+01    0.0000E+00    8.4645E+00   
 9.3072E+02    3.8720E+01    4.7070E+01    1.8668E+01    1.4692E+01    9.8693E+00    5.5394E+01    4.1494E+01    1.0953E+01    4.1072E+00    1.3562E+01    0.0000E+00    8.4893E+00   
 9.3124E+02    3.8713E+01    4.7073E+01    1.8453E+01    1.4692E+01    9.8693E+00    5.5415E+01    4.1492E+01    1.0953E+01    4.0868E+00    1.3521E+01    0.0000E+00    8.4893E+00   
 9.3176E+02    3.8728E+01    4.7093E+01    1.8505E+01    1.4667E+01    9.8712E+00    5.5431E+01    4.1465E+01    1.0926E+01    4.0868E+00    1.3481E+01    0.0000E+00    8.4893E+00   
 9.3229E+02    3.8743E+01    4.7135E+01    1.8459E+01    1.4726E+01    9.8712E+00    5.5446E+01    4.1465E+01    1.0883E+01    4.0868E+00    1.3460E+01    0.0000E+00    8.4645E+00   
 9.3282E+02    3.8759E+01    4.7147E+01    1.8459E+01    1.4758E+01    9.9090E+00    5.5463E+01    4.1456E+01    1.0858E+01    4.0868E+00    1.3481E+01    0.0000E+00    8.4645E+00   
 9.3334E+02    3.8757E+01    4.7170E+01    1.8584E+01    1.4741E+01    9.9250E+00    5.5469E+01    4.1428E+01    1.0827E+01    4.0868E+00    1.3582E+01    0.0000E+00    8.5141E+00   
 9.3387E+02    3.8762E+01    4.7155E+01    1.8800E+01    1.4737E+01    9.9920E+00    5.5511E+01    4.1445E+01    1.0824E+01    4.1072E+00    1.3582E+01    0.0000E+00    8.4645E+00   
 9.3439E+02    3.8781E+01    4.7178E+01    1.8518E+01    1.4737E+01    1.0047E+01    5.5511E+01    4.1414E+01    1.0824E+01    4.0868E+00    1.3501E+01    0.0000E+00    8.4395E+00   
 9.3492E+02    3.8783E+01    4.7179E+01    1.8266E+01    1.4744E+01    1.0156E+01    5.5535E+01    4.1401E+01    1.0811E+01    4.0868E+00    1.3521E+01    0.0000E+00    8.4893E+00   
 9.3544E+02    3.8783E+01    4.7196E+01    1.8354E+01    1.4771E+01    1.0156E+01    5.5543E+01    4.1380E+01    1.0799E+01    4.0868E+00    1.3582E+01    0.0000E+00    8.4645E+00   
 9.3597E+02    3.8810E+01    4.7216E+01    1.8354E+01    1.4740E+01    1.0278E+01    5.5515E+01    4.1380E+01    1.0777E+01    4.0868E+00    1.3623E+01    0.0000E+00    8.4645E+00   
 9.3649E+02    3.8815E+01    4.7219E+01    1.8700E+01    1.4753E+01    1.0380E+01    5.5538E+01    4.1375E+01    1.0744E+01    4.0664E+00    1.3501E+01    0.0000E+00    8.4645E+00   
 9.3701E+02    3.8830E+01    4.7219E+01    1.8897E+01    1.4817E+01    1.0503E+01    5.5541E+01    4.1338E+01    1.0722E+01    4.0868E+00    1.3501E+01    0.0000E+00    8.5141E+00   
 9.3754E+02    3.8834E+01    4.7234E+01    1.8479E+01    1.4817E+01    1.0601E+01    5.5541E+01    4.1342E+01    1.0722E+01    4.0664E+00    1.3542E+01    0.0000E+00    8.5141E+00   
 9.3806E+02    3.8860E+01    4.7257E+01    1.8231E+01    1.4724E+01    1.0720E+01    5.5563E+01    4.1356E+01    1.0702E+01    4.0664E+00    1.3501E+01    0.0000E+00    8.4893E+00   
 9.3859E+02    3.8860E+01    4.7283E+01    1.8425E+01    1.4805E+01    1.0720E+01    5.5595E+01    4.1350E+01    1.0688E+01    4.0664E+00    1.3542E+01    0.0000E+00    8.4893E+00   
 9.3912E+02    3.8897E+01    4.7296E+01    1.8441E+01    1.4806E+01    1.0790E+01    5.5605E+01    4.1335E+01    1.0676E+01    4.0460E+00    1.3562E+01    0.0000E+00    8.4893E+00   
 9.3964E+02    3.8911E+01    4.7290E+01    1.8764E+01    1.4721E+01    1.0896E+01    5.5618E+01    4.1355E+01    1.0692E+01    4.0460E+00    1.3460E+01    0.0000E+00    8.4645E+00   
 9.4016E+02    3.8912E+01    4.7290E+01    1.8777E+01    1.4695E+01    1.0998E+01    5.5642E+01    4.1357E+01    1.0712E+01    4.0460E+00    1.3501E+01    0.0000E+00    8.5141E+00   
 9.4069E+02    3.8934E+01    4.7317E+01    1.8891E+01    1.4695E+01    1.1098E+01    5.5642E+01    4.1373E+01    1.0712E+01    4.0460E+00    1.3501E+01    0.0000E+00    8.4893E+00   
 9.4121E+02    3.8955E+01    4.7325E+01    1.8810E+01    1.4675E+01    1.1205E+01    5.5685E+01    4.1386E+01    1.0723E+01    4.0460E+00    1.3603E+01    0.0000E+00    8.4645E+00   
# Time (s)      T1w (C)       T2w (C)       T1a (C)       T2a (C)       T1r (C)       T2r (C)       T3r (C)       T4r (C)       P1 (bar)      P2 (bar)      Ic (amp)      Qc (l/min)    
 9.4174E+02    3.8955E+01    4.7327E+01    1.8574E+01    1.4678E+01    1.1308E+01    5.5703E+01    4.1426E+01    1.0721E+01    4.0664E+00    1.3460E+01    0.0000E+00    8.4395E+00   
 9.4226E+02    3.8963E+01    4.7330E+01    1.8590E+01    1.4626E+01    1.1308E+01    5.5758E+01    4.1426E+01    1.0740E+01    4.0664E+00    1.3562E+01    0.0000E+00    8.5141E+00   
 9.4279E+02    3.8967E+01    4.7349E+01    1.8488E+01    1.4590E+01    1.1409E+01    5.5736E+01    4.1430E+01    1.0741E+01    4.0664E+00    1.3603E+01    0.0000E+00    8.4893E+00   
 9.4331E+02    3.8984E+01    4.7349E+01    1.8738E+01    1.4643E+01    1.1521E+01    5.5727E+01    4.1453E+01    1.0755E+01    4.0664E+00    1.3521E+01    0.0000E+00    8.4893E+00   
 9.4383E+02    3.8994E+01    4.7358E+01    1.8577E+01    1.4643E+01    1.1620E+01    5.5727E+01    4.1472E+01    1.0755E+01    4.0664E+00    1.3542E+01    0.0000E+00    8.4645E+00   
 9.4436E+02    3.9014E+01    4.7383E+01    1.8408E+01    1.4711E+01    1.1698E+01    5.5749E+01    4.1509E+01    1.0772E+01    4.0664E+00    1.3643E+01    0.0000E+00    8.4645E+00   
 9.4489E+02    3.9014E+01    4.7371E+01    1.8467E+01    1.4558E+01    1.1817E+01    5.5785E+01    4.1540E+01    1.0798E+01    4.0460E+00    1.3562E+01    0.0000E+00    8.4893E+00   
 9.4541E+02    3.9011E+01    4.7385E+01    1.8467E+01    1.4535E+01    1.1817E+01    5.5801E+01    4.1540E+01    1.0819E+01    4.0460E+00    1.3521E+01    0.0000E+00    8.4645E+00   
 9.4594E+02    3.9004E+01    4.7374E+01    1.8747E+01    1.4453E+01    1.1902E+01    5.5820E+01    4.1566E+01    1.0831E+01    4.0460E+00    1.3562E+01    0.0000E+00    8.4645E+00   
 9.4646E+02    3.9031E+01    4.7374E+01    1.8931E+01    1.4590E+01    1.1956E+01    5.5861E+01    4.1589E+01    1.0854E+01    4.0460E+00    1.3562E+01    0.0000E+00    8.4145E+00   
 9.4699E+02    3.9061E+01    4.7408E+01    1.8825E+01    1.4606E+01    1.2052E+01    5.5861E+01    4.1646E+01    1.0854E+01    4.0460E+00    1.3562E+01    0.0000E+00    8.4893E+00   
 9.4751E+02    3.9073E+01    4.7400E+01    1.8740E+01    1.4584E+01    1.2131E+01    5.5891E+01    4.1673E+01    1.0906E+01    4.0460E+00    1.3481E+01    0.0000E+00    8.4645E+00   
 9.4803E+02    3.9088E+01    4.7429E+01    1.8549E+01    1.4563E+01    1.2220E+01    5.5935E+01    4.1725E+01    1.0937E+01    4.0460E+00    1.3521E+01    0.0000E+00    8.4893E+00   
 9.4856E+02    3.9074E+01    4.7434E+01    1.8549E+01    1.4595E+01    1.2220E+01    5.5990E+01    4.1725E+01    1.0969E+01    4.0460E+00    1.3562E+01    0.0000E+00    8.5141E+00   
 9.4908E+02    3.9088E+01    4.7432E+01    1.8378E+01    1.4568E+01    1.2290E+01    5.5997E+01    4.1776E+01    1.0999E+01    4.0460E+00    1.3623E+01    0.0000E+00    8.4395E+00   
 9.4961E+02    3.9097E+01    4.7432E+01    1.8142E+01    1.4502E+01    1.2397E+01    5.6002E+01    4.1804E+01    1.1059E+01    4.0460E+00    1.3521E+01    0.0000E+00    8.4645E+00   
 9.5014E+02    3.9102E+01    4.7445E+01    1.8051E+01    1.4518E+01    1.2465E+01    5.6002E+01    4.1858E+01    1.1059E+01    4.0460E+00    1.3603E+01    0.0000E+00    8.4893E+00   
 9.5066E+02    3.9111E+01    4.7449E+01    1.8158E+01    1.4658E+01    1.2576E+01    5.6014E+01    4.1896E+01    1.1062E+01    4.0664E+00    1.3623E+01    0.0000E+00    8.4645E+00   
 9.5119E+02    3.9111E+01    4.7458E+01    1.8391E+01    1.4726E+01    1.2657E+01    5.6079E+01    4.1966E+01    1.1136E+01    4.0460E+00    1.3664E+01    0.0000E+00    8.4645E+00   
 9.5171E+02    3.9107E+01    4.7436E+01    1.8391E+01    1.4634E+01    1.2657E+01    5.6117E+01    4.1966E+01    1.1181E+01    4.0460E+00    1.3501E+01    0.0000E+00    8.5141E+00   
 9.5223E+02    3.9129E+01    4.7463E+01    1.8439E+01    1.4666E+01    1.2747E+01    5.6168E+01    4.2008E+01    1.1206E+01    4.0460E+00    1.3501E+01    0.0000E+00    8.4645E+00   
 9.5276E+02    3.9148E+01    4.7463E+01    1.8617E+01    1.4680E+01    1.2818E+01    5.6220E+01    4.2049E+01    1.1242E+01    4.0664E+00    1.3521E+01    0.0000E+00    8.4893E+00   
 9.5328E+02    3.9174E+01    4.7486E+01    1.8593E+01    1.4696E+01    1.2884E+01    5.6205E+01    4.2094E+01    1.1226E+01    4.0868E+00    1.3643E+01    0.0000E+00    8.4645E+00   
 9.5381E+02    3.9167E+01    4.7472E+01    1.8643E+01    1.4716E+01    1.2950E+01    5.6230E+01    4.2131E+01    1.1261E+01    4.0664E+00    1.3643E+01    0.0000E+00    8.4395E+00   
 9.5433E+02    3.9167E+01    4.7493E+01    1.8563E+01    1.4772E+01    1.3033E+01    5.6293E+01    4.2186E+01    1.1314E+01    4.0868E+00    1.3521E+01    0.0000E+00    8.4645E+00   
 9.5486E+02    3.9176E+01    4.7483E+01    1.8563E+01    1.4727E+01    1.3033E+01    5.6280E+01    4.2186E+01    1.1333E+01    4.0868E+00    1.3603E+01    0.0000E+00    8.4893E+00   
 9.5539E+02    3.9206E+01    4.7495E+01    1.8492E+01    1.4712E+01    1.3063E+01    5.6290E+01    4.2228E+01    1.1343E+01    4.0868E+00    1.3684E+01    0.0000E+00    8.4893E+00   
 9.5591E+02    3.9203E+01    4.7477E+01    1.8844E+01    1.4638E+01    1.3138E+01    5.6295E+01    4.2282E+01    1.1391E+01    4.0868E+00    1.3521E+01    0.0000E+00    8.4645E+00   
 9.5644E+02    3.9220E+01    4.7477E+01    1.9101E+01    1.4638E+01    1.3180E+01    5.6295E+01    4.2327E+01    1.1391E+01    4.0664E+00    1.3521E+01    0.0000E+00    8.4893E+00   
 9.5696E+02    3.9237E+01    4.7496E+01    1.8842E+01    1.4508E+01    1.3293E+01    5.6334E+01    4.2380E+01    1.1453E+01    4.0868E+00    1.3501E+01    0.0000E+00    8.4893E+00   
# Time (s)      T1w (C)       T2w (C)       T1a (C)       T2a (C)       T1r (C)       T2r (C)       T3r (C)       T4r (C)       P1 (bar)      P2 (bar)      Ic (amp)      Qc (l/min)    
 9.5749E+02    3.9254E+01    4.7487E+01    1.8956E+01    1.4727E+01    1.3340E+01    5.6355E+01    4.2428E+01    1.1479E+01    4.0868E+00    1.3562E+01    0.0000E+00    8.4893E+00   
 9.5801E+02    3.9254E+01    4.7511E+01    1.8956E+01    1.4646E+01    1.3324E+01    5.6380E+01    4.2413E+01    1.1511E+01    4.1072E+00    1.3562E+01    0.0000E+00    8.4893E+00   
 9.5854E+02    3.9281E+01    4.7523E+01    1.9180E+01    1.4608E+01    1.3391E+01    5.6398E+01    4.2454E+01    1.1588E+01    4.1072E+00    1.3582E+01    0.0000E+00    8.4395E+00   
 9.5906E+02    3.9289E+01    4.7532E+01    1.9073E+01    1.4664E+01    1.3482E+01    5.6416E+01    4.2518E+01    1.1633E+01    4.1072E+00    1.3623E+01    0.0000E+00    8.4395E+00   
 9.5958E+02    3.9309E+01    4.7532E+01    1.8824E+01    1.4664E+01    1.3539E+01    5.6416E+01    4.2562E+01    1.1633E+01    4.0868E+00    1.3582E+01    0.0000E+00    8.4893E+00   
 9.6011E+02    3.9316E+01    4.7559E+01    1.8476E+01    1.4729E+01    1.3604E+01    5.6462E+01    4.2621E+01    1.1673E+01    4.0868E+00    1.3623E+01    0.0000E+00    8.4395E+00   
 9.6064E+02    3.9347E+01    4.7554E+01    1.8569E+01    1.4597E+01    1.3665E+01    5.6486E+01    4.2666E+01    1.1733E+01    4.1072E+00    1.3705E+01    0.0000E+00    8.4645E+00   
 9.6116E+02    3.9362E+01    4.7588E+01    1.8585E+01    1.4754E+01    1.3665E+01    5.6451E+01    4.2666E+01    1.1784E+01    4.1072E+00    1.3705E+01    0.0000E+00    8.4893E+00   
 9.6169E+02    3.9386E+01    4.7575E+01    1.8698E+01    1.4724E+01    1.3735E+01    5.6446E+01    4.2698E+01    1.1826E+01    4.1072E+00    1.3643E+01    0.0000E+00    8.4893E+00   
 9.6221E+02    3.9387E+01    4.7584E+01    1.8613E+01    1.4656E+01    1.3808E+01    5.6479E+01    4.2757E+01    1.1879E+01    4.1072E+00    1.3603E+01    0.0000E+00    8.4645E+00   
 9.6274E+02    3.9418E+01    4.7584E+01    1.8432E+01    1.4656E+01    1.3858E+01    5.6479E+01    4.2796E+01    1.1879E+01    4.1276E+00    1.3705E+01    0.0000E+00    8.5141E+00   
 9.6326E+02    3.9447E+01    4.7616E+01    1.8577E+01    1.4668E+01    1.3899E+01    5.6500E+01    4.2844E+01    1.1937E+01    4.1276E+00    1.3745E+01    0.0000E+00    8.5141E+00   
 9.6379E+02    3.9463E+01    4.7613E+01    1.8492E+01    1.4680E+01    1.3956E+01    5.6513E+01    4.2888E+01    1.1963E+01    4.1276E+00    1.3643E+01    0.0000E+00    8.4893E+00   
 9.6431E+02    3.9463E+01    4.7636E+01    1.8492E+01    1.4681E+01    1.3956E+01    5.6528E+01    4.2888E+01    1.1993E+01    4.1276E+00    1.3582E+01    0.0000E+00    8.4645E+00   
 9.6484E+02    3.9515E+01    4.7665E+01    1.8555E+01    1.4648E+01    1.3966E+01    5.6537E+01    4.2934E+01    1.2040E+01    4.1276E+00    1.3582E+01    0.0000E+00    8.4893E+00   
 9.6536E+02    3.9530E+01    4.7654E+01    1.8717E+01    1.4710E+01    1.3991E+01    5.6539E+01    4.2982E+01    1.2083E+01    4.1276E+00    1.3603E+01    0.0000E+00    8.4893E+00   
 9.6589E+02    3.9554E+01    4.7654E+01    1.8739E+01    1.4710E+01    1.4002E+01    5.6539E+01    4.3032E+01    1.2083E+01    4.1072E+00    1.3603E+01    0.0000E+00    8.4645E+00   
 9.6641E+02    3.9564E+01    4.7671E+01    1.8868E+01    1.4684E+01    1.3996E+01    5.6597E+01    4.3086E+01    1.2164E+01    4.1072E+00    1.3725E+01    0.0000E+00    8.4893E+00   
 9.6694E+02    3.9589E+01    4.7687E+01    1.8878E+01    1.4806E+01    1.3949E+01    5.6602E+01    4.3129E+01    1.2253E+01    4.1072E+00    1.3623E+01    0.0000E+00    8.4893E+00   
 9.6746E+02    3.9574E+01    4.7689E+01    1.8862E+01    1.4841E+01    1.3965E+01    5.6644E+01    4.3144E+01    1.2360E+01    4.1072E+00    1.3582E+01    0.0000E+00    8.4893E+00   
 9.6799E+02    3.9602E+01    4.7715E+01    1.8776E+01    1.4768E+01    1.3907E+01    5.6655E+01    4.3195E+01    1.2477E+01    4.1276E+00    1.3582E+01    0.0000E+00    8.4893E+00   
 9.6851E+02    3.9600E+01    4.7715E+01    1.8549E+01    1.4800E+01    1.3809E+01    5.6675E+01    4.3255E+01    1.2543E+01    4.1276E+00    1.3684E+01    0.0000E+00    8.4893E+00   
 9.6904E+02    3.9635E+01    4.7715E+01    1.8433E+01    1.4800E+01    1.3596E+01    5.6690E+01    4.3323E+01    1.2620E+01    4.1480E+00    1.3603E+01    0.0000E+00    8.4645E+00   
 9.6956E+02    3.9640E+01    4.7710E+01    1.8456E+01    1.4791E+01    1.3297E+01    5.6717E+01    4.3365E+01    1.2620E+01    4.1480E+00    1.3684E+01    0.0000E+00    8.4893E+00   
 9.7009E+02    3.9676E+01    4.7746E+01    1.8529E+01    1.4833E+01    1.2693E+01    5.6742E+01    4.3401E+01    1.2673E+01    4.1480E+00    1.3745E+01    0.0000E+00    8.4645E+00   
 9.7062E+02    3.9676E+01    4.7756E+01    1.8529E+01    1.4744E+01    1.2693E+01    5.6764E+01    4.3401E+01    1.2682E+01    4.1480E+00    1.3643E+01    0.0000E+00    8.4893E+00   
 9.7114E+02    3.9692E+01    4.7780E+01    1.8622E+01    1.4909E+01    1.1608E+01    5.6787E+01    4.3443E+01    1.2748E+01    4.1684E+00    1.3664E+01    0.0000E+00    8.4645E+00   
 9.7167E+02    3.9727E+01    4.7784E+01    1.8766E+01    1.4806E+01    1.1127E+01    5.6790E+01    4.3469E+01    1.2752E+01    4.1684E+00    1.3725E+01    0.0000E+00    8.4645E+00   
 9.7219E+02    3.9753E+01    4.7784E+01    1.8847E+01    1.4815E+01    1.0976E+01    5.6790E+01    4.3520E+01    1.2757E+01    4.1684E+00    1.3623E+01    0.0000E+00    8.4893E+00   
 9.7271E+02    3.9776E+01    4.7795E+01    1.8622E+01    1.4815E+01    1.0885E+01    5.6778E+01    4.3544E+01    1.2757E+01    4.1684E+00    1.3745E+01    0.0000E+00    8.5141E+00   
# Time (s)      T1w (C)       T2w (C)       T1a (C)       T2a (C)       T1r (C)       T2r (C)       T3r (C)       T4r (C)       P1 (bar)      P2 (bar)      Ic (amp)      Qc (l/min)    
 9.7324E+02    3.9784E+01    4.7823E+01    1.8547E+01    1.4901E+01    1.0858E+01    5.6823E+01    4.3585E+01    1.2742E+01    4.1888E+00    1.3766E+01    0.0000E+00    8.5141E+00   
 9.7376E+02    3.9784E+01    4.7838E+01    1.8453E+01    1.4853E+01    1.0858E+01    5.6868E+01    4.3600E+01    1.2674E+01    4.1888E+00    1.3705E+01    0.0000E+00    8.4893E+00   
 9.7429E+02    3.9814E+01    4.7873E+01    1.8453E+01    1.4808E+01    1.0792E+01    5.6910E+01    4.3600E+01    1.2584E+01    4.1888E+00    1.3847E+01    0.0000E+00    8.4893E+00   
 9.7482E+02    3.9833E+01    4.7881E+01    1.8598E+01    1.4850E+01    1.0754E+01    5.6885E+01    4.3609E+01    1.2511E+01    4.1888E+00    1.3684E+01    0.0000E+00    8.4645E+00   
 9.7534E+02    3.9805E+01    4.7866E+01    1.8663E+01    1.4707E+01    1.0740E+01    5.6885E+01    4.3609E+01    1.2426E+01    4.1888E+00    1.3684E+01    0.0000E+00    8.4395E+00   
 9.7587E+02    3.9813E+01    4.7875E+01    1.8715E+01    1.4707E+01    1.0683E+01    5.6893E+01    4.3601E+01    1.2426E+01    4.1888E+00    1.3806E+01    0.0000E+00    8.4893E+00   
 9.7640E+02    3.9790E+01    4.7898E+01    1.8843E+01    1.4709E+01    1.0666E+01    5.6910E+01    4.3636E+01    1.2377E+01    4.1684E+00    1.3847E+01    0.0000E+00    8.4893E+00   
 9.7692E+02    3.9790E+01    4.7936E+01    1.8900E+01    1.4773E+01    1.0666E+01    5.6923E+01    4.3610E+01    1.2310E+01    4.1888E+00    1.3786E+01    0.0000E+00    8.4893E+00   
 9.7745E+02    3.9805E+01    4.7951E+01    1.8884E+01    1.4767E+01    1.0607E+01    5.6932E+01    4.3595E+01    1.2247E+01    4.1888E+00    1.3786E+01    0.0000E+00    8.4645E+00   
 9.7797E+02    3.9805E+01    4.7968E+01    1.8897E+01    1.4692E+01    1.0549E+01    5.6950E+01    4.3603E+01    1.2196E+01    4.1684E+00    1.3745E+01    0.0000E+00    8.4645E+00   
 9.7850E+02    3.9777E+01    4.7953E+01    1.8792E+01    1.4651E+01    1.0536E+01    5.6950E+01    4.3582E+01    1.2151E+01    4.1684E+00    1.3867E+01    0.0000E+00    8.4893E+00   
 9.7902E+02    3.9805E+01    4.8000E+01    1.8609E+01    1.4651E+01    1.0509E+01    5.6936E+01    4.3563E+01    1.2151E+01    4.1888E+00    1.3867E+01    0.0000E+00    8.5141E+00   
 9.7955E+02    3.9846E+01    4.8007E+01    1.8579E+01    1.4748E+01    1.0504E+01    5.6941E+01    4.3554E+01    1.2105E+01    4.1684E+00    1.3908E+01    0.0000E+00    8.4395E+00   
 9.8007E+02    3.9846E+01    4.8071E+01    1.8539E+01    1.4740E+01    1.0504E+01    5.6957E+01    4.3541E+01    1.2053E+01    4.1888E+00    1.3806E+01    0.0000E+00    8.4645E+00   
 9.8060E+02    3.9891E+01    4.8090E+01    1.8539E+01    1.4706E+01    1.0488E+01    5.7001E+01    4.3541E+01    1.2035E+01    4.1684E+00    1.3949E+01    0.0000E+00    8.4893E+00   
 9.8113E+02    3.9920E+01    4.8102E+01    1.8583E+01    1.4797E+01    1.0461E+01    5.7043E+01    4.3512E+01    1.1999E+01    4.1684E+00    1.3786E+01    0.0000E+00    8.4645E+00   
 9.8165E+02    3.9960E+01    4.8102E+01    1.8654E+01    1.4802E+01    1.0431E+01    5.6980E+01    4.3495E+01    1.1983E+01    4.1684E+00    1.3806E+01    0.0000E+00    8.4645E+00   
 9.8218E+02    3.9985E+01    4.8141E+01    1.8886E+01    1.4818E+01    1.0430E+01    5.6980E+01    4.3471E+01    1.1983E+01    4.1684E+00    1.3827E+01    0.0000E+00    8.4645E+00   
 9.8270E+02    4.0006E+01    4.8177E+01    1.8989E+01    1.4676E+01    1.0415E+01    5.6998E+01    4.3441E+01    1.1940E+01    4.1684E+00    1.3969E+01    0.0000E+00    8.4645E+00   
 9.8323E+02    3.9991E+01    4.8187E+01    1.8955E+01    1.4664E+01    1.0392E+01    5.7019E+01    4.3417E+01    1.1909E+01    4.1684E+00    1.3867E+01    0.0000E+00    8.4395E+00   
 9.8375E+02    4.0012E+01    4.8206E+01    1.8955E+01    1.4663E+01    1.0392E+01    5.7017E+01    4.3417E+01    1.1897E+01    4.1684E+00    1.3806E+01    0.0000E+00    8.4645E+00   
 9.8428E+02    4.0051E+01    4.8241E+01    1.8783E+01    1.4656E+01    1.0366E+01    5.7035E+01    4.3381E+01    1.1882E+01    4.1684E+00    1.3990E+01    0.0000E+00    8.4645E+00   
 9.8481E+02    4.0071E+01    4.8245E+01    1.8668E+01    1.4618E+01    1.0358E+01    5.7061E+01    4.3394E+01    1.1860E+01    4.1684E+00    1.3867E+01    0.0000E+00    8.4395E+00   
 9.8533E+02    4.0074E+01    4.8245E+01    1.8612E+01    1.4618E+01    1.0373E+01    5.7075E+01    4.3340E+01    1.1876E+01    4.1684E+00    1.3867E+01    0.0000E+00    8.4893E+00   
 9.8586E+02    4.0105E+01    4.8266E+01    1.8500E+01    1.4634E+01    1.0365E+01    5.7079E+01    4.3335E+01    1.1825E+01    4.1684E+00    1.3847E+01    0.0000E+00    8.4645E+00   
 9.8639E+02    4.0090E+01    4.8265E+01    1.8315E+01    1.4633E+01    1.0368E+01    5.7076E+01    4.3296E+01    1.1809E+01    4.1684E+00    1.3888E+01    0.0000E+00    8.4893E+00   
 9.8692E+02    4.0090E+01    4.8286E+01    1.8315E+01    1.4598E+01    1.0368E+01    5.7083E+01    4.3296E+01    1.1778E+01    4.1480E+00    1.4030E+01    0.0000E+00    8.4645E+00   
 9.8744E+02    4.0101E+01    4.8322E+01    1.8052E+01    1.4619E+01    1.0316E+01    5.7084E+01    4.3269E+01    1.1740E+01    4.1480E+00    1.3867E+01    0.0000E+00    8.4893E+00   
 9.8797E+02    4.0118E+01    4.8343E+01    1.8050E+01    1.4609E+01    1.0299E+01    5.7103E+01    4.3232E+01    1.1730E+01    4.1480E+00    1.3888E+01    0.0000E+00    8.4893E+00   
 9.8849E+02    4.0126E+01    4.8343E+01    1.8344E+01    1.4609E+01    1.0274E+01    5.7103E+01    4.3197E+01    1.1730E+01    4.1480E+00    1.3969E+01    0.0000E+00    8.4645E+00   
# Time (s)      T1w (C)       T2w (C)       T1a (C)       T2a (C)       T1r (C)       T2r (C)       T3r (C)       T4r (C)       P1 (bar)      P2 (bar)      Ic (amp)      Qc (l/min)    
 9.8902E+02    4.0138E+01    4.8384E+01    1.8314E+01    1.4605E+01    1.0279E+01    5.7122E+01    4.3184E+01    1.1698E+01    4.1480E+00    1.3888E+01    0.0000E+00    8.4145E+00   
 9.8954E+02    4.0152E+01    4.8396E+01    1.8316E+01    1.4543E+01    1.0265E+01    5.7114E+01    4.3148E+01    1.1677E+01    4.1684E+00    1.3888E+01    0.0000E+00    8.4395E+00   
 9.9007E+02    4.0152E+01    4.8430E+01    1.8316E+01    1.4478E+01    1.0265E+01    5.7155E+01    4.3148E+01    1.1647E+01    4.1684E+00    1.3990E+01    0.0000E+00    8.4893E+00   
 9.9059E+02    4.0182E+01    4.8470E+01    1.8251E+01    1.4584E+01    1.0221E+01    5.7127E+01    4.3107E+01    1.1605E+01    4.1684E+00    1.3949E+01    0.0000E+00    8.4645E+00   
 9.9112E+02    4.0206E+01    4.8503E+01    1.8299E+01    1.4588E+01    1.0217E+01    5.7139E+01    4.3067E+01    1.1572E+01    4.1684E+00    1.4071E+01    0.0000E+00    8.5141E+00   
 9.9165E+02    4.0256E+01    4.8518E+01    1.8504E+01    1.4604E+01    1.0206E+01    5.7139E+01    4.3050E+01    1.1572E+01    4.1480E+00    1.4091E+01    0.0000E+00    8.4645E+00   
 9.9217E+02    4.0254E+01    4.8545E+01    1.8428E+01    1.4615E+01    1.0189E+01    5.7168E+01    4.3039E+01    1.1546E+01    4.1684E+00    1.4091E+01    0.0000E+00    8.5141E+00   
 9.9270E+02    4.0316E+01    4.8558E+01    1.8583E+01    1.4618E+01    1.0192E+01    5.7209E+01    4.3008E+01    1.1509E+01    4.1684E+00    1.4091E+01    0.0000E+00    8.4893E+00   
 9.9322E+02    4.0316E+01    4.8590E+01    1.8583E+01    1.4668E+01    1.0192E+01    5.7223E+01    4.3008E+01    1.1459E+01    4.1480E+00    1.3990E+01    0.0000E+00    8.4645E+00   
 9.9375E+02    4.0312E+01    4.8588E+01    1.8884E+01    1.4626E+01    1.0196E+01    5.7224E+01    4.2991E+01    1.1427E+01    4.1480E+00    1.3949E+01    0.0000E+00    8.4645E+00   
 9.9427E+02    4.0340E+01    4.8608E+01    1.8880E+01    1.4647E+01    1.0159E+01    5.7250E+01    4.2944E+01    1.1376E+01    4.1480E+00    1.4112E+01    0.0000E+00    8.4893E+00   
 9.9480E+02    4.0373E+01    4.8608E+01    1.8794E+01    1.4693E+01    1.0155E+01    5.7250E+01    4.2918E+01    1.1352E+01    4.1480E+00    1.4051E+01    0.0000E+00    8.4395E+00   
 9.9533E+02    4.0351E+01    4.8627E+01    1.8846E+01    1.4677E+01    1.0143E+01    5.7232E+01    4.2911E+01    1.1352E+01    4.1480E+00    1.4030E+01    0.0000E+00    8.4645E+00   
 9.9585E+02    4.0327E+01    4.8648E+01    1.8653E+01    1.4691E+01    1.0166E+01    5.7252E+01    4.2880E+01    1.1303E+01    4.1480E+00    1.4112E+01    0.0000E+00    8.5141E+00   
 9.9638E+02    4.0327E+01    4.8654E+01    1.8347E+01    1.4651E+01    1.0166E+01    5.7294E+01    4.2853E+01    1.1268E+01    4.1276E+00    1.4030E+01    0.0000E+00    8.5141E+00   
 9.9691E+02    4.0365E+01    4.8687E+01    1.8347E+01    1.4614E+01    1.0139E+01    5.7323E+01    4.2853E+01    1.1213E+01    4.1276E+00    1.4071E+01    0.0000E+00    8.4645E+00   
 9.9743E+02    4.0355E+01    4.8705E+01    1.8335E+01    1.4665E+01    1.0098E+01    5.7344E+01    4.2830E+01    1.1176E+01    4.1276E+00    1.4091E+01    0.0000E+00    8.4645E+00   
 9.9796E+02    4.0359E+01    4.8705E+01    1.8280E+01    1.4710E+01    1.0052E+01    5.7344E+01    4.2823E+01    1.1155E+01    4.1276E+00    1.4051E+01    0.0000E+00    8.5141E+00   
 9.9848E+02    4.0376E+01    4.8710E+01    1.8166E+01    1.4695E+01    1.0023E+01    5.7373E+01    4.2801E+01    1.1155E+01    4.1276E+00    1.4112E+01    0.0000E+00    8.4893E+00   
 9.9901E+02    4.0385E+01    4.8722E+01    1.8050E+01    1.4688E+01    1.0019E+01    5.7382E+01    4.2779E+01    1.1128E+01    4.1276E+00    1.4091E+01    0.0000E+00    8.4893E+00   
 9.9953E+02    4.0385E+01    4.8739E+01    1.8004E+01    1.4683E+01    1.0003E+01    5.7428E+01    4.2743E+01    1.1092E+01    4.1276E+00    1.4010E+01    0.0000E+00    8.4645E+00   
 1.0001E+03    4.0385E+01    4.8752E+01    1.8004E+01    1.4692E+01    1.0014E+01    5.7441E+01    4.2743E+01    1.1053E+01    4.1276E+00    1.4132E+01    0.0000E+00    8.4645E+00   
 1.0006E+03    4.0410E+01    4.8775E+01    1.8286E+01    1.4718E+01    1.0016E+01    5.7457E+01    4.2724E+01    1.1006E+01    4.1276E+00    1.4152E+01    0.0000E+00    8.4395E+00   
 1.0011E+03    4.0410E+01    4.8775E+01    1.8268E+01    1.4632E+01    1.0025E+01    5.7457E+01    4.2707E+01    1.0980E+01    4.1072E+00    1.4112E+01    0.0000E+00    8.4645E+00   
 1.0016E+03    4.0428E+01    4.8799E+01    1.8130E+01    1.4632E+01    9.9977E+00    5.7458E+01    4.2705E+01    1.0980E+01    4.1072E+00    1.4030E+01    0.0000E+00    8.4645E+00   
 1.0022E+03    4.0421E+01    4.8812E+01    1.8097E+01    1.4661E+01    9.9939E+00    5.7489E+01    4.2690E+01    1.0965E+01    4.1072E+00    1.4132E+01    0.0000E+00    8.4395E+00   
 1.0027E+03    4.0421E+01    4.8810E+01    1.8066E+01    1.4697E+01    9.9939E+00    5.7490E+01    4.2677E+01    1.0931E+01    4.1072E+00    1.3990E+01    0.0000E+00    8.4145E+00   
 1.0032E+03    4.0454E+01    4.8836E+01    1.8066E+01    1.4727E+01    9.9967E+00    5.7518E+01    4.2677E+01    1.0912E+01    4.1072E+00    1.4173E+01    0.0000E+00    8.4645E+00   
 1.0037E+03    4.0471E+01    4.8838E+01    1.8073E+01    1.4682E+01    1.0033E+01    5.7538E+01    4.2651E+01    1.0890E+01    4.1072E+00    1.4051E+01    0.0000E+00    8.4395E+00   
 1.0043E+03    4.0506E+01    4.8838E+01    1.8426E+01    1.4668E+01    1.0056E+01    5.7565E+01    4.2655E+01    1.0884E+01    4.1276E+00    1.4112E+01    0.0000E+00    8.4645E+00   
# Time (s)      T1w (C)       T2w (C)       T1a (C)       T2a (C)       T1r (C)       T2r (C)       T3r (C)       T4r (C)       P1 (bar)      P2 (bar)      Ic (amp)      Qc (l/min)    
 1.0048E+03    4.0506E+01    4.8854E+01    1.8703E+01    1.4668E+01    1.0117E+01    5.7579E+01    4.2667E+01    1.0900E+01    4.1072E+00    1.4071E+01    0.0000E+00    8.4645E+00   
 1.0053E+03    4.0544E+01    4.8862E+01    1.9012E+01    1.4666E+01    1.0205E+01    5.7612E+01    4.2651E+01    1.0887E+01    4.1072E+00    1.4173E+01    0.0000E+00    8.4645E+00   
 1.0058E+03    4.0544E+01    4.8879E+01    1.8841E+01    1.4553E+01    1.0303E+01    5.7636E+01    4.2664E+01    1.0895E+01    4.1072E+00    1.4112E+01    0.0000E+00    8.4893E+00   
 1.0064E+03    4.0565E+01    4.8892E+01    1.8841E+01    1.4597E+01    1.0303E+01    5.7641E+01    4.2664E+01    1.0878E+01    4.1072E+00    1.4091E+01    0.0000E+00    8.4893E+00   
 1.0069E+03    4.0594E+01    4.8898E+01    1.9002E+01    1.4593E+01    1.0408E+01    5.7645E+01    4.2664E+01    1.0862E+01    4.1072E+00    1.4091E+01    0.0000E+00    8.4893E+00   
 1.0074E+03    4.0623E+01    4.8909E+01    1.8993E+01    1.4541E+01    1.0547E+01    5.7657E+01    4.2673E+01    1.0887E+01    4.0868E+00    1.4193E+01    0.0000E+00    8.4893E+00   
 1.0080E+03    4.0629E+01    4.8909E+01    1.8979E+01    1.4541E+01    1.0666E+01    5.7657E+01    4.2692E+01    1.0887E+01    4.1072E+00    1.4152E+01    0.0000E+00    8.4893E+00   
 1.0085E+03    4.0652E+01    4.8898E+01    1.9060E+01    1.4532E+01    1.0761E+01    5.7617E+01    4.2673E+01    1.0879E+01    4.0868E+00    1.4152E+01    0.0000E+00    8.4893E+00   
 1.0090E+03    4.0652E+01    4.8933E+01    1.9010E+01    1.4501E+01    1.0902E+01    5.7618E+01    4.2688E+01    1.0870E+01    4.1072E+00    1.4071E+01    0.0000E+00    8.4395E+00   
 1.0095E+03    4.0648E+01    4.8933E+01    1.8995E+01    1.4461E+01    1.0886E+01    5.7626E+01    4.2673E+01    1.0860E+01    4.0868E+00    1.4214E+01    0.0000E+00    8.4395E+00   
 1.0101E+03    4.0654E+01    4.8924E+01    1.8942E+01    1.4466E+01    1.1002E+01    5.7620E+01    4.2688E+01    1.0864E+01    4.1072E+00    1.4051E+01    0.0000E+00    8.4893E+00   
 1.0106E+03    4.0652E+01    4.8924E+01    1.8557E+01    1.4485E+01    1.1138E+01    5.7647E+01    4.2698E+01    1.0899E+01    4.0868E+00    1.4051E+01    0.0000E+00    8.4645E+00   
 1.0111E+03    4.0662E+01    4.8946E+01    1.8404E+01    1.4485E+01    1.1261E+01    5.7647E+01    4.2702E+01    1.0899E+01    4.1072E+00    1.4152E+01    0.0000E+00    8.4893E+00   
 1.0116E+03    4.0659E+01    4.8967E+01    1.8741E+01    1.4476E+01    1.1357E+01    5.7669E+01    4.2708E+01    1.0898E+01    4.0868E+00    1.4214E+01    0.0000E+00    8.4645E+00   
 1.0122E+03    4.0659E+01    4.8967E+01    1.8919E+01    1.4490E+01    1.1466E+01    5.7679E+01    4.2733E+01    1.0903E+01    4.0868E+00    1.4193E+01    0.0000E+00    8.4645E+00   
 1.0127E+03    4.0675E+01    4.8982E+01    1.8903E+01    1.4375E+01    1.1482E+01    5.7720E+01    4.2748E+01    1.0951E+01    4.0868E+00    1.4152E+01    0.0000E+00    8.4645E+00   
 1.0132E+03    4.0689E+01    4.8989E+01    1.8813E+01    1.4374E+01    1.1582E+01    5.7739E+01    4.2781E+01    1.0982E+01    4.0868E+00    1.4173E+01    0.0000E+00    8.4893E+00   
 1.0137E+03    4.0700E+01    4.9000E+01    1.8859E+01    1.4468E+01    1.1669E+01    5.7729E+01    4.2805E+01    1.1032E+01    4.0868E+00    1.4051E+01    0.0000E+00    8.4893E+00   
 1.0143E+03    4.0730E+01    4.9000E+01    1.8755E+01    1.4468E+01    1.1776E+01    5.7729E+01    4.2837E+01    1.1032E+01    4.0868E+00    1.4132E+01    0.0000E+00    8.4645E+00   
 1.0148E+03    4.0724E+01    4.8990E+01    1.8761E+01    1.4439E+01    1.1872E+01    5.7731E+01    4.2872E+01    1.1047E+01    4.0868E+00    1.4152E+01    0.0000E+00    8.4645E+00   
 1.0153E+03    4.0757E+01    4.9012E+01    1.8515E+01    1.4366E+01    1.1958E+01    5.7717E+01    4.2903E+01    1.1087E+01    4.0868E+00    1.4071E+01    0.0000E+00    8.4893E+00   
 1.0158E+03    4.0757E+01    4.9023E+01    1.8515E+01    1.4379E+01    1.1958E+01    5.7751E+01    4.2903E+01    1.1117E+01    4.0868E+00    1.4112E+01    0.0000E+00    8.4645E+00   
 1.0164E+03    4.0778E+01    4.9043E+01    1.8426E+01    1.4507E+01    1.2051E+01    5.7785E+01    4.2940E+01    1.1155E+01    4.1072E+00    1.4214E+01    0.0000E+00    8.4395E+00   
 1.0169E+03    4.0817E+01    4.9040E+01    1.8491E+01    1.4478E+01    1.2149E+01    5.7782E+01    4.2970E+01    1.1178E+01    4.1072E+00    1.4214E+01    0.0000E+00    8.4645E+00   
 1.0174E+03    4.0823E+01    4.9040E+01    1.8640E+01    1.4478E+01    1.2220E+01    5.7782E+01    4.3012E+01    1.1178E+01    4.0868E+00    1.4214E+01    0.0000E+00    8.4645E+00   
 1.0179E+03    4.0839E+01    4.9075E+01    1.8788E+01    1.4510E+01    1.2314E+01    5.7811E+01    4.3042E+01    1.1199E+01    4.1072E+00    1.4112E+01    0.0000E+00    8.4395E+00   
 1.0185E+03    4.0861E+01    4.9077E+01    1.8871E+01    1.4383E+01    1.2385E+01    5.7835E+01    4.3098E+01    1.1229E+01    4.1072E+00    1.4152E+01    0.0000E+00    8.4395E+00   
 1.0190E+03    4.0876E+01    4.9093E+01    1.8871E+01    1.4451E+01    1.2385E+01    5.7847E+01    4.3098E+01    1.1241E+01    4.1072E+00    1.4193E+01    0.0000E+00    8.4645E+00   
 1.0195E+03    4.0907E+01    4.9122E+01    1.8851E+01    1.4490E+01    1.2497E+01    5.7899E+01    4.3154E+01    1.1310E+01    4.1072E+00    1.4173E+01    0.0000E+00    8.4645E+00   
 1.0201E+03    4.0924E+01    4.9123E+01    1.8826E+01    1.4493E+01    1.2578E+01    5.7937E+01    4.3194E+01    1.1345E+01    4.1072E+00    1.4091E+01    0.0000E+00    8.4893E+00   
# Time (s)      T1w (C)       T2w (C)       T1a (C)       T2a (C)       T1r (C)       T2r (C)       T3r (C)       T4r (C)       P1 (bar)      P2 (bar)      Ic (amp)      Qc (l/min)    
 1.0206E+03    4.0990E+01    4.9138E+01    1.8739E+01    1.4509E+01    1.2677E+01    5.7952E+01    4.3271E+01    1.1361E+01    4.1072E+00    1.4152E+01    0.0000E+00    8.4395E+00   
 1.0211E+03    4.0987E+01    4.9166E+01    1.8601E+01    1.4571E+01    1.2768E+01    5.7996E+01    4.3291E+01    1.1375E+01    4.1072E+00    1.4071E+01    0.0000E+00    8.5141E+00   
 1.0216E+03    4.1003E+01    4.9165E+01    1.8620E+01    1.4582E+01    1.2854E+01    5.8024E+01    4.3361E+01    1.1418E+01    4.1072E+00    1.4091E+01    0.0000E+00    8.4645E+00   
 1.0222E+03    4.1003E+01    4.9158E+01    1.8620E+01    1.4515E+01    1.2854E+01    5.8058E+01    4.3361E+01    1.1449E+01    4.1276E+00    1.4173E+01    0.0000E+00    8.4893E+00   
 1.0227E+03    4.1036E+01    4.9176E+01    1.8807E+01    1.4506E+01    1.2946E+01    5.8073E+01    4.3422E+01    1.1503E+01    4.1276E+00    1.4254E+01    0.0000E+00    8.4893E+00   
 1.0232E+03    4.1032E+01    4.9197E+01    1.8898E+01    1.4587E+01    1.3015E+01    5.8095E+01    4.3475E+01    1.1528E+01    4.1276E+00    1.4173E+01    0.0000E+00    8.4645E+00   
 1.0237E+03    4.1030E+01    4.9182E+01    1.8910E+01    1.4571E+01    1.3092E+01    5.8095E+01    4.3501E+01    1.1528E+01    4.1072E+00    1.4254E+01    0.0000E+00    8.4395E+00   
 1.0243E+03    4.1039E+01    4.9210E+01    1.9038E+01    1.4568E+01    1.3170E+01    5.8107E+01    4.3542E+01    1.1576E+01    4.1276E+00    1.4193E+01    0.0000E+00    8.4893E+00   
 1.0248E+03    4.1062E+01    4.9217E+01    1.9209E+01    1.4613E+01    1.3250E+01    5.8107E+01    4.3589E+01    1.1597E+01    4.1480E+00    1.4132E+01    0.0000E+00    8.4645E+00   
 1.0253E+03    4.1062E+01    4.9233E+01    1.9357E+01    1.4542E+01    1.3250E+01    5.8072E+01    4.3589E+01    1.1616E+01    4.1276E+00    1.4173E+01    0.0000E+00    8.4395E+00   
 1.0258E+03    4.1067E+01    4.9235E+01    1.9357E+01    1.4619E+01    1.3320E+01    5.8039E+01    4.3614E+01    1.1664E+01    4.1276E+00    1.4234E+01    0.0000E+00    8.4645E+00   
 1.0264E+03    4.1091E+01    4.9264E+01    1.9334E+01    1.4544E+01    1.3385E+01    5.8060E+01    4.3676E+01    1.1705E+01    4.1276E+00    1.4173E+01    0.0000E+00    8.4395E+00   
 1.0269E+03    4.1089E+01    4.9249E+01    1.9325E+01    1.4617E+01    1.3444E+01    5.8060E+01    4.3719E+01    1.1742E+01    4.1480E+00    1.4132E+01    0.0000E+00    8.4893E+00   
 1.0274E+03    4.1097E+01    4.9273E+01    1.8924E+01    1.4617E+01    1.3507E+01    5.8072E+01    4.3752E+01    1.1742E+01    4.1480E+00    1.4295E+01    0.0000E+00    8.4395E+00   
 1.0279E+03    4.1138E+01    4.9303E+01    1.8871E+01    1.4603E+01    1.3591E+01    5.8083E+01    4.3800E+01    1.1778E+01    4.1480E+00    1.4173E+01    0.0000E+00    8.4145E+00   
 1.0285E+03    4.1138E+01    4.9320E+01    1.9046E+01    1.4653E+01    1.3591E+01    5.8066E+01    4.3871E+01    1.1837E+01    4.1480E+00    1.4152E+01    0.0000E+00    8.4893E+00   
 1.0290E+03    4.1167E+01    4.9318E+01    1.9046E+01    1.4696E+01    1.3637E+01    5.8059E+01    4.3871E+01    1.1884E+01    4.1480E+00    1.4234E+01    0.0000E+00    8.5141E+00   
 1.0295E+03    4.1180E+01    4.9361E+01    1.8773E+01    1.4727E+01    1.3697E+01    5.8081E+01    4.3915E+01    1.1932E+01    4.1480E+00    1.4295E+01    0.0000E+00    8.4893E+00   
 1.0301E+03    4.1227E+01    4.9376E+01    1.8544E+01    1.4684E+01    1.3775E+01    5.8081E+01    4.3962E+01    1.1999E+01    4.1480E+00    1.4275E+01    0.0000E+00    8.4893E+00   
 1.0306E+03    4.1238E+01    4.9386E+01    1.8358E+01    1.4684E+01    1.3830E+01    5.8078E+01    4.4013E+01    1.1999E+01    4.1684E+00    1.4234E+01    0.0000E+00    8.4645E+00   
 1.0311E+03    4.1259E+01    4.9413E+01    1.8502E+01    1.4771E+01    1.3891E+01    5.8122E+01    4.4062E+01    1.2031E+01    4.1684E+00    1.4152E+01    0.0000E+00    8.4893E+00   
 1.0316E+03    4.1244E+01    4.9411E+01    1.8631E+01    1.4830E+01    1.3921E+01    5.8152E+01    4.4101E+01    1.2092E+01    4.1684E+00    1.4173E+01    0.0000E+00    8.4893E+00   
 1.0322E+03    4.1273E+01    4.9413E+01    1.8631E+01    1.4762E+01    1.3921E+01    5.8114E+01    4.4101E+01    1.2135E+01    4.1684E+00    1.4336E+01    0.0000E+00    8.4893E+00   
 1.0327E+03    4.1295E+01    4.9424E+01    1.8629E+01    1.4832E+01    1.3991E+01    5.8156E+01    4.4152E+01    1.2200E+01    4.1684E+00    1.4254E+01    0.0000E+00    8.4395E+00   
 1.0332E+03    4.1332E+01    4.9424E+01    1.8648E+01    1.4840E+01    1.4039E+01    5.8196E+01    4.4210E+01    1.2251E+01    4.1684E+00    1.4193E+01    0.0000E+00    8.4645E+00   
 1.0337E+03    4.1343E+01    4.9451E+01    1.8686E+01    1.4840E+01    1.4080E+01    5.8196E+01    4.4250E+01    1.2251E+01    4.1684E+00    1.4336E+01    0.0000E+00    8.4893E+00   
 1.0343E+03    4.1365E+01    4.9473E+01    1.8712E+01    1.4807E+01    1.4096E+01    5.8238E+01    4.4288E+01    1.2289E+01    4.1684E+00    1.4193E+01    0.0000E+00    8.4395E+00   
 1.0348E+03    4.1365E+01    4.9485E+01    1.8709E+01    1.4831E+01    1.4095E+01    5.8285E+01    4.4331E+01    1.2364E+01    4.1684E+00    1.4254E+01    0.0000E+00    8.4645E+00   
 1.0353E+03    4.1374E+01    4.9485E+01    1.8709E+01    1.4855E+01    1.4095E+01    5.8331E+01    4.4331E+01    1.2437E+01    4.1480E+00    1.4214E+01    0.0000E+00    8.4645E+00   
 1.0358E+03    4.1414E+01    4.9527E+01    1.8730E+01    1.4906E+01    1.4096E+01    5.8338E+01    4.4384E+01    1.2551E+01    4.1480E+00    1.4356E+01    0.0000E+00    8.4645E+00   
# Time (s)      T1w (C)       T2w (C)       T1a (C)       T2a (C)       T1r (C)       T2r (C)       T3r (C)       T4r (C)       P1 (bar)      P2 (bar)      Ic (amp)      Qc (l/min)    
 1.0364E+03    4.1425E+01    4.9527E+01    1.8734E+01    1.4897E+01    1.4074E+01    5.8393E+01    4.4429E+01    1.2637E+01    4.1480E+00    1.4356E+01    0.0000E+00    8.4893E+00   
 1.0369E+03    4.1442E+01    4.9519E+01    1.8490E+01    1.4881E+01    1.4057E+01    5.8393E+01    4.4498E+01    1.2637E+01    4.1480E+00    1.4315E+01    0.0000E+00    8.5141E+00   
 1.0374E+03    4.1458E+01    4.9528E+01    1.8470E+01    1.4905E+01    1.3964E+01    5.8436E+01    4.4552E+01    1.2740E+01    4.1684E+00    1.4336E+01    0.0000E+00    8.4893E+00   
 1.0379E+03    4.1443E+01    4.9544E+01    1.8316E+01    1.4870E+01    1.3875E+01    5.8496E+01    4.4597E+01    1.2821E+01    4.1684E+00    1.4295E+01    0.0000E+00    8.4645E+00   
 1.0385E+03    4.1443E+01    4.9549E+01    1.8316E+01    1.4942E+01    1.3875E+01    5.8543E+01    4.4597E+01    1.2855E+01    4.1888E+00    1.4295E+01    0.0000E+00    8.4645E+00   
 1.0390E+03    4.1465E+01    4.9575E+01    1.8368E+01    1.4983E+01    1.3756E+01    5.8586E+01    4.4660E+01    1.2927E+01    4.1888E+00    1.4254E+01    0.0000E+00    8.4645E+00   
 1.0395E+03    4.1495E+01    4.9592E+01    1.8495E+01    1.4961E+01    1.3563E+01    5.8604E+01    4.4704E+01    1.2962E+01    4.1888E+00    1.4275E+01    0.0000E+00    8.4645E+00   
 1.0401E+03    4.1490E+01    4.9577E+01    1.8690E+01    1.4945E+01    1.3214E+01    5.8604E+01    4.4760E+01    1.2962E+01    4.1888E+00    1.4214E+01    0.0000E+00    8.4395E+00   
 1.0406E+03    4.1501E+01    4.9577E+01    1.8716E+01    1.5017E+01    1.2688E+01    5.8616E+01    4.4817E+01    1.3005E+01    4.1888E+00    1.4336E+01    0.0000E+00    8.4893E+00   
 1.0411E+03    4.1514E+01    4.9600E+01    1.8812E+01    1.4979E+01    1.2106E+01    5.8659E+01    4.4874E+01    1.3043E+01    4.2296E+00    1.4356E+01    0.0000E+00    8.4893E+00   
 1.0416E+03    4.1514E+01    4.9617E+01    1.8812E+01    1.4997E+01    1.2106E+01    5.8643E+01    4.4874E+01    1.3075E+01    4.2296E+00    1.4417E+01    0.0000E+00    8.4395E+00   
 1.0422E+03    4.1533E+01    4.9614E+01    1.8865E+01    1.5010E+01    1.1744E+01    5.8684E+01    4.4907E+01    1.3109E+01    4.2296E+00    1.4417E+01    0.0000E+00    8.4395E+00   
 1.0427E+03    4.1519E+01    4.9631E+01    1.8663E+01    1.4996E+01    1.1568E+01    5.8704E+01    4.4958E+01    1.3103E+01    4.2296E+00    1.4336E+01    0.0000E+00    8.4645E+00   
 1.0432E+03    4.1542E+01    4.9631E+01    1.8591E+01    1.4970E+01    1.1471E+01    5.8704E+01    4.4988E+01    1.3113E+01    4.2296E+00    1.4397E+01    0.0000E+00    8.4395E+00   
 1.0437E+03    4.1559E+01    4.9649E+01    1.8535E+01    1.4970E+01    1.1332E+01    5.8717E+01    4.5022E+01    1.3113E+01    4.2092E+00    1.4356E+01    0.0000E+00    8.4893E+00   
 1.0443E+03    4.1578E+01    4.9667E+01    1.8659E+01    1.4957E+01    1.1182E+01    5.8717E+01    4.5057E+01    1.3104E+01    4.2092E+00    1.4356E+01    0.0000E+00    8.4395E+00   
 1.0448E+03    4.1578E+01    4.9685E+01    1.8799E+01    1.4963E+01    1.1182E+01    5.8728E+01    4.5085E+01    1.3102E+01    4.2296E+00    1.4356E+01    0.0000E+00    8.5141E+00   
 1.0453E+03    4.1604E+01    4.9687E+01    1.8799E+01    1.4984E+01    1.1016E+01    5.8722E+01    4.5085E+01    1.3075E+01    4.2296E+00    1.4397E+01    0.0000E+00    8.4645E+00   
 1.0459E+03    4.1614E+01    4.9716E+01    1.8743E+01    1.4934E+01    1.0901E+01    5.8687E+01    4.5117E+01    1.3037E+01    4.2296E+00    1.4376E+01    0.0000E+00    8.4645E+00   
 1.0464E+03    4.1639E+01    4.9716E+01    1.8864E+01    1.4956E+01    1.0836E+01    5.8687E+01    4.5114E+01    1.2952E+01    4.2296E+00    1.4397E+01    0.0000E+00    8.4893E+00   
 1.0469E+03    4.1648E+01    4.9747E+01    1.8899E+01    1.4956E+01    1.0813E+01    5.8691E+01    4.5131E+01    1.2952E+01    4.2092E+00    1.4397E+01    0.0000E+00    8.4395E+00   
 1.0474E+03    4.1673E+01    4.9748E+01    1.8907E+01    1.4908E+01    1.0821E+01    5.8711E+01    4.5112E+01    1.2890E+01    4.2296E+00    1.4458E+01    0.0000E+00    8.4645E+00   
 1.0480E+03    4.1673E+01    4.9772E+01    1.8937E+01    1.5010E+01    1.0821E+01    5.8730E+01    4.5128E+01    1.2826E+01    4.2092E+00    1.4478E+01    0.0000E+00    8.4645E+00   
 1.0485E+03    4.1679E+01    4.9794E+01    1.8937E+01    1.4938E+01    1.0837E+01    5.8746E+01    4.5128E+01    1.2787E+01    4.2092E+00    1.4417E+01    0.0000E+00    8.4893E+00   
 1.0490E+03    4.1671E+01    4.9807E+01    1.8769E+01    1.4899E+01    1.0835E+01    5.8760E+01    4.5131E+01    1.2754E+01    4.2092E+00    1.4499E+01    0.0000E+00    8.4645E+00   
 1.0495E+03    4.1675E+01    4.9807E+01    1.8737E+01    1.4857E+01    1.0774E+01    5.8799E+01    4.5142E+01    1.2706E+01    4.1888E+00    1.4519E+01    0.0000E+00    8.4893E+00   
 1.0501E+03    4.1686E+01    4.9825E+01    1.8657E+01    1.4857E+01    1.0739E+01    5.8799E+01    4.5134E+01    1.2706E+01    4.1888E+00    1.4519E+01    0.0000E+00    8.5141E+00   
 1.0506E+03    4.1710E+01    4.9845E+01    1.8764E+01    1.4833E+01    1.0717E+01    5.8816E+01    4.5134E+01    1.2682E+01    4.2092E+00    1.4560E+01    0.0000E+00    8.4645E+00   
 1.0511E+03    4.1695E+01    4.9847E+01    1.8898E+01    1.4767E+01    1.0715E+01    5.8850E+01    4.5111E+01    1.2666E+01    4.2092E+00    1.4417E+01    0.0000E+00    8.4893E+00   
 1.0516E+03    4.1689E+01    4.9860E+01    1.8898E+01    1.4776E+01    1.0715E+01    5.8889E+01    4.5111E+01    1.2610E+01    4.2092E+00    1.4397E+01    0.0000E+00    8.4645E+00   
# Time (s)      T1w (C)       T2w (C)       T1a (C)       T2a (C)       T1r (C)       T2r (C)       T3r (C)       T4r (C)       P1 (bar)      P2 (bar)      Ic (amp)      Qc (l/min)    
 1.0522E+03    4.1710E+01    4.9875E+01    1.8932E+01    1.4841E+01    1.0704E+01    5.8903E+01    4.5103E+01    1.2594E+01    4.2092E+00    1.4438E+01    0.0000E+00    8.5141E+00   
 1.0527E+03    4.1730E+01    4.9875E+01    1.9012E+01    1.4813E+01    1.0669E+01    5.8945E+01    4.5076E+01    1.2541E+01    4.2092E+00    1.4458E+01    0.0000E+00    8.5141E+00   
 1.0532E+03    4.1768E+01    4.9922E+01    1.9136E+01    1.4829E+01    1.0645E+01    5.8930E+01    4.5057E+01    1.2526E+01    4.1888E+00    1.4438E+01    0.0000E+00    8.4645E+00   
 1.0538E+03    4.1801E+01    4.9929E+01    1.9121E+01    1.4795E+01    1.0614E+01    5.8893E+01    4.5038E+01    1.2506E+01    4.1888E+00    1.4580E+01    0.0000E+00    8.4893E+00   
 1.0543E+03    4.1801E+01    4.9959E+01    1.8811E+01    1.4806E+01    1.0583E+01    5.8901E+01    4.5015E+01    1.2463E+01    4.1888E+00    1.4539E+01    0.0000E+00    8.4893E+00   
 1.0548E+03    4.1829E+01    4.9996E+01    1.8826E+01    1.4846E+01    1.0583E+01    5.8922E+01    4.5015E+01    1.2448E+01    4.1888E+00    1.4519E+01    0.0000E+00    8.4645E+00   
 1.0553E+03    4.1861E+01    5.0000E+01    1.9021E+01    1.4857E+01    1.0544E+01    5.8939E+01    4.4998E+01    1.2420E+01    4.1888E+00    1.4580E+01    0.0000E+00    8.4395E+00   
 1.0559E+03    4.1867E+01    5.0035E+01    1.8857E+01    1.4871E+01    1.0554E+01    5.8947E+01    4.4981E+01    1.2394E+01    4.2092E+00    1.4519E+01    0.0000E+00    8.4645E+00   
 1.0564E+03    4.1884E+01    5.0035E+01    1.8819E+01    1.4871E+01    1.0569E+01    5.8947E+01    4.4957E+01    1.2394E+01    4.2092E+00    1.4438E+01    0.0000E+00    8.4645E+00   
 1.0569E+03    4.1917E+01    5.0053E+01    1.9053E+01    1.4809E+01    1.0535E+01    5.8916E+01    4.4919E+01    1.2342E+01    4.2092E+00    1.4600E+01    0.0000E+00    8.4645E+00   
 1.0574E+03    4.1942E+01    5.0073E+01    1.9259E+01    1.4813E+01    1.0524E+01    5.8924E+01    4.4906E+01    1.2295E+01    4.1888E+00    1.4458E+01    0.0000E+00    8.4893E+00   
 1.0580E+03    4.1957E+01    5.0120E+01    1.9274E+01    1.4907E+01    1.0524E+01    5.8943E+01    4.4906E+01    1.2270E+01    4.2092E+00    1.4458E+01    0.0000E+00    8.4645E+00   
 1.0585E+03    4.1960E+01    5.0142E+01    1.9345E+01    1.4812E+01    1.0507E+01    5.8983E+01    4.4876E+01    1.2219E+01    4.2092E+00    1.4641E+01    0.0000E+00    8.4893E+00   
 1.0590E+03    4.1964E+01    5.0156E+01    1.9208E+01    1.4708E+01    1.0517E+01    5.9010E+01    4.4855E+01    1.2190E+01    4.2092E+00    1.4600E+01    0.0000E+00    8.4893E+00   
 1.0596E+03    4.1988E+01    5.0156E+01    1.9173E+01    1.4713E+01    1.0478E+01    5.9010E+01    4.4819E+01    1.2178E+01    4.2092E+00    1.4621E+01    0.0000E+00    8.4645E+00   
 1.0601E+03    4.1985E+01    5.0173E+01    1.8718E+01    1.4713E+01    1.0452E+01    5.8992E+01    4.4787E+01    1.2162E+01    4.1888E+00    1.4580E+01    0.0000E+00    8.4645E+00   
 1.0606E+03    4.1984E+01    5.0187E+01    1.8970E+01    1.4730E+01    1.0418E+01    5.8985E+01    4.4753E+01    1.2125E+01    4.1888E+00    1.4499E+01    0.0000E+00    8.4645E+00   
 1.0611E+03    4.1984E+01    5.0234E+01    1.9214E+01    1.4690E+01    1.0418E+01    5.8983E+01    4.4741E+01    1.2092E+01    4.2092E+00    1.4519E+01    0.0000E+00    8.2628E+00   
 1.0617E+03    4.1983E+01    5.0244E+01    1.9214E+01    1.4700E+01    1.0386E+01    5.9029E+01    4.4741E+01    1.2084E+01    4.1888E+00    1.4621E+01    0.0000E+00    8.3894E+00   
 1.0622E+03    4.1991E+01    5.0244E+01    1.9339E+01    1.4802E+01    1.0376E+01    5.9060E+01    4.4715E+01    1.2054E+01    4.1888E+00    1.4519E+01    0.0000E+00    8.4145E+00   
 1.0627E+03    4.1982E+01    5.0244E+01    1.9410E+01    1.4749E+01    1.0354E+01    5.9060E+01    4.4704E+01    1.2001E+01    4.1888E+00    1.4661E+01    0.0000E+00    8.4645E+00   
 1.0632E+03    4.1977E+01    5.0276E+01    1.9335E+01    1.4749E+01    1.0319E+01    5.9025E+01    4.4656E+01    1.1985E+01    4.1888E+00    1.4560E+01    0.0000E+00    8.4645E+00   
 1.0638E+03    4.2014E+01    5.0294E+01    1.9319E+01    1.4786E+01    1.0352E+01    5.9028E+01    4.4639E+01    1.1961E+01    4.2092E+00    1.4682E+01    0.0000E+00    8.4893E+00   
 1.0643E+03    4.2014E+01    5.0286E+01    1.9124E+01    1.4805E+01    1.0352E+01    5.9031E+01    4.4621E+01    1.1932E+01    4.1888E+00    1.4621E+01    0.0000E+00    8.4893E+00   
 1.0648E+03    4.2005E+01    5.0319E+01    1.9124E+01    1.4771E+01    1.0354E+01    5.9035E+01    4.4621E+01    1.1918E+01    4.1888E+00    1.4539E+01    0.0000E+00    8.4395E+00   
 1.0654E+03    4.2026E+01    5.0351E+01    1.9137E+01    1.4730E+01    1.0337E+01    5.9046E+01    4.4596E+01    1.1898E+01    4.1888E+00    1.4702E+01    0.0000E+00    8.4645E+00   
 1.0659E+03    4.2046E+01    5.0351E+01    1.9265E+01    1.4771E+01    1.0303E+01    5.9053E+01    4.4572E+01    1.1844E+01    4.1888E+00    1.4682E+01    0.0000E+00    8.4645E+00   
 1.0664E+03    4.2056E+01    5.0358E+01    1.9178E+01    1.4771E+01    1.0255E+01    5.9053E+01    4.4554E+01    1.1844E+01    4.1888E+00    1.4580E+01    0.0000E+00    8.4645E+00   
 1.0669E+03    4.2079E+01    5.0368E+01    1.9254E+01    1.4778E+01    1.0261E+01    5.9063E+01    4.4537E+01    1.1841E+01    4.1888E+00    1.4641E+01    0.0000E+00    8.4645E+00   
 1.0675E+03    4.2079E+01    5.0388E+01    1.9259E+01    1.4786E+01    1.0247E+01    5.9084E+01    4.4506E+01    1.1817E+01    4.1888E+00    1.4661E+01    0.0000E+00    8.4645E+00   
# Time (s)      T1w (C)       T2w (C)       T1a (C)       T2a (C)       T1r (C)       T2r (C)       T3r (C)       T4r (C)       P1 (bar)      P2 (bar)      Ic (amp)      Qc (l/min)    
 1.0680E+03    4.2090E+01    5.0405E+01    1.9259E+01    1.4779E+01    1.0247E+01    5.9110E+01    4.4506E+01    1.1787E+01    4.1888E+00    1.4600E+01    0.0000E+00    8.4395E+00   
 1.0685E+03    4.2113E+01    5.0416E+01    1.9327E+01    1.4785E+01    1.0258E+01    5.9141E+01    4.4507E+01    1.1753E+01    4.1888E+00    1.4702E+01    0.0000E+00    8.4645E+00   
 1.0690E+03    4.2139E+01    5.0431E+01    1.9473E+01    1.4789E+01    1.0282E+01    5.9117E+01    4.4505E+01    1.1718E+01    4.1888E+00    1.4580E+01    0.0000E+00    8.4893E+00   
 1.0696E+03    4.2187E+01    5.0447E+01    1.9573E+01    1.4789E+01    1.0297E+01    5.9117E+01    4.4479E+01    1.1718E+01    4.1888E+00    1.4723E+01    0.0000E+00    8.4645E+00   
 1.0701E+03    4.2199E+01    5.0451E+01    1.9088E+01    1.4756E+01    1.0335E+01    5.9112E+01    4.4462E+01    1.1700E+01    4.1888E+00    1.4702E+01    0.0000E+00    8.4645E+00   
 1.0706E+03    4.2199E+01    5.0474E+01    1.9057E+01    1.4760E+01    1.0351E+01    5.9114E+01    4.4468E+01    1.1697E+01    4.1888E+00    1.4580E+01    0.0000E+00    8.4893E+00   
 1.0712E+03    4.2242E+01    5.0492E+01    1.9073E+01    1.4768E+01    1.0335E+01    5.9075E+01    4.4453E+01    1.1652E+01    4.1684E+00    1.4682E+01    0.0000E+00    8.4893E+00   
 1.0717E+03    4.2262E+01    5.0501E+01    1.8882E+01    1.4821E+01    1.0289E+01    5.9092E+01    4.4426E+01    1.1620E+01    4.1888E+00    1.4702E+01    0.0000E+00    8.4395E+00   
 1.0722E+03    4.2273E+01    5.0517E+01    1.9112E+01    1.4778E+01    1.0282E+01    5.9083E+01    4.4411E+01    1.1606E+01    4.1888E+00    1.4682E+01    0.0000E+00    8.4893E+00   
 1.0727E+03    4.2291E+01    5.0517E+01    1.9310E+01    1.4778E+01    1.0319E+01    5.9083E+01    4.4389E+01    1.1606E+01    4.1888E+00    1.4723E+01    0.0000E+00    8.4893E+00   
 1.0733E+03    4.2311E+01    5.0514E+01    1.9445E+01    1.4852E+01    1.0311E+01    5.9055E+01    4.4369E+01    1.1552E+01    4.1888E+00    1.4723E+01    0.0000E+00    8.4645E+00   
 1.0738E+03    4.2311E+01    5.0558E+01    1.9525E+01    1.4860E+01    1.0314E+01    5.9086E+01    4.4380E+01    1.1527E+01    4.1684E+00    1.4743E+01    0.0000E+00    8.4893E+00   
 1.0743E+03    4.2303E+01    5.0559E+01    1.9507E+01    1.4819E+01    1.0298E+01    5.9109E+01    4.4366E+01    1.1509E+01    4.1684E+00    1.4621E+01    0.0000E+00    8.4645E+00   
 1.0748E+03    4.2330E+01    5.0569E+01    1.9507E+01    1.4838E+01    1.0306E+01    5.9106E+01    4.4337E+01    1.1488E+01    4.1684E+00    1.4784E+01    0.0000E+00    8.5141E+00   
 1.0754E+03    4.2335E+01    5.0583E+01    1.9554E+01    1.4771E+01    1.0318E+01    5.9082E+01    4.4330E+01    1.1490E+01    4.1684E+00    1.4641E+01    0.0000E+00    8.4645E+00   
 1.0759E+03    4.2364E+01    5.0583E+01    1.9295E+01    1.4840E+01    1.0334E+01    5.9082E+01    4.4339E+01    1.1474E+01    4.1684E+00    1.4743E+01    0.0000E+00    8.4395E+00   
 1.0764E+03    4.2386E+01    5.0620E+01    1.9407E+01    1.4855E+01    1.0363E+01    5.9104E+01    4.4324E+01    1.1474E+01    4.1480E+00    1.4723E+01    0.0000E+00    8.4645E+00   
 1.0770E+03    4.2405E+01    5.0634E+01    1.9432E+01    1.4931E+01    1.0421E+01    5.9136E+01    4.4324E+01    1.1460E+01    4.1684E+00    1.4641E+01    0.0000E+00    8.5141E+00   
 1.0775E+03    4.2405E+01    5.0639E+01    1.9483E+01    1.5009E+01    1.0421E+01    5.9195E+01    4.4330E+01    1.1453E+01    4.1684E+00    1.4763E+01    0.0000E+00    8.4893E+00   
 1.0780E+03    4.2400E+01    5.0662E+01    1.9483E+01    1.5039E+01    1.0452E+01    5.9170E+01    4.4330E+01    1.1434E+01    4.1480E+00    1.4784E+01    0.0000E+00    8.4893E+00   
 1.0785E+03    4.2402E+01    5.0672E+01    1.9416E+01    1.4969E+01    1.0499E+01    5.9189E+01    4.4329E+01    1.1436E+01    4.1684E+00    1.4702E+01    0.0000E+00    8.5141E+00   
 1.0791E+03    4.2415E+01    5.0686E+01    1.9427E+01    1.5056E+01    1.0582E+01    5.9189E+01    4.4342E+01    1.1451E+01    4.1480E+00    1.4723E+01    0.0000E+00    8.4645E+00   
 1.0796E+03    4.2420E+01    5.0708E+01    1.9485E+01    1.5056E+01    1.0642E+01    5.9222E+01    4.4336E+01    1.1451E+01    4.1684E+00    1.4641E+01    0.0000E+00    8.4645E+00   
 1.0801E+03    4.2402E+01    5.0713E+01    1.9625E+01    1.5010E+01    1.0751E+01    5.9269E+01    4.4366E+01    1.1468E+01    4.1480E+00    1.4784E+01    0.0000E+00    8.4893E+00   
 1.0806E+03    4.2402E+01    5.0722E+01    1.9678E+01    1.5015E+01    1.0751E+01    5.9255E+01    4.4351E+01    1.1466E+01    4.1480E+00    1.4723E+01    0.0000E+00    8.4893E+00   
 1.0812E+03    4.2390E+01    5.0740E+01    1.9678E+01    1.4980E+01    1.0864E+01    5.9244E+01    4.4351E+01    1.1487E+01    4.1480E+00    1.4743E+01    0.0000E+00    8.4893E+00   
 1.0817E+03    4.2398E+01    5.0748E+01    1.9650E+01    1.4897E+01    1.0977E+01    5.9276E+01    4.4367E+01    1.1488E+01    4.1684E+00    1.4641E+01    0.0000E+00    8.4395E+00   
 1.0822E+03    4.2433E+01    5.0763E+01    1.9586E+01    1.4947E+01    1.1093E+01    5.9338E+01    4.4408E+01    1.1516E+01    4.1480E+00    1.4682E+01    0.0000E+00    8.4645E+00   
 1.0828E+03    4.2435E+01    5.0776E+01    1.9534E+01    1.4947E+01    1.1191E+01    5.9338E+01    4.4423E+01    1.1516E+01    4.1480E+00    1.4845E+01    0.0000E+00    8.4395E+00   
 1.0833E+03    4.2450E+01    5.0787E+01    1.9471E+01    1.5026E+01    1.1302E+01    5.9395E+01    4.4457E+01    1.1567E+01    4.1480E+00    1.4743E+01    0.0000E+00    8.4395E+00   
# Time (s)      T1w (C)       T2w (C)       T1a (C)       T2a (C)       T1r (C)       T2r (C)       T3r (C)       T4r (C)       P1 (bar)      P2 (bar)      Ic (amp)      Qc (l/min)    
 1.0838E+03    4.2450E+01    5.0808E+01    1.9483E+01    1.5026E+01    1.1397E+01    5.9396E+01    4.4489E+01    1.1598E+01    4.1480E+00    1.4784E+01    0.0000E+00    8.4645E+00   
 1.0843E+03    4.2449E+01    5.0816E+01    1.9499E+01    1.4978E+01    1.1397E+01    5.9395E+01    4.4489E+01    1.1627E+01    4.1480E+00    1.4661E+01    0.0000E+00    8.4645E+00   
 1.0849E+03    4.2455E+01    5.0826E+01    1.9570E+01    1.4982E+01    1.1467E+01    5.9407E+01    4.4504E+01    1.1650E+01    4.1480E+00    1.4641E+01    0.0000E+00    8.4645E+00   
 1.0854E+03    4.2458E+01    5.0826E+01    1.9600E+01    1.4991E+01    1.1558E+01    5.9457E+01    4.4553E+01    1.1702E+01    4.1480E+00    1.4723E+01    0.0000E+00    8.4395E+00   
 1.0859E+03    4.2456E+01    5.0847E+01    1.9270E+01    1.5042E+01    1.1638E+01    5.9457E+01    4.4580E+01    1.1702E+01    4.1480E+00    1.4743E+01    0.0000E+00    8.4893E+00   
 1.0865E+03    4.2441E+01    5.0832E+01    1.9451E+01    1.5026E+01    1.1689E+01    5.9475E+01    4.4606E+01    1.1722E+01    4.1684E+00    1.4804E+01    0.0000E+00    8.4645E+00   
 1.0870E+03    4.2441E+01    5.0843E+01    1.9588E+01    1.5024E+01    1.1781E+01    5.9525E+01    4.4633E+01    1.1759E+01    4.1684E+00    1.4845E+01    0.0000E+00    8.4645E+00   
 1.0875E+03    4.2430E+01    5.0812E+01    1.9670E+01    1.4986E+01    1.1781E+01    5.9553E+01    4.4633E+01    1.1768E+01    4.1684E+00    1.4682E+01    0.0000E+00    8.4645E+00   
 1.0880E+03    4.2430E+01    5.0818E+01    1.9654E+01    1.5036E+01    1.1856E+01    5.9586E+01    4.4658E+01    1.1801E+01    4.1684E+00    1.4661E+01    0.0000E+00    8.4395E+00   
 1.0886E+03    4.2413E+01    5.0816E+01    1.9567E+01    1.5046E+01    1.1961E+01    5.9613E+01    4.4690E+01    1.1807E+01    4.1480E+00    1.4865E+01    0.0000E+00    8.4395E+00   
 1.0891E+03    4.2424E+01    5.0816E+01    1.9618E+01    1.5063E+01    1.2010E+01    5.9613E+01    4.4742E+01    1.1807E+01    4.1684E+00    1.4824E+01    0.0000E+00    8.4893E+00   
 1.0896E+03    4.2439E+01    5.0810E+01    1.9694E+01    1.5063E+01    1.2093E+01    5.9638E+01    4.4763E+01    1.1831E+01    4.1684E+00    1.4865E+01    0.0000E+00    8.4893E+00   
 1.0901E+03    4.2484E+01    5.0845E+01    1.9758E+01    1.5165E+01    1.2188E+01    5.9672E+01    4.4817E+01    1.1886E+01    4.1684E+00    1.4845E+01    0.0000E+00    8.4395E+00   
 1.0907E+03    4.2484E+01    5.0841E+01    1.9805E+01    1.5037E+01    1.2188E+01    5.9712E+01    4.4817E+01    1.1895E+01    4.1684E+00    1.4784E+01    0.0000E+00    8.4645E+00   
 1.0912E+03    4.2503E+01    5.0859E+01    1.9805E+01    1.5074E+01    1.2266E+01    5.9717E+01    4.4858E+01    1.1932E+01    4.1684E+00    1.4804E+01    0.0000E+00    8.4645E+00   
 1.0917E+03    4.2525E+01    5.0851E+01    1.9721E+01    1.5081E+01    1.2350E+01    5.9728E+01    4.4898E+01    1.1941E+01    4.1684E+00    1.4865E+01    0.0000E+00    8.4893E+00   
 1.0923E+03    4.2539E+01    5.0851E+01    1.9514E+01    1.5078E+01    1.2440E+01    5.9742E+01    4.4934E+01    1.1988E+01    4.1684E+00    1.4702E+01    0.0000E+00    8.4645E+00   
 1.0928E+03    4.2562E+01    5.0862E+01    1.9335E+01    1.5078E+01    1.2495E+01    5.9759E+01    4.4989E+01    1.1988E+01    4.1684E+00    1.4763E+01    0.0000E+00    8.4893E+00   
 1.0933E+03    4.2568E+01    5.0864E+01    1.9482E+01    1.5064E+01    1.2587E+01    5.9736E+01    4.5055E+01    1.2035E+01    4.1888E+00    1.4865E+01    0.0000E+00    8.4893E+00   
 1.0938E+03    4.2568E+01    5.0875E+01    1.9506E+01    1.5070E+01    1.2672E+01    5.9695E+01    4.5098E+01    1.2042E+01    4.1684E+00    1.4682E+01    0.0000E+00    8.4645E+00   
 1.0944E+03    4.2578E+01    5.0876E+01    1.9506E+01    1.5120E+01    1.2672E+01    5.9694E+01    4.5098E+01    1.2060E+01    4.1684E+00    1.4702E+01    0.0000E+00    8.5141E+00   
 1.0949E+03    4.2609E+01    5.0886E+01    1.9481E+01    1.5094E+01    1.2742E+01    5.9709E+01    4.5131E+01    1.2110E+01    4.1888E+00    1.4723E+01    0.0000E+00    8.5141E+00   
 1.0954E+03    4.2611E+01    5.0901E+01    1.9436E+01    1.5082E+01    1.2812E+01    5.9728E+01    4.5174E+01    1.2117E+01    4.1888E+00    1.4743E+01    0.0000E+00    8.4893E+00   
 1.0959E+03    4.2648E+01    5.0895E+01    1.9398E+01    1.5082E+01    1.2892E+01    5.9728E+01    4.5214E+01    1.2117E+01    4.1888E+00    1.4723E+01    0.0000E+00    8.5141E+00   
 1.0965E+03    4.2668E+01    5.0897E+01    1.9238E+01    1.5076E+01    1.2949E+01    5.9752E+01    4.5255E+01    1.2156E+01    4.1888E+00    1.4763E+01    0.0000E+00    8.4893E+00   
 1.0970E+03    4.2668E+01    5.0910E+01    1.9343E+01    1.5067E+01    1.2986E+01    5.9742E+01    4.5317E+01    1.2177E+01    4.1888E+00    1.4804E+01    0.0000E+00    8.4893E+00   
 1.0975E+03    4.2706E+01    5.0919E+01    1.9343E+01    1.5094E+01    1.2986E+01    5.9745E+01    4.5317E+01    1.2228E+01    4.1684E+00    1.4824E+01    0.0000E+00    8.4645E+00   
 1.0981E+03    4.2737E+01    5.0935E+01    1.9523E+01    1.5042E+01    1.3018E+01    5.9781E+01    4.5353E+01    1.2274E+01    4.1888E+00    1.4723E+01    0.0000E+00    8.4645E+00   
 1.0986E+03    4.2759E+01    5.0935E+01    1.9549E+01    1.5141E+01    1.3065E+01    5.9802E+01    4.5399E+01    1.2338E+01    4.1888E+00    1.4743E+01    0.0000E+00    8.4645E+00   
 1.0991E+03    4.2788E+01    5.0952E+01    1.9539E+01    1.5137E+01    1.3132E+01    5.9816E+01    4.5457E+01    1.2354E+01    4.1888E+00    1.4743E+01    0.0000E+00    8.4893E+00   
# Time (s)      T1w (C)       T2w (C)       T1a (C)       T2a (C)       T1r (C)       T2r (C)       T3r (C)       T4r (C)       P1 (bar)      P2 (bar)      Ic (amp)      Qc (l/min)    
 1.0996E+03    4.2802E+01    5.0952E+01    1.9493E+01    1.5137E+01    1.3186E+01    5.9856E+01    4.5504E+01    1.2385E+01    4.1888E+00    1.4784E+01    0.0000E+00    8.4893E+00   
 1.1002E+03    4.2802E+01    5.0970E+01    1.9361E+01    1.5102E+01    1.3195E+01    5.9901E+01    4.5539E+01    1.2440E+01    4.1888E+00    1.4763E+01    0.0000E+00    8.4645E+00   
 1.1007E+03    4.2812E+01    5.0982E+01    1.9365E+01    1.5121E+01    1.3195E+01    5.9929E+01    4.5539E+01    1.2492E+01    4.1888E+00    1.4804E+01    0.0000E+00    8.4145E+00   
 1.1012E+03    4.2841E+01    5.0987E+01    1.9365E+01    1.5196E+01    1.3200E+01    5.9980E+01    4.5573E+01    1.2511E+01    4.1888E+00    1.4824E+01    0.0000E+00    8.4395E+00   
 1.1018E+03    4.2865E+01    5.0987E+01    1.9434E+01    1.5212E+01    1.3218E+01    5.9997E+01    4.5633E+01    1.2540E+01    4.1888E+00    1.4763E+01    0.0000E+00    8.4645E+00   
 1.1023E+03    4.2873E+01    5.0993E+01    1.9469E+01    1.5226E+01    1.3192E+01    5.9997E+01    4.5671E+01    1.2540E+01    4.1888E+00    1.4845E+01    0.0000E+00    8.4645E+00   
 1.1028E+03    4.2893E+01    5.1006E+01    1.9567E+01    1.5226E+01    1.3125E+01    6.0046E+01    4.5716E+01    1.2585E+01    4.2092E+00    1.4885E+01    0.0000E+00    8.4645E+00   
 1.1033E+03    4.2878E+01    5.0998E+01    1.9505E+01    1.5210E+01    1.3077E+01    6.0036E+01    4.5744E+01    1.2622E+01    4.2092E+00    1.4885E+01    0.0000E+00    8.4395E+00   
 1.1039E+03    4.2894E+01    5.1006E+01    1.9453E+01    1.5253E+01    1.3077E+01    6.0025E+01    4.5786E+01    1.2656E+01    4.2092E+00    1.4865E+01    0.0000E+00    8.4645E+00   
 1.1044E+03    4.2892E+01    5.1033E+01    1.9453E+01    1.5191E+01    1.2977E+01    6.0059E+01    4.5786E+01    1.2695E+01    4.2092E+00    1.4947E+01    0.0000E+00    8.4395E+00   
 1.1049E+03    4.2908E+01    5.1038E+01    1.9490E+01    1.5270E+01    1.2891E+01    6.0088E+01    4.5824E+01    1.2703E+01    4.2296E+00    1.4824E+01    0.0000E+00    8.4893E+00   
 1.1055E+03    4.2885E+01    5.1023E+01    1.9455E+01    1.5260E+01    1.2783E+01    6.0102E+01    4.5865E+01    1.2746E+01    4.2296E+00    1.4784E+01    0.0000E+00    8.4645E+00   
 1.1060E+03    4.2910E+01    5.1048E+01    1.9488E+01    1.5260E+01    1.2697E+01    6.0125E+01    4.5923E+01    1.2746E+01    4.2296E+00    1.4845E+01    0.0000E+00    8.4893E+00   
 1.1065E+03    4.2915E+01    5.1050E+01    1.9586E+01    1.5236E+01    1.2546E+01    6.0144E+01    4.5972E+01    1.2779E+01    4.2092E+00    1.4906E+01    0.0000E+00    8.4893E+00   
 1.1070E+03    4.2915E+01    5.1066E+01    1.9670E+01    1.5234E+01    1.2546E+01    6.0140E+01    4.5976E+01    1.2798E+01    4.2092E+00    1.4947E+01    0.0000E+00    8.4893E+00   
 1.1076E+03    4.2944E+01    5.1116E+01    1.9686E+01    1.5313E+01    1.2146E+01    6.0141E+01    4.5991E+01    1.2841E+01    4.2296E+00    1.4967E+01    0.0000E+00    8.4645E+00   
 1.1081E+03    4.2966E+01    5.1144E+01    1.9760E+01    1.5277E+01    1.1642E+01    6.0150E+01    4.6044E+01    1.2848E+01    4.2296E+00    1.4967E+01    0.0000E+00    8.4645E+00   
 1.1086E+03    4.2969E+01    5.1144E+01    1.9757E+01    1.5278E+01    1.1273E+01    6.0168E+01    4.6071E+01    1.2882E+01    4.2296E+00    1.4885E+01    0.0000E+00    8.4893E+00   
 1.1092E+03    4.2980E+01    5.1143E+01    1.9645E+01    1.5278E+01    1.1074E+01    6.0168E+01    4.6113E+01    1.2882E+01    4.2296E+00    1.4885E+01    0.0000E+00    8.4893E+00   
 1.1097E+03    4.2982E+01    5.1170E+01    1.9537E+01    1.5275E+01    1.0981E+01    6.0154E+01    4.6120E+01    1.2907E+01    4.2500E+00    1.5008E+01    0.0000E+00    8.4645E+00   
 1.1102E+03    4.2982E+01    5.1187E+01    1.9488E+01    1.5303E+01    1.0988E+01    6.0202E+01    4.6163E+01    1.2926E+01    4.2296E+00    1.4947E+01    0.0000E+00    8.4395E+00   
 1.1107E+03    4.3004E+01    5.1183E+01    1.9488E+01    1.5294E+01    1.0988E+01    6.0213E+01    4.6163E+01    1.2941E+01    4.2296E+00    1.4987E+01    0.0000E+00    8.4645E+00   
 1.1113E+03    4.3015E+01    5.1199E+01    1.9287E+01    1.5253E+01    1.0944E+01    6.0235E+01    4.6180E+01    1.2951E+01    4.2092E+00    1.4906E+01    0.0000E+00    8.4395E+00   
 1.1118E+03    4.3035E+01    5.1199E+01    1.9412E+01    1.5292E+01    1.0922E+01    6.0215E+01    4.6204E+01    1.2942E+01    4.2296E+00    1.5008E+01    0.0000E+00    8.4395E+00   
 1.1123E+03    4.3044E+01    5.1206E+01    1.9343E+01    1.5284E+01    1.0858E+01    6.0215E+01    4.6229E+01    1.2942E+01    4.2296E+00    1.4906E+01    0.0000E+00    8.4893E+00   
 1.1128E+03    4.3056E+01    5.1217E+01    1.9213E+01    1.5284E+01    1.0812E+01    6.0209E+01    4.6244E+01    1.2954E+01    4.2296E+00    1.4865E+01    0.0000E+00    8.4645E+00   
 1.1134E+03    4.3056E+01    5.1245E+01    1.9385E+01    1.5273E+01    1.0795E+01    6.0245E+01    4.6260E+01    1.2931E+01    4.2500E+00    1.4824E+01    0.0000E+00    8.4645E+00   
 1.1139E+03    4.3074E+01    5.1245E+01    1.9494E+01    1.5286E+01    1.0795E+01    6.0274E+01    4.6260E+01    1.2907E+01    4.2296E+00    1.4987E+01    0.0000E+00    8.4645E+00   
 1.1144E+03    4.3057E+01    5.1258E+01    1.9478E+01    1.5216E+01    1.0751E+01    6.0275E+01    4.6254E+01    1.2859E+01    4.2296E+00    1.4885E+01    0.0000E+00    8.4645E+00   
 1.1150E+03    4.3071E+01    5.1258E+01    1.9489E+01    1.5248E+01    1.0707E+01    6.0313E+01    4.6266E+01    1.2841E+01    4.2296E+00    1.4926E+01    0.0000E+00    8.4395E+00   
# Time (s)      T1w (C)       T2w (C)       T1a (C)       T2a (C)       T1r (C)       T2r (C)       T3r (C)       T4r (C)       P1 (bar)      P2 (bar)      Ic (amp)      Qc (l/min)    
 1.1155E+03    4.3065E+01    5.1262E+01    1.8982E+01    1.5256E+01    1.0698E+01    6.0313E+01    4.6263E+01    1.2841E+01    4.2296E+00    1.5008E+01    0.0000E+00    8.4893E+00   
 1.1160E+03    4.3093E+01    5.1272E+01    1.8935E+01    1.5256E+01    1.0680E+01    6.0308E+01    4.6292E+01    1.2807E+01    4.2296E+00    1.4865E+01    0.0000E+00    8.4645E+00   
 1.1165E+03    4.3102E+01    5.1288E+01    1.8830E+01    1.5331E+01    1.0673E+01    6.0319E+01    4.6295E+01    1.2796E+01    4.2296E+00    1.4906E+01    0.0000E+00    8.4645E+00   
 1.1171E+03    4.3102E+01    5.1299E+01    1.8689E+01    1.5237E+01    1.0673E+01    6.0343E+01    4.6295E+01    1.2773E+01    4.2296E+00    1.5069E+01    0.0000E+00    8.4645E+00   
 1.1176E+03    4.3108E+01    5.1310E+01    1.8689E+01    1.5192E+01    1.0628E+01    6.0379E+01    4.6287E+01    1.2772E+01    4.2296E+00    1.4987E+01    0.0000E+00    8.4645E+00   
 1.1181E+03    4.3138E+01    5.1326E+01    1.8881E+01    1.5178E+01    1.0614E+01    6.0430E+01    4.6300E+01    1.2744E+01    4.2296E+00    1.4947E+01    0.0000E+00    8.4645E+00   
 1.1187E+03    4.3148E+01    5.1326E+01    1.9157E+01    1.5125E+01    1.0625E+01    6.0442E+01    4.6318E+01    1.2747E+01    4.2296E+00    1.5089E+01    0.0000E+00    8.4395E+00   
 1.1192E+03    4.3160E+01    5.1345E+01    1.9256E+01    1.5125E+01    1.0603E+01    6.0442E+01    4.6316E+01    1.2747E+01    4.2296E+00    1.5109E+01    0.0000E+00    8.4645E+00   
 1.1197E+03    4.3182E+01    5.1361E+01    1.9312E+01    1.5104E+01    1.0554E+01    6.0457E+01    4.6306E+01    1.2714E+01    4.2296E+00    1.4926E+01    0.0000E+00    8.4395E+00   
 1.1202E+03    4.3182E+01    5.1373E+01    1.9462E+01    1.5095E+01    1.0554E+01    6.0463E+01    4.6305E+01    1.2708E+01    4.2296E+00    1.5089E+01    0.0000E+00    8.4395E+00   
 1.1208E+03    4.3198E+01    5.1390E+01    1.9462E+01    1.5150E+01    1.0566E+01    6.0462E+01    4.6305E+01    1.2673E+01    4.2296E+00    1.4967E+01    0.0000E+00    8.4395E+00   
 1.1213E+03    4.3212E+01    5.1402E+01    1.9496E+01    1.5163E+01    1.0578E+01    6.0436E+01    4.6274E+01    1.2630E+01    4.2296E+00    1.5069E+01    0.0000E+00    8.4645E+00   
 1.1218E+03    4.3234E+01    5.1402E+01    1.9562E+01    1.5121E+01    1.0561E+01    6.0457E+01    4.6271E+01    1.2597E+01    4.2296E+00    1.5069E+01    0.0000E+00    8.4893E+00   
 1.1224E+03    4.3277E+01    5.1436E+01    1.9695E+01    1.5137E+01    1.0533E+01    6.0442E+01    4.6257E+01    1.2581E+01    4.2296E+00    1.4947E+01    0.0000E+00    8.4645E+00   
 1.1229E+03    4.3285E+01    5.1455E+01    1.9750E+01    1.5184E+01    1.0534E+01    6.0490E+01    4.6242E+01    1.2581E+01    4.2296E+00    1.5109E+01    0.0000E+00    8.5141E+00   
 1.1234E+03    4.3285E+01    5.1460E+01    1.9569E+01    1.5143E+01    1.0519E+01    6.0500E+01    4.6235E+01    1.2535E+01    4.2296E+00    1.5028E+01    0.0000E+00    8.4645E+00   
 1.1239E+03    4.3310E+01    5.1489E+01    1.9735E+01    1.5114E+01    1.0519E+01    6.0532E+01    4.6235E+01    1.2509E+01    4.2296E+00    1.4947E+01    0.0000E+00    8.4645E+00   
 1.1245E+03    4.3354E+01    5.1515E+01    1.9751E+01    1.5086E+01    1.0500E+01    6.0535E+01    4.6193E+01    1.2494E+01    4.2296E+00    1.5130E+01    0.0000E+00    8.4645E+00   
 1.1250E+03    4.3375E+01    5.1515E+01    1.9708E+01    1.5091E+01    1.0492E+01    6.0542E+01    4.6193E+01    1.2457E+01    4.2296E+00    1.5048E+01    0.0000E+00    8.4645E+00   
 1.1255E+03    4.3399E+01    5.1523E+01    1.9764E+01    1.5088E+01    1.0467E+01    6.0528E+01    4.6169E+01    1.2441E+01    4.2296E+00    1.5069E+01    0.0000E+00    8.4645E+00   
 1.1261E+03    4.3387E+01    5.1542E+01    1.9651E+01    1.5088E+01    1.0451E+01    6.0519E+01    4.6151E+01    1.2433E+01    4.2500E+00    1.5089E+01    0.0000E+00    8.4645E+00   
 1.1266E+03    4.3387E+01    5.1552E+01    1.9848E+01    1.5084E+01    1.0414E+01    6.0465E+01    4.6125E+01    1.2404E+01    4.2296E+00    1.5150E+01    0.0000E+00    8.4645E+00   
 1.1271E+03    4.3420E+01    5.1575E+01    1.9655E+01    1.5179E+01    1.0414E+01    6.0472E+01    4.6125E+01    1.2375E+01    4.2500E+00    1.5048E+01    0.0000E+00    8.4395E+00   
 1.1276E+03    4.3453E+01    5.1602E+01    1.9671E+01    1.5205E+01    1.0432E+01    6.0408E+01    4.6093E+01    1.2345E+01    4.2500E+00    1.5170E+01    0.0000E+00    8.4893E+00   
 1.1282E+03    4.3469E+01    5.1624E+01    1.9476E+01    1.5190E+01    1.0436E+01    6.0431E+01    4.6089E+01    1.2318E+01    4.2296E+00    1.5089E+01    0.0000E+00    8.4893E+00   
 1.1287E+03    4.3490E+01    5.1624E+01    1.9525E+01    1.5063E+01    1.0433E+01    6.0431E+01    4.6080E+01    1.2318E+01    4.2296E+00    1.5211E+01    0.0000E+00    8.4395E+00   
 1.1292E+03    4.3511E+01    5.1638E+01    1.9670E+01    1.5063E+01    1.0449E+01    6.0449E+01    4.6060E+01    1.2297E+01    4.2500E+00    1.5109E+01    0.0000E+00    8.4645E+00   
 1.1298E+03    4.3540E+01    5.1677E+01    1.9492E+01    1.5065E+01    1.0450E+01    6.0420E+01    4.6028E+01    1.2234E+01    4.2500E+00    1.5069E+01    0.0000E+00    8.4893E+00   
 1.1303E+03    4.3540E+01    5.1695E+01    1.9456E+01    1.5165E+01    1.0450E+01    6.0429E+01    4.6028E+01    1.2205E+01    4.2500E+00    1.5109E+01    0.0000E+00    8.4395E+00   
 1.1308E+03    4.3540E+01    5.1718E+01    1.9456E+01    1.5176E+01    1.0447E+01    6.0408E+01    4.6021E+01    1.2178E+01    4.2500E+00    1.5252E+01    0.0000E+00    8.4645E+00   
# Time (s)      T1w (C)       T2w (C)       T1a (C)       T2a (C)       T1r (C)       T2r (C)       T3r (C)       T4r (C)       P1 (bar)      P2 (bar)      Ic (amp)      Qc (l/min)    
 1.1313E+03    4.3570E+01    5.1744E+01    1.9452E+01    1.5157E+01    1.0419E+01    6.0459E+01    4.5995E+01    1.2141E+01    4.2500E+00    1.5109E+01    0.0000E+00    8.4395E+00   
 1.1319E+03    4.3564E+01    5.1744E+01    1.9300E+01    1.5222E+01    1.0434E+01    6.0473E+01    4.5997E+01    1.2157E+01    4.2500E+00    1.5089E+01    0.0000E+00    8.4645E+00   
 1.1324E+03    4.3606E+01    5.1751E+01    1.9615E+01    1.5222E+01    1.0432E+01    6.0471E+01    4.5980E+01    1.2131E+01    4.2296E+00    1.5048E+01    0.0000E+00    8.4893E+00   
 1.1329E+03    4.3609E+01    5.1785E+01    1.9785E+01    1.5283E+01    1.0395E+01    6.0488E+01    4.5960E+01    1.2112E+01    4.2500E+00    1.5089E+01    0.0000E+00    8.4645E+00   
 1.1334E+03    4.3609E+01    5.1804E+01    1.9508E+01    1.5243E+01    1.0411E+01    6.0502E+01    4.5977E+01    1.2119E+01    4.2296E+00    1.5232E+01    0.0000E+00    8.4645E+00   
 1.1340E+03    4.3617E+01    5.1817E+01    1.9234E+01    1.5206E+01    1.0388E+01    6.0515E+01    4.5977E+01    1.2084E+01    4.2296E+00    1.5109E+01    0.0000E+00    8.4645E+00   
 1.1345E+03    4.3650E+01    5.1844E+01    1.9234E+01    1.5204E+01    1.0372E+01    6.0545E+01    4.5966E+01    1.2096E+01    4.2296E+00    1.5272E+01    0.0000E+00    8.4395E+00   
 1.1350E+03    4.3666E+01    5.1844E+01    1.9358E+01    1.5208E+01    1.0348E+01    6.0571E+01    4.5939E+01    1.2065E+01    4.2296E+00    1.5293E+01    0.0000E+00    8.4645E+00   
 1.1356E+03    4.3671E+01    5.1873E+01    1.9517E+01    1.5195E+01    1.0339E+01    6.0585E+01    4.5951E+01    1.2081E+01    4.2296E+00    1.5109E+01    0.0000E+00    8.4893E+00   
 1.1361E+03    4.3688E+01    5.1868E+01    1.9662E+01    1.5195E+01    1.0346E+01    6.0598E+01    4.5929E+01    1.2055E+01    4.2296E+00    1.5191E+01    0.0000E+00    8.4645E+00   
 1.1366E+03    4.3688E+01    5.1894E+01    1.9658E+01    1.5196E+01    1.0383E+01    6.0650E+01    4.5936E+01    1.2068E+01    4.2296E+00    1.5293E+01    0.0000E+00    8.4893E+00   
 1.1372E+03    4.3684E+01    5.1914E+01    1.9636E+01    1.5301E+01    1.0383E+01    6.0679E+01    4.5936E+01    1.2029E+01    4.2296E+00    1.5293E+01    0.0000E+00    8.4645E+00   
 1.1377E+03    4.3695E+01    5.1921E+01    1.9636E+01    1.5281E+01    1.0386E+01    6.0720E+01    4.5939E+01    1.2035E+01    4.2296E+00    1.5130E+01    0.0000E+00    8.4395E+00   
 1.1382E+03    4.3684E+01    5.1942E+01    1.9575E+01    1.5297E+01    1.0403E+01    6.0738E+01    4.5918E+01    1.2016E+01    4.2296E+00    1.5191E+01    0.0000E+00    8.4395E+00   
 1.1387E+03    4.3702E+01    5.1942E+01    1.9509E+01    1.5310E+01    1.0377E+01    6.0738E+01    4.5908E+01    1.2016E+01    4.2092E+00    1.5109E+01    0.0000E+00    8.4395E+00   
 1.1393E+03    4.3734E+01    5.1942E+01    1.9468E+01    1.5310E+01    1.0396E+01    6.0768E+01    4.5889E+01    1.1999E+01    4.2296E+00    1.5150E+01    0.0000E+00    8.3894E+00   
 1.1398E+03    4.3725E+01    5.1978E+01    1.9368E+01    1.5236E+01    1.0414E+01    6.0765E+01    4.5872E+01    1.1979E+01    4.2296E+00    1.5232E+01    0.0000E+00    8.4145E+00   
 1.1403E+03    4.3725E+01    5.1970E+01    1.9246E+01    1.5258E+01    1.0414E+01    6.0787E+01    4.5872E+01    1.1956E+01    4.2296E+00    1.5130E+01    0.0000E+00    8.4645E+00   
 1.1409E+03    4.3765E+01    5.2005E+01    1.9246E+01    1.5314E+01    1.0454E+01    6.0825E+01    4.5855E+01    1.1941E+01    4.2296E+00    1.5272E+01    0.0000E+00    8.4893E+00   
 1.1414E+03    4.3764E+01    5.2011E+01    1.9034E+01    1.5410E+01    1.0451E+01    6.0805E+01    4.5848E+01    1.1938E+01    4.2092E+00    1.5313E+01    0.0000E+00    8.4395E+00   
 1.1419E+03    4.3790E+01    5.2011E+01    1.9056E+01    1.5387E+01    1.0434E+01    6.0828E+01    4.5833E+01    1.1916E+01    4.2296E+00    1.5170E+01    0.0000E+00    8.4645E+00   
 1.1425E+03    4.3796E+01    5.2031E+01    1.9130E+01    1.5387E+01    1.0437E+01    6.0828E+01    4.5833E+01    1.1916E+01    4.2296E+00    1.5232E+01    0.0000E+00    8.4893E+00   
 1.1430E+03    4.3821E+01    5.2019E+01    1.9030E+01    1.5322E+01    1.0484E+01    6.0830E+01    4.5828E+01    1.1910E+01    4.2296E+00    1.5272E+01    0.0000E+00    8.4395E+00   
 1.1435E+03    4.3821E+01    5.2045E+01    1.9178E+01    1.5345E+01    1.0463E+01    6.0839E+01    4.5822E+01    1.1876E+01    4.2296E+00    1.5232E+01    0.0000E+00    8.5141E+00   
 1.1440E+03    4.3836E+01    5.2063E+01    1.9482E+01    1.5312E+01    1.0463E+01    6.0817E+01    4.5822E+01    1.1858E+01    4.2296E+00    1.5354E+01    0.0000E+00    8.4645E+00   
 1.1446E+03    4.3856E+01    5.2065E+01    1.9482E+01    1.5298E+01    1.0519E+01    6.0806E+01    4.5811E+01    1.1857E+01    4.2296E+00    1.5232E+01    0.0000E+00    8.4893E+00   
 1.1451E+03    4.3852E+01    5.2096E+01    1.9208E+01    1.5262E+01    1.0529E+01    6.0813E+01    4.5821E+01    1.1849E+01    4.2296E+00    1.5374E+01    0.0000E+00    8.4645E+00   
 1.1456E+03    4.3853E+01    5.2096E+01    1.9056E+01    1.5248E+01    1.0549E+01    6.0827E+01    4.5830E+01    1.1865E+01    4.2296E+00    1.5333E+01    0.0000E+00    8.4645E+00   
 1.1462E+03    4.3869E+01    5.2085E+01    1.8909E+01    1.5248E+01    1.0595E+01    6.0818E+01    4.5820E+01    1.1843E+01    4.2296E+00    1.5293E+01    0.0000E+00    8.4893E+00   
 1.1467E+03    4.3880E+01    5.2125E+01    1.9216E+01    1.5236E+01    1.0624E+01    6.0831E+01    4.5832E+01    1.1852E+01    4.2092E+00    1.5374E+01    0.0000E+00    8.4645E+00   
# Time (s)      T1w (C)       T2w (C)       T1a (C)       T2a (C)       T1r (C)       T2r (C)       T3r (C)       T4r (C)       P1 (bar)      P2 (bar)      Ic (amp)      Qc (l/min)    
 1.1472E+03    4.3880E+01    5.2135E+01    1.9502E+01    1.5256E+01    1.0624E+01    6.0852E+01    4.5832E+01    1.1839E+01    4.2092E+00    1.5374E+01    0.0000E+00    8.4395E+00   
 1.1478E+03    4.3893E+01    5.2148E+01    1.9502E+01    1.5243E+01    1.0654E+01    6.0876E+01    4.5857E+01    1.1843E+01    4.2092E+00    1.5313E+01    0.0000E+00    8.4645E+00   
 1.1483E+03    4.3898E+01    5.2159E+01    1.9608E+01    1.5262E+01    1.0678E+01    6.0880E+01    4.5854E+01    1.1853E+01    4.2092E+00    1.5333E+01    0.0000E+00    8.4645E+00   
 1.1488E+03    4.3892E+01    5.2159E+01    1.9313E+01    1.5190E+01    1.0758E+01    6.0880E+01    4.5849E+01    1.1853E+01    4.2092E+00    1.5313E+01    0.0000E+00    8.4645E+00   
 1.1493E+03    4.3907E+01    5.2175E+01    1.9431E+01    1.5190E+01    1.0826E+01    6.0879E+01    4.5861E+01    1.1829E+01    4.2092E+00    1.5374E+01    0.0000E+00    8.4893E+00   
 1.1499E+03    4.3905E+01    5.2199E+01    1.9740E+01    1.5264E+01    1.0918E+01    6.0893E+01    4.5871E+01    1.1831E+01    4.2092E+00    1.5394E+01    0.0000E+00    8.4645E+00   
 1.1504E+03    4.3905E+01    5.2212E+01    1.9615E+01    1.5185E+01    1.0918E+01    6.0929E+01    4.5888E+01    1.1848E+01    4.2092E+00    1.5313E+01    0.0000E+00    8.4645E+00   
 1.1509E+03    4.3908E+01    5.2219E+01    1.9615E+01    1.5191E+01    1.0953E+01    6.0954E+01    4.5873E+01    1.1847E+01    4.2092E+00    1.5191E+01    0.0000E+00    8.4395E+00   
 1.1515E+03    4.3910E+01    5.2230E+01    1.9736E+01    1.5192E+01    1.1020E+01    6.0942E+01    4.5882E+01    1.1874E+01    4.1888E+00    1.5232E+01    0.0000E+00    8.4893E+00   
 1.1520E+03    4.3887E+01    5.2215E+01    1.9908E+01    1.5169E+01    1.1026E+01    6.1002E+01    4.5893E+01    1.1892E+01    4.1888E+00    1.5272E+01    0.0000E+00    8.4893E+00   
 1.1525E+03    4.3915E+01    5.2221E+01    1.9983E+01    1.5200E+01    1.1011E+01    6.0987E+01    4.5893E+01    1.1876E+01    4.1888E+00    1.5252E+01    0.0000E+00    8.4395E+00   
 1.1531E+03    4.3929E+01    5.2221E+01    1.9877E+01    1.5200E+01    1.0975E+01    6.0982E+01    4.5921E+01    1.1890E+01    4.2092E+00    1.5354E+01    0.0000E+00    8.4645E+00   
 1.1536E+03    4.3929E+01    5.2240E+01    1.9867E+01    1.5215E+01    1.0942E+01    6.0991E+01    4.5951E+01    1.1911E+01    4.2092E+00    1.5374E+01    0.0000E+00    8.4645E+00   
 1.1541E+03    4.3931E+01    5.2243E+01    1.9724E+01    1.5187E+01    1.0942E+01    6.1000E+01    4.5951E+01    1.1956E+01    4.1888E+00    1.5394E+01    0.0000E+00    8.5141E+00   
 1.1546E+03    4.3937E+01    5.2245E+01    1.9724E+01    1.5255E+01    1.0952E+01    6.1031E+01    4.5993E+01    1.1985E+01    4.2092E+00    1.5415E+01    0.0000E+00    8.4395E+00   
 1.1552E+03    4.3977E+01    5.2240E+01    1.9702E+01    1.5224E+01    1.1011E+01    6.1061E+01    4.6018E+01    1.1995E+01    4.2092E+00    1.5333E+01    0.0000E+00    8.4395E+00   
 1.1557E+03    4.3992E+01    5.2255E+01    1.9731E+01    1.5370E+01    1.1061E+01    6.1076E+01    4.6060E+01    1.2011E+01    4.2092E+00    1.5374E+01    0.0000E+00    8.4645E+00   
 1.1562E+03    4.4013E+01    5.2274E+01    1.9482E+01    1.5370E+01    1.1138E+01    6.1098E+01    4.6078E+01    1.1998E+01    4.2092E+00    1.5415E+01    0.0000E+00    8.4645E+00   
 1.1568E+03    4.4046E+01    5.2286E+01    1.9375E+01    1.5302E+01    1.1245E+01    6.1158E+01    4.6128E+01    1.2029E+01    4.2092E+00    1.5415E+01    0.0000E+00    8.4395E+00   
 1.1573E+03    4.4046E+01    5.2298E+01    1.9539E+01    1.5312E+01    1.1245E+01    6.1131E+01    4.6128E+01    1.2038E+01    4.2092E+00    1.5272E+01    0.0000E+00    8.4395E+00   
 1.1578E+03    4.4065E+01    5.2296E+01    1.9539E+01    1.5295E+01    1.1339E+01    6.1114E+01    4.6142E+01    1.2073E+01    4.2296E+00    1.5415E+01    0.0000E+00    8.4395E+00   
 1.1583E+03    4.4077E+01    5.2304E+01    1.9574E+01    1.5313E+01    1.1394E+01    6.1117E+01    4.6178E+01    1.2085E+01    4.2092E+00    1.5232E+01    0.0000E+00    8.4893E+00   
 1.1589E+03    4.4089E+01    5.2304E+01    1.9618E+01    1.5264E+01    1.1492E+01    6.1117E+01    4.6192E+01    1.2085E+01    4.2092E+00    1.5211E+01    0.0000E+00    8.4645E+00   
 1.1594E+03    4.4118E+01    5.2292E+01    1.9560E+01    1.5264E+01    1.1584E+01    6.1134E+01    4.6240E+01    1.2094E+01    4.2092E+00    1.5272E+01    0.0000E+00    8.4645E+00   
 1.1599E+03    4.4110E+01    5.2314E+01    1.9468E+01    1.5251E+01    1.1672E+01    6.1145E+01    4.6289E+01    1.2148E+01    4.2296E+00    1.5232E+01    0.0000E+00    8.4893E+00   
 1.1605E+03    4.4110E+01    5.2308E+01    1.9691E+01    1.5273E+01    1.1672E+01    6.1170E+01    4.6289E+01    1.2175E+01    4.2296E+00    1.5374E+01    0.0000E+00    8.4645E+00   
 1.1610E+03    4.4147E+01    5.2331E+01    1.9691E+01    1.5280E+01    1.1788E+01    6.1196E+01    4.6327E+01    1.2203E+01    4.2296E+00    1.5354E+01    0.0000E+00    8.4645E+00   
 1.1615E+03    4.4153E+01    5.2334E+01    1.9918E+01    1.5266E+01    1.1862E+01    6.1219E+01    4.6368E+01    1.2222E+01    4.2296E+00    1.5456E+01    0.0000E+00    8.4395E+00   
 1.1621E+03    4.4160E+01    5.2334E+01    1.9852E+01    1.5234E+01    1.1957E+01    6.1240E+01    4.6420E+01    1.2271E+01    4.2296E+00    1.5394E+01    0.0000E+00    8.4645E+00   
 1.1626E+03    4.4169E+01    5.2345E+01    1.9446E+01    1.5368E+01    1.2059E+01    6.1240E+01    4.6451E+01    1.2271E+01    4.2296E+00    1.5394E+01    0.0000E+00    8.4645E+00   
# Time (s)      T1w (C)       T2w (C)       T1a (C)       T2a (C)       T1r (C)       T2r (C)       T3r (C)       T4r (C)       P1 (bar)      P2 (bar)      Ic (amp)      Qc (l/min)    
 1.1631E+03    4.4155E+01    5.2342E+01    1.9258E+01    1.5352E+01    1.2135E+01    6.1250E+01    4.6510E+01    1.2333E+01    4.2296E+00    1.5435E+01    0.0000E+00    8.4645E+00   
 1.1636E+03    4.4155E+01    5.2347E+01    1.9188E+01    1.5411E+01    1.2231E+01    6.1276E+01    4.6555E+01    1.2359E+01    4.2296E+00    1.5456E+01    0.0000E+00    8.4395E+00   
 1.1642E+03    4.4177E+01    5.2380E+01    1.9210E+01    1.5377E+01    1.2231E+01    6.1328E+01    4.6555E+01    1.2404E+01    4.2296E+00    1.5394E+01    0.0000E+00    8.4645E+00   
 1.1647E+03    4.4204E+01    5.2360E+01    1.9210E+01    1.5412E+01    1.2332E+01    6.1364E+01    4.6601E+01    1.2441E+01    4.2296E+00    1.5415E+01    0.0000E+00    8.4893E+00   
 1.1652E+03    4.4212E+01    5.2381E+01    1.9392E+01    1.5348E+01    1.2378E+01    6.1387E+01    4.6643E+01    1.2475E+01    4.2296E+00    1.5293E+01    0.0000E+00    8.4893E+00   
 1.1658E+03    4.4211E+01    5.2367E+01    1.9437E+01    1.5385E+01    1.2414E+01    6.1387E+01    4.6671E+01    1.2475E+01    4.2296E+00    1.5456E+01    0.0000E+00    8.4395E+00   
 1.1663E+03    4.4241E+01    5.2392E+01    1.9542E+01    1.5385E+01    1.2433E+01    6.1450E+01    4.6709E+01    1.2498E+01    4.2296E+00    1.5333E+01    0.0000E+00    8.4893E+00   
 1.1668E+03    4.4250E+01    5.2395E+01    1.9638E+01    1.5427E+01    1.2448E+01    6.1429E+01    4.6760E+01    1.2561E+01    4.2296E+00    1.5435E+01    0.0000E+00    8.4893E+00   
 1.1673E+03    4.4250E+01    5.2431E+01    1.9776E+01    1.5448E+01    1.2448E+01    6.1467E+01    4.6760E+01    1.2597E+01    4.2296E+00    1.5313E+01    0.0000E+00    8.4395E+00   
 1.1679E+03    4.4258E+01    5.2421E+01    1.9761E+01    1.5416E+01    1.2417E+01    6.1518E+01    4.6798E+01    1.2623E+01    4.2500E+00    1.5374E+01    0.0000E+00    8.4395E+00   
 1.1684E+03    4.4292E+01    5.2412E+01    1.9630E+01    1.5498E+01    1.2423E+01    6.1537E+01    4.6836E+01    1.2654E+01    4.2500E+00    1.5394E+01    0.0000E+00    8.4893E+00   
 1.1689E+03    4.4316E+01    5.2397E+01    1.9550E+01    1.5502E+01    1.2402E+01    6.1537E+01    4.6858E+01    1.2654E+01    4.2500E+00    1.5476E+01    0.0000E+00    8.4645E+00   
 1.1695E+03    4.4331E+01    5.2413E+01    1.9664E+01    1.5502E+01    1.2405E+01    6.1532E+01    4.6901E+01    1.2688E+01    4.2500E+00    1.5496E+01    0.0000E+00    8.4645E+00   
 1.1700E+03    4.4338E+01    5.2431E+01    1.9611E+01    1.5483E+01    1.2385E+01    6.1519E+01    4.6930E+01    1.2719E+01    4.2500E+00    1.5476E+01    0.0000E+00    8.4645E+00   
 1.1705E+03    4.4338E+01    5.2432E+01    1.9698E+01    1.5515E+01    1.2385E+01    6.1553E+01    4.6930E+01    1.2740E+01    4.2500E+00    1.5394E+01    0.0000E+00    8.4893E+00   
 1.1711E+03    4.4381E+01    5.2459E+01    1.9698E+01    1.5513E+01    1.2222E+01    6.1580E+01    4.6966E+01    1.2759E+01    4.2500E+00    1.5354E+01    0.0000E+00    8.4893E+00   
 1.1716E+03    4.4391E+01    5.2468E+01    1.9766E+01    1.5529E+01    1.2008E+01    6.1605E+01    4.6993E+01    1.2782E+01    4.2500E+00    1.5496E+01    0.0000E+00    8.4645E+00   
 1.1721E+03    4.4417E+01    5.2468E+01    1.9825E+01    1.5438E+01    1.1781E+01    6.1590E+01    4.7013E+01    1.2792E+01    4.2704E+00    1.5496E+01    0.0000E+00    8.4145E+00   
 1.1726E+03    4.4431E+01    5.2475E+01    1.9749E+01    1.5548E+01    1.1539E+01    6.1583E+01    4.7031E+01    1.2792E+01    4.2500E+00    1.5415E+01    0.0000E+00    8.4645E+00   
 1.1732E+03    4.4423E+01    5.2501E+01    1.9689E+01    1.5548E+01    1.1445E+01    6.1547E+01    4.7052E+01    1.2796E+01    4.2704E+00    1.5456E+01    0.0000E+00    8.4645E+00   
 1.1737E+03    4.4423E+01    5.2511E+01    1.9743E+01    1.5579E+01    1.1451E+01    6.1542E+01    4.7084E+01    1.2829E+01    4.2704E+00    1.5435E+01    0.0000E+00    8.4645E+00   
 1.1742E+03    4.4441E+01    5.2544E+01    1.9853E+01    1.5680E+01    1.1451E+01    6.1504E+01    4.7084E+01    1.2843E+01    4.2704E+00    1.5333E+01    0.0000E+00    8.4395E+00   
 1.1748E+03    4.4452E+01    5.2543E+01    1.9853E+01    1.5643E+01    1.1519E+01    6.1520E+01    4.7121E+01    1.2860E+01    4.2704E+00    1.5537E+01    0.0000E+00    8.4645E+00   
 1.1753E+03    4.4477E+01    5.2543E+01    1.9878E+01    1.5622E+01    1.1406E+01    6.1504E+01    4.7150E+01    1.2883E+01    4.2704E+00    1.5435E+01    0.0000E+00    8.4395E+00   
 1.1758E+03    4.4490E+01    5.2571E+01    1.9691E+01    1.5623E+01    1.1217E+01    6.1519E+01    4.7188E+01    1.2899E+01    4.2704E+00    1.5374E+01    0.0000E+00    8.4395E+00   
 1.1763E+03    4.4499E+01    5.2584E+01    1.9482E+01    1.5623E+01    1.1077E+01    6.1524E+01    4.7207E+01    1.2937E+01    4.2704E+00    1.5496E+01    0.0000E+00    8.4395E+00   
 1.1769E+03    4.4524E+01    5.2605E+01    1.9234E+01    1.5655E+01    1.1054E+01    6.1547E+01    4.7246E+01    1.2967E+01    4.2908E+00    1.5415E+01    0.0000E+00    8.4395E+00   
 1.1774E+03    4.4524E+01    5.2636E+01    1.8967E+01    1.5679E+01    1.1054E+01    6.1530E+01    4.7246E+01    1.2961E+01    4.2704E+00    1.5496E+01    0.0000E+00    8.4645E+00   
 1.1779E+03    4.4547E+01    5.2657E+01    1.8967E+01    1.5664E+01    1.1016E+01    6.1556E+01    4.7264E+01    1.3000E+01    4.2704E+00    1.5456E+01    0.0000E+00    8.4645E+00   
 1.1785E+03    4.4543E+01    5.2666E+01    1.8998E+01    1.5677E+01    1.1000E+01    6.1576E+01    4.7289E+01    1.3001E+01    4.2704E+00    1.5456E+01    0.0000E+00    8.4645E+00   
# Time (s)      T1w (C)       T2w (C)       T1a (C)       T2a (C)       T1r (C)       T2r (C)       T3r (C)       T4r (C)       P1 (bar)      P2 (bar)      Ic (amp)      Qc (l/min)    
 1.1790E+03    4.4567E+01    5.2680E+01    1.8935E+01    1.5692E+01    1.0968E+01    6.1561E+01    4.7305E+01    1.2985E+01    4.2908E+00    1.5598E+01    0.0000E+00    8.4645E+00   
 1.1795E+03    4.4581E+01    5.2701E+01    1.9136E+01    1.5692E+01    1.0941E+01    6.1607E+01    4.7321E+01    1.2998E+01    4.2908E+00    1.5598E+01    0.0000E+00    8.4395E+00   
 1.1800E+03    4.4597E+01    5.2726E+01    1.9480E+01    1.5692E+01    1.0883E+01    6.1614E+01    4.7338E+01    1.3001E+01    4.2908E+00    1.5374E+01    0.0000E+00    8.4395E+00   
 1.1806E+03    4.4597E+01    5.2737E+01    1.9275E+01    1.5681E+01    1.0883E+01    6.1670E+01    4.7338E+01    1.3005E+01    4.2704E+00    1.5537E+01    0.0000E+00    8.4395E+00   
 1.1811E+03    4.4624E+01    5.2746E+01    1.9275E+01    1.5725E+01    1.0858E+01    6.1699E+01    4.7352E+01    1.2996E+01    4.2908E+00    1.5456E+01    0.0000E+00    8.4645E+00   
 1.1816E+03    4.4636E+01    5.2772E+01    1.9426E+01    1.5662E+01    1.0851E+01    6.1719E+01    4.7373E+01    1.2985E+01    4.2704E+00    1.5557E+01    0.0000E+00    8.4395E+00   
 1.1822E+03    4.4643E+01    5.2772E+01    1.9392E+01    1.5762E+01    1.0871E+01    6.1733E+01    4.7401E+01    1.2990E+01    4.2704E+00    1.5415E+01    0.0000E+00    8.4645E+00   
 1.1827E+03    4.4663E+01    5.2794E+01    1.9450E+01    1.5711E+01    1.0851E+01    6.1747E+01    4.7427E+01    1.2990E+01    4.2704E+00    1.5456E+01    0.0000E+00    8.4645E+00   
 1.1832E+03    4.4662E+01    5.2792E+01    1.9396E+01    1.5711E+01    1.0892E+01    6.1778E+01    4.7440E+01    1.2996E+01    4.2704E+00    1.5639E+01    0.0000E+00    8.4395E+00   
 1.1838E+03    4.4662E+01    5.2805E+01    1.9505E+01    1.5713E+01    1.0854E+01    6.1805E+01    4.7443E+01    1.2985E+01    4.2704E+00    1.5496E+01    0.0000E+00    8.4645E+00   
 1.1843E+03    4.4683E+01    5.2816E+01    1.9632E+01    1.5791E+01    1.0854E+01    6.1851E+01    4.7443E+01    1.2977E+01    4.2704E+00    1.5659E+01    0.0000E+00    8.4395E+00   
 1.1848E+03    4.4705E+01    5.2830E+01    1.9632E+01    1.5771E+01    1.0850E+01    6.1863E+01    4.7465E+01    1.2959E+01    4.2704E+00    1.5618E+01    0.0000E+00    8.4395E+00   
 1.1853E+03    4.4721E+01    5.2852E+01    1.9791E+01    1.5738E+01    1.0836E+01    6.1930E+01    4.7480E+01    1.2957E+01    4.2704E+00    1.5517E+01    0.0000E+00    8.4395E+00   
 1.1859E+03    4.4748E+01    5.2867E+01    2.0120E+01    1.5723E+01    1.0809E+01    6.1930E+01    4.7493E+01    1.2957E+01    4.2704E+00    1.5659E+01    0.0000E+00    8.4645E+00   
 1.1864E+03    4.4788E+01    5.2877E+01    1.9940E+01    1.5723E+01    1.0833E+01    6.1932E+01    4.7500E+01    1.2958E+01    4.2908E+00    1.5639E+01    0.0000E+00    8.4395E+00   
 1.1869E+03    4.4805E+01    5.2874E+01    1.9953E+01    1.5788E+01    1.0837E+01    6.1968E+01    4.7502E+01    1.2952E+01    4.2704E+00    1.5659E+01    0.0000E+00    8.4395E+00   
 1.1875E+03    4.4805E+01    5.2900E+01    1.9934E+01    1.5733E+01    1.0837E+01    6.1951E+01    4.7502E+01    1.2934E+01    4.2704E+00    1.5679E+01    0.0000E+00    8.4645E+00   
 1.1880E+03    4.4820E+01    5.2915E+01    1.9934E+01    1.5793E+01    1.0826E+01    6.1972E+01    4.7522E+01    1.2934E+01    4.2704E+00    1.5557E+01    0.0000E+00    8.4395E+00   
 1.1885E+03    4.4840E+01    5.2922E+01    1.9713E+01    1.5771E+01    1.0799E+01    6.2011E+01    4.7535E+01    1.2929E+01    4.2704E+00    1.5476E+01    0.0000E+00    8.4645E+00   
 1.1891E+03    4.4859E+01    5.2922E+01    1.9693E+01    1.5788E+01    1.0814E+01    6.2011E+01    4.7551E+01    1.2929E+01    4.2704E+00    1.5700E+01    0.0000E+00    8.4893E+00   
 1.1896E+03    4.4867E+01    5.2938E+01    1.9771E+01    1.5788E+01    1.0800E+01    6.2027E+01    4.7552E+01    1.2944E+01    4.2704E+00    1.5578E+01    0.0000E+00    8.4145E+00   
 1.1901E+03    4.4891E+01    5.2946E+01    1.9895E+01    1.5753E+01    1.0824E+01    6.2081E+01    4.7568E+01    1.2928E+01    4.2704E+00    1.5578E+01    0.0000E+00    8.4645E+00   
 1.1906E+03    4.4891E+01    5.2973E+01    2.0081E+01    1.5793E+01    1.0824E+01    6.2088E+01    4.7556E+01    1.2927E+01    4.2908E+00    1.5598E+01    0.0000E+00    8.4645E+00   
 1.1912E+03    4.4880E+01    5.2966E+01    2.0081E+01    1.5816E+01    1.0815E+01    6.2086E+01    4.7556E+01    1.2910E+01    4.2908E+00    1.5598E+01    0.0000E+00    8.4395E+00   
 1.1917E+03    4.4880E+01    5.2990E+01    2.0112E+01    1.5823E+01    1.0860E+01    6.2109E+01    4.7574E+01    1.2884E+01    4.2908E+00    1.5618E+01    0.0000E+00    8.4645E+00   
 1.1922E+03    4.4917E+01    5.3004E+01    2.0174E+01    1.5822E+01    1.0872E+01    6.2115E+01    4.7578E+01    1.2863E+01    4.2908E+00    1.5679E+01    0.0000E+00    8.4395E+00   
 1.1928E+03    4.4909E+01    5.3017E+01    1.9878E+01    1.5760E+01    1.0867E+01    6.2115E+01    4.7559E+01    1.2863E+01    4.2908E+00    1.5741E+01    0.0000E+00    8.4893E+00   
 1.1933E+03    4.4929E+01    5.3034E+01    1.9959E+01    1.5760E+01    1.0838E+01    6.2134E+01    4.7561E+01    1.2871E+01    4.2908E+00    1.5720E+01    0.0000E+00    8.4645E+00   
 1.1938E+03    4.4916E+01    5.3042E+01    2.0125E+01    1.5742E+01    1.0860E+01    6.2167E+01    4.7545E+01    1.2853E+01    4.2908E+00    1.5741E+01    0.0000E+00    8.4645E+00   
 1.1944E+03    4.4916E+01    5.3061E+01    1.9811E+01    1.5763E+01    1.0860E+01    6.2161E+01    4.7545E+01    1.2848E+01    4.2908E+00    1.5598E+01    0.0000E+00    8.4645E+00   
# Time (s)      T1w (C)       T2w (C)       T1a (C)       T2a (C)       T1r (C)       T2r (C)       T3r (C)       T4r (C)       P1 (bar)      P2 (bar)      Ic (amp)      Qc (l/min)    
 1.1949E+03    4.4912E+01    5.3075E+01    1.9811E+01    1.5780E+01    1.0836E+01    6.2159E+01    4.7552E+01    1.2845E+01    4.2908E+00    1.5659E+01    0.0000E+00    8.4645E+00   
 1.1954E+03    4.4908E+01    5.3080E+01    1.9814E+01    1.5783E+01    1.0821E+01    6.2179E+01    4.7559E+01    1.2840E+01    4.2908E+00    1.5537E+01    0.0000E+00    8.4395E+00   
 1.1959E+03    4.4907E+01    5.3080E+01    1.9749E+01    1.5730E+01    1.0887E+01    6.2179E+01    4.7558E+01    1.2840E+01    4.2908E+00    1.5598E+01    0.0000E+00    8.4893E+00   
 1.1965E+03    4.4888E+01    5.3111E+01    1.9294E+01    1.5730E+01    1.0878E+01    6.2226E+01    4.7561E+01    1.2844E+01    4.3112E+00    1.5781E+01    0.0000E+00    8.4645E+00   
 1.1970E+03    4.4907E+01    5.3131E+01    1.9224E+01    1.5800E+01    1.0864E+01    6.2206E+01    4.7561E+01    1.2847E+01    4.2908E+00    1.5639E+01    0.0000E+00    8.4645E+00   
 1.1975E+03    4.4907E+01    5.3146E+01    1.9237E+01    1.5801E+01    1.0864E+01    6.2229E+01    4.7566E+01    1.2835E+01    4.2908E+00    1.5781E+01    0.0000E+00    8.4645E+00   
 1.1981E+03    4.4898E+01    5.3154E+01    1.9237E+01    1.5759E+01    1.0825E+01    6.2185E+01    4.7551E+01    1.2811E+01    4.2908E+00    1.5802E+01    0.0000E+00    8.4645E+00   
 1.1986E+03    4.4897E+01    5.3167E+01    1.9709E+01    1.5845E+01    1.0819E+01    6.2149E+01    4.7561E+01    1.2826E+01    4.2908E+00    1.5761E+01    0.0000E+00    8.4645E+00   
 1.1991E+03    4.4937E+01    5.3196E+01    1.9866E+01    1.5822E+01    1.0847E+01    6.2131E+01    4.7552E+01    1.2809E+01    4.2908E+00    1.5822E+01    0.0000E+00    8.4145E+00   
 1.1997E+03    4.4897E+01    5.3213E+01    1.9949E+01    1.5801E+01    1.0874E+01    6.2131E+01    4.7544E+01    1.2809E+01    4.3112E+00    1.5659E+01    0.0000E+00    8.4893E+00   
 1.2002E+03    4.4909E+01    5.3244E+01    2.0021E+01    1.5817E+01    1.0854E+01    6.2103E+01    4.7524E+01    1.2802E+01    4.2908E+00    1.5679E+01    0.0000E+00    8.4395E+00   
 1.2007E+03    4.4909E+01    5.3246E+01    2.0032E+01    1.5813E+01    1.0854E+01    6.2122E+01    4.7510E+01    1.2808E+01    4.3112E+00    1.5761E+01    0.0000E+00    8.4395E+00   
 1.2013E+03    4.4920E+01    5.3276E+01    2.0049E+01    1.5866E+01    1.0875E+01    6.2092E+01    4.7495E+01    1.2783E+01    4.3112E+00    1.5802E+01    0.0000E+00    8.4145E+00   
 1.2018E+03    4.4932E+01    5.3291E+01    2.0049E+01    1.5865E+01    1.0902E+01    6.2137E+01    4.7513E+01    1.2779E+01    4.3112E+00    1.5842E+01    0.0000E+00    8.4645E+00   
 1.2023E+03    4.4949E+01    5.3316E+01    2.0004E+01    1.5885E+01    1.0931E+01    6.2141E+01    4.7527E+01    1.2776E+01    4.3112E+00    1.5639E+01    0.0000E+00    8.4645E+00   
 1.2028E+03    4.4928E+01    5.3316E+01    1.9875E+01    1.5891E+01    1.0965E+01    6.2141E+01    4.7546E+01    1.2776E+01    4.3112E+00    1.5822E+01    0.0000E+00    8.4645E+00   
 1.2034E+03    4.4926E+01    5.3304E+01    1.9864E+01    1.5891E+01    1.0978E+01    6.2166E+01    4.7525E+01    1.2760E+01    4.3112E+00    1.5720E+01    0.0000E+00    8.4395E+00   
 1.2039E+03    4.4927E+01    5.3323E+01    1.9734E+01    1.5887E+01    1.0973E+01    6.2168E+01    4.7512E+01    1.2741E+01    4.3112E+00    1.5720E+01    0.0000E+00    8.4395E+00   
 1.2044E+03    4.4912E+01    5.3327E+01    1.9588E+01    1.5912E+01    1.0973E+01    6.2197E+01    4.7512E+01    1.2736E+01    4.3112E+00    1.5618E+01    0.0000E+00    8.4893E+00   
 1.2050E+03    4.4896E+01    5.3329E+01    1.9588E+01    1.5865E+01    1.0988E+01    6.2239E+01    4.7527E+01    1.2733E+01    4.3112E+00    1.5679E+01    0.0000E+00    8.4893E+00   
 1.2055E+03    4.4885E+01    5.3334E+01    1.9555E+01    1.5869E+01    1.1011E+01    6.2245E+01    4.7516E+01    1.2736E+01    4.3112E+00    1.5659E+01    0.0000E+00    8.4395E+00   
 1.2060E+03    4.4890E+01    5.3334E+01    1.9428E+01    1.5866E+01    1.1010E+01    6.2245E+01    4.7520E+01    1.2736E+01    4.3112E+00    1.5802E+01    0.0000E+00    8.4645E+00   
 1.2065E+03    4.4875E+01    5.3323E+01    1.9378E+01    1.5866E+01    1.0999E+01    6.2252E+01    4.7526E+01    1.2729E+01    4.3112E+00    1.5720E+01    0.0000E+00    8.4395E+00   
 1.2071E+03    4.4862E+01    5.3345E+01    1.9376E+01    1.5896E+01    1.0979E+01    6.2317E+01    4.7554E+01    1.2746E+01    4.3112E+00    1.5720E+01    0.0000E+00    8.4145E+00   
 1.2076E+03    4.4862E+01    5.3340E+01    1.9409E+01    1.5898E+01    1.0979E+01    6.2306E+01    4.7547E+01    1.2707E+01    4.3112E+00    1.5741E+01    0.0000E+00    8.4145E+00   
 1.2081E+03    4.4874E+01    5.3360E+01    1.9538E+01    1.5886E+01    1.0978E+01    6.2305E+01    4.7562E+01    1.2740E+01    4.3112E+00    1.5639E+01    0.0000E+00    8.4893E+00   
 1.2087E+03    4.4865E+01    5.3369E+01    1.9538E+01    1.5890E+01    1.0993E+01    6.2329E+01    4.7566E+01    1.2725E+01    4.3112E+00    1.5842E+01    0.0000E+00    8.4395E+00   
 1.2092E+03    4.4884E+01    5.3369E+01    1.9706E+01    1.5876E+01    1.1034E+01    6.2343E+01    4.7572E+01    1.2747E+01    4.2908E+00    1.5863E+01    0.0000E+00    8.4893E+00   
 1.2097E+03    4.4860E+01    5.3379E+01    1.9868E+01    1.5895E+01    1.0988E+01    6.2344E+01    4.7583E+01    1.2747E+01    4.2908E+00    1.5761E+01    0.0000E+00    8.4645E+00   
 1.2103E+03    4.4860E+01    5.3383E+01    1.9872E+01    1.5895E+01    1.0973E+01    6.2357E+01    4.7581E+01    1.2742E+01    4.3112E+00    1.5822E+01    0.0000E+00    8.4645E+00   
# Time (s)      T1w (C)       T2w (C)       T1a (C)       T2a (C)       T1r (C)       T2r (C)       T3r (C)       T4r (C)       P1 (bar)      P2 (bar)      Ic (amp)      Qc (l/min)    
 1.2108E+03    4.4860E+01    5.3369E+01    1.9655E+01    1.5876E+01    1.0964E+01    6.2381E+01    4.7593E+01    1.2753E+01    4.3112E+00    1.5639E+01    0.0000E+00    8.4893E+00   
 1.2113E+03    4.4853E+01    5.3388E+01    1.9589E+01    1.5911E+01    1.0964E+01    6.2396E+01    4.7593E+01    1.2751E+01    4.2908E+00    1.5781E+01    0.0000E+00    8.4893E+00   
 1.2118E+03    4.4872E+01    5.3387E+01    1.9589E+01    1.5844E+01    1.0952E+01    6.2417E+01    4.7586E+01    1.2758E+01    4.2908E+00    1.5842E+01    0.0000E+00    8.4893E+00   
 1.2124E+03    4.4852E+01    5.3384E+01    1.9313E+01    1.5877E+01    1.0971E+01    6.2419E+01    4.7590E+01    1.2757E+01    4.3112E+00    1.5863E+01    0.0000E+00    8.4395E+00   
 1.2129E+03    4.4851E+01    5.3384E+01    1.9213E+01    1.5869E+01    1.1027E+01    6.2419E+01    4.7584E+01    1.2757E+01    4.3112E+00    1.5863E+01    0.0000E+00    8.4395E+00   
 1.2135E+03    4.4831E+01    5.3395E+01    1.9480E+01    1.5869E+01    1.1057E+01    6.2430E+01    4.7585E+01    1.2749E+01    4.3112E+00    1.5761E+01    0.0000E+00    8.4395E+00   
 1.2140E+03    4.4831E+01    5.3406E+01    1.9585E+01    1.5891E+01    1.1082E+01    6.2466E+01    4.7595E+01    1.2738E+01    4.3112E+00    1.5679E+01    0.0000E+00    8.4645E+00   
 1.2145E+03    4.4831E+01    5.3390E+01    1.9662E+01    1.5892E+01    1.1082E+01    6.2472E+01    4.7595E+01    1.2747E+01    4.3112E+00    1.5761E+01    0.0000E+00    8.4395E+00   
 1.2150E+03    4.4837E+01    5.3406E+01    1.9662E+01    1.5882E+01    1.1099E+01    6.2500E+01    4.7602E+01    1.2757E+01    4.3112E+00    1.5781E+01    0.0000E+00    8.4395E+00   
 1.2156E+03    4.4831E+01    5.3397E+01    1.9800E+01    1.5913E+01    1.1091E+01    6.2484E+01    4.7607E+01    1.2758E+01    4.3112E+00    1.5679E+01    0.0000E+00    8.4645E+00   
 1.2161E+03    4.4816E+01    5.3397E+01    1.9846E+01    1.5936E+01    1.1082E+01    6.2498E+01    4.7651E+01    1.2765E+01    4.3112E+00    1.5741E+01    0.0000E+00    8.4395E+00   
 1.2166E+03    4.4820E+01    5.3387E+01    1.9660E+01    1.5849E+01    1.1068E+01    6.2491E+01    4.7649E+01    1.2765E+01    4.3112E+00    1.5781E+01    0.0000E+00    8.4645E+00   
 1.2172E+03    4.4806E+01    5.3384E+01    1.9632E+01    1.5849E+01    1.1069E+01    6.2506E+01    4.7667E+01    1.2793E+01    4.3112E+00    1.5659E+01    0.0000E+00    8.5141E+00   
 1.2177E+03    4.4806E+01    5.3406E+01    1.9727E+01    1.5846E+01    1.1069E+01    6.2524E+01    4.7677E+01    1.2799E+01    4.3112E+00    1.5842E+01    0.0000E+00    8.4645E+00   
 1.2182E+03    4.4809E+01    5.3383E+01    1.9720E+01    1.5875E+01    1.1082E+01    6.2543E+01    4.7692E+01    1.2808E+01    4.3112E+00    1.5761E+01    0.0000E+00    8.4395E+00   
 1.2188E+03    4.4790E+01    5.3395E+01    1.9720E+01    1.5876E+01    1.1074E+01    6.2524E+01    4.7706E+01    1.2825E+01    4.3112E+00    1.5761E+01    0.0000E+00    8.5141E+00   
 1.2193E+03    4.4754E+01    5.3377E+01    1.9599E+01    1.5836E+01    1.1091E+01    6.2465E+01    4.7725E+01    1.2797E+01    4.3112E+00    1.5781E+01    0.0000E+00    8.4395E+00   
 1.2198E+03    4.4758E+01    5.3377E+01    1.9729E+01    1.5863E+01    1.1113E+01    6.2465E+01    4.7718E+01    1.2797E+01    4.3112E+00    1.5842E+01    0.0000E+00    8.4893E+00   
 1.2204E+03    4.4741E+01    5.3357E+01    1.9764E+01    1.5863E+01    1.1164E+01    6.2459E+01    4.7725E+01    1.2816E+01    4.3316E+00    1.5720E+01    0.0000E+00    8.4395E+00   
 1.2209E+03    4.4742E+01    5.3358E+01    1.9855E+01    1.5855E+01    1.1223E+01    6.2429E+01    4.7734E+01    1.2825E+01    4.3112E+00    1.5781E+01    0.0000E+00    8.4395E+00   
 1.2214E+03    4.4742E+01    5.3367E+01    1.9780E+01    1.5823E+01    1.1223E+01    6.2400E+01    4.7734E+01    1.2815E+01    4.3316E+00    1.5883E+01    0.0000E+00    8.4395E+00   
 1.2219E+03    4.4725E+01    5.3364E+01    1.9780E+01    1.5796E+01    1.1248E+01    6.2362E+01    4.7731E+01    1.2822E+01    4.3112E+00    1.5842E+01    0.0000E+00    8.4645E+00   
 1.2225E+03    4.4716E+01    5.3349E+01    1.9885E+01    1.5764E+01    1.1256E+01    6.2399E+01    4.7759E+01    1.2830E+01    4.3112E+00    1.5700E+01    0.0000E+00    8.4395E+00   
 1.2230E+03    4.4714E+01    5.3349E+01    1.9991E+01    1.5812E+01    1.1246E+01    6.2399E+01    4.7755E+01    1.2830E+01    4.3112E+00    1.5842E+01    0.0000E+00    8.4645E+00   
 1.2235E+03    4.4713E+01    5.3392E+01    2.0115E+01    1.5844E+01    1.1225E+01    6.2426E+01    4.7786E+01    1.2825E+01    4.3112E+00    1.5659E+01    0.0000E+00    8.4645E+00   
 1.2241E+03    4.4709E+01    5.3376E+01    2.0168E+01    1.5868E+01    1.1224E+01    6.2448E+01    4.7778E+01    1.2839E+01    4.3112E+00    1.5720E+01    0.0000E+00    8.4893E+00   
 1.2246E+03    4.4709E+01    5.3391E+01    2.0177E+01    1.5845E+01    1.1194E+01    6.2492E+01    4.7816E+01    1.2835E+01    4.3112E+00    1.5883E+01    0.0000E+00    8.4645E+00   
 1.2251E+03    4.4708E+01    5.3397E+01    2.0160E+01    1.5931E+01    1.1210E+01    6.2500E+01    4.7831E+01    1.2850E+01    4.3112E+00    1.5802E+01    0.0000E+00    8.4395E+00   
 1.2257E+03    4.4712E+01    5.3402E+01    2.0160E+01    1.5869E+01    1.1211E+01    6.2503E+01    4.7838E+01    1.2860E+01    4.3112E+00    1.5761E+01    0.0000E+00    8.4645E+00   
 1.2262E+03    4.4721E+01    5.3402E+01    2.0176E+01    1.5855E+01    1.1225E+01    6.2514E+01    4.7861E+01    1.2869E+01    4.3112E+00    1.5700E+01    0.0000E+00    8.4893E+00   
# Time (s)      T1w (C)       T2w (C)       T1a (C)       T2a (C)       T1r (C)       T2r (C)       T3r (C)       T4r (C)       P1 (bar)      P2 (bar)      Ic (amp)      Qc (l/min)    
 1.2267E+03    4.4711E+01    5.3393E+01    1.9931E+01    1.5847E+01    1.1230E+01    6.2514E+01    4.7868E+01    1.2869E+01    4.3112E+00    1.5761E+01    0.0000E+00    8.4645E+00   
 1.2272E+03    4.4708E+01    5.3410E+01    1.9900E+01    1.5847E+01    1.1252E+01    6.2509E+01    4.7888E+01    1.2877E+01    4.3112E+00    1.5842E+01    0.0000E+00    8.4395E+00   
 1.2278E+03    4.4708E+01    5.3406E+01    1.9723E+01    1.5867E+01    1.1276E+01    6.2507E+01    4.7889E+01    1.2883E+01    4.3112E+00    1.5741E+01    0.0000E+00    8.4645E+00   
 1.2283E+03    4.4706E+01    5.3402E+01    1.9544E+01    1.5837E+01    1.1260E+01    6.2534E+01    4.7875E+01    1.2860E+01    4.3112E+00    1.5924E+01    0.0000E+00    8.4645E+00   
 1.2288E+03    4.4695E+01    5.3406E+01    1.9544E+01    1.5860E+01    1.1283E+01    6.2525E+01    4.7888E+01    1.2862E+01    4.3112E+00    1.5720E+01    0.0000E+00    8.4645E+00   
 1.2294E+03    4.4671E+01    5.3381E+01    1.9462E+01    1.5846E+01    1.1269E+01    6.2561E+01    4.7882E+01    1.2856E+01    4.3316E+00    1.5781E+01    0.0000E+00    8.4645E+00   
 1.2299E+03    4.4681E+01    5.3381E+01    1.9397E+01    1.5849E+01    1.1292E+01    6.2561E+01    4.7895E+01    1.2856E+01    4.3112E+00    1.5679E+01    0.0000E+00    8.4893E+00   
 1.2304E+03    4.4659E+01    5.3376E+01    1.9312E+01    1.5849E+01    1.1308E+01    6.2598E+01    4.7880E+01    1.2858E+01    4.3112E+00    1.5903E+01    0.0000E+00    8.4395E+00   
 1.2310E+03    4.4667E+01    5.3364E+01    1.9343E+01    1.5859E+01    1.1323E+01    6.2642E+01    4.7904E+01    1.2852E+01    4.3112E+00    1.5761E+01    0.0000E+00    8.4645E+00   
 1.2315E+03    4.4652E+01    5.3358E+01    1.9338E+01    1.5833E+01    1.1323E+01    6.2655E+01    4.7908E+01    1.2853E+01    4.3112E+00    1.5842E+01    0.0000E+00    8.4645E+00   
 1.2320E+03    4.4646E+01    5.3355E+01    1.9338E+01    1.5872E+01    1.1331E+01    6.2672E+01    4.7908E+01    1.2898E+01    4.3112E+00    1.5679E+01    0.0000E+00    8.4645E+00   
 1.2326E+03    4.4609E+01    5.3328E+01    1.9365E+01    1.5807E+01    1.1324E+01    6.2648E+01    4.7930E+01    1.2879E+01    4.3112E+00    1.5720E+01    0.0000E+00    8.4645E+00   
 1.2331E+03    4.4603E+01    5.3328E+01    1.9294E+01    1.5813E+01    1.1286E+01    6.2674E+01    4.7957E+01    1.2897E+01    4.3112E+00    1.5781E+01    0.0000E+00    8.4645E+00   
 1.2336E+03    4.4585E+01    5.3320E+01    1.9307E+01    1.5841E+01    1.1255E+01    6.2674E+01    4.7982E+01    1.2897E+01    4.3112E+00    1.5863E+01    0.0000E+00    8.4645E+00   
 1.2341E+03    4.4574E+01    5.3327E+01    1.9340E+01    1.5841E+01    1.1228E+01    6.2704E+01    4.7989E+01    1.2923E+01    4.3112E+00    1.5659E+01    0.0000E+00    8.4893E+00   
 1.2347E+03    4.4559E+01    5.3303E+01    1.9270E+01    1.5795E+01    1.1205E+01    6.2723E+01    4.7982E+01    1.2923E+01    4.3112E+00    1.5781E+01    0.0000E+00    8.4645E+00   
 1.2352E+03    4.4546E+01    5.3286E+01    1.9476E+01    1.5754E+01    1.1205E+01    6.2739E+01    4.7982E+01    1.2942E+01    4.3112E+00    1.5863E+01    0.0000E+00    8.4395E+00   
 1.2357E+03    4.4537E+01    5.3278E+01    1.9476E+01    1.5740E+01    1.1202E+01    6.2755E+01    4.7991E+01    1.2955E+01    4.3316E+00    1.5822E+01    0.0000E+00    8.4893E+00   
 1.2363E+03    4.4546E+01    5.3293E+01    1.9676E+01    1.5754E+01    1.1199E+01    6.2726E+01    4.8010E+01    1.2942E+01    4.3112E+00    1.5741E+01    0.0000E+00    8.4893E+00   
 1.2368E+03    4.4541E+01    5.3293E+01    1.9786E+01    1.5775E+01    1.1198E+01    6.2726E+01    4.8026E+01    1.2942E+01    4.3316E+00    1.5679E+01    0.0000E+00    8.4645E+00   
 1.2373E+03    4.4536E+01    5.3266E+01    1.9851E+01    1.5775E+01    1.1237E+01    6.2752E+01    4.8049E+01    1.2958E+01    4.3316E+00    1.5741E+01    0.0000E+00    8.3894E+00   
 1.2379E+03    4.4532E+01    5.3276E+01    1.9863E+01    1.5774E+01    1.1268E+01    6.2769E+01    4.8055E+01    1.2965E+01    4.3112E+00    1.5781E+01    0.0000E+00    8.4645E+00   
 1.2384E+03    4.4532E+01    5.3269E+01    1.9893E+01    1.5800E+01    1.1284E+01    6.2827E+01    4.8070E+01    1.3006E+01    4.3112E+00    1.5781E+01    0.0000E+00    8.4395E+00   
 1.2389E+03    4.4526E+01    5.3272E+01    1.9893E+01    1.5763E+01    1.1263E+01    6.2872E+01    4.8085E+01    1.3009E+01    4.3316E+00    1.5659E+01    0.0000E+00    8.4893E+00   
 1.2395E+03    4.4525E+01    5.3287E+01    1.9854E+01    1.5772E+01    1.1261E+01    6.2839E+01    4.8088E+01    1.2994E+01    4.3112E+00    1.5679E+01    0.0000E+00    8.4395E+00   
 1.2400E+03    4.4535E+01    5.3287E+01    1.9805E+01    1.5756E+01    1.1246E+01    6.2831E+01    4.8111E+01    1.3013E+01    4.3316E+00    1.5700E+01    0.0000E+00    8.4395E+00   
 1.2405E+03    4.4515E+01    5.3253E+01    1.9735E+01    1.5805E+01    1.1253E+01    6.2845E+01    4.8155E+01    1.3029E+01    4.3112E+00    1.5863E+01    0.0000E+00    8.4395E+00   
 1.2411E+03    4.4510E+01    5.3237E+01    1.9942E+01    1.5805E+01    1.1216E+01    6.2869E+01    4.8168E+01    1.3037E+01    4.3112E+00    1.5863E+01    0.0000E+00    8.4645E+00   
 1.2416E+03    4.4510E+01    5.3239E+01    2.0009E+01    1.5817E+01    1.1229E+01    6.2899E+01    4.8180E+01    1.3028E+01    4.3316E+00    1.5741E+01    0.0000E+00    8.4645E+00   
 1.2421E+03    4.4491E+01    5.3230E+01    2.0056E+01    1.5795E+01    1.1229E+01    6.2911E+01    4.8180E+01    1.3063E+01    4.3316E+00    1.5679E+01    0.0000E+00    8.4395E+00   
# Time (s)      T1w (C)       T2w (C)       T1a (C)       T2a (C)       T1r (C)       T2r (C)       T3r (C)       T4r (C)       P1 (bar)      P2 (bar)      Ic (amp)      Qc (l/min)    
 1.2427E+03    4.4504E+01    5.3243E+01    2.0056E+01    1.5788E+01    1.1230E+01    6.2907E+01    4.8211E+01    1.3064E+01    4.3316E+00    1.5741E+01    0.0000E+00    8.4645E+00   
 1.2432E+03    4.4494E+01    5.3241E+01    2.0069E+01    1.5752E+01    1.1275E+01    6.2895E+01    4.8219E+01    1.3084E+01    4.3316E+00    1.5883E+01    0.0000E+00    8.4395E+00   
 1.2437E+03    4.4486E+01    5.3241E+01    2.0178E+01    1.5763E+01    1.1310E+01    6.2895E+01    4.8242E+01    1.3084E+01    4.3316E+00    1.5822E+01    0.0000E+00    8.4645E+00   
 1.2442E+03    4.4491E+01    5.3236E+01    2.0034E+01    1.5763E+01    1.1334E+01    6.2907E+01    4.8252E+01    1.3088E+01    4.3316E+00    1.5781E+01    0.0000E+00    8.4395E+00   
 1.2448E+03    4.4507E+01    5.3243E+01    1.9982E+01    1.5776E+01    1.1311E+01    6.2861E+01    4.8261E+01    1.3093E+01    4.3316E+00    1.5863E+01    0.0000E+00    8.4893E+00   
 1.2453E+03    4.4493E+01    5.3229E+01    2.0001E+01    1.5775E+01    1.1295E+01    6.2848E+01    4.8246E+01    1.3079E+01    4.3316E+00    1.5679E+01    0.0000E+00    8.4893E+00   
 1.2458E+03    4.4490E+01    5.3223E+01    2.0001E+01    1.5782E+01    1.1300E+01    6.2820E+01    4.8268E+01    1.3085E+01    4.3316E+00    1.5863E+01    0.0000E+00    8.4645E+00   
 1.2464E+03    4.4502E+01    5.3252E+01    2.0053E+01    1.5766E+01    1.1267E+01    6.2820E+01    4.8253E+01    1.3070E+01    4.3316E+00    1.5741E+01    0.0000E+00    8.4395E+00   
 1.2469E+03    4.4510E+01    5.3252E+01    2.0032E+01    1.5770E+01    1.1302E+01    6.2820E+01    4.8266E+01    1.3070E+01    4.3316E+00    1.5883E+01    0.0000E+00    8.4893E+00   
 1.2474E+03    4.4500E+01    5.3253E+01    1.9998E+01    1.5770E+01    1.1232E+01    6.2824E+01    4.8274E+01    1.3051E+01    4.3316E+00    1.5802E+01    0.0000E+00    8.4645E+00   
 1.2480E+03    4.4501E+01    5.3259E+01    2.0075E+01    1.5750E+01    1.1227E+01    6.2875E+01    4.8267E+01    1.3044E+01    4.3316E+00    1.5741E+01    0.0000E+00    8.4893E+00   
 1.2485E+03    4.4486E+01    5.3221E+01    2.0123E+01    1.5771E+01    1.1211E+01    6.2842E+01    4.8284E+01    1.3034E+01    4.3316E+00    1.5761E+01    0.0000E+00    8.5141E+00   
 1.2490E+03    4.4488E+01    5.3244E+01    2.0123E+01    1.5792E+01    1.1206E+01    6.2844E+01    4.8284E+01    1.3029E+01    4.3316E+00    1.5842E+01    0.0000E+00    8.4645E+00   
 1.2495E+03    4.4478E+01    5.3228E+01    1.9999E+01    1.5770E+01    1.1232E+01    6.2817E+01    4.8304E+01    1.3042E+01    4.3316E+00    1.5761E+01    0.0000E+00    8.4645E+00   
 1.2501E+03    4.4457E+01    5.3241E+01    2.0034E+01    1.5827E+01    1.1265E+01    6.2856E+01    4.8314E+01    1.3031E+01    4.3316E+00    1.5720E+01    0.0000E+00    8.4893E+00   
 1.2506E+03    4.4462E+01    5.3241E+01    2.0162E+01    1.5807E+01    1.1270E+01    6.2870E+01    4.8324E+01    1.3047E+01    4.3520E+00    1.5700E+01    0.0000E+00    8.4893E+00   
 1.2511E+03    4.4450E+01    5.3221E+01    2.0110E+01    1.5807E+01    1.1258E+01    6.2913E+01    4.8345E+01    1.3070E+01    4.3520E+00    1.5659E+01    0.0000E+00    8.4893E+00   
 1.2517E+03    4.4454E+01    5.3249E+01    2.0091E+01    1.5745E+01    1.1274E+01    6.2935E+01    4.8352E+01    1.3065E+01    4.3316E+00    1.5903E+01    0.0000E+00    8.4893E+00   
 1.2522E+03    4.4454E+01    5.3243E+01    2.0040E+01    1.5816E+01    1.1274E+01    6.2957E+01    4.8352E+01    1.3071E+01    4.3316E+00    1.5679E+01    0.0000E+00    8.4893E+00   
 1.2527E+03    4.4453E+01    5.3261E+01    2.0056E+01    1.5832E+01    1.1307E+01    6.2970E+01    4.8374E+01    1.3094E+01    4.3520E+00    1.5761E+01    0.0000E+00    8.4893E+00   
 1.2533E+03    4.4473E+01    5.3262E+01    1.9794E+01    1.5823E+01    1.1320E+01    6.2979E+01    4.8374E+01    1.3080E+01    4.3520E+00    1.5679E+01    0.0000E+00    8.5141E+00   
 1.2538E+03    4.4471E+01    5.3276E+01    1.9718E+01    1.5855E+01    1.1347E+01    6.2979E+01    4.8400E+01    1.3080E+01    4.3520E+00    1.5700E+01    0.0000E+00    8.4645E+00   
 1.2543E+03    4.4467E+01    5.3270E+01    1.9818E+01    1.5855E+01    1.1350E+01    6.2954E+01    4.8408E+01    1.3087E+01    4.3316E+00    1.5700E+01    0.0000E+00    8.4645E+00   
 1.2549E+03    4.4462E+01    5.3325E+01    1.9684E+01    1.5795E+01    1.1310E+01    6.2943E+01    4.8394E+01    1.3070E+01    4.3316E+00    1.5822E+01    0.0000E+00    8.5141E+00   
 1.2554E+03    4.4462E+01    5.3261E+01    1.9495E+01    1.5866E+01    1.1310E+01    6.2953E+01    4.8394E+01    1.3090E+01    4.3316E+00    1.5700E+01    0.0000E+00    8.4893E+00   
 1.2559E+03    4.4443E+01    5.3268E+01    1.9495E+01    1.5899E+01    1.1279E+01    6.2924E+01    4.8396E+01    1.3082E+01    4.3316E+00    1.5741E+01    0.0000E+00    8.4645E+00   
 1.2564E+03    4.4463E+01    5.3267E+01    1.9612E+01    1.5902E+01    1.1263E+01    6.2913E+01    4.8396E+01    1.3055E+01    4.3316E+00    1.5679E+01    0.0000E+00    8.4893E+00   
 1.2570E+03    4.4442E+01    5.3267E+01    1.9742E+01    1.5877E+01    1.1169E+01    6.2913E+01    4.8404E+01    1.3063E+01    4.3316E+00    1.5822E+01    0.0000E+00    8.4395E+00   
 1.2575E+03    4.4442E+01    5.3274E+01    1.9885E+01    1.5892E+01    1.1148E+01    6.2971E+01    4.8425E+01    1.3079E+01    4.3316E+00    1.5883E+01    0.0000E+00    8.4395E+00   
 1.2580E+03    4.4427E+01    5.3269E+01    2.0010E+01    1.5892E+01    1.1128E+01    6.2964E+01    4.8446E+01    1.3091E+01    4.3520E+00    1.5883E+01    0.0000E+00    8.4645E+00   
# Time (s)      T1w (C)       T2w (C)       T1a (C)       T2a (C)       T1r (C)       T2r (C)       T3r (C)       T4r (C)       P1 (bar)      P2 (bar)      Ic (amp)      Qc (l/min)    
 1.2586E+03    4.4441E+01    5.3262E+01    1.9969E+01    1.5932E+01    1.1128E+01    6.3024E+01    4.8444E+01    1.3088E+01    4.3316E+00    1.5822E+01    0.0000E+00    8.4893E+00   
 1.2591E+03    4.4456E+01    5.3256E+01    2.0060E+01    1.5881E+01    1.1128E+01    6.2998E+01    4.8444E+01    1.3092E+01    4.3316E+00    1.5679E+01    0.0000E+00    8.4645E+00   
 1.2596E+03    4.4454E+01    5.3272E+01    2.0076E+01    1.5928E+01    1.1175E+01    6.2996E+01    4.8436E+01    1.3116E+01    4.3520E+00    1.5720E+01    0.0000E+00    8.4645E+00   
 1.2602E+03    4.4442E+01    5.3266E+01    2.0166E+01    1.5916E+01    1.1225E+01    6.3025E+01    4.8446E+01    1.3119E+01    4.3520E+00    1.5883E+01    0.0000E+00    8.4645E+00   
 1.2607E+03    4.4455E+01    5.3280E+01    2.0345E+01    1.5972E+01    1.1318E+01    6.3040E+01    4.8458E+01    1.3135E+01    4.3520E+00    1.5781E+01    0.0000E+00    8.4645E+00   
 1.2612E+03    4.4438E+01    5.3263E+01    2.0458E+01    1.5972E+01    1.1361E+01    6.2996E+01    4.8473E+01    1.3126E+01    4.3316E+00    1.5842E+01    0.0000E+00    8.4893E+00   
 1.2618E+03    4.4478E+01    5.3303E+01    2.0609E+01    1.5946E+01    1.1361E+01    6.3011E+01    4.8473E+01    1.3098E+01    4.3316E+00    1.5842E+01    0.0000E+00    8.4893E+00   
 1.2623E+03    4.4478E+01    5.3292E+01    2.0514E+01    1.5975E+01    1.1361E+01    6.3048E+01    4.8473E+01    1.3105E+01    4.3316E+00    1.5720E+01    0.0000E+00    8.4645E+00   
 1.2628E+03    4.4463E+01    5.3286E+01    2.0514E+01    1.5999E+01    1.1313E+01    6.3057E+01    4.8499E+01    1.3107E+01    4.3316E+00    1.5883E+01    0.0000E+00    8.4893E+00   
 1.2634E+03    4.4452E+01    5.3289E+01    2.0390E+01    1.6013E+01    1.1293E+01    6.3077E+01    4.8516E+01    1.3096E+01    4.3316E+00    1.5761E+01    0.0000E+00    8.4395E+00   
 1.2639E+03    4.4449E+01    5.3289E+01    2.0207E+01    1.6019E+01    1.1299E+01    6.3091E+01    4.8522E+01    1.3121E+01    4.3316E+00    1.5781E+01    0.0000E+00    8.4893E+00   
 1.2644E+03    4.4450E+01    5.3289E+01    2.0219E+01    1.6019E+01    1.1287E+01    6.3137E+01    4.8518E+01    1.3121E+01    4.3316E+00    1.5720E+01    0.0000E+00    8.4395E+00   
 1.2649E+03    4.4438E+01    5.3280E+01    2.0162E+01    1.5982E+01    1.1300E+01    6.3141E+01    4.8521E+01    1.3097E+01    4.3316E+00    1.5883E+01    0.0000E+00    8.4893E+00   
 1.2655E+03    4.4438E+01    5.3250E+01    2.0045E+01    1.5925E+01    1.1300E+01    6.3154E+01    4.8526E+01    1.3121E+01    4.3316E+00    1.5863E+01    0.0000E+00    8.4395E+00   
 1.2660E+03    4.4432E+01    5.3249E+01    2.0045E+01    1.5897E+01    1.1280E+01    6.3163E+01    4.8526E+01    1.3106E+01    4.3520E+00    1.5720E+01    0.0000E+00    8.4893E+00   
 1.2665E+03    4.4440E+01    5.3263E+01    1.9913E+01    1.5917E+01    1.1311E+01    6.3162E+01    4.8538E+01    1.3123E+01    4.3316E+00    1.5822E+01    0.0000E+00    8.4645E+00   
 1.2671E+03    4.4427E+01    5.3259E+01    1.9997E+01    1.5888E+01    1.1311E+01    6.3206E+01    4.8548E+01    1.3118E+01    4.3316E+00    1.5720E+01    0.0000E+00    8.4893E+00   
 1.2676E+03    4.4429E+01    5.3259E+01    2.0154E+01    1.5908E+01    1.1328E+01    6.3220E+01    4.8550E+01    1.3134E+01    4.3520E+00    1.5700E+01    0.0000E+00    8.4395E+00   
 1.2681E+03    4.4432E+01    5.3246E+01    2.0275E+01    1.5908E+01    1.1298E+01    6.3230E+01    4.8558E+01    1.3129E+01    4.3316E+00    1.5659E+01    0.0000E+00    8.4395E+00   
 1.2687E+03    4.4432E+01    5.3257E+01    2.0327E+01    1.5943E+01    1.1295E+01    6.3224E+01    4.8579E+01    1.3130E+01    4.3316E+00    1.5741E+01    0.0000E+00    8.4395E+00   
 1.2692E+03    4.4432E+01    5.3265E+01    2.0320E+01    1.5917E+01    1.1295E+01    6.3202E+01    4.8579E+01    1.3141E+01    4.3520E+00    1.5761E+01    0.0000E+00    8.4893E+00   
 1.2697E+03    4.4449E+01    5.3261E+01    2.0335E+01    1.5963E+01    1.1273E+01    6.3175E+01    4.8591E+01    1.3148E+01    4.3316E+00    1.5741E+01    0.0000E+00    8.4395E+00   
 1.2703E+03    4.4437E+01    5.3258E+01    2.0262E+01    1.5972E+01    1.1273E+01    6.3175E+01    4.8580E+01    1.3154E+01    4.3316E+00    1.5781E+01    0.0000E+00    8.4395E+00   
 1.2708E+03    4.4438E+01    5.3258E+01    2.0477E+01    1.5961E+01    1.1289E+01    6.3175E+01    4.8593E+01    1.3154E+01    4.3520E+00    1.5822E+01    0.0000E+00    8.4395E+00   
 1.2713E+03    4.4437E+01    5.3250E+01    2.0681E+01    1.5961E+01    1.1314E+01    6.3173E+01    4.8579E+01    1.3134E+01    4.3520E+00    1.5720E+01    0.0000E+00    8.4395E+00   
 1.2718E+03    4.4431E+01    5.3259E+01    2.0574E+01    1.5970E+01    1.1343E+01    6.3187E+01    4.8599E+01    1.3140E+01    4.3316E+00    1.5842E+01    0.0000E+00    8.4395E+00   
 1.2724E+03    4.4431E+01    5.3262E+01    2.0613E+01    1.5947E+01    1.1360E+01    6.3168E+01    4.8585E+01    1.3128E+01    4.3520E+00    1.5883E+01    0.0000E+00    8.4645E+00   
 1.2729E+03    4.4421E+01    5.3252E+01    2.0613E+01    1.5963E+01    1.1376E+01    6.3207E+01    4.8600E+01    1.3138E+01    4.3520E+00    1.5822E+01    0.0000E+00    8.4645E+00   
 1.2734E+03    4.4425E+01    5.3260E+01    2.0645E+01    1.5958E+01    1.1386E+01    6.3193E+01    4.8598E+01    1.3143E+01    4.3520E+00    1.5822E+01    0.0000E+00    8.4645E+00   
 1.2740E+03    4.4412E+01    5.3260E+01    2.0631E+01    1.5955E+01    1.1404E+01    6.3190E+01    4.8598E+01    1.3139E+01    4.3316E+00    1.5863E+01    0.0000E+00    8.4645E+00   
# Time (s)      T1w (C)       T2w (C)       T1a (C)       T2a (C)       T1r (C)       T2r (C)       T3r (C)       T4r (C)       P1 (bar)      P2 (bar)      Ic (amp)      Qc (l/min)    
 1.2745E+03    4.4405E+01    5.3249E+01    2.0484E+01    1.5948E+01    1.1392E+01    6.3204E+01    4.8598E+01    1.3155E+01    4.3316E+00    1.5659E+01    0.0000E+00    8.4893E+00   
 1.2750E+03    4.4402E+01    5.3232E+01    2.0564E+01    1.5948E+01    1.1371E+01    6.3204E+01    4.8609E+01    1.3163E+01    4.3520E+00    1.5679E+01    0.0000E+00    8.4645E+00   
 1.2756E+03    4.4402E+01    5.3251E+01    2.0461E+01    1.5929E+01    1.1417E+01    6.3240E+01    4.8607E+01    1.3161E+01    4.3520E+00    1.5822E+01    0.0000E+00    8.4395E+00   
 1.2761E+03    4.4408E+01    5.3236E+01    2.0525E+01    1.5893E+01    1.1417E+01    6.3251E+01    4.8607E+01    1.3165E+01    4.3520E+00    1.5679E+01    0.0000E+00    8.4645E+00   
 1.2766E+03    4.4413E+01    5.3234E+01    2.0525E+01    1.5874E+01    1.1418E+01    6.3235E+01    4.8613E+01    1.3172E+01    4.3520E+00    1.5639E+01    0.0000E+00    8.4395E+00   
 1.2772E+03    4.4374E+01    5.3237E+01    2.0530E+01    1.5860E+01    1.1422E+01    6.3276E+01    4.8618E+01    1.3151E+01    4.3316E+00    1.5883E+01    0.0000E+00    8.4645E+00   
 1.2777E+03    4.4384E+01    5.3237E+01    2.0194E+01    1.5904E+01    1.1448E+01    6.3290E+01    4.8636E+01    1.3167E+01    4.3520E+00    1.5679E+01    0.0000E+00    8.4395E+00   
 1.2782E+03    4.4376E+01    5.3234E+01    2.0119E+01    1.5904E+01    1.1438E+01    6.3293E+01    4.8640E+01    1.3176E+01    4.3316E+00    1.5822E+01    0.0000E+00    8.4395E+00   
 1.2787E+03    4.4378E+01    5.3237E+01    2.0176E+01    1.5908E+01    1.1390E+01    6.3323E+01    4.8623E+01    1.3182E+01    4.3316E+00    1.5863E+01    0.0000E+00    8.4893E+00   
 1.2793E+03    4.4378E+01    5.3234E+01    2.0245E+01    1.5919E+01    1.1390E+01    6.3345E+01    4.8623E+01    1.3174E+01    4.3520E+00    1.5863E+01    0.0000E+00    8.4893E+00   
 1.2798E+03    4.4381E+01    5.3226E+01    2.0245E+01    1.5901E+01    1.1365E+01    6.3359E+01    4.8635E+01    1.3175E+01    4.3520E+00    1.5781E+01    0.0000E+00    8.4893E+00   
 1.2803E+03    4.4368E+01    5.3214E+01    2.0358E+01    1.5915E+01    1.1332E+01    6.3351E+01    4.8638E+01    1.3183E+01    4.3520E+00    1.5679E+01    0.0000E+00    8.4395E+00   
 1.2809E+03    4.4382E+01    5.3214E+01    2.0412E+01    1.5930E+01    1.1369E+01    6.3392E+01    4.8643E+01    1.3178E+01    4.3316E+00    1.5761E+01    0.0000E+00    8.4645E+00   
 1.2814E+03    4.4387E+01    5.3214E+01    2.0295E+01    1.5953E+01    1.1424E+01    6.3392E+01    4.8655E+01    1.3178E+01    4.3724E+00    1.5700E+01    0.0000E+00    8.4893E+00   
 1.2819E+03    4.4381E+01    5.3220E+01    2.0260E+01    1.5953E+01    1.1467E+01    6.3368E+01    4.8643E+01    1.3161E+01    4.3520E+00    1.5720E+01    0.0000E+00    8.5141E+00   
 1.2825E+03    4.4372E+01    5.3196E+01    2.0079E+01    1.5948E+01    1.1521E+01    6.3369E+01    4.8630E+01    1.3149E+01    4.3520E+00    1.5659E+01    0.0000E+00    8.4645E+00   
 1.2830E+03    4.4372E+01    5.3202E+01    2.0150E+01    1.5971E+01    1.1521E+01    6.3410E+01    4.8630E+01    1.3144E+01    4.3520E+00    1.5781E+01    0.0000E+00    8.4893E+00   
 1.2835E+03    4.4377E+01    5.3206E+01    2.0150E+01    1.5955E+01    1.1544E+01    6.3412E+01    4.8625E+01    1.3135E+01    4.3520E+00    1.5842E+01    0.0000E+00    8.4395E+00   
 1.2841E+03    4.4371E+01    5.3201E+01    2.0007E+01    1.5969E+01    1.1545E+01    6.3436E+01    4.8625E+01    1.3135E+01    4.3520E+00    1.5741E+01    0.0000E+00    8.4645E+00   
 1.2846E+03    4.4349E+01    5.3201E+01    1.9664E+01    1.5942E+01    1.1468E+01    6.3436E+01    4.8632E+01    1.3135E+01    4.3316E+00    1.5659E+01    0.0000E+00    8.4893E+00   
 1.2851E+03    4.4346E+01    5.3191E+01    1.9466E+01    1.5942E+01    1.1435E+01    6.3442E+01    4.8616E+01    1.3134E+01    4.3316E+00    1.5781E+01    0.0000E+00    8.4645E+00   
 1.2857E+03    4.4340E+01    5.3188E+01    1.9310E+01    1.5933E+01    1.1420E+01    6.3476E+01    4.8633E+01    1.3138E+01    4.3520E+00    1.5679E+01    0.0000E+00    8.4395E+00   
 1.2862E+03    4.4340E+01    5.3184E+01    1.9415E+01    1.5873E+01    1.1420E+01    6.3482E+01    4.8633E+01    1.3126E+01    4.3316E+00    1.5883E+01    0.0000E+00    8.4645E+00   
 1.2867E+03    4.4341E+01    5.3184E+01    1.9415E+01    1.5872E+01    1.1397E+01    6.3471E+01    4.8640E+01    1.3122E+01    4.3316E+00    1.5761E+01    0.0000E+00    8.4893E+00   
 1.2873E+03    4.4327E+01    5.3184E+01    1.9592E+01    1.5792E+01    1.1353E+01    6.3485E+01    4.8637E+01    1.3121E+01    4.3316E+00    1.5659E+01    0.0000E+00    8.4893E+00   
 1.2878E+03    4.4331E+01    5.3184E+01    1.9937E+01    1.5812E+01    1.1339E+01    6.3518E+01    4.8619E+01    1.3102E+01    4.3520E+00    1.5781E+01    0.0000E+00    8.4645E+00   
 1.2883E+03    4.4330E+01    5.3190E+01    2.0155E+01    1.5796E+01    1.1368E+01    6.3518E+01    4.8634E+01    1.3102E+01    4.3520E+00    1.5781E+01    0.0000E+00    8.5141E+00   
 1.2889E+03    4.4290E+01    5.3176E+01    2.0061E+01    1.5796E+01    1.1381E+01    6.3503E+01    4.8632E+01    1.3104E+01    4.3316E+00    1.5720E+01    0.0000E+00    8.4145E+00   
 1.2894E+03    4.4290E+01    5.3181E+01    2.0137E+01    1.5791E+01    1.1375E+01    6.3523E+01    4.8626E+01    1.3107E+01    4.3316E+00    1.5659E+01    0.0000E+00    8.4645E+00   
 1.2899E+03    4.4308E+01    5.3167E+01    2.0184E+01    1.5766E+01    1.1375E+01    6.3506E+01    4.8626E+01    1.3097E+01    4.3316E+00    1.5883E+01    0.0000E+00    8.4395E+00   
# Time (s)      T1w (C)       T2w (C)       T1a (C)       T2a (C)       T1r (C)       T2r (C)       T3r (C)       T4r (C)       P1 (bar)      P2 (bar)      Ic (amp)      Qc (l/min)    
 1.2905E+03    4.4300E+01    5.3171E+01    2.0184E+01    1.5747E+01    1.1380E+01    6.3500E+01    4.8612E+01    1.3094E+01    4.3316E+00    1.5679E+01    0.0000E+00    8.4645E+00   
 1.2910E+03    4.4295E+01    5.3177E+01    2.0136E+01    1.5745E+01    1.1382E+01    6.3508E+01    4.8620E+01    1.3081E+01    4.3316E+00    1.5639E+01    0.0000E+00    8.4893E+00   
 1.2915E+03    4.4303E+01    5.3177E+01    2.0104E+01    1.5773E+01    1.1365E+01    6.3508E+01    4.8614E+01    1.3081E+01    4.3520E+00    1.5679E+01    0.0000E+00    8.4395E+00   
 1.2920E+03    4.4302E+01    5.3170E+01    2.0092E+01    1.5773E+01    1.1365E+01    6.3490E+01    4.8610E+01    1.3080E+01    4.3316E+00    1.5781E+01    0.0000E+00    8.4645E+00   
 1.2926E+03    4.4294E+01    5.3165E+01    2.0025E+01    1.5752E+01    1.1340E+01    6.3475E+01    4.8622E+01    1.3081E+01    4.3316E+00    1.5863E+01    0.0000E+00    8.4645E+00   
 1.2931E+03    4.4279E+01    5.3159E+01    1.9841E+01    1.5760E+01    1.1352E+01    6.3497E+01    4.8636E+01    1.3097E+01    4.3316E+00    1.5679E+01    0.0000E+00    8.4645E+00   
 1.2937E+03    4.4279E+01    5.3146E+01    1.9717E+01    1.5768E+01    1.1352E+01    6.3531E+01    4.8636E+01    1.3091E+01    4.3316E+00    1.5842E+01    0.0000E+00    8.4893E+00   
 1.2942E+03    4.4244E+01    5.3124E+01    1.9702E+01    1.5766E+01    1.1320E+01    6.3537E+01    4.8640E+01    1.3094E+01    4.3316E+00    1.5720E+01    0.0000E+00    8.4395E+00   
 1.2947E+03    4.4262E+01    5.3127E+01    1.9785E+01    1.5768E+01    1.1289E+01    6.3588E+01    4.8667E+01    1.3100E+01    4.3316E+00    1.5639E+01    0.0000E+00    8.4395E+00   
 1.2952E+03    4.4253E+01    5.3127E+01    1.9983E+01    1.5762E+01    1.1306E+01    6.3588E+01    4.8651E+01    1.3100E+01    4.3520E+00    1.5700E+01    0.0000E+00    8.4645E+00   
 1.2958E+03    4.4235E+01    5.3123E+01    2.0104E+01    1.5762E+01    1.1306E+01    6.3586E+01    4.8645E+01    1.3115E+01    4.3316E+00    1.5822E+01    0.0000E+00    8.4645E+00   
 1.2963E+03    4.4235E+01    5.3120E+01    2.0026E+01    1.5738E+01    1.1322E+01    6.3615E+01    4.8657E+01    1.3106E+01    4.3316E+00    1.5741E+01    0.0000E+00    8.4893E+00   
 1.2968E+03    4.4231E+01    5.3108E+01    2.0086E+01    1.5761E+01    1.1306E+01    6.3596E+01    4.8642E+01    1.3082E+01    4.3520E+00    1.5639E+01    0.0000E+00    8.4645E+00   
 1.2974E+03    4.4242E+01    5.3100E+01    2.0086E+01    1.5779E+01    1.1314E+01    6.3585E+01    4.8638E+01    1.3086E+01    4.3316E+00    1.5781E+01    0.0000E+00    8.4893E+00   
 1.2979E+03    4.4238E+01    5.3114E+01    2.0171E+01    1.5780E+01    1.1324E+01    6.3611E+01    4.8637E+01    1.3098E+01    4.3316E+00    1.5700E+01    0.0000E+00    8.4395E+00   
 1.2985E+03    4.4258E+01    5.3114E+01    2.0157E+01    1.5808E+01    1.1320E+01    6.3611E+01    4.8646E+01    1.3082E+01    4.3316E+00    1.5659E+01    0.0000E+00    8.4645E+00   
 1.2990E+03    4.4252E+01    5.3095E+01    2.0080E+01    1.5818E+01    1.1295E+01    6.3601E+01    4.8625E+01    1.3066E+01    4.3316E+00    1.5802E+01    0.0000E+00    8.4645E+00   
 1.2995E+03    4.4261E+01    5.3114E+01    2.0050E+01    1.5818E+01    1.1284E+01    6.3616E+01    4.8632E+01    1.3091E+01    4.3316E+00    1.5842E+01    0.0000E+00    8.4645E+00   
 1.3000E+03    4.4261E+01    5.3106E+01    1.9890E+01    1.5822E+01    1.1280E+01    6.3615E+01    4.8622E+01    1.3085E+01    4.3316E+00    1.5863E+01    0.0000E+00    8.4645E+00   
 1.3006E+03    4.4253E+01    5.3096E+01    1.9805E+01    1.5857E+01    1.1280E+01    6.3610E+01    4.8622E+01    1.3080E+01    4.3316E+00    1.5842E+01    0.0000E+00    8.4893E+00   
 1.3011E+03    4.4263E+01    5.3120E+01    1.9821E+01    1.5840E+01    1.1312E+01    6.3641E+01    4.8628E+01    1.3068E+01    4.3316E+00    1.5720E+01    0.0000E+00    8.4395E+00   
 1.3016E+03    4.4248E+01    5.3117E+01    1.9756E+01    1.5860E+01    1.1293E+01    6.3633E+01    4.8651E+01    1.3076E+01    4.3316E+00    1.5802E+01    0.0000E+00    8.4893E+00   
 1.3022E+03    4.4240E+01    5.3117E+01    1.9771E+01    1.5831E+01    1.1298E+01    6.3633E+01    4.8640E+01    1.3076E+01    4.3316E+00    1.5842E+01    0.0000E+00    8.4893E+00   
 1.3027E+03    4.4241E+01    5.3106E+01    1.9850E+01    1.5831E+01    1.1320E+01    6.3628E+01    4.8636E+01    1.3073E+01    4.3520E+00    1.5659E+01    0.0000E+00    8.4645E+00   
 1.3032E+03    4.4230E+01    5.3098E+01    1.9890E+01    1.5854E+01    1.1316E+01    6.3599E+01    4.8618E+01    1.3063E+01    4.3316E+00    1.5659E+01    0.0000E+00    8.4645E+00   
 1.3038E+03    4.4230E+01    5.3114E+01    1.9978E+01    1.5864E+01    1.1316E+01    6.3594E+01    4.8618E+01    1.3043E+01    4.3316E+00    1.5863E+01    0.0000E+00    8.4645E+00   
 1.3043E+03    4.4244E+01    5.3098E+01    1.9978E+01    1.5868E+01    1.1314E+01    6.3597E+01    4.8617E+01    1.3052E+01    4.3316E+00    1.5700E+01    0.0000E+00    8.4645E+00   
 1.3048E+03    4.4240E+01    5.3113E+01    2.0007E+01    1.5921E+01    1.1340E+01    6.3615E+01    4.8613E+01    1.3040E+01    4.3316E+00    1.5720E+01    0.0000E+00    8.4893E+00   
 1.3054E+03    4.4246E+01    5.3113E+01    2.0105E+01    1.5903E+01    1.1348E+01    6.3615E+01    4.8622E+01    1.3040E+01    4.3316E+00    1.5639E+01    0.0000E+00    8.4893E+00   
 1.3059E+03    4.4238E+01    5.3115E+01    2.0055E+01    1.5832E+01    1.1338E+01    6.3629E+01    4.8602E+01    1.3025E+01    4.3316E+00    1.5863E+01    0.0000E+00    8.4645E+00   
# Time (s)      T1w (C)       T2w (C)       T1a (C)       T2a (C)       T1r (C)       T2r (C)       T3r (C)       T4r (C)       P1 (bar)      P2 (bar)      Ic (amp)      Qc (l/min)    
 1.3064E+03    4.4229E+01    5.3081E+01    2.0155E+01    1.5832E+01    1.1328E+01    6.3626E+01    4.8618E+01    1.3017E+01    4.3316E+00    1.5700E+01    0.0000E+00    8.5141E+00   
 1.3070E+03    4.4229E+01    5.3100E+01    2.0116E+01    1.5844E+01    1.1312E+01    6.3626E+01    4.8598E+01    1.3007E+01    4.3316E+00    1.5700E+01    0.0000E+00    8.4645E+00   
 1.3075E+03    4.4241E+01    5.3106E+01    2.0016E+01    1.5802E+01    1.1298E+01    6.3635E+01    4.8598E+01    1.3013E+01    4.3316E+00    1.5618E+01    0.0000E+00    8.4645E+00   
 1.3080E+03    4.4242E+01    5.3116E+01    2.0031E+01    1.5796E+01    1.1269E+01    6.3640E+01    4.8602E+01    1.3016E+01    4.3316E+00    1.5639E+01    0.0000E+00    8.4645E+00   
 1.3085E+03    4.4242E+01    5.3109E+01    2.0012E+01    1.5765E+01    1.1283E+01    6.3646E+01    4.8605E+01    1.3019E+01    4.3520E+00    1.5720E+01    0.0000E+00    8.4645E+00   
 1.3091E+03    4.4271E+01    5.3109E+01    1.9958E+01    1.5839E+01    1.1295E+01    6.3646E+01    4.8596E+01    1.3019E+01    4.3316E+00    1.5741E+01    0.0000E+00    8.4893E+00   
 1.3096E+03    4.4244E+01    5.3115E+01    2.0086E+01    1.5839E+01    1.1276E+01    6.3640E+01    4.8602E+01    1.3038E+01    4.3316E+00    1.5842E+01    0.0000E+00    8.4893E+00   
 1.3101E+03    4.4249E+01    5.3126E+01    2.0118E+01    1.5962E+01    1.1281E+01    6.3638E+01    4.8581E+01    1.3040E+01    4.3520E+00    1.5720E+01    0.0000E+00    8.4645E+00   
 1.3107E+03    4.4249E+01    5.3115E+01    2.0072E+01    1.5924E+01    1.1281E+01    6.3594E+01    4.8581E+01    1.3023E+01    4.3520E+00    1.5720E+01    0.0000E+00    8.4645E+00   
 1.3112E+03    4.4256E+01    5.3128E+01    2.0088E+01    1.6010E+01    1.1339E+01    6.3593E+01    4.8604E+01    1.3064E+01    4.3520E+00    1.5761E+01    0.0000E+00    8.4645E+00   
 1.3117E+03    4.4265E+01    5.3141E+01    2.0165E+01    1.5990E+01    1.1364E+01    6.3601E+01    4.8590E+01    1.3030E+01    4.3520E+00    1.5761E+01    0.0000E+00    8.4893E+00   
 1.3123E+03    4.4276E+01    5.3141E+01    2.0315E+01    1.6059E+01    1.1377E+01    6.3587E+01    4.8579E+01    1.3014E+01    4.3520E+00    1.5700E+01    0.0000E+00    8.4395E+00   
 1.3128E+03    4.4257E+01    5.3134E+01    2.0266E+01    1.6062E+01    1.1363E+01    6.3579E+01    4.8566E+01    1.3013E+01    4.3520E+00    1.5822E+01    0.0000E+00    8.4395E+00   
 1.3133E+03    4.4259E+01    5.3132E+01    2.0074E+01    1.6062E+01    1.1375E+01    6.3581E+01    4.8578E+01    1.3010E+01    4.3520E+00    1.5822E+01    0.0000E+00    8.4395E+00   
 1.3139E+03    4.4259E+01    5.3118E+01    1.9904E+01    1.6078E+01    1.1375E+01    6.3548E+01    4.8578E+01    1.3022E+01    4.3316E+00    1.5700E+01    0.0000E+00    8.4645E+00   
 1.3144E+03    4.4242E+01    5.3130E+01    1.9992E+01    1.6062E+01    1.1361E+01    6.3573E+01    4.8578E+01    1.3020E+01    4.3316E+00    1.5781E+01    0.0000E+00    8.4395E+00   
 1.3149E+03    4.4243E+01    5.3132E+01    1.9992E+01    1.5981E+01    1.1334E+01    6.3557E+01    4.8565E+01    1.3007E+01    4.3316E+00    1.5618E+01    0.0000E+00    8.4645E+00   
 1.3155E+03    4.4240E+01    5.3122E+01    1.9969E+01    1.5990E+01    1.1346E+01    6.3565E+01    4.8553E+01    1.3006E+01    4.3316E+00    1.5822E+01    0.0000E+00    8.4645E+00   
 1.3160E+03    4.4220E+01    5.3107E+01    1.9994E+01    1.6025E+01    1.1372E+01    6.3565E+01    4.8558E+01    1.3006E+01    4.3316E+00    1.5618E+01    0.0000E+00    8.4645E+00   
 1.3165E+03    4.4236E+01    5.3120E+01    2.0021E+01    1.6025E+01    1.1387E+01    6.3538E+01    4.8548E+01    1.2979E+01    4.3316E+00    1.5781E+01    0.0000E+00    8.4893E+00   
 1.3171E+03    4.4211E+01    5.3119E+01    2.0149E+01    1.6009E+01    1.1368E+01    6.3573E+01    4.8544E+01    1.2995E+01    4.3520E+00    1.5618E+01    0.0000E+00    8.4893E+00   
 1.3176E+03    4.4211E+01    5.3095E+01    2.0335E+01    1.6033E+01    1.1368E+01    6.3593E+01    4.8544E+01    1.3002E+01    4.3316E+00    1.5679E+01    0.0000E+00    8.4395E+00   
 1.3181E+03    4.4215E+01    5.3097E+01    2.0335E+01    1.6026E+01    1.1347E+01    6.3645E+01    4.8579E+01    1.3014E+01    4.3316E+00    1.5761E+01    0.0000E+00    8.4893E+00   
 1.3187E+03    4.4209E+01    5.3099E+01    2.0117E+01    1.6016E+01    1.1313E+01    6.3646E+01    4.8570E+01    1.3036E+01    4.3316E+00    1.5639E+01    0.0000E+00    8.4395E+00   
 1.3192E+03    4.4184E+01    5.3084E+01    2.0009E+01    1.5987E+01    1.1300E+01    6.3646E+01    4.8560E+01    1.3036E+01    4.3520E+00    1.5700E+01    0.0000E+00    8.4395E+00   
 1.3197E+03    4.4184E+01    5.3069E+01    2.0197E+01    1.5969E+01    1.1262E+01    6.3673E+01    4.8584E+01    1.3023E+01    4.3520E+00    1.5802E+01    0.0000E+00    8.4395E+00   
 1.3203E+03    4.4188E+01    5.3096E+01    2.0153E+01    1.5984E+01    1.1226E+01    6.3682E+01    4.8578E+01    1.3018E+01    4.3316E+00    1.5741E+01    0.0000E+00    8.4395E+00   
 1.3208E+03    4.4188E+01    5.3081E+01    2.0225E+01    1.6065E+01    1.1226E+01    6.3664E+01    4.8571E+01    1.3015E+01    4.3316E+00    1.5781E+01    0.0000E+00    8.4395E+00   
 1.3213E+03    4.4201E+01    5.3088E+01    2.0240E+01    1.6077E+01    1.1238E+01    6.3685E+01    4.8585E+01    1.3039E+01    4.3520E+00    1.5618E+01    0.0000E+00    8.4893E+00   
 1.3218E+03    4.4210E+01    5.3084E+01    2.0240E+01    1.6011E+01    1.1267E+01    6.3657E+01    4.8582E+01    1.3039E+01    4.3520E+00    1.5679E+01    0.0000E+00    8.4893E+00   
# Time (s)      T1w (C)       T2w (C)       T1a (C)       T2a (C)       T1r (C)       T2r (C)       T3r (C)       T4r (C)       P1 (bar)      P2 (bar)      Ic (amp)      Qc (l/min)    
 1.3224E+03    4.4186E+01    5.3069E+01    1.9984E+01    1.5979E+01    1.1276E+01    6.3651E+01    4.8585E+01    1.3041E+01    4.3316E+00    1.5802E+01    0.0000E+00    8.4395E+00   
 1.3229E+03    4.4172E+01    5.3068E+01    2.0160E+01    1.5990E+01    1.1291E+01    6.3651E+01    4.8589E+01    1.3041E+01    4.3520E+00    1.5618E+01    0.0000E+00    8.4395E+00   
 1.3234E+03    4.4178E+01    5.3091E+01    2.0280E+01    1.5990E+01    1.1281E+01    6.3623E+01    4.8584E+01    1.3014E+01    4.3316E+00    1.5639E+01    0.0000E+00    8.4893E+00   
 1.3240E+03    4.4204E+01    5.3061E+01    2.0289E+01    1.6003E+01    1.1296E+01    6.3632E+01    4.8603E+01    1.3035E+01    4.3316E+00    1.5802E+01    0.0000E+00    8.4645E+00   
 1.3245E+03    4.4204E+01    5.3077E+01    2.0181E+01    1.5983E+01    1.1296E+01    6.3630E+01    4.8603E+01    1.3037E+01    4.3316E+00    1.5618E+01    0.0000E+00    8.4645E+00   
 1.3251E+03    4.4182E+01    5.3081E+01    2.0189E+01    1.6006E+01    1.1277E+01    6.3644E+01    4.8617E+01    1.3032E+01    4.3316E+00    1.5679E+01    0.0000E+00    8.4645E+00   
 1.3256E+03    4.4184E+01    5.3067E+01    2.0189E+01    1.5962E+01    1.1289E+01    6.3645E+01    4.8608E+01    1.3036E+01    4.3520E+00    1.5822E+01    0.0000E+00    8.4395E+00   
 1.3261E+03    4.4205E+01    5.3081E+01    2.0062E+01    1.5972E+01    1.1339E+01    6.3645E+01    4.8618E+01    1.3031E+01    4.3520E+00    1.5639E+01    0.0000E+00    8.4645E+00   
 1.3266E+03    4.4188E+01    5.3094E+01    2.0093E+01    1.6038E+01    1.1368E+01    6.3656E+01    4.8615E+01    1.3031E+01    4.3316E+00    1.5659E+01    0.0000E+00    8.4893E+00   
 1.3272E+03    4.4189E+01    5.3087E+01    1.9988E+01    1.6038E+01    1.1404E+01    6.3673E+01    4.8619E+01    1.3062E+01    4.3520E+00    1.5822E+01    0.0000E+00    8.4395E+00   
 1.3277E+03    4.4189E+01    5.3099E+01    1.9930E+01    1.6008E+01    1.1404E+01    6.3667E+01    4.8639E+01    1.3034E+01    4.3520E+00    1.5720E+01    0.0000E+00    8.4645E+00   
 1.3283E+03    4.4190E+01    5.3083E+01    1.9884E+01    1.5979E+01    1.1398E+01    6.3675E+01    4.8639E+01    1.3028E+01    4.3520E+00    1.5639E+01    0.0000E+00    8.4395E+00   
 1.3288E+03    4.4186E+01    5.3077E+01    1.9884E+01    1.5987E+01    1.1443E+01    6.3684E+01    4.8630E+01    1.3023E+01    4.3520E+00    1.5822E+01    0.0000E+00    8.4645E+00   
 1.3293E+03    4.4184E+01    5.3074E+01    1.9901E+01    1.6028E+01    1.1451E+01    6.3691E+01    4.8636E+01    1.3033E+01    4.3520E+00    1.5822E+01    0.0000E+00    8.4893E+00   
 1.3299E+03    4.4194E+01    5.3074E+01    1.9859E+01    1.5993E+01    1.1467E+01    6.3691E+01    4.8622E+01    1.3033E+01    4.3316E+00    1.5639E+01    0.0000E+00    8.4395E+00   
 1.3304E+03    4.4189E+01    5.3091E+01    1.9859E+01    1.5992E+01    1.1447E+01    6.3731E+01    4.8615E+01    1.3031E+01    4.3316E+00    1.5761E+01    0.0000E+00    8.4645E+00   
 1.3309E+03    4.4182E+01    5.3072E+01    1.9947E+01    1.5992E+01    1.1390E+01    6.3769E+01    4.8630E+01    1.3029E+01    4.3316E+00    1.5679E+01    0.0000E+00    8.5141E+00   
 1.3315E+03    4.4182E+01    5.3070E+01    1.9962E+01    1.5976E+01    1.1390E+01    6.3766E+01    4.8619E+01    1.3031E+01    4.3316E+00    1.5679E+01    0.0000E+00    8.4395E+00   
 1.3320E+03    4.4180E+01    5.3062E+01    2.0001E+01    1.5972E+01    1.1354E+01    6.3780E+01    4.8619E+01    1.3038E+01    4.3520E+00    1.5700E+01    0.0000E+00    8.4645E+00   
 1.3326E+03    4.4185E+01    5.3075E+01    2.0001E+01    1.6001E+01    1.1335E+01    6.3788E+01    4.8615E+01    1.3057E+01    4.3316E+00    1.5781E+01    0.0000E+00    8.4645E+00   
 1.3331E+03    4.4186E+01    5.3064E+01    1.9981E+01    1.5921E+01    1.1308E+01    6.3750E+01    4.8618E+01    1.3055E+01    4.3316E+00    1.5781E+01    0.0000E+00    8.4893E+00   
 1.3336E+03    4.4187E+01    5.3064E+01    2.0050E+01    1.5941E+01    1.1307E+01    6.3750E+01    4.8621E+01    1.3055E+01    4.3316E+00    1.5781E+01    0.0000E+00    8.4645E+00   
 1.3342E+03    4.4197E+01    5.3057E+01    2.0204E+01    1.5959E+01    1.1265E+01    6.3769E+01    4.8638E+01    1.3072E+01    4.3316E+00    1.5598E+01    0.0000E+00    8.4145E+00   
 1.3347E+03    4.4198E+01    5.3059E+01    2.0234E+01    1.5959E+01    1.1241E+01    6.3773E+01    4.8619E+01    1.3071E+01    4.3316E+00    1.5700E+01    0.0000E+00    8.4645E+00   
 1.3352E+03    4.4198E+01    5.3064E+01    2.0330E+01    1.5981E+01    1.1241E+01    6.3803E+01    4.8635E+01    1.3066E+01    4.3520E+00    1.5741E+01    0.0000E+00    8.4645E+00   
 1.3358E+03    4.4202E+01    5.3052E+01    2.0501E+01    1.5987E+01    1.1238E+01    6.3813E+01    4.8635E+01    1.3095E+01    4.3316E+00    1.5761E+01    0.0000E+00    8.4893E+00   
 1.3363E+03    4.4183E+01    5.3068E+01    2.0501E+01    1.5990E+01    1.1267E+01    6.3844E+01    4.8648E+01    1.3107E+01    4.3316E+00    1.5659E+01    0.0000E+00    8.4645E+00   
 1.3368E+03    4.4178E+01    5.3068E+01    2.0486E+01    1.6013E+01    1.1252E+01    6.3886E+01    4.8649E+01    1.3087E+01    4.3316E+00    1.5659E+01    0.0000E+00    8.4893E+00   
 1.3374E+03    4.4195E+01    5.3068E+01    2.0313E+01    1.6062E+01    1.1258E+01    6.3900E+01    4.8654E+01    1.3103E+01    4.3520E+00    1.5720E+01    0.0000E+00    8.4645E+00   
 1.3379E+03    4.4184E+01    5.3051E+01    2.0287E+01    1.6062E+01    1.1273E+01    6.3924E+01    4.8657E+01    1.3130E+01    4.3316E+00    1.5720E+01    0.0000E+00    8.4395E+00   
# Time (s)      T1w (C)       T2w (C)       T1a (C)       T2a (C)       T1r (C)       T2r (C)       T3r (C)       T4r (C)       P1 (bar)      P2 (bar)      Ic (amp)      Qc (l/min)    
 1.3385E+03    4.4190E+01    5.3076E+01    2.0221E+01    1.6050E+01    1.1289E+01    6.3945E+01    4.8684E+01    1.3159E+01    4.3520E+00    1.5639E+01    0.0000E+00    8.4395E+00   
 1.3390E+03    4.4190E+01    5.3081E+01    1.9863E+01    1.6012E+01    1.1289E+01    6.3985E+01    4.8684E+01    1.3160E+01    4.3520E+00    1.5639E+01    0.0000E+00    8.4645E+00   
 1.3395E+03    4.4225E+01    5.3090E+01    1.9702E+01    1.6037E+01    1.1325E+01    6.4007E+01    4.8684E+01    1.3165E+01    4.3520E+00    1.5598E+01    0.0000E+00    8.4893E+00   
 1.3401E+03    4.4217E+01    5.3090E+01    1.9718E+01    1.6064E+01    1.1371E+01    6.4015E+01    4.8693E+01    1.3184E+01    4.3520E+00    1.5639E+01    0.0000E+00    8.4645E+00   
 1.3406E+03    4.4219E+01    5.3102E+01    1.9708E+01    1.6108E+01    1.1429E+01    6.4009E+01    4.8705E+01    1.3184E+01    4.3520E+00    1.5741E+01    0.0000E+00    8.4395E+00   
 1.3411E+03    4.4235E+01    5.3117E+01    1.9928E+01    1.6096E+01    1.1464E+01    6.4009E+01    4.8695E+01    1.3184E+01    4.3520E+00    1.5741E+01    0.0000E+00    8.4893E+00   
 1.3417E+03    4.4218E+01    5.3113E+01    1.9950E+01    1.6096E+01    1.1520E+01    6.4026E+01    4.8714E+01    1.3180E+01    4.3520E+00    1.5659E+01    0.0000E+00    8.4645E+00   
 1.3422E+03    4.4218E+01    5.3118E+01    2.0076E+01    1.6146E+01    1.1524E+01    6.4045E+01    4.8698E+01    1.3179E+01    4.3520E+00    1.5679E+01    0.0000E+00    8.4893E+00   
 1.3428E+03    4.4218E+01    5.3096E+01    2.0098E+01    1.6123E+01    1.1524E+01    6.4052E+01    4.8698E+01    1.3199E+01    4.3520E+00    1.5679E+01    0.0000E+00    8.4395E+00   
 1.3433E+03    4.4208E+01    5.3098E+01    2.0153E+01    1.6097E+01    1.1496E+01    6.4056E+01    4.8698E+01    1.3197E+01    4.3520E+00    1.5720E+01    0.0000E+00    8.4645E+00   
 1.3438E+03    4.4203E+01    5.3081E+01    2.0153E+01    1.6085E+01    1.1459E+01    6.4042E+01    4.8712E+01    1.3182E+01    4.3520E+00    1.5598E+01    0.0000E+00    8.4645E+00   
 1.3444E+03    4.4203E+01    5.3081E+01    2.0060E+01    1.6070E+01    1.1458E+01    6.4057E+01    4.8730E+01    1.3198E+01    4.3520E+00    1.5700E+01    0.0000E+00    8.4395E+00   
 1.3449E+03    4.4208E+01    5.3070E+01    2.0076E+01    1.6095E+01    1.1437E+01    6.4058E+01    4.8730E+01    1.3198E+01    4.3520E+00    1.5802E+01    0.0000E+00    8.4893E+00   
 1.3454E+03    4.4181E+01    5.3071E+01    2.0188E+01    1.6079E+01    1.1429E+01    6.4075E+01    4.8737E+01    1.3240E+01    4.3520E+00    1.5618E+01    0.0000E+00    8.4645E+00   
 1.3460E+03    4.4181E+01    5.3059E+01    2.0212E+01    1.6069E+01    1.1433E+01    6.4028E+01    4.8743E+01    1.3231E+01    4.3520E+00    1.5720E+01    0.0000E+00    8.4145E+00   
 1.3465E+03    4.4177E+01    5.3083E+01    2.0279E+01    1.6074E+01    1.1433E+01    6.3998E+01    4.8743E+01    1.3237E+01    4.3520E+00    1.5679E+01    0.0000E+00    8.4145E+00   
 1.3470E+03    4.4185E+01    5.3068E+01    2.0279E+01    1.6119E+01    1.1439E+01    6.3975E+01    4.8731E+01    1.3228E+01    4.3520E+00    1.5659E+01    0.0000E+00    8.4893E+00   
 1.3476E+03    4.4183E+01    5.3067E+01    2.0232E+01    1.6108E+01    1.1473E+01    6.4009E+01    4.8752E+01    1.3244E+01    4.3520E+00    1.5802E+01    0.0000E+00    8.4395E+00   
 1.3481E+03    4.4173E+01    5.3067E+01    1.9984E+01    1.6090E+01    1.1474E+01    6.4009E+01    4.8758E+01    1.3272E+01    4.3520E+00    1.5679E+01    0.0000E+00    8.4395E+00   
 1.3486E+03    4.4177E+01    5.3069E+01    1.9768E+01    1.6096E+01    1.1513E+01    6.4020E+01    4.8767E+01    1.3272E+01    4.3520E+00    1.5618E+01    0.0000E+00    8.4645E+00   
 1.3492E+03    4.4184E+01    5.3104E+01    1.9673E+01    1.6112E+01    1.1502E+01    6.4027E+01    4.8740E+01    1.3259E+01    4.3520E+00    1.5700E+01    0.0000E+00    8.4395E+00   
 1.3497E+03    4.4184E+01    5.3090E+01    1.9831E+01    1.6082E+01    1.1502E+01    6.4057E+01    4.8753E+01    1.3258E+01    4.3520E+00    1.5659E+01    0.0000E+00    8.4395E+00   
 1.3502E+03    4.4162E+01    5.3083E+01    1.9916E+01    1.6092E+01    1.1477E+01    6.4092E+01    4.8753E+01    1.3255E+01    4.3520E+00    1.5618E+01    0.0000E+00    8.4645E+00   
 1.3508E+03    4.4165E+01    5.3071E+01    1.9916E+01    1.6110E+01    1.1501E+01    6.4119E+01    4.8756E+01    1.3260E+01    4.3520E+00    1.5679E+01    0.0000E+00    8.4645E+00   
 1.3513E+03    4.4174E+01    5.3072E+01    1.9692E+01    1.6121E+01    1.1532E+01    6.4127E+01    4.8724E+01    1.3230E+01    4.3520E+00    1.5700E+01    0.0000E+00    8.4645E+00   
 1.3518E+03    4.4156E+01    5.3072E+01    1.9691E+01    1.6117E+01    1.1525E+01    6.4127E+01    4.8731E+01    1.3230E+01    4.3520E+00    1.5761E+01    0.0000E+00    8.4645E+00   
 1.3524E+03    4.4162E+01    5.3068E+01    1.9825E+01    1.6102E+01    1.1556E+01    6.4103E+01    4.8721E+01    1.3219E+01    4.3520E+00    1.5720E+01    0.0000E+00    8.4645E+00   
 1.3529E+03    4.4152E+01    5.3062E+01    1.9742E+01    1.6050E+01    1.1637E+01    6.4099E+01    4.8709E+01    1.3217E+01    4.3520E+00    1.5802E+01    0.0000E+00    8.4395E+00   
 1.3534E+03    4.4137E+01    5.3043E+01    1.9815E+01    1.6022E+01    1.1637E+01    6.4056E+01    4.8709E+01    1.3233E+01    4.3520E+00    1.5618E+01    0.0000E+00    8.4395E+00   
 1.3540E+03    4.4150E+01    5.3032E+01    1.9873E+01    1.6055E+01    1.1699E+01    6.3984E+01    4.8727E+01    1.3231E+01    4.3520E+00    1.5598E+01    0.0000E+00    8.4395E+00   
# Time (s)      T1w (C)       T2w (C)       T1a (C)       T2a (C)       T1r (C)       T2r (C)       T3r (C)       T4r (C)       P1 (bar)      P2 (bar)      Ic (amp)      Qc (l/min)    
 1.3545E+03    4.4158E+01    5.3043E+01    1.9873E+01    1.6047E+01    1.1706E+01    6.3980E+01    4.8725E+01    1.3235E+01    4.3520E+00    1.5659E+01    0.0000E+00    8.4395E+00   
 1.3550E+03    4.4145E+01    5.3043E+01    1.9798E+01    1.5975E+01    1.1664E+01    6.3980E+01    4.8723E+01    1.3248E+01    4.3520E+00    1.5700E+01    0.0000E+00    8.4893E+00   
 1.3556E+03    4.4145E+01    5.3042E+01    1.9811E+01    1.6007E+01    1.1687E+01    6.3965E+01    4.8722E+01    1.3248E+01    4.3520E+00    1.5598E+01    0.0000E+00    8.4893E+00   
 1.3561E+03    4.4135E+01    5.3051E+01    1.9964E+01    1.6007E+01    1.1755E+01    6.3946E+01    4.8731E+01    1.3242E+01    4.3520E+00    1.5741E+01    0.0000E+00    8.4645E+00   
 1.3567E+03    4.4130E+01    5.3053E+01    2.0023E+01    1.6033E+01    1.1720E+01    6.3958E+01    4.8718E+01    1.3245E+01    4.3520E+00    1.5659E+01    0.0000E+00    8.4893E+00   
 1.3572E+03    4.4130E+01    5.3047E+01    1.9931E+01    1.5991E+01    1.1720E+01    6.3993E+01    4.8718E+01    1.3246E+01    4.3520E+00    1.5720E+01    0.0000E+00    8.4645E+00   
 1.3577E+03    4.4143E+01    5.3042E+01    1.9931E+01    1.6027E+01    1.1565E+01    6.4020E+01    4.8718E+01    1.3261E+01    4.3520E+00    1.5598E+01    0.0000E+00    8.4395E+00   
 1.3583E+03    4.4131E+01    5.3030E+01    1.9781E+01    1.6011E+01    1.1504E+01    6.4059E+01    4.8723E+01    1.3272E+01    4.3520E+00    1.5781E+01    0.0000E+00    8.4893E+00   
 1.3588E+03    4.4115E+01    5.3030E+01    1.9780E+01    1.6023E+01    1.1511E+01    6.4059E+01    4.8703E+01    1.3272E+01    4.3520E+00    1.5720E+01    0.0000E+00    8.4893E+00   
 1.3593E+03    4.4111E+01    5.3053E+01    1.9785E+01    1.6086E+01    1.1522E+01    6.4097E+01    4.8725E+01    1.3290E+01    4.3520E+00    1.5618E+01    0.0000E+00    8.4395E+00   
 1.3598E+03    4.4106E+01    5.3049E+01    1.9886E+01    1.6086E+01    1.1448E+01    6.4117E+01    4.8737E+01    1.3284E+01    4.3520E+00    1.5781E+01    0.0000E+00    8.4645E+00   
 1.3604E+03    4.4106E+01    5.3046E+01    1.9849E+01    1.6054E+01    1.1448E+01    6.4141E+01    4.8737E+01    1.3306E+01    4.3520E+00    1.5679E+01    0.0000E+00    8.4395E+00   
 1.3609E+03    4.4110E+01    5.3044E+01    1.9703E+01    1.6097E+01    1.1415E+01    6.4188E+01    4.8723E+01    1.3301E+01    4.3520E+00    1.5700E+01    0.0000E+00    8.4395E+00   
 1.3614E+03    4.4132E+01    5.3030E+01    1.9719E+01    1.6048E+01    1.1373E+01    6.4194E+01    4.8756E+01    1.3332E+01    4.3520E+00    1.5659E+01    0.0000E+00    8.4395E+00   
 1.3620E+03    4.4108E+01    5.3037E+01    1.9545E+01    1.6085E+01    1.1361E+01    6.4202E+01    4.8751E+01    1.3308E+01    4.3520E+00    1.5761E+01    0.0000E+00    8.4893E+00   
 1.3625E+03    4.4118E+01    5.3037E+01    1.9578E+01    1.6079E+01    1.1377E+01    6.4202E+01    4.8773E+01    1.3308E+01    4.3520E+00    1.5639E+01    0.0000E+00    8.4645E+00   
 1.3631E+03    4.4110E+01    5.3042E+01    1.9564E+01    1.6079E+01    1.1369E+01    6.4235E+01    4.8770E+01    1.3312E+01    4.3520E+00    1.5700E+01    0.0000E+00    8.4645E+00   
 1.3636E+03    4.4125E+01    5.3031E+01    1.9520E+01    1.6047E+01    1.1378E+01    6.4216E+01    4.8775E+01    1.3304E+01    4.3520E+00    1.5598E+01    0.0000E+00    8.4893E+00   
 1.3641E+03    4.4125E+01    5.3024E+01    1.9607E+01    1.6055E+01    1.1378E+01    6.4208E+01    4.8775E+01    1.3327E+01    4.3520E+00    1.5802E+01    0.0000E+00    8.4395E+00   
 1.3647E+03    4.4116E+01    5.3021E+01    1.9822E+01    1.6089E+01    1.1400E+01    6.4196E+01    4.8748E+01    1.3305E+01    4.3520E+00    1.5659E+01    0.0000E+00    8.4893E+00   
 1.3652E+03    4.4109E+01    5.3018E+01    1.9822E+01    1.6073E+01    1.1390E+01    6.4210E+01    4.8737E+01    1.3283E+01    4.3520E+00    1.5618E+01    0.0000E+00    8.4645E+00   
 1.3657E+03    4.4068E+01    5.3004E+01    2.0160E+01    1.6118E+01    1.1365E+01    6.4210E+01    4.8754E+01    1.3290E+01    4.3520E+00    1.5700E+01    0.0000E+00    8.4395E+00   
 1.3663E+03    4.4067E+01    5.3001E+01    2.0366E+01    1.6101E+01    1.1384E+01    6.4194E+01    4.8766E+01    1.3290E+01    4.3520E+00    1.5598E+01    0.0000E+00    8.4395E+00   
 1.3668E+03    4.4074E+01    5.3017E+01    2.0298E+01    1.6101E+01    1.1366E+01    6.4198E+01    4.8760E+01    1.3303E+01    4.3520E+00    1.5659E+01    0.0000E+00    8.4645E+00   
 1.3673E+03    4.4075E+01    5.3006E+01    2.0138E+01    1.6143E+01    1.1363E+01    6.4219E+01    4.8763E+01    1.3301E+01    4.3520E+00    1.5659E+01    0.0000E+00    8.4645E+00   
 1.3679E+03    4.4075E+01    5.3015E+01    2.0185E+01    1.6114E+01    1.1363E+01    6.4219E+01    4.8763E+01    1.3308E+01    4.3520E+00    1.5761E+01    0.0000E+00    8.4395E+00   
 1.3684E+03    4.4113E+01    5.3026E+01    2.0200E+01    1.6139E+01    1.1371E+01    6.4208E+01    4.8762E+01    1.3318E+01    4.3520E+00    1.5598E+01    0.0000E+00    8.4645E+00   
 1.3689E+03    4.4097E+01    5.3023E+01    2.0019E+01    1.6158E+01    1.1411E+01    6.4208E+01    4.8767E+01    1.3297E+01    4.3520E+00    1.5700E+01    0.0000E+00    8.4645E+00   
 1.3695E+03    4.4122E+01    5.3037E+01    1.9878E+01    1.6212E+01    1.1405E+01    6.4194E+01    4.8736E+01    1.3281E+01    4.3520E+00    1.5720E+01    0.0000E+00    8.4645E+00   
 1.3700E+03    4.4093E+01    5.3035E+01    1.9942E+01    1.6201E+01    1.1434E+01    6.4190E+01    4.8739E+01    1.3297E+01    4.3520E+00    1.5578E+01    0.0000E+00    8.4395E+00   
# Time (s)      T1w (C)       T2w (C)       T1a (C)       T2a (C)       T1r (C)       T2r (C)       T3r (C)       T4r (C)       P1 (bar)      P2 (bar)      Ic (amp)      Qc (l/min)    
 1.3705E+03    4.4088E+01    5.3025E+01    1.9988E+01    1.6201E+01    1.1398E+01    6.4186E+01    4.8738E+01    1.3259E+01    4.3724E+00    1.5741E+01    0.0000E+00    8.4645E+00   
 1.3711E+03    4.4088E+01    5.3017E+01    2.0021E+01    1.6154E+01    1.1398E+01    6.4177E+01    4.8738E+01    1.3268E+01    4.3724E+00    1.5639E+01    0.0000E+00    8.4893E+00   
 1.3716E+03    4.4075E+01    5.3017E+01    2.0082E+01    1.6197E+01    1.1395E+01    6.4208E+01    4.8719E+01    1.3248E+01    4.3520E+00    1.5618E+01    0.0000E+00    8.4395E+00   
 1.3721E+03    4.4074E+01    5.2997E+01    2.0082E+01    1.6185E+01    1.1373E+01    6.4212E+01    4.8721E+01    1.3246E+01    4.3520E+00    1.5741E+01    0.0000E+00    8.4645E+00   
 1.3727E+03    4.4072E+01    5.3001E+01    2.0160E+01    1.6177E+01    1.1350E+01    6.4222E+01    4.8726E+01    1.3248E+01    4.3520E+00    1.5639E+01    0.0000E+00    8.4645E+00   
 1.3732E+03    4.4065E+01    5.3001E+01    2.0266E+01    1.6105E+01    1.1347E+01    6.4222E+01    4.8726E+01    1.3248E+01    4.3520E+00    1.5618E+01    0.0000E+00    8.4395E+00   
 1.3738E+03    4.4070E+01    5.2992E+01    2.0400E+01    1.6152E+01    1.1329E+01    6.4230E+01    4.8728E+01    1.3240E+01    4.3520E+00    1.5720E+01    0.0000E+00    8.5141E+00   
 1.3743E+03    4.4039E+01    5.2988E+01    2.0331E+01    1.6152E+01    1.1298E+01    6.4217E+01    4.8732E+01    1.3244E+01    4.3520E+00    1.5578E+01    0.0000E+00    8.4395E+00   
 1.3748E+03    4.4039E+01    5.2972E+01    2.0230E+01    1.6144E+01    1.1302E+01    6.4197E+01    4.8722E+01    1.3261E+01    4.3724E+00    1.5720E+01    0.0000E+00    8.4645E+00   
 1.3754E+03    4.4044E+01    5.2998E+01    2.0250E+01    1.6129E+01    1.1302E+01    6.4211E+01    4.8722E+01    1.3255E+01    4.3724E+00    1.5639E+01    0.0000E+00    8.5141E+00   
 1.3759E+03    4.4049E+01    5.2988E+01    2.0250E+01    1.6111E+01    1.1332E+01    6.4197E+01    4.8740E+01    1.3253E+01    4.3520E+00    1.5781E+01    0.0000E+00    8.4893E+00   
 1.3764E+03    4.4031E+01    5.2968E+01    2.0439E+01    1.6117E+01    1.1341E+01    6.4203E+01    4.8716E+01    1.3246E+01    4.3520E+00    1.5598E+01    0.0000E+00    8.4395E+00   
 1.3770E+03    4.4031E+01    5.2968E+01    2.0584E+01    1.6144E+01    1.1343E+01    6.4203E+01    4.8714E+01    1.3246E+01    4.3724E+00    1.5700E+01    0.0000E+00    8.4395E+00   
 1.3775E+03    4.4009E+01    5.2965E+01    2.0563E+01    1.6144E+01    1.1359E+01    6.4216E+01    4.8732E+01    1.3267E+01    4.3520E+00    1.5618E+01    0.0000E+00    8.4645E+00   
 1.3780E+03    4.3987E+01    5.2950E+01    2.0497E+01    1.6103E+01    1.1317E+01    6.4222E+01    4.8719E+01    1.3247E+01    4.3724E+00    1.5639E+01    0.0000E+00    8.4145E+00   
 1.3786E+03    4.4002E+01    5.2971E+01    2.0464E+01    1.6073E+01    1.1317E+01    6.4240E+01    4.8719E+01    1.3246E+01    4.3520E+00    1.5557E+01    0.0000E+00    8.4395E+00   
 1.3791E+03    4.4016E+01    5.2975E+01    2.0332E+01    1.6088E+01    1.1308E+01    6.4247E+01    4.8725E+01    1.3267E+01    4.3724E+00    1.5720E+01    0.0000E+00    8.4395E+00   
 1.3796E+03    4.4034E+01    5.2963E+01    2.0348E+01    1.6209E+01    1.1299E+01    6.4269E+01    4.8727E+01    1.3270E+01    4.3724E+00    1.5618E+01    0.0000E+00    8.4893E+00   
 1.3802E+03    4.4013E+01    5.2963E+01    2.0300E+01    1.6182E+01    1.1307E+01    6.4269E+01    4.8733E+01    1.3305E+01    4.3724E+00    1.5741E+01    0.0000E+00    8.4645E+00   
 1.3807E+03    4.3995E+01    5.2960E+01    2.0315E+01    1.6182E+01    1.1357E+01    6.4307E+01    4.8746E+01    1.3320E+01    4.3724E+00    1.5720E+01    0.0000E+00    8.4645E+00   
 1.3812E+03    4.3997E+01    5.2960E+01    2.0390E+01    1.6182E+01    1.1372E+01    6.4332E+01    4.8744E+01    1.3311E+01    4.3724E+00    1.5679E+01    0.0000E+00    8.4395E+00   
 1.3818E+03    4.4012E+01    5.2983E+01    2.0429E+01    1.6181E+01    1.1372E+01    6.4342E+01    4.8752E+01    1.3320E+01    4.3724E+00    1.5679E+01    0.0000E+00    8.4395E+00   
 1.3823E+03    4.4018E+01    5.2978E+01    2.0260E+01    1.6154E+01    1.1371E+01    6.4368E+01    4.8752E+01    1.3308E+01    4.3724E+00    1.5741E+01    0.0000E+00    8.4893E+00   
 1.3828E+03    4.3998E+01    5.2964E+01    2.0260E+01    1.6161E+01    1.1401E+01    6.4378E+01    4.8749E+01    1.3339E+01    4.3724E+00    1.5720E+01    0.0000E+00    8.4645E+00   
 1.3834E+03    4.4001E+01    5.2953E+01    2.0087E+01    1.6175E+01    1.1433E+01    6.4390E+01    4.8752E+01    1.3338E+01    4.3724E+00    1.5679E+01    0.0000E+00    8.4893E+00   
 1.3839E+03    4.3975E+01    5.2939E+01    1.9863E+01    1.6177E+01    1.1454E+01    6.4390E+01    4.8765E+01    1.3338E+01    4.3724E+00    1.5659E+01    0.0000E+00    8.4395E+00   
 1.3844E+03    4.3981E+01    5.2934E+01    1.9944E+01    1.6177E+01    1.1467E+01    6.4418E+01    4.8769E+01    1.3347E+01    4.3724E+00    1.5761E+01    0.0000E+00    8.4645E+00   
 1.3850E+03    4.3988E+01    5.2925E+01    2.0116E+01    1.6133E+01    1.1431E+01    6.4409E+01    4.8772E+01    1.3344E+01    4.3724E+00    1.5598E+01    0.0000E+00    8.4395E+00   
 1.3855E+03    4.3988E+01    5.2943E+01    2.0266E+01    1.6192E+01    1.1447E+01    6.4412E+01    4.8787E+01    1.3387E+01    4.3724E+00    1.5679E+01    0.0000E+00    8.4395E+00   
 1.3860E+03    4.3982E+01    5.2930E+01    2.0401E+01    1.6197E+01    1.1420E+01    6.4427E+01    4.8778E+01    1.3392E+01    4.3724E+00    1.5659E+01    0.0000E+00    8.4395E+00   
# Time (s)      T1w (C)       T2w (C)       T1a (C)       T2a (C)       T1r (C)       T2r (C)       T3r (C)       T4r (C)       P1 (bar)      P2 (bar)      Ic (amp)      Qc (l/min)    
 1.3866E+03    4.3980E+01    5.2920E+01    2.0386E+01    1.6191E+01    1.1337E+01    6.4427E+01    4.8785E+01    1.3401E+01    4.3724E+00    1.5781E+01    0.0000E+00    8.4145E+00   
 1.3871E+03    4.3972E+01    5.2920E+01    2.0481E+01    1.6135E+01    1.1336E+01    6.4402E+01    4.8780E+01    1.3399E+01    4.3928E+00    1.5578E+01    0.0000E+00    8.4145E+00   
 1.3876E+03    4.3962E+01    5.2929E+01    2.0392E+01    1.6211E+01    1.1372E+01    6.4416E+01    4.8787E+01    1.3415E+01    4.3928E+00    1.5639E+01    0.0000E+00    8.4645E+00   
 1.3882E+03    4.3970E+01    5.2920E+01    2.0329E+01    1.6211E+01    1.1420E+01    6.4387E+01    4.8808E+01    1.3406E+01    4.3724E+00    1.5700E+01    0.0000E+00    8.4395E+00   
 1.3887E+03    4.3968E+01    5.2924E+01    2.0416E+01    1.6171E+01    1.1459E+01    6.4342E+01    4.8789E+01    1.3414E+01    4.3724E+00    1.5659E+01    0.0000E+00    8.4395E+00   
 1.3892E+03    4.3968E+01    5.2939E+01    2.0555E+01    1.6111E+01    1.1459E+01    6.4339E+01    4.8789E+01    1.3390E+01    4.3928E+00    1.5781E+01    0.0000E+00    8.4645E+00   
 1.3898E+03    4.3976E+01    5.2929E+01    2.0537E+01    1.6121E+01    1.1491E+01    6.4324E+01    4.8784E+01    1.3401E+01    4.3928E+00    1.5802E+01    0.0000E+00    8.4645E+00   
 1.3903E+03    4.3956E+01    5.2929E+01    2.0537E+01    1.6166E+01    1.1532E+01    6.4328E+01    4.8781E+01    1.3382E+01    4.3928E+00    1.5618E+01    0.0000E+00    8.4645E+00   
 1.3908E+03    4.3971E+01    5.2944E+01    2.0412E+01    1.6134E+01    1.1583E+01    6.4343E+01    4.8807E+01    1.3398E+01    4.3928E+00    1.5659E+01    0.0000E+00    8.4645E+00   
 1.3914E+03    4.3953E+01    5.2945E+01    2.0329E+01    1.6124E+01    1.1620E+01    6.4343E+01    4.8785E+01    1.3408E+01    4.3928E+00    1.5700E+01    0.0000E+00    8.4395E+00   
 1.3919E+03    4.3953E+01    5.2927E+01    2.0308E+01    1.6124E+01    1.1651E+01    6.4351E+01    4.8785E+01    1.3390E+01    4.3724E+00    1.5679E+01    0.0000E+00    8.4395E+00   
 1.3924E+03    4.3953E+01    5.2950E+01    2.0219E+01    1.6200E+01    1.1651E+01    6.4372E+01    4.8785E+01    1.3382E+01    4.3724E+00    1.5679E+01    0.0000E+00    8.4893E+00   
 1.3930E+03    4.3956E+01    5.2955E+01    2.0275E+01    1.6143E+01    1.1640E+01    6.4361E+01    4.8790E+01    1.3386E+01    4.3724E+00    1.5659E+01    0.0000E+00    8.4645E+00   
 1.3935E+03    4.3976E+01    5.2946E+01    2.0275E+01    1.6083E+01    1.1606E+01    6.4360E+01    4.8792E+01    1.3381E+01    4.3724E+00    1.5598E+01    0.0000E+00    8.4645E+00   
 1.3940E+03    4.3957E+01    5.2962E+01    2.0290E+01    1.6086E+01    1.1578E+01    6.4373E+01    4.8793E+01    1.3384E+01    4.3724E+00    1.5781E+01    0.0000E+00    8.4395E+00   
 1.3946E+03    4.3973E+01    5.2962E+01    2.0584E+01    1.6129E+01    1.1547E+01    6.4373E+01    4.8789E+01    1.3384E+01    4.3928E+00    1.5679E+01    0.0000E+00    8.4645E+00   
 1.3951E+03    4.3961E+01    5.2946E+01    2.0670E+01    1.6129E+01    1.1568E+01    6.4388E+01    4.8788E+01    1.3396E+01    4.3928E+00    1.5598E+01    0.0000E+00    8.4645E+00   
 1.3956E+03    4.3945E+01    5.2954E+01    2.0875E+01    1.6179E+01    1.1612E+01    6.4391E+01    4.8788E+01    1.3402E+01    4.3928E+00    1.5659E+01    0.0000E+00    8.4893E+00   
 1.3962E+03    4.3945E+01    5.2954E+01    2.1042E+01    1.6162E+01    1.1612E+01    6.4391E+01    4.8788E+01    1.3413E+01    4.3928E+00    1.5578E+01    0.0000E+00    8.4645E+00   
 1.3967E+03    4.3964E+01    5.2950E+01    2.1043E+01    1.6245E+01    1.1622E+01    6.4404E+01    4.8806E+01    1.3415E+01    4.3724E+00    1.5679E+01    0.0000E+00    8.4893E+00   
 1.3972E+03    4.3959E+01    5.2951E+01    2.1043E+01    1.6130E+01    1.1606E+01    6.4421E+01    4.8798E+01    1.3415E+01    4.3928E+00    1.5679E+01    0.0000E+00    8.4145E+00   
 1.3978E+03    4.3928E+01    5.2937E+01    2.1055E+01    1.6110E+01    1.1604E+01    6.4436E+01    4.8806E+01    1.3426E+01    4.3928E+00    1.5578E+01    0.0000E+00    8.4395E+00   
 1.3983E+03    4.3922E+01    5.2928E+01    2.0891E+01    1.6110E+01    1.1599E+01    6.4418E+01    4.8803E+01    1.3426E+01    4.3928E+00    1.5639E+01    0.0000E+00    8.4395E+00   
 1.3989E+03    4.3917E+01    5.2942E+01    2.0827E+01    1.6110E+01    1.1594E+01    6.4437E+01    4.8815E+01    1.3456E+01    4.3724E+00    1.5781E+01    0.0000E+00    8.4893E+00   
 1.3994E+03    4.3923E+01    5.2939E+01    2.0702E+01    1.6172E+01    1.1604E+01    6.4426E+01    4.8823E+01    1.3460E+01    4.3928E+00    1.5720E+01    0.0000E+00    8.4893E+00   
 1.3999E+03    4.3923E+01    5.2929E+01    2.0407E+01    1.6204E+01    1.1604E+01    6.4459E+01    4.8823E+01    1.3444E+01    4.3928E+00    1.5720E+01    0.0000E+00    8.4645E+00   
 1.4005E+03    4.3934E+01    5.2932E+01    2.0407E+01    1.6310E+01    1.1643E+01    6.4455E+01    4.8813E+01    1.3463E+01    4.3724E+00    1.5781E+01    0.0000E+00    8.4645E+00   
 1.4010E+03    4.3925E+01    5.2942E+01    2.0335E+01    1.6242E+01    1.1657E+01    6.4461E+01    4.8822E+01    1.3455E+01    4.3928E+00    1.5679E+01    0.0000E+00    8.4645E+00   
 1.4015E+03    4.3926E+01    5.2942E+01    2.0242E+01    1.6204E+01    1.1644E+01    6.4461E+01    4.8800E+01    1.3455E+01    4.3928E+00    1.5761E+01    0.0000E+00    8.4145E+00   
 1.4021E+03    4.3929E+01    5.2928E+01    2.0151E+01    1.6251E+01    1.1678E+01    6.4495E+01    4.8811E+01    1.3459E+01    4.3928E+00    1.5700E+01    0.0000E+00    8.4893E+00   
# Time (s)      T1w (C)       T2w (C)       T1a (C)       T2a (C)       T1r (C)       T2r (C)       T3r (C)       T4r (C)       P1 (bar)      P2 (bar)      Ic (amp)      Qc (l/min)    
 1.4026E+03    4.3932E+01    5.2939E+01    2.0182E+01    1.6251E+01    1.1691E+01    6.4487E+01    4.8798E+01    1.3439E+01    4.3928E+00    1.5578E+01    0.0000E+00    8.4395E+00   
 1.4031E+03    4.3932E+01    5.2934E+01    2.0216E+01    1.6246E+01    1.1691E+01    6.4507E+01    4.8798E+01    1.3452E+01    4.3724E+00    1.5700E+01    0.0000E+00    8.4395E+00   
 1.4037E+03    4.3938E+01    5.2938E+01    2.0228E+01    1.6318E+01    1.1714E+01    6.4524E+01    4.8788E+01    1.3451E+01    4.3724E+00    1.5679E+01    0.0000E+00    8.4893E+00   
 1.4042E+03    4.3935E+01    5.2936E+01    2.0228E+01    1.6245E+01    1.1654E+01    6.4506E+01    4.8784E+01    1.3430E+01    4.3928E+00    1.5741E+01    0.0000E+00    8.4645E+00   
 1.4047E+03    4.3933E+01    5.2934E+01    2.0210E+01    1.6254E+01    1.1635E+01    6.4517E+01    4.8776E+01    1.3428E+01    4.3724E+00    1.5781E+01    0.0000E+00    8.4645E+00   
 1.4053E+03    4.3905E+01    5.2934E+01    2.0355E+01    1.6288E+01    1.1642E+01    6.4517E+01    4.8778E+01    1.3428E+01    4.3928E+00    1.5598E+01    0.0000E+00    8.4395E+00   
 1.4058E+03    4.3908E+01    5.2933E+01    2.0422E+01    1.6289E+01    1.1646E+01    6.4529E+01    4.8787E+01    1.3444E+01    4.3928E+00    1.5720E+01    0.0000E+00    8.4395E+00   
 1.4063E+03    4.3931E+01    5.2940E+01    2.0345E+01    1.6289E+01    1.1674E+01    6.4525E+01    4.8786E+01    1.3428E+01    4.3928E+00    1.5618E+01    0.0000E+00    8.4645E+00   
 1.4069E+03    4.3916E+01    5.2930E+01    2.0262E+01    1.6252E+01    1.1690E+01    6.4526E+01    4.8801E+01    1.3431E+01    4.3928E+00    1.5639E+01    0.0000E+00    8.4893E+00   
 1.4074E+03    4.3896E+01    5.2917E+01    2.0166E+01    1.6321E+01    1.1773E+01    6.4524E+01    4.8791E+01    1.3433E+01    4.3928E+00    1.5700E+01    0.0000E+00    8.4395E+00   
 1.4079E+03    4.3893E+01    5.2918E+01    2.0166E+01    1.6332E+01    1.1818E+01    6.4542E+01    4.8785E+01    1.3425E+01    4.3928E+00    1.5761E+01    0.0000E+00    8.4893E+00   
 1.4085E+03    4.3890E+01    5.2897E+01    2.0149E+01    1.6347E+01    1.1854E+01    6.4540E+01    4.8768E+01    1.3408E+01    4.3724E+00    1.5700E+01    0.0000E+00    8.4893E+00   
 1.4090E+03    4.3897E+01    5.2897E+01    2.0059E+01    1.6353E+01    1.1877E+01    6.4540E+01    4.8784E+01    1.3408E+01    4.3724E+00    1.5741E+01    0.0000E+00    8.4645E+00   
 1.4096E+03    4.3880E+01    5.2902E+01    1.9989E+01    1.6358E+01    1.1790E+01    6.4542E+01    4.8768E+01    1.3412E+01    4.3928E+00    1.5578E+01    0.0000E+00    8.4645E+00   
 1.4101E+03    4.3864E+01    5.2907E+01    2.0045E+01    1.6358E+01    1.1761E+01    6.4547E+01    4.8772E+01    1.3418E+01    4.3928E+00    1.5700E+01    0.0000E+00    8.4395E+00   
 1.4107E+03    4.3894E+01    5.2920E+01    1.9961E+01    1.6330E+01    1.1734E+01    6.4563E+01    4.8770E+01    1.3434E+01    4.3928E+00    1.5720E+01    0.0000E+00    8.4395E+00   
 1.4112E+03    4.3894E+01    5.2921E+01    1.9914E+01    1.6360E+01    1.1734E+01    6.4565E+01    4.8770E+01    1.3419E+01    4.3928E+00    1.5679E+01    0.0000E+00    8.4395E+00   
 1.4118E+03    4.3894E+01    5.2915E+01    1.9914E+01    1.6281E+01    1.1746E+01    6.4591E+01    4.8760E+01    1.3423E+01    4.3928E+00    1.5761E+01    0.0000E+00    8.4395E+00   
 1.4123E+03    4.3899E+01    5.2913E+01    1.9962E+01    1.6316E+01    1.1737E+01    6.4587E+01    4.8768E+01    1.3415E+01    4.3928E+00    1.5639E+01    0.0000E+00    8.4645E+00   
 1.4128E+03    4.3864E+01    5.2899E+01    1.9917E+01    1.6308E+01    1.1763E+01    6.4587E+01    4.8771E+01    1.3415E+01    4.3928E+00    1.5618E+01    0.0000E+00    8.4645E+00   
 1.4134E+03    4.3858E+01    5.2900E+01    1.9964E+01    1.6268E+01    1.1798E+01    6.4607E+01    4.8758E+01    1.3427E+01    4.3928E+00    1.5720E+01    0.0000E+00    8.4893E+00   
 1.4139E+03    4.3880E+01    5.2889E+01    2.0033E+01    1.6268E+01    1.1858E+01    6.4585E+01    4.8770E+01    1.3404E+01    4.3928E+00    1.5720E+01    0.0000E+00    8.4145E+00   
 1.4144E+03    4.3880E+01    5.2892E+01    2.0134E+01    1.6269E+01    1.1857E+01    6.4607E+01    4.8753E+01    1.3412E+01    4.3724E+00    1.5679E+01    0.0000E+00    8.4645E+00   
 1.4150E+03    4.3883E+01    5.2894E+01    2.0223E+01    1.6264E+01    1.1842E+01    6.4592E+01    4.8738E+01    1.3401E+01    4.3724E+00    1.5761E+01    0.0000E+00    8.4893E+00   
 1.4155E+03    4.3865E+01    5.2898E+01    2.0223E+01    1.6251E+01    1.1892E+01    6.4590E+01    4.8740E+01    1.3405E+01    4.3724E+00    1.5679E+01    0.0000E+00    8.4645E+00   
 1.4161E+03    4.3875E+01    5.2889E+01    2.0140E+01    1.6357E+01    1.1918E+01    6.4565E+01    4.8734E+01    1.3394E+01    4.3724E+00    1.5700E+01    0.0000E+00    8.4395E+00   
 1.4166E+03    4.3872E+01    5.2889E+01    2.0073E+01    1.6210E+01    1.1914E+01    6.4565E+01    4.8744E+01    1.3394E+01    4.3928E+00    1.5639E+01    0.0000E+00    8.4395E+00   
 1.4171E+03    4.3865E+01    5.2902E+01    2.0032E+01    1.6191E+01    1.1908E+01    6.4575E+01    4.8744E+01    1.3424E+01    4.3724E+00    1.5618E+01    0.0000E+00    8.4645E+00   
 1.4177E+03    4.3860E+01    5.2889E+01    1.9996E+01    1.6191E+01    1.1893E+01    6.4563E+01    4.8727E+01    1.3396E+01    4.3724E+00    1.5659E+01    0.0000E+00    8.4893E+00   
 1.4182E+03    4.3860E+01    5.2881E+01    1.9920E+01    1.6185E+01    1.1893E+01    6.4575E+01    4.8719E+01    1.3420E+01    4.3724E+00    1.5700E+01    0.0000E+00    8.4645E+00   
# Time (s)      T1w (C)       T2w (C)       T1a (C)       T2a (C)       T1r (C)       T2r (C)       T3r (C)       T4r (C)       P1 (bar)      P2 (bar)      Ic (amp)      Qc (l/min)    
 1.4187E+03    4.3861E+01    5.2888E+01    1.9942E+01    1.6205E+01    1.1941E+01    6.4588E+01    4.8719E+01    1.3401E+01    4.3724E+00    1.5700E+01    0.0000E+00    8.4645E+00   
 1.4193E+03    4.3861E+01    5.2887E+01    1.9942E+01    1.6279E+01    1.1974E+01    6.4579E+01    4.8744E+01    1.3431E+01    4.3724E+00    1.5720E+01    0.0000E+00    8.4893E+00   
 1.4198E+03    4.3877E+01    5.2876E+01    1.9872E+01    1.6208E+01    1.1999E+01    6.4584E+01    4.8734E+01    1.3436E+01    4.3724E+00    1.5639E+01    0.0000E+00    8.4645E+00   
 1.4203E+03    4.3868E+01    5.2876E+01    1.9907E+01    1.6221E+01    1.1952E+01    6.4584E+01    4.8739E+01    1.3436E+01    4.3724E+00    1.5741E+01    0.0000E+00    8.4645E+00   
 1.4209E+03    4.3877E+01    5.2892E+01    1.9901E+01    1.6236E+01    1.1802E+01    6.4576E+01    4.8732E+01    1.3433E+01    4.3928E+00    1.5741E+01    0.0000E+00    8.4395E+00   
 1.4214E+03    4.3882E+01    5.2895E+01    1.9795E+01    1.6338E+01    1.1743E+01    6.4584E+01    4.8749E+01    1.3433E+01    4.3928E+00    1.5639E+01    0.0000E+00    8.4395E+00   
 1.4220E+03    4.3868E+01    5.2881E+01    1.9868E+01    1.6216E+01    1.1743E+01    6.4618E+01    4.8760E+01    1.3458E+01    4.3724E+00    1.5639E+01    0.0000E+00    8.4395E+00   
 1.4225E+03    4.3856E+01    5.2874E+01    1.9862E+01    1.6170E+01    1.1726E+01    6.4615E+01    4.8760E+01    1.3453E+01    4.3928E+00    1.5720E+01    0.0000E+00    8.4645E+00   
 1.4231E+03    4.3832E+01    5.2845E+01    1.9846E+01    1.6195E+01    1.1783E+01    6.4605E+01    4.8763E+01    1.3468E+01    4.3928E+00    1.5578E+01    0.0000E+00    8.4395E+00   
 1.4236E+03    4.3831E+01    5.2844E+01    1.9847E+01    1.6277E+01    1.1801E+01    6.4612E+01    4.8765E+01    1.3463E+01    4.3724E+00    1.5639E+01    0.0000E+00    8.4893E+00   
 1.4241E+03    4.3831E+01    5.2830E+01    1.9873E+01    1.6258E+01    1.1747E+01    6.4612E+01    4.8760E+01    1.3463E+01    4.3928E+00    1.5618E+01    0.0000E+00    8.4645E+00   
 1.4247E+03    4.3823E+01    5.2831E+01    1.9949E+01    1.6189E+01    1.1777E+01    6.4623E+01    4.8770E+01    1.3457E+01    4.3928E+00    1.5639E+01    0.0000E+00    8.4395E+00   
 1.4252E+03    4.3821E+01    5.2835E+01    1.9888E+01    1.6189E+01    1.1738E+01    6.4614E+01    4.8768E+01    1.3482E+01    4.3928E+00    1.5618E+01    0.0000E+00    8.4645E+00   
 1.4258E+03    4.3836E+01    5.2836E+01    2.0042E+01    1.6235E+01    1.1728E+01    6.4608E+01    4.8784E+01    1.3500E+01    4.3928E+00    1.5618E+01    0.0000E+00    8.4645E+00   
 1.4263E+03    4.3841E+01    5.2845E+01    1.9994E+01    1.6199E+01    1.1728E+01    6.4602E+01    4.8784E+01    1.3502E+01    4.3928E+00    1.5618E+01    0.0000E+00    8.4645E+00   
 1.4268E+03    4.3845E+01    5.2853E+01    2.0010E+01    1.6279E+01    1.1721E+01    6.4605E+01    4.8791E+01    1.3504E+01    4.3928E+00    1.5618E+01    0.0000E+00    8.4395E+00   
 1.4274E+03    4.3868E+01    5.2849E+01    1.9919E+01    1.6223E+01    1.1724E+01    6.4600E+01    4.8788E+01    1.3509E+01    4.3928E+00    1.5679E+01    0.0000E+00    8.4395E+00   
 1.4279E+03    4.3850E+01    5.2849E+01    2.0001E+01    1.6334E+01    1.1748E+01    6.4614E+01    4.8822E+01    1.3525E+01    4.3928E+00    1.5618E+01    0.0000E+00    8.4893E+00   
 1.4284E+03    4.3853E+01    5.2854E+01    2.0028E+01    1.6334E+01    1.1791E+01    6.4657E+01    4.8827E+01    1.3521E+01    4.3928E+00    1.5761E+01    0.0000E+00    8.4893E+00   
 1.4290E+03    4.3867E+01    5.2857E+01    2.0075E+01    1.6369E+01    1.1788E+01    6.4655E+01    4.8818E+01    1.3538E+01    4.3928E+00    1.5639E+01    0.0000E+00    8.4893E+00   
 1.4295E+03    4.3867E+01    5.2857E+01    1.9998E+01    1.6354E+01    1.1788E+01    6.4664E+01    4.8818E+01    1.3528E+01    4.3928E+00    1.5618E+01    0.0000E+00    8.4645E+00   
 1.4300E+03    4.3852E+01    5.2834E+01    1.9995E+01    1.6280E+01    1.1824E+01    6.4653E+01    4.8821E+01    1.3553E+01    4.3928E+00    1.5741E+01    0.0000E+00    8.4395E+00   
 1.4306E+03    4.3831E+01    5.2836E+01    1.9995E+01    1.6309E+01    1.1832E+01    6.4673E+01    4.8835E+01    1.3540E+01    4.3928E+00    1.5720E+01    0.0000E+00    8.4893E+00   
 1.4311E+03    4.3848E+01    5.2842E+01    2.0058E+01    1.6393E+01    1.1786E+01    6.4678E+01    4.8827E+01    1.3550E+01    4.3928E+00    1.5741E+01    0.0000E+00    8.4645E+00   
 1.4317E+03    4.3842E+01    5.2842E+01    1.9941E+01    1.6454E+01    1.1783E+01    6.4678E+01    4.8849E+01    1.3550E+01    4.3928E+00    1.5781E+01    0.0000E+00    8.4645E+00   
 1.4322E+03    4.3853E+01    5.2845E+01    2.0001E+01    1.6470E+01    1.1800E+01    6.4629E+01    4.8823E+01    1.3546E+01    4.3928E+00    1.5781E+01    0.0000E+00    8.4645E+00   
 1.4327E+03    4.3838E+01    5.2845E+01    1.9957E+01    1.6413E+01    1.1837E+01    6.4596E+01    4.8832E+01    1.3539E+01    4.3928E+00    1.5781E+01    0.0000E+00    8.4395E+00   
 1.4333E+03    4.3838E+01    5.2858E+01    1.9945E+01    1.6427E+01    1.1837E+01    6.4583E+01    4.8832E+01    1.3541E+01    4.4133E+00    1.5598E+01    0.0000E+00    8.4893E+00   
 1.4338E+03    4.3831E+01    5.2852E+01    1.9945E+01    1.6372E+01    1.1903E+01    6.4586E+01    4.8830E+01    1.3551E+01    4.3928E+00    1.5659E+01    0.0000E+00    8.4645E+00   
 1.4343E+03    4.3862E+01    5.2865E+01    1.9915E+01    1.6342E+01    1.1893E+01    6.4592E+01    4.8839E+01    1.3537E+01    4.3928E+00    1.5639E+01    0.0000E+00    8.4645E+00   
# Time (s)      T1w (C)       T2w (C)       T1a (C)       T2a (C)       T1r (C)       T2r (C)       T3r (C)       T4r (C)       P1 (bar)      P2 (bar)      Ic (amp)      Qc (l/min)    
 1.4349E+03    4.3867E+01    5.2865E+01    2.0029E+01    1.6469E+01    1.1899E+01    6.4592E+01    4.8843E+01    1.3561E+01    4.3928E+00    1.5761E+01    0.0000E+00    8.4645E+00   
 1.4354E+03    4.3863E+01    5.2847E+01    2.0124E+01    1.6356E+01    1.1884E+01    6.4612E+01    4.8852E+01    1.3561E+01    4.3928E+00    1.5578E+01    0.0000E+00    8.4645E+00   
 1.4359E+03    4.3863E+01    5.2869E+01    2.0095E+01    1.6356E+01    1.1878E+01    6.4624E+01    4.8853E+01    1.3584E+01    4.4133E+00    1.5761E+01    0.0000E+00    8.4893E+00   
 1.4365E+03    4.3850E+01    5.2858E+01    2.0225E+01    1.6322E+01    1.1848E+01    6.4642E+01    4.8853E+01    1.3587E+01    4.4133E+00    1.5720E+01    0.0000E+00    8.4893E+00   
 1.4370E+03    4.3850E+01    5.2870E+01    2.0263E+01    1.6395E+01    1.1848E+01    6.4629E+01    4.8853E+01    1.3598E+01    4.4133E+00    1.5741E+01    0.0000E+00    8.4645E+00   
 1.4375E+03    4.3843E+01    5.2850E+01    2.0263E+01    1.6400E+01    1.1856E+01    6.4648E+01    4.8856E+01    1.3606E+01    4.4133E+00    1.5700E+01    0.0000E+00    8.4645E+00   
 1.4381E+03    4.3867E+01    5.2866E+01    2.0283E+01    1.6368E+01    1.1858E+01    6.4629E+01    4.8865E+01    1.3620E+01    4.4133E+00    1.5557E+01    0.0000E+00    8.4893E+00   
 1.4386E+03    4.3853E+01    5.2866E+01    2.0234E+01    1.6399E+01    1.1838E+01    6.4645E+01    4.8855E+01    1.3622E+01    4.4133E+00    1.5741E+01    0.0000E+00    8.4893E+00   
 1.4392E+03    4.3853E+01    5.2875E+01    2.0096E+01    1.6572E+01    1.1825E+01    6.4645E+01    4.8868E+01    1.3622E+01    4.4133E+00    1.5761E+01    0.0000E+00    8.4645E+00   
 1.4397E+03    4.3858E+01    5.2867E+01    2.0118E+01    1.6572E+01    1.1834E+01    6.4677E+01    4.8863E+01    1.3623E+01    4.4133E+00    1.5598E+01    0.0000E+00    8.4645E+00   
 1.4402E+03    4.3864E+01    5.2871E+01    2.0017E+01    1.6437E+01    1.1772E+01    6.4695E+01    4.8887E+01    1.3661E+01    4.4133E+00    1.5679E+01    0.0000E+00    8.4645E+00   
 1.4408E+03    4.3864E+01    5.2882E+01    1.9986E+01    1.6521E+01    1.1772E+01    6.4702E+01    4.8887E+01    1.3663E+01    4.4133E+00    1.5557E+01    0.0000E+00    8.4395E+00   
 1.4413E+03    4.3888E+01    5.2891E+01    2.0001E+01    1.6444E+01    1.1730E+01    6.4744E+01    4.8906E+01    1.3691E+01    4.3928E+00    1.5598E+01    0.0000E+00    8.4645E+00   
 1.4418E+03    4.3886E+01    5.2905E+01    1.9943E+01    1.6443E+01    1.1686E+01    6.4762E+01    4.8927E+01    1.3720E+01    4.4133E+00    1.5639E+01    0.0000E+00    8.4645E+00   
 1.4424E+03    4.3886E+01    5.2905E+01    2.0131E+01    1.6447E+01    1.1687E+01    6.4762E+01    4.8926E+01    1.3720E+01    4.4133E+00    1.5679E+01    0.0000E+00    8.4395E+00   
 1.4429E+03    4.3891E+01    5.2909E+01    2.0223E+01    1.6481E+01    1.1728E+01    6.4788E+01    4.8948E+01    1.3749E+01    4.4133E+00    1.5598E+01    0.0000E+00    8.4645E+00   
 1.4435E+03    4.3894E+01    5.2899E+01    2.0210E+01    1.6481E+01    1.1754E+01    6.4806E+01    4.8957E+01    1.3729E+01    4.4133E+00    1.5679E+01    0.0000E+00    8.4395E+00   
 1.4440E+03    4.3894E+01    5.2893E+01    2.0162E+01    1.6495E+01    1.1754E+01    6.4816E+01    4.8952E+01    1.3747E+01    4.4133E+00    1.5761E+01    0.0000E+00    8.4395E+00   
 1.4445E+03    4.3881E+01    5.2907E+01    2.0033E+01    1.6521E+01    1.1763E+01    6.4830E+01    4.8952E+01    1.3742E+01    4.4133E+00    1.5720E+01    0.0000E+00    8.5141E+00   
 1.4451E+03    4.3893E+01    5.2906E+01    2.0033E+01    1.6514E+01    1.1789E+01    6.4815E+01    4.8940E+01    1.3742E+01    4.4133E+00    1.5659E+01    0.0000E+00    8.4645E+00   
 1.4456E+03    4.3871E+01    5.2905E+01    2.0268E+01    1.6460E+01    1.1748E+01    6.4841E+01    4.8950E+01    1.3748E+01    4.4133E+00    1.5741E+01    0.0000E+00    8.4893E+00   
 1.4461E+03    4.3865E+01    5.2890E+01    2.0380E+01    1.6530E+01    1.1748E+01    6.4855E+01    4.8956E+01    1.3764E+01    4.3928E+00    1.5741E+01    0.0000E+00    8.4645E+00   
 1.4467E+03    4.3883E+01    5.2885E+01    2.0437E+01    1.6560E+01    1.1729E+01    6.4851E+01    4.8944E+01    1.3767E+01    4.4133E+00    1.5618E+01    0.0000E+00    8.4645E+00   
 1.4472E+03    4.3849E+01    5.2877E+01    2.0523E+01    1.6544E+01    1.1706E+01    6.4848E+01    4.8958E+01    1.3770E+01    4.4133E+00    1.5659E+01    0.0000E+00    8.4395E+00   
 1.4477E+03    4.3849E+01    5.2881E+01    2.0615E+01    1.6597E+01    1.1706E+01    6.4852E+01    4.8946E+01    1.3769E+01    4.4133E+00    1.5659E+01    0.0000E+00    8.4645E+00   
 1.4483E+03    4.3839E+01    5.2865E+01    2.0597E+01    1.6459E+01    1.1728E+01    6.4880E+01    4.8960E+01    1.3796E+01    4.4337E+00    1.5720E+01    0.0000E+00    8.4645E+00   
 1.4488E+03    4.3857E+01    5.2850E+01    2.0597E+01    1.6541E+01    1.1759E+01    6.4860E+01    4.8956E+01    1.3790E+01    4.4133E+00    1.5679E+01    0.0000E+00    8.4893E+00   
 1.4493E+03    4.3817E+01    5.2850E+01    2.0583E+01    1.6558E+01    1.1776E+01    6.4860E+01    4.8952E+01    1.3788E+01    4.4133E+00    1.5618E+01    0.0000E+00    8.4893E+00   
 1.4499E+03    4.3802E+01    5.2850E+01    2.0504E+01    1.6583E+01    1.1812E+01    6.4860E+01    4.8957E+01    1.3788E+01    4.4133E+00    1.5659E+01    0.0000E+00    8.4893E+00   
 1.4504E+03    4.3831E+01    5.2852E+01    2.0461E+01    1.6598E+01    1.1818E+01    6.4849E+01    4.8950E+01    1.3784E+01    4.4133E+00    1.5639E+01    0.0000E+00    8.4645E+00   
# Time (s)      T1w (C)       T2w (C)       T1a (C)       T2a (C)       T1r (C)       T2r (C)       T3r (C)       T4r (C)       P1 (bar)      P2 (bar)      Ic (amp)      Qc (l/min)    
 1.4510E+03    4.3830E+01    5.2850E+01    2.0468E+01    1.6531E+01    1.1795E+01    6.4869E+01    4.8968E+01    1.3779E+01    4.4133E+00    1.5761E+01    0.0000E+00    8.4645E+00   
 1.4515E+03    4.3830E+01    5.2874E+01    2.0371E+01    1.6533E+01    1.1795E+01    6.4885E+01    4.8968E+01    1.3784E+01    4.4133E+00    1.5618E+01    0.0000E+00    8.4645E+00   
 1.4520E+03    4.3867E+01    5.2872E+01    2.0301E+01    1.6434E+01    1.1760E+01    6.4852E+01    4.8959E+01    1.3769E+01    4.4133E+00    1.5741E+01    0.0000E+00    8.4395E+00   
 1.4526E+03    4.3859E+01    5.2884E+01    2.0301E+01    1.6402E+01    1.1727E+01    6.4858E+01    4.8950E+01    1.3778E+01    4.4133E+00    1.5659E+01    0.0000E+00    8.4893E+00   
 1.4531E+03    4.3866E+01    5.2899E+01    2.0314E+01    1.6537E+01    1.1690E+01    6.4842E+01    4.8979E+01    1.3799E+01    4.4133E+00    1.5659E+01    0.0000E+00    8.4645E+00   
 1.4536E+03    4.3860E+01    5.2888E+01    2.0235E+01    1.6562E+01    1.1692E+01    6.4842E+01    4.8977E+01    1.3799E+01    4.4133E+00    1.5720E+01    0.0000E+00    8.4645E+00   
 1.4542E+03    4.3878E+01    5.2904E+01    2.0134E+01    1.6578E+01    1.1663E+01    6.4866E+01    4.8975E+01    1.3811E+01    4.4133E+00    1.5659E+01    0.0000E+00    8.4645E+00   
 1.4547E+03    4.3878E+01    5.2909E+01    1.9962E+01    1.6475E+01    1.1649E+01    6.4869E+01    4.8969E+01    1.3814E+01    4.4133E+00    1.5700E+01    0.0000E+00    8.4395E+00   
 1.4552E+03    4.3878E+01    5.2917E+01    1.9974E+01    1.6488E+01    1.1649E+01    6.4887E+01    4.8969E+01    1.3828E+01    4.4337E+00    1.5741E+01    0.0000E+00    8.4645E+00   
 1.4558E+03    4.3879E+01    5.2912E+01    1.9974E+01    1.6544E+01    1.1673E+01    6.4893E+01    4.8961E+01    1.3808E+01    4.4337E+00    1.5700E+01    0.0000E+00    8.4645E+00   
 1.4563E+03    4.3874E+01    5.2911E+01    1.9928E+01    1.6452E+01    1.1726E+01    6.4907E+01    4.8969E+01    1.3819E+01    4.4337E+00    1.5741E+01    0.0000E+00    8.4645E+00   
 1.4568E+03    4.3881E+01    5.2911E+01    2.0183E+01    1.6456E+01    1.1739E+01    6.4907E+01    4.8957E+01    1.3819E+01    4.4337E+00    1.5781E+01    0.0000E+00    8.4893E+00   
 1.4574E+03    4.3858E+01    5.2908E+01    2.0134E+01    1.6474E+01    1.1738E+01    6.4887E+01    4.8956E+01    1.3816E+01    4.4133E+00    1.5679E+01    0.0000E+00    8.4645E+00   
 1.4579E+03    4.3855E+01    5.2912E+01    2.0147E+01    1.6474E+01    1.1732E+01    6.4874E+01    4.8959E+01    1.3809E+01    4.4337E+00    1.5761E+01    0.0000E+00    8.4645E+00   
 1.4584E+03    4.3840E+01    5.2892E+01    2.0155E+01    1.6572E+01    1.1732E+01    6.4882E+01    4.8950E+01    1.3805E+01    4.4133E+00    1.5781E+01    0.0000E+00    8.4893E+00   
 1.4590E+03    4.3857E+01    5.2896E+01    2.0205E+01    1.6419E+01    1.1745E+01    6.4857E+01    4.8950E+01    1.3806E+01    4.4337E+00    1.5761E+01    0.0000E+00    8.4395E+00   
 1.4595E+03    4.3824E+01    5.2893E+01    2.0205E+01    1.6491E+01    1.1763E+01    6.4854E+01    4.8943E+01    1.3812E+01    4.4133E+00    1.5741E+01    0.0000E+00    8.4893E+00   
 1.4600E+03    4.3842E+01    5.2888E+01    2.0384E+01    1.6452E+01    1.1792E+01    6.4853E+01    4.8937E+01    1.3801E+01    4.4337E+00    1.5700E+01    0.0000E+00    8.4645E+00   
 1.4606E+03    4.3847E+01    5.2888E+01    2.0612E+01    1.6448E+01    1.1778E+01    6.4853E+01    4.8939E+01    1.3801E+01    4.4337E+00    1.5598E+01    0.0000E+00    8.4395E+00   
 1.4611E+03    4.3854E+01    5.2913E+01    2.0816E+01    1.6463E+01    1.1821E+01    6.4856E+01    4.8949E+01    1.3818E+01    4.4337E+00    1.5639E+01    0.0000E+00    8.4645E+00   
 1.4616E+03    4.3851E+01    5.2911E+01    2.0938E+01    1.6486E+01    1.1821E+01    6.4843E+01    4.8945E+01    1.3809E+01    4.4337E+00    1.5598E+01    0.0000E+00    8.4645E+00   
 1.4622E+03    4.3851E+01    5.2910E+01    2.0928E+01    1.6417E+01    1.1821E+01    6.4834E+01    4.8945E+01    1.3798E+01    4.4133E+00    1.5639E+01    0.0000E+00    8.4645E+00   
 1.4627E+03    4.3837E+01    5.2916E+01    2.0956E+01    1.6496E+01    1.1808E+01    6.4839E+01    4.8934E+01    1.3808E+01    4.4133E+00    1.5741E+01    0.0000E+00    8.4893E+00   
 1.4632E+03    4.3853E+01    5.2916E+01    2.0956E+01    1.6458E+01    1.1776E+01    6.4845E+01    4.8921E+01    1.3813E+01    4.4337E+00    1.5618E+01    0.0000E+00    8.4893E+00   
 1.4638E+03    4.3855E+01    5.2912E+01    2.1030E+01    1.6531E+01    1.1771E+01    6.4827E+01    4.8919E+01    1.3814E+01    4.4337E+00    1.5598E+01    0.0000E+00    8.4893E+00   
 1.4643E+03    4.3872E+01    5.2912E+01    2.0735E+01    1.6572E+01    1.1777E+01    6.4841E+01    4.8933E+01    1.3830E+01    4.4337E+00    1.5679E+01    0.0000E+00    8.4893E+00   
 1.4648E+03    4.3858E+01    5.2920E+01    2.0527E+01    1.6572E+01    1.1795E+01    6.4843E+01    4.8926E+01    1.3837E+01    4.4337E+00    1.5639E+01    0.0000E+00    8.4395E+00   
 1.4654E+03    4.3850E+01    5.2892E+01    2.0472E+01    1.6544E+01    1.1820E+01    6.4851E+01    4.8918E+01    1.3839E+01    4.4337E+00    1.5639E+01    0.0000E+00    8.4893E+00   
 1.4659E+03    4.3850E+01    5.2892E+01    2.0346E+01    1.6543E+01    1.1820E+01    6.4865E+01    4.8918E+01    1.3841E+01    4.4337E+00    1.5802E+01    0.0000E+00    8.4645E+00   
 1.4665E+03    4.3838E+01    5.2899E+01    2.0346E+01    1.6462E+01    1.1874E+01    6.4874E+01    4.8924E+01    1.3825E+01    4.4337E+00    1.5598E+01    0.0000E+00    8.4645E+00   
# Time (s)      T1w (C)       T2w (C)       T1a (C)       T2a (C)       T1r (C)       T2r (C)       T3r (C)       T4r (C)       P1 (bar)      P2 (bar)      Ic (amp)      Qc (l/min)    
 1.4670E+03    4.3845E+01    5.2893E+01    2.0183E+01    1.6458E+01    1.1872E+01    6.4881E+01    4.8910E+01    1.3795E+01    4.4133E+00    1.5679E+01    0.0000E+00    8.4645E+00   
 1.4675E+03    4.3841E+01    5.2893E+01    2.0150E+01    1.6368E+01    1.1857E+01    6.4881E+01    4.8905E+01    1.3803E+01    4.4337E+00    1.5720E+01    0.0000E+00    8.4893E+00   
 1.4681E+03    4.3854E+01    5.2901E+01    2.0190E+01    1.6408E+01    1.1859E+01    6.4886E+01    4.8894E+01    1.3803E+01    4.4337E+00    1.5761E+01    0.0000E+00    8.4645E+00   
 1.4686E+03    4.3831E+01    5.2887E+01    2.0217E+01    1.6408E+01    1.1848E+01    6.4874E+01    4.8893E+01    1.3794E+01    4.4133E+00    1.5679E+01    0.0000E+00    8.4645E+00   
 1.4691E+03    4.3846E+01    5.2895E+01    2.0299E+01    1.6438E+01    1.1785E+01    6.4887E+01    4.8891E+01    1.3775E+01    4.4133E+00    1.5578E+01    0.0000E+00    8.4395E+00   
 1.4697E+03    4.3849E+01    5.2901E+01    2.0506E+01    1.6482E+01    1.1785E+01    6.4904E+01    4.8891E+01    1.3787E+01    4.4337E+00    1.5639E+01    0.0000E+00    8.4645E+00   
 1.4702E+03    4.3844E+01    5.2917E+01    2.0506E+01    1.6412E+01    1.1792E+01    6.4907E+01    4.8880E+01    1.3762E+01    4.4337E+00    1.5781E+01    0.0000E+00    8.4893E+00   
 1.4707E+03    4.3863E+01    5.2926E+01    2.0607E+01    1.6340E+01    1.1804E+01    6.4898E+01    4.8884E+01    1.3750E+01    4.4133E+00    1.5679E+01    0.0000E+00    8.4145E+00   
 1.4713E+03    4.3867E+01    5.2926E+01    2.0589E+01    1.6418E+01    1.1829E+01    6.4898E+01    4.8887E+01    1.3750E+01    4.4337E+00    1.5741E+01    0.0000E+00    8.4893E+00   
 1.4718E+03    4.3866E+01    5.2915E+01    2.0422E+01    1.6429E+01    1.1830E+01    6.4907E+01    4.8887E+01    1.3764E+01    4.4133E+00    1.5700E+01    0.0000E+00    8.4395E+00   
 1.4724E+03    4.3881E+01    5.2926E+01    2.0386E+01    1.6445E+01    1.1819E+01    6.4885E+01    4.8865E+01    1.3723E+01    4.4133E+00    1.5761E+01    0.0000E+00    8.4645E+00   
 1.4729E+03    4.3881E+01    5.2938E+01    2.0364E+01    1.6378E+01    1.1819E+01    6.4890E+01    4.8868E+01    1.3732E+01    4.4133E+00    1.5781E+01    0.0000E+00    8.4145E+00   
 1.4734E+03    4.3870E+01    5.2921E+01    2.0288E+01    1.6373E+01    1.1784E+01    6.4910E+01    4.8868E+01    1.3723E+01    4.4133E+00    1.5679E+01    0.0000E+00    8.4893E+00   
 1.4740E+03    4.3866E+01    5.2934E+01    2.0288E+01    1.6418E+01    1.1719E+01    6.4901E+01    4.8847E+01    1.3723E+01    4.4133E+00    1.5781E+01    0.0000E+00    8.4395E+00   
 1.4745E+03    4.3857E+01    5.2912E+01    2.0225E+01    1.6471E+01    1.1668E+01    6.4904E+01    4.8850E+01    1.3730E+01    4.4133E+00    1.5618E+01    0.0000E+00    8.4645E+00   
 1.4750E+03    4.3873E+01    5.2912E+01    2.0235E+01    1.6528E+01    1.1692E+01    6.4904E+01    4.8854E+01    1.3730E+01    4.4133E+00    1.5741E+01    0.0000E+00    8.5141E+00   
 1.4756E+03    4.3856E+01    5.2920E+01    2.0488E+01    1.6528E+01    1.1665E+01    6.4908E+01    4.8835E+01    1.3718E+01    4.4133E+00    1.5781E+01    0.0000E+00    8.4645E+00   
 1.4761E+03    4.3855E+01    5.2918E+01    2.0575E+01    1.6574E+01    1.1684E+01    6.4913E+01    4.8843E+01    1.3722E+01    4.4133E+00    1.5659E+01    0.0000E+00    8.4645E+00   
 1.4766E+03    4.3840E+01    5.2900E+01    2.0421E+01    1.6545E+01    1.1684E+01    6.4933E+01    4.8843E+01    1.3706E+01    4.4133E+00    1.5679E+01    0.0000E+00    8.4645E+00   
 1.4772E+03    4.3844E+01    5.2912E+01    2.0274E+01    1.6583E+01    1.1671E+01    6.4937E+01    4.8850E+01    1.3727E+01    4.4133E+00    1.5679E+01    0.0000E+00    8.4893E+00   
 1.4777E+03    4.3856E+01    5.2908E+01    2.0274E+01    1.6581E+01    1.1695E+01    6.4917E+01    4.8848E+01    1.3716E+01    4.4337E+00    1.5598E+01    0.0000E+00    8.4645E+00   
 1.4782E+03    4.3844E+01    5.2908E+01    2.0328E+01    1.6631E+01    1.1718E+01    6.4890E+01    4.8854E+01    1.3729E+01    4.4337E+00    1.5618E+01    0.0000E+00    8.4645E+00   
 1.4788E+03    4.3852E+01    5.2919E+01    2.0182E+01    1.6641E+01    1.1739E+01    6.4890E+01    4.8840E+01    1.3729E+01    4.4337E+00    1.5781E+01    0.0000E+00    8.4645E+00   
 1.4793E+03    4.3861E+01    5.2929E+01    2.0411E+01    1.6657E+01    1.1774E+01    6.4885E+01    4.8852E+01    1.3724E+01    4.4133E+00    1.5679E+01    0.0000E+00    8.4645E+00   
 1.4798E+03    4.3847E+01    5.2939E+01    2.0408E+01    1.6574E+01    1.1783E+01    6.4877E+01    4.8836E+01    1.3729E+01    4.4133E+00    1.5679E+01    0.0000E+00    8.4145E+00   
 1.4804E+03    4.3862E+01    5.2947E+01    2.0233E+01    1.6562E+01    1.1799E+01    6.4901E+01    4.8850E+01    1.3742E+01    4.4337E+00    1.5781E+01    0.0000E+00    8.4395E+00   
 1.4809E+03    4.3878E+01    5.2939E+01    2.0233E+01    1.6478E+01    1.1796E+01    6.4912E+01    4.8861E+01    1.3727E+01    4.4133E+00    1.5598E+01    0.0000E+00    8.4893E+00   
 1.4814E+03    4.3867E+01    5.2918E+01    2.0109E+01    1.6492E+01    1.1746E+01    6.4915E+01    4.8831E+01    1.3719E+01    4.4133E+00    1.5781E+01    0.0000E+00    8.4893E+00   
 1.4820E+03    4.3867E+01    5.2918E+01    2.0095E+01    1.6555E+01    1.1747E+01    6.4915E+01    4.8846E+01    1.3719E+01    4.4337E+00    1.5618E+01    0.0000E+00    8.4395E+00   
 1.4825E+03    4.3858E+01    5.2931E+01    2.0167E+01    1.6554E+01    1.1753E+01    6.4932E+01    4.8852E+01    1.3732E+01    4.4133E+00    1.5781E+01    0.0000E+00    8.4893E+00   
# Time (s)      T1w (C)       T2w (C)       T1a (C)       T2a (C)       T1r (C)       T2r (C)       T3r (C)       T4r (C)       P1 (bar)      P2 (bar)      Ic (amp)      Qc (l/min)    
 1.4830E+03    4.3855E+01    5.2929E+01    2.0188E+01    1.6554E+01    1.1798E+01    6.4938E+01    4.8840E+01    1.3726E+01    4.4337E+00    1.5679E+01    0.0000E+00    8.4395E+00   
 1.4836E+03    4.3840E+01    5.2925E+01    2.0174E+01    1.6520E+01    1.1872E+01    6.4970E+01    4.8829E+01    1.3699E+01    4.4337E+00    1.5659E+01    0.0000E+00    8.4645E+00   
 1.4841E+03    4.3835E+01    5.2912E+01    2.0236E+01    1.6540E+01    1.1872E+01    6.4972E+01    4.8829E+01    1.3705E+01    4.4133E+00    1.5578E+01    0.0000E+00    8.4645E+00   
 1.4846E+03    4.3823E+01    5.2902E+01    2.0220E+01    1.6588E+01    1.1907E+01    6.4972E+01    4.8823E+01    1.3679E+01    4.4133E+00    1.5741E+01    0.0000E+00    8.4395E+00   
 1.4852E+03    4.3815E+01    5.2898E+01    2.0205E+01    1.6575E+01    1.1825E+01    6.4975E+01    4.8838E+01    1.3688E+01    4.4133E+00    1.5781E+01    0.0000E+00    8.4395E+00   
 1.4857E+03    4.3832E+01    5.2912E+01    2.0333E+01    1.6485E+01    1.1861E+01    6.4975E+01    4.8831E+01    1.3688E+01    4.4133E+00    1.5741E+01    0.0000E+00    8.4645E+00   
 1.4862E+03    4.3873E+01    5.2917E+01    2.0469E+01    1.6501E+01    1.1835E+01    6.4961E+01    4.8809E+01    1.3656E+01    4.4133E+00    1.5618E+01    0.0000E+00    8.4645E+00   
 1.4868E+03    4.3855E+01    5.2924E+01    2.0431E+01    1.6448E+01    1.1765E+01    6.4956E+01    4.8817E+01    1.3650E+01    4.4133E+00    1.5700E+01    0.0000E+00    8.4893E+00   
 1.4873E+03    4.3855E+01    5.2923E+01    2.0405E+01    1.6532E+01    1.1749E+01    6.4945E+01    4.8803E+01    1.3633E+01    4.4133E+00    1.5700E+01    0.0000E+00    8.4893E+00   
 1.4879E+03    4.3856E+01    5.2924E+01    2.0398E+01    1.6583E+01    1.1700E+01    6.4972E+01    4.8803E+01    1.3640E+01    4.4133E+00    1.5659E+01    0.0000E+00    8.4395E+00   
 1.4884E+03    4.3849E+01    5.2923E+01    2.0398E+01    1.6597E+01    1.1710E+01    6.4980E+01    4.8810E+01    1.3658E+01    4.4133E+00    1.5639E+01    0.0000E+00    8.4645E+00   
 1.4889E+03    4.3852E+01    5.2930E+01    2.0281E+01    1.6496E+01    1.1747E+01    6.4996E+01    4.8808E+01    1.3641E+01    4.4133E+00    1.5639E+01    0.0000E+00    8.4893E+00   
 1.4895E+03    4.3860E+01    5.2930E+01    2.0360E+01    1.6484E+01    1.1735E+01    6.4982E+01    4.8791E+01    1.3625E+01    4.4133E+00    1.5618E+01    0.0000E+00    8.4645E+00   
 1.4900E+03    4.3841E+01    5.2932E+01    2.0426E+01    1.6484E+01    1.1752E+01    6.4998E+01    4.8789E+01    1.3614E+01    4.4133E+00    1.5720E+01    0.0000E+00    8.4893E+00   
 1.4906E+03    4.3826E+01    5.2908E+01    2.0475E+01    1.6570E+01    1.1781E+01    6.4991E+01    4.8789E+01    1.3614E+01    4.4133E+00    1.5679E+01    0.0000E+00    8.4395E+00   
 1.4911E+03    4.3826E+01    5.2899E+01    2.0396E+01    1.6548E+01    1.1781E+01    6.5012E+01    4.8784E+01    1.3630E+01    4.4133E+00    1.5802E+01    0.0000E+00    8.4395E+00   
 1.4916E+03    4.3845E+01    5.2907E+01    2.0424E+01    1.6624E+01    1.1793E+01    6.5010E+01    4.8784E+01    1.3626E+01    4.4133E+00    1.5700E+01    0.0000E+00    8.4645E+00   
 1.4922E+03    4.3846E+01    5.2902E+01    2.0424E+01    1.6579E+01    1.1765E+01    6.4988E+01    4.8798E+01    1.3606E+01    4.4133E+00    1.5679E+01    0.0000E+00    8.4395E+00   
 1.4927E+03    4.3873E+01    5.2930E+01    2.0494E+01    1.6594E+01    1.1742E+01    6.4982E+01    4.8777E+01    1.3587E+01    4.4133E+00    1.5598E+01    0.0000E+00    8.4893E+00   
 1.4932E+03    4.3851E+01    5.2930E+01    2.0298E+01    1.6449E+01    1.1735E+01    6.4982E+01    4.8787E+01    1.3587E+01    4.3928E+00    1.5659E+01    0.0000E+00    8.4395E+00   
 1.4938E+03    4.3853E+01    5.2912E+01    2.0113E+01    1.6449E+01    1.1749E+01    6.4999E+01    4.8787E+01    1.3572E+01    4.4133E+00    1.5639E+01    0.0000E+00    8.4145E+00   
 1.4943E+03    4.3868E+01    5.2919E+01    2.0456E+01    1.6684E+01    1.1830E+01    6.5027E+01    4.8790E+01    1.3581E+01    4.4133E+00    1.5761E+01    0.0000E+00    8.4645E+00   
 1.4949E+03    4.3868E+01    5.2928E+01    2.0253E+01    1.6594E+01    1.1830E+01    6.5010E+01    4.8790E+01    1.3576E+01    4.4133E+00    1.5618E+01    0.0000E+00    8.4395E+00   
 1.4954E+03    4.3885E+01    5.2916E+01    2.0249E+01    1.6628E+01    1.1901E+01    6.5017E+01    4.8779E+01    1.3578E+01    4.4133E+00    1.5598E+01    0.0000E+00    8.4395E+00   
 1.4959E+03    4.3873E+01    5.2915E+01    2.0249E+01    1.6659E+01    1.1942E+01    6.5004E+01    4.8785E+01    1.3580E+01    4.4133E+00    1.5679E+01    0.0000E+00    8.4145E+00   
 1.4965E+03    4.3871E+01    5.2915E+01    2.0356E+01    1.6677E+01    1.1965E+01    6.5004E+01    4.8778E+01    1.3585E+01    4.3928E+00    1.5700E+01    0.0000E+00    8.4395E+00   
 1.4970E+03    4.3856E+01    5.2918E+01    2.0441E+01    1.6635E+01    1.1900E+01    6.5027E+01    4.8780E+01    1.3585E+01    4.4133E+00    1.5578E+01    0.0000E+00    8.4645E+00   
 1.4975E+03    4.3865E+01    5.2897E+01    2.0324E+01    1.6635E+01    1.1934E+01    6.5034E+01    4.8773E+01    1.3602E+01    4.4133E+00    1.5679E+01    0.0000E+00    8.4395E+00   
 1.4981E+03    4.3865E+01    5.2914E+01    2.0415E+01    1.6522E+01    1.1987E+01    6.5021E+01    4.8792E+01    1.3609E+01    4.4133E+00    1.5781E+01    0.0000E+00    8.4645E+00   
 1.4986E+03    4.3845E+01    5.2892E+01    2.0440E+01    1.6552E+01    1.1987E+01    6.5017E+01    4.8792E+01    1.3604E+01    4.3928E+00    1.5639E+01    0.0000E+00    8.4893E+00   
# Time (s)      T1w (C)       T2w (C)       T1a (C)       T2a (C)       T1r (C)       T2r (C)       T3r (C)       T4r (C)       P1 (bar)      P2 (bar)      Ic (amp)      Qc (l/min)    
 1.4991E+03    4.3838E+01    5.2887E+01    2.0440E+01    1.6649E+01    1.2033E+01    6.4990E+01    4.8783E+01    1.3624E+01    4.4133E+00    1.5578E+01    0.0000E+00    8.4893E+00   
 1.4997E+03    4.3873E+01    5.2924E+01    2.0608E+01    1.6621E+01    1.2028E+01    6.4950E+01    4.8794E+01    1.3631E+01    4.4133E+00    1.5598E+01    0.0000E+00    8.4645E+00   
 1.5002E+03    4.3873E+01    5.2924E+01    2.0680E+01    1.6700E+01    1.1855E+01    6.4950E+01    4.8801E+01    1.3651E+01    4.4133E+00    1.5741E+01    0.0000E+00    8.4395E+00   
 1.5007E+03    4.3872E+01    5.2945E+01    2.1016E+01    1.6623E+01    1.1849E+01    6.4912E+01    4.8789E+01    1.3651E+01    4.3928E+00    1.5700E+01    0.0000E+00    8.4645E+00   
 1.5013E+03    4.3857E+01    5.2924E+01    2.1136E+01    1.6623E+01    1.1841E+01    6.4935E+01    4.8808E+01    1.3654E+01    4.4133E+00    1.5578E+01    0.0000E+00    8.4645E+00   
 1.5018E+03    4.3872E+01    5.2931E+01    2.1321E+01    1.6683E+01    1.1857E+01    6.4950E+01    4.8814E+01    1.3699E+01    4.4133E+00    1.5781E+01    0.0000E+00    8.4645E+00   
 1.5023E+03    4.3866E+01    5.2940E+01    2.1224E+01    1.6791E+01    1.1883E+01    6.4976E+01    4.8829E+01    1.3716E+01    4.4133E+00    1.5700E+01    0.0000E+00    8.4893E+00   
 1.5029E+03    4.3897E+01    5.2951E+01    2.1240E+01    1.6761E+01    1.1875E+01    6.4986E+01    4.8833E+01    1.3740E+01    4.4133E+00    1.5639E+01    0.0000E+00    8.4645E+00   
 1.5034E+03    4.3886E+01    5.2957E+01    2.1038E+01    1.6712E+01    1.1885E+01    6.4999E+01    4.8847E+01    1.3746E+01    4.4337E+00    1.5781E+01    0.0000E+00    8.4645E+00   
 1.5040E+03    4.3886E+01    5.2957E+01    2.0523E+01    1.6673E+01    1.1909E+01    6.4999E+01    4.8865E+01    1.3746E+01    4.4337E+00    1.5659E+01    0.0000E+00    8.4893E+00   
 1.5045E+03    4.3871E+01    5.2917E+01    2.0288E+01    1.6761E+01    1.1938E+01    6.5042E+01    4.8874E+01    1.3785E+01    4.4337E+00    1.5679E+01    0.0000E+00    8.4893E+00   
 1.5050E+03    4.3873E+01    5.2934E+01    2.0404E+01    1.6761E+01    1.1989E+01    6.5043E+01    4.8885E+01    1.3780E+01    4.4337E+00    1.5598E+01    0.0000E+00    8.4645E+00   
 1.5056E+03    4.3873E+01    5.2947E+01    2.0514E+01    1.6835E+01    1.1989E+01    6.5070E+01    4.8905E+01    1.3802E+01    4.4133E+00    1.5741E+01    0.0000E+00    8.4645E+00   
 1.5061E+03    4.3866E+01    5.2948E+01    2.0697E+01    1.6740E+01    1.2032E+01    6.5069E+01    4.8905E+01    1.3795E+01    4.4337E+00    1.5679E+01    0.0000E+00    8.4893E+00   
 1.5066E+03    4.3866E+01    5.2926E+01    2.0697E+01    1.6646E+01    1.2078E+01    6.5083E+01    4.8902E+01    1.3797E+01    4.4337E+00    1.5741E+01    0.0000E+00    8.4645E+00   
 1.5072E+03    4.3856E+01    5.2926E+01    2.0654E+01    1.6763E+01    1.2064E+01    6.5097E+01    4.8903E+01    1.3794E+01    4.4337E+00    1.5761E+01    0.0000E+00    8.4893E+00   
 1.5077E+03    4.3869E+01    5.2929E+01    2.0739E+01    1.6659E+01    1.2101E+01    6.5097E+01    4.8924E+01    1.3794E+01    4.4337E+00    1.5741E+01    0.0000E+00    8.4395E+00   
 1.5082E+03    4.3857E+01    5.2916E+01    2.0676E+01    1.6655E+01    1.2164E+01    6.5113E+01    4.8931E+01    1.3787E+01    4.4337E+00    1.5598E+01    0.0000E+00    8.4645E+00   
 1.5088E+03    4.3861E+01    5.2909E+01    2.0779E+01    1.6655E+01    1.2243E+01    6.5124E+01    4.8932E+01    1.3820E+01    4.4337E+00    1.5761E+01    0.0000E+00    8.4395E+00   
 1.5093E+03    4.3861E+01    5.2929E+01    2.0805E+01    1.6745E+01    1.2243E+01    6.5151E+01    4.8941E+01    1.3808E+01    4.4337E+00    1.5659E+01    0.0000E+00    8.4893E+00   
 1.5099E+03    4.3854E+01    5.2922E+01    2.0900E+01    1.6693E+01    1.2295E+01    6.5161E+01    4.8941E+01    1.3811E+01    4.4133E+00    1.5761E+01    0.0000E+00    8.4395E+00   
 1.5104E+03    4.3859E+01    5.2915E+01    2.0900E+01    1.6541E+01    1.2276E+01    6.5172E+01    4.8958E+01    1.3821E+01    4.4337E+00    1.5618E+01    0.0000E+00    8.4893E+00   
 1.5109E+03    4.3846E+01    5.2915E+01    2.0751E+01    1.6665E+01    1.2290E+01    6.5192E+01    4.8956E+01    1.3834E+01    4.4133E+00    1.5761E+01    0.0000E+00    8.4645E+00   
 1.5115E+03    4.3847E+01    5.2917E+01    2.0706E+01    1.6636E+01    1.2320E+01    6.5192E+01    4.8955E+01    1.3834E+01    4.4337E+00    1.5679E+01    0.0000E+00    8.4395E+00   
 1.5120E+03    4.3839E+01    5.2909E+01    2.0682E+01    1.6636E+01    1.2330E+01    6.5200E+01    4.8946E+01    1.3830E+01    4.4337E+00    1.5618E+01    0.0000E+00    8.4645E+00   
 1.5125E+03    4.3843E+01    5.2903E+01    2.0389E+01    1.6661E+01    1.2148E+01    6.5219E+01    4.8971E+01    1.3859E+01    4.4133E+00    1.5578E+01    0.0000E+00    8.4395E+00   
 1.5131E+03    4.3843E+01    5.2909E+01    2.0317E+01    1.6643E+01    1.2148E+01    6.5214E+01    4.8971E+01    1.3900E+01    4.4133E+00    1.5598E+01    0.0000E+00    8.4395E+00   
 1.5136E+03    4.3854E+01    5.2917E+01    2.0620E+01    1.6719E+01    1.1986E+01    6.5227E+01    4.9016E+01    1.3931E+01    4.4337E+00    1.5598E+01    0.0000E+00    8.4645E+00   
 1.5141E+03    4.3845E+01    5.2929E+01    2.0620E+01    1.6645E+01    1.1989E+01    6.5222E+01    4.9009E+01    1.3933E+01    4.4133E+00    1.5700E+01    0.0000E+00    8.4645E+00   
 1.5147E+03    4.3856E+01    5.2944E+01    2.0695E+01    1.6644E+01    1.2015E+01    6.5238E+01    4.9024E+01    1.3956E+01    4.4337E+00    1.5741E+01    0.0000E+00    8.4395E+00   
# Time (s)      T1w (C)       T2w (C)       T1a (C)       T2a (C)       T1r (C)       T2r (C)       T3r (C)       T4r (C)       P1 (bar)      P2 (bar)      Ic (amp)      Qc (l/min)    
 1.5152E+03    4.3843E+01    5.2929E+01    2.0905E+01    1.6706E+01    1.2072E+01    6.5238E+01    4.9029E+01    1.3956E+01    4.4337E+00    1.5618E+01    0.0000E+00    8.4395E+00   
 1.5158E+03    4.3867E+01    5.2936E+01    2.0967E+01    1.6722E+01    1.2175E+01    6.5242E+01    4.9041E+01    1.3988E+01    4.4337E+00    1.5700E+01    0.0000E+00    8.4395E+00   
 1.5163E+03    4.3867E+01    5.2923E+01    2.1097E+01    1.6880E+01    1.2122E+01    6.5223E+01    4.9052E+01    1.3986E+01    4.4337E+00    1.5618E+01    0.0000E+00    8.4645E+00   
 1.5168E+03    4.3863E+01    5.2932E+01    2.1306E+01    1.6776E+01    1.2122E+01    6.5188E+01    4.9052E+01    1.4002E+01    4.4337E+00    1.5741E+01    0.0000E+00    8.4395E+00   
 1.5174E+03    4.3871E+01    5.2932E+01    2.1306E+01    1.6763E+01    1.2138E+01    6.5156E+01    4.9058E+01    1.4005E+01    4.4337E+00    1.5598E+01    0.0000E+00    8.4395E+00   
 1.5179E+03    4.3881E+01    5.2961E+01    2.1406E+01    1.6687E+01    1.2139E+01    6.5160E+01    4.9072E+01    1.4017E+01    4.4337E+00    1.5700E+01    0.0000E+00    8.4893E+00   
 1.5184E+03    4.3893E+01    5.2961E+01    2.1281E+01    1.6808E+01    1.2107E+01    6.5160E+01    4.9064E+01    1.4040E+01    4.4337E+00    1.5618E+01    0.0000E+00    8.4645E+00   
 1.5190E+03    4.3871E+01    5.2955E+01    2.0888E+01    1.6777E+01    1.2062E+01    6.5161E+01    4.9080E+01    1.4040E+01    4.4337E+00    1.5598E+01    0.0000E+00    8.5141E+00   
 1.5195E+03    4.3868E+01    5.2935E+01    2.0622E+01    1.6761E+01    1.2046E+01    6.5177E+01    4.9080E+01    1.4056E+01    4.4337E+00    1.5639E+01    0.0000E+00    8.4645E+00   
 1.5200E+03    4.3868E+01    5.2928E+01    2.0826E+01    1.6769E+01    1.1987E+01    6.5196E+01    4.9088E+01    1.4060E+01    4.4337E+00    1.5598E+01    0.0000E+00    8.4395E+00   
 1.5206E+03    4.3846E+01    5.2940E+01    2.1015E+01    1.6739E+01    1.1987E+01    6.5211E+01    4.9088E+01    1.4059E+01    4.4337E+00    1.5679E+01    0.0000E+00    8.4645E+00   
 1.5211E+03    4.3847E+01    5.2923E+01    2.1015E+01    1.6683E+01    1.1989E+01    6.5235E+01    4.9082E+01    1.4078E+01    4.4541E+00    1.5659E+01    0.0000E+00    8.4645E+00   
 1.5216E+03    4.3858E+01    5.2910E+01    2.0838E+01    1.6753E+01    1.1956E+01    6.5261E+01    4.9082E+01    1.4067E+01    4.4337E+00    1.5761E+01    0.0000E+00    8.4893E+00   
 1.5222E+03    4.3842E+01    5.2910E+01    2.0649E+01    1.6827E+01    1.1963E+01    6.5261E+01    4.9106E+01    1.4067E+01    4.4541E+00    1.5700E+01    0.0000E+00    8.4645E+00   
 1.5227E+03    4.3871E+01    5.2946E+01    2.0623E+01    1.6866E+01    1.1937E+01    6.5250E+01    4.9088E+01    1.4085E+01    4.4541E+00    1.5761E+01    0.0000E+00    8.4893E+00   
 1.5233E+03    4.3858E+01    5.2920E+01    2.0776E+01    1.6866E+01    1.1911E+01    6.5252E+01    4.9092E+01    1.4103E+01    4.4541E+00    1.5700E+01    0.0000E+00    8.4645E+00   
 1.5238E+03    4.3873E+01    5.2942E+01    2.0842E+01    1.6812E+01    1.1911E+01    6.5260E+01    4.9087E+01    1.4104E+01    4.4541E+00    1.5720E+01    0.0000E+00    8.4395E+00   
 1.5243E+03    4.3870E+01    5.2941E+01    2.0846E+01    1.6894E+01    1.1879E+01    6.5257E+01    4.9087E+01    1.4102E+01    4.4541E+00    1.5679E+01    0.0000E+00    8.4645E+00   
 1.5249E+03    4.3852E+01    5.2930E+01    2.0831E+01    1.6892E+01    1.1877E+01    6.5290E+01    4.9099E+01    1.4132E+01    4.4541E+00    1.5720E+01    0.0000E+00    8.4395E+00   
 1.5254E+03    4.3844E+01    5.2930E+01    2.0607E+01    1.6827E+01    1.1890E+01    6.5291E+01    4.9113E+01    1.4119E+01    4.4541E+00    1.5700E+01    0.0000E+00    8.4893E+00   
 1.5259E+03    4.3850E+01    5.2921E+01    2.0452E+01    1.6968E+01    1.1919E+01    6.5291E+01    4.9119E+01    1.4119E+01    4.4541E+00    1.5761E+01    0.0000E+00    8.4645E+00   
 1.5265E+03    4.3857E+01    5.2934E+01    2.0379E+01    1.6984E+01    1.1913E+01    6.5293E+01    4.9133E+01    1.4147E+01    4.4541E+00    1.5659E+01    0.0000E+00    8.4893E+00   
 1.5270E+03    4.3832E+01    5.2916E+01    2.0222E+01    1.6968E+01    1.1936E+01    6.5298E+01    4.9128E+01    1.4150E+01    4.4541E+00    1.5781E+01    0.0000E+00    8.4645E+00   
 1.5275E+03    4.3832E+01    5.2899E+01    2.0070E+01    1.6785E+01    1.1936E+01    6.5281E+01    4.9128E+01    1.4138E+01    4.4541E+00    1.5720E+01    0.0000E+00    8.4893E+00   
 1.5281E+03    4.3818E+01    5.2903E+01    2.0067E+01    1.6831E+01    1.1938E+01    6.5298E+01    4.9113E+01    1.4138E+01    4.4541E+00    1.5659E+01    0.0000E+00    8.4893E+00   
 1.5286E+03    4.3839E+01    5.2929E+01    2.0083E+01    1.6859E+01    1.1916E+01    6.5278E+01    4.9116E+01    1.4110E+01    4.4541E+00    1.5781E+01    0.0000E+00    8.4645E+00   
 1.5291E+03    4.3848E+01    5.2929E+01    2.0189E+01    1.6834E+01    1.1912E+01    6.5299E+01    4.9112E+01    1.4102E+01    4.4541E+00    1.5700E+01    0.0000E+00    8.4645E+00   
 1.5297E+03    4.3847E+01    5.2939E+01    2.0324E+01    1.6872E+01    1.1915E+01    6.5299E+01    4.9111E+01    1.4102E+01    4.4541E+00    1.5741E+01    0.0000E+00    8.4893E+00   
 1.5302E+03    4.3851E+01    5.2932E+01    2.0542E+01    1.6872E+01    1.1869E+01    6.5272E+01    4.9109E+01    1.4091E+01    4.4541E+00    1.5822E+01    0.0000E+00    8.4645E+00   
 1.5308E+03    4.3851E+01    5.2931E+01    2.0576E+01    1.6833E+01    1.1812E+01    6.5268E+01    4.9108E+01    1.4079E+01    4.4541E+00    1.5761E+01    0.0000E+00    8.4645E+00   
# Time (s)      T1w (C)       T2w (C)       T1a (C)       T2a (C)       T1r (C)       T2r (C)       T3r (C)       T4r (C)       P1 (bar)      P2 (bar)      Ic (amp)      Qc (l/min)    
 1.5313E+03    4.3835E+01    5.2922E+01    2.0451E+01    1.6809E+01    1.1812E+01    6.5274E+01    4.9108E+01    1.4086E+01    4.4541E+00    1.5618E+01    0.0000E+00    8.4395E+00   
 1.5318E+03    4.3841E+01    5.2945E+01    2.0422E+01    1.6795E+01    1.1765E+01    6.5282E+01    4.9106E+01    1.4088E+01    4.4541E+00    1.5720E+01    0.0000E+00    8.4645E+00   
 1.5324E+03    4.3848E+01    5.2941E+01    2.0422E+01    1.6738E+01    1.1776E+01    6.5292E+01    4.9106E+01    1.4067E+01    4.4541E+00    1.5679E+01    0.0000E+00    8.4645E+00   
 1.5329E+03    4.3849E+01    5.2941E+01    2.0398E+01    1.6727E+01    1.1830E+01    6.5297E+01    4.9101E+01    1.4040E+01    4.4541E+00    1.5679E+01    0.0000E+00    8.4645E+00   
 1.5335E+03    4.3845E+01    5.2935E+01    2.0455E+01    1.6748E+01    1.1887E+01    6.5297E+01    4.9071E+01    1.4040E+01    4.4745E+00    1.5700E+01    0.0000E+00    8.4645E+00   
 1.5340E+03    4.3865E+01    5.2946E+01    2.0376E+01    1.6748E+01    1.1946E+01    6.5304E+01    4.9090E+01    1.4037E+01    4.4541E+00    1.5741E+01    0.0000E+00    8.4645E+00   
 1.5345E+03    4.3865E+01    5.2929E+01    2.0297E+01    1.6728E+01    1.1976E+01    6.5296E+01    4.9076E+01    1.4025E+01    4.4541E+00    1.5741E+01    0.0000E+00    8.4645E+00   
 1.5351E+03    4.3885E+01    5.2962E+01    2.0235E+01    1.6727E+01    1.1992E+01    6.5283E+01    4.9091E+01    1.4032E+01    4.4541E+00    1.5639E+01    0.0000E+00    8.4893E+00   
 1.5356E+03    4.3883E+01    5.2965E+01    2.0235E+01    1.6629E+01    1.2024E+01    6.5292E+01    4.9084E+01    1.4018E+01    4.4541E+00    1.5741E+01    0.0000E+00    8.4893E+00   
 1.5361E+03    4.3887E+01    5.2951E+01    2.0234E+01    1.6647E+01    1.1966E+01    6.5292E+01    4.9078E+01    1.3988E+01    4.4541E+00    1.5781E+01    0.0000E+00    8.4145E+00   
 1.5367E+03    4.3852E+01    5.2936E+01    2.0277E+01    1.6702E+01    1.1922E+01    6.5306E+01    4.9052E+01    1.3980E+01    4.4541E+00    1.5822E+01    0.0000E+00    8.4145E+00   
 1.5372E+03    4.3885E+01    5.2967E+01    2.0279E+01    1.6576E+01    1.1915E+01    6.5306E+01    4.9056E+01    1.3980E+01    4.4541E+00    1.5659E+01    0.0000E+00    8.4395E+00   
 1.5377E+03    4.3866E+01    5.2959E+01    2.0288E+01    1.6560E+01    1.1861E+01    6.5298E+01    4.9040E+01    1.3972E+01    4.4541E+00    1.5741E+01    0.0000E+00    8.4395E+00   
 1.5383E+03    4.3866E+01    5.2956E+01    2.0344E+01    1.6710E+01    1.1838E+01    6.5302E+01    4.9029E+01    1.3959E+01    4.4541E+00    1.5659E+01    0.0000E+00    8.4395E+00   
 1.5388E+03    4.3854E+01    5.2942E+01    2.0314E+01    1.6710E+01    1.1822E+01    6.5300E+01    4.9014E+01    1.3932E+01    4.4541E+00    1.5761E+01    0.0000E+00    8.4395E+00   
 1.5393E+03    4.3844E+01    5.2960E+01    2.0314E+01    1.6648E+01    1.1809E+01    6.5292E+01    4.9010E+01    1.3917E+01    4.4541E+00    1.5700E+01    0.0000E+00    8.4893E+00   
 1.5399E+03    4.3811E+01    5.2944E+01    2.0356E+01    1.6553E+01    1.1814E+01    6.5287E+01    4.9000E+01    1.3913E+01    4.4541E+00    1.5802E+01    0.0000E+00    8.4645E+00   
 1.5404E+03    4.3841E+01    5.2944E+01    2.0385E+01    1.6640E+01    1.1783E+01    6.5287E+01    4.9006E+01    1.3913E+01    4.4541E+00    1.5639E+01    0.0000E+00    8.4645E+00   
 1.5410E+03    4.3849E+01    5.2964E+01    2.0455E+01    1.6570E+01    1.1766E+01    6.5307E+01    4.8995E+01    1.3906E+01    4.4337E+00    1.5761E+01    0.0000E+00    8.4645E+00   
 1.5415E+03    4.3853E+01    5.2960E+01    2.0573E+01    1.6570E+01    1.1742E+01    6.5313E+01    4.8996E+01    1.3916E+01    4.4541E+00    1.5618E+01    0.0000E+00    8.4395E+00   
 1.5420E+03    4.3853E+01    5.2960E+01    2.0559E+01    1.6603E+01    1.1742E+01    6.5332E+01    4.8977E+01    1.3909E+01    4.4541E+00    1.5781E+01    0.0000E+00    8.4645E+00   
 1.5426E+03    4.3851E+01    5.2948E+01    2.0450E+01    1.6574E+01    1.1758E+01    6.5349E+01    4.8977E+01    1.3920E+01    4.4541E+00    1.5639E+01    0.0000E+00    8.4395E+00   
 1.5431E+03    4.3844E+01    5.2968E+01    2.0450E+01    1.6670E+01    1.1779E+01    6.5362E+01    4.8979E+01    1.3913E+01    4.4541E+00    1.5720E+01    0.0000E+00    8.4893E+00   
 1.5436E+03    4.3825E+01    5.2968E+01    2.0488E+01    1.6583E+01    1.1774E+01    6.5381E+01    4.8975E+01    1.3917E+01    4.4337E+00    1.5822E+01    0.0000E+00    8.4645E+00   
 1.5442E+03    4.3851E+01    5.2965E+01    2.0437E+01    1.6641E+01    1.1767E+01    6.5381E+01    4.8967E+01    1.3917E+01    4.4337E+00    1.5639E+01    0.0000E+00    8.4645E+00   
 1.5447E+03    4.3859E+01    5.2936E+01    2.0402E+01    1.6601E+01    1.1758E+01    6.5406E+01    4.8968E+01    1.3921E+01    4.4541E+00    1.5639E+01    0.0000E+00    8.4395E+00   
 1.5453E+03    4.3829E+01    5.2957E+01    2.0606E+01    1.6601E+01    1.1767E+01    6.5416E+01    4.8971E+01    1.3915E+01    4.4541E+00    1.5822E+01    0.0000E+00    8.4645E+00   
 1.5458E+03    4.3829E+01    5.2959E+01    2.0524E+01    1.6646E+01    1.1759E+01    6.5414E+01    4.8959E+01    1.3898E+01    4.4541E+00    1.5761E+01    0.0000E+00    8.4395E+00   
 1.5463E+03    4.3852E+01    5.2964E+01    2.0544E+01    1.6580E+01    1.1759E+01    6.5408E+01    4.8959E+01    1.3903E+01    4.4541E+00    1.5659E+01    0.0000E+00    8.4645E+00   
 1.5469E+03    4.3864E+01    5.2968E+01    2.0544E+01    1.6511E+01    1.1759E+01    6.5400E+01    4.8926E+01    1.3889E+01    4.4541E+00    1.5679E+01    0.0000E+00    8.4395E+00   
# Time (s)      T1w (C)       T2w (C)       T1a (C)       T2a (C)       T1r (C)       T2r (C)       T3r (C)       T4r (C)       P1 (bar)      P2 (bar)      Ic (amp)      Qc (l/min)    
 1.5474E+03    4.3847E+01    5.2969E+01    2.0714E+01    1.6487E+01    1.1789E+01    6.5374E+01    4.8964E+01    1.3877E+01    4.4541E+00    1.5720E+01    0.0000E+00    8.4395E+00   
 1.5480E+03    4.3872E+01    5.2984E+01    2.0647E+01    1.6570E+01    1.1780E+01    6.5374E+01    4.8933E+01    1.3877E+01    4.4337E+00    1.5741E+01    0.0000E+00    8.4645E+00   
 1.5485E+03    4.3859E+01    5.2976E+01    2.0483E+01    1.6713E+01    1.1787E+01    6.5379E+01    4.8932E+01    1.3871E+01    4.4337E+00    1.5741E+01    0.0000E+00    8.4645E+00   
 1.5490E+03    4.3870E+01    5.2989E+01    2.0412E+01    1.6729E+01    1.1748E+01    6.5359E+01    4.8908E+01    1.3846E+01    4.4337E+00    1.5781E+01    0.0000E+00    8.4893E+00   
 1.5496E+03    4.3870E+01    5.2994E+01    2.0432E+01    1.6672E+01    1.1748E+01    6.5346E+01    4.8908E+01    1.3848E+01    4.4541E+00    1.5802E+01    0.0000E+00    8.4645E+00   
 1.5501E+03    4.3876E+01    5.3005E+01    2.0555E+01    1.6619E+01    1.1767E+01    6.5375E+01    4.8940E+01    1.3855E+01    4.4541E+00    1.5761E+01    0.0000E+00    8.4645E+00   
 1.5506E+03    4.3889E+01    5.3006E+01    2.0555E+01    1.6564E+01    1.1804E+01    6.5379E+01    4.8918E+01    1.3841E+01    4.4337E+00    1.5720E+01    0.0000E+00    8.4395E+00   
 1.5512E+03    4.3911E+01    5.3021E+01    2.0582E+01    1.6651E+01    1.1837E+01    6.5370E+01    4.8923E+01    1.3840E+01    4.4541E+00    1.5761E+01    0.0000E+00    8.4893E+00   
 1.5517E+03    4.3909E+01    5.3034E+01    2.0411E+01    1.6590E+01    1.1915E+01    6.5370E+01    4.8908E+01    1.3840E+01    4.4337E+00    1.5700E+01    0.0000E+00    8.4893E+00   
 1.5523E+03    4.3914E+01    5.3030E+01    2.0280E+01    1.6690E+01    1.1953E+01    6.5385E+01    4.8913E+01    1.3829E+01    4.4337E+00    1.5700E+01    0.0000E+00    8.4893E+00   
 1.5528E+03    4.3915E+01    5.3027E+01    2.0247E+01    1.6690E+01    1.1946E+01    6.5363E+01    4.8915E+01    1.3830E+01    4.4541E+00    1.5741E+01    0.0000E+00    8.4893E+00   
 1.5533E+03    4.3915E+01    5.3035E+01    2.0174E+01    1.6610E+01    1.1946E+01    6.5364E+01    4.8915E+01    1.3844E+01    4.4541E+00    1.5741E+01    0.0000E+00    8.4645E+00   
 1.5539E+03    4.3929E+01    5.3046E+01    2.0246E+01    1.6807E+01    1.1979E+01    6.5370E+01    4.8906E+01    1.3830E+01    4.4337E+00    1.5761E+01    0.0000E+00    8.4645E+00   
 1.5544E+03    4.3932E+01    5.3042E+01    2.0246E+01    1.6761E+01    1.2052E+01    6.5392E+01    4.8932E+01    1.3817E+01    4.4337E+00    1.5802E+01    0.0000E+00    8.4645E+00   
 1.5549E+03    4.3941E+01    5.3056E+01    2.0278E+01    1.6759E+01    1.2108E+01    6.5412E+01    4.8915E+01    1.3811E+01    4.4337E+00    1.5822E+01    0.0000E+00    8.4395E+00   
 1.5555E+03    4.3948E+01    5.3074E+01    2.0269E+01    1.6663E+01    1.2093E+01    6.5412E+01    4.8917E+01    1.3811E+01    4.4337E+00    1.5741E+01    0.0000E+00    8.4893E+00   
 1.5560E+03    4.3960E+01    5.3057E+01    2.0233E+01    1.6663E+01    1.2092E+01    6.5442E+01    4.8924E+01    1.3799E+01    4.4337E+00    1.5781E+01    0.0000E+00    8.4893E+00   
 1.5565E+03    4.3960E+01    5.3056E+01    2.0205E+01    1.6747E+01    1.2034E+01    6.5422E+01    4.8927E+01    1.3817E+01    4.4337E+00    1.5802E+01    0.0000E+00    8.4645E+00   
 1.5571E+03    4.3988E+01    5.3075E+01    2.0314E+01    1.6661E+01    1.2034E+01    6.5414E+01    4.8927E+01    1.3813E+01    4.4337E+00    1.5802E+01    0.0000E+00    8.4893E+00   
 1.5576E+03    4.3972E+01    5.3079E+01    2.0300E+01    1.6607E+01    1.1940E+01    6.5418E+01    4.8922E+01    1.3822E+01    4.4337E+00    1.5618E+01    0.0000E+00    8.4645E+00   
 1.5582E+03    4.3968E+01    5.3089E+01    2.0300E+01    1.6706E+01    1.1899E+01    6.5444E+01    4.8915E+01    1.3837E+01    4.4337E+00    1.5720E+01    0.0000E+00    8.4893E+00   
 1.5587E+03    4.3971E+01    5.3089E+01    2.0274E+01    1.6718E+01    1.1853E+01    6.5451E+01    4.8922E+01    1.3833E+01    4.4337E+00    1.5781E+01    0.0000E+00    8.4395E+00   
 1.5592E+03    4.3973E+01    5.3073E+01    2.0489E+01    1.6665E+01    1.1827E+01    6.5451E+01    4.8887E+01    1.3833E+01    4.4337E+00    1.5741E+01    0.0000E+00    8.4645E+00   
 1.5598E+03    4.3960E+01    5.3079E+01    2.0600E+01    1.6665E+01    1.1820E+01    6.5444E+01    4.8891E+01    1.3837E+01    4.4337E+00    1.5679E+01    0.0000E+00    8.4395E+00   
 1.5603E+03    4.3960E+01    5.3063E+01    2.0662E+01    1.6658E+01    1.1878E+01    6.5459E+01    4.8923E+01    1.3841E+01    4.4337E+00    1.5720E+01    0.0000E+00    8.4395E+00   
 1.5608E+03    4.3952E+01    5.3062E+01    2.0641E+01    1.6644E+01    1.1894E+01    6.5466E+01    4.8937E+01    1.3845E+01    4.4337E+00    1.5781E+01    0.0000E+00    8.4145E+00   
 1.5614E+03    4.3920E+01    5.3034E+01    2.0492E+01    1.6667E+01    1.2003E+01    6.5465E+01    4.8927E+01    1.3828E+01    4.4337E+00    1.5741E+01    0.0000E+00    8.4395E+00   
 1.5619E+03    4.3957E+01    5.3045E+01    2.0508E+01    1.6738E+01    1.2115E+01    6.5466E+01    4.8939E+01    1.3832E+01    4.4337E+00    1.5741E+01    0.0000E+00    8.4893E+00   
 1.5625E+03    4.3957E+01    5.3045E+01    2.0396E+01    1.6600E+01    1.2171E+01    6.5449E+01    4.8942E+01    1.3852E+01    4.4133E+00    1.5802E+01    0.0000E+00    8.4645E+00   
 1.5630E+03    4.3953E+01    5.3067E+01    2.0341E+01    1.6642E+01    1.2129E+01    6.5463E+01    4.8971E+01    1.3868E+01    4.4337E+00    1.5802E+01    0.0000E+00    8.4145E+00   
# Time (s)      T1w (C)       T2w (C)       T1a (C)       T2a (C)       T1r (C)       T2r (C)       T3r (C)       T4r (C)       P1 (bar)      P2 (bar)      Ic (amp)      Qc (l/min)    
 1.5635E+03    4.3977E+01    5.3064E+01    2.0347E+01    1.6642E+01    1.2037E+01    6.5460E+01    4.8978E+01    1.3878E+01    4.4337E+00    1.5598E+01    0.0000E+00    8.4645E+00   
 1.5641E+03    4.3992E+01    5.3071E+01    2.0332E+01    1.6666E+01    1.2013E+01    6.5439E+01    4.8979E+01    1.3897E+01    4.4337E+00    1.5761E+01    0.0000E+00    8.4893E+00   
 1.5646E+03    4.3982E+01    5.3069E+01    2.0556E+01    1.6738E+01    1.2013E+01    6.5439E+01    4.8979E+01    1.3928E+01    4.4337E+00    1.5720E+01    0.0000E+00    8.4645E+00   
 1.5651E+03    4.3985E+01    5.3086E+01    2.0572E+01    1.6812E+01    1.1979E+01    6.5438E+01    4.8987E+01    1.3933E+01    4.4133E+00    1.5618E+01    0.0000E+00    8.4395E+00   
 1.5657E+03    4.3984E+01    5.3077E+01    2.0556E+01    1.6736E+01    1.1973E+01    6.5432E+01    4.9003E+01    1.3944E+01    4.4337E+00    1.5741E+01    0.0000E+00    8.4395E+00   
 1.5662E+03    4.3993E+01    5.3077E+01    2.0493E+01    1.6676E+01    1.2055E+01    6.5452E+01    4.9006E+01    1.3944E+01    4.4337E+00    1.5618E+01    0.0000E+00    8.4645E+00   
 1.5667E+03    4.3977E+01    5.3073E+01    2.0402E+01    1.6842E+01    1.2125E+01    6.5452E+01    4.9003E+01    1.3949E+01    4.4133E+00    1.5700E+01    0.0000E+00    8.4893E+00   
 1.5673E+03    4.4000E+01    5.3062E+01    2.0527E+01    1.6842E+01    1.2149E+01    6.5476E+01    4.9043E+01    1.3980E+01    4.4337E+00    1.5781E+01    0.0000E+00    8.4395E+00   
 1.5678E+03    4.4000E+01    5.3066E+01    2.0559E+01    1.6770E+01    1.2083E+01    6.5476E+01    4.9033E+01    1.3957E+01    4.4337E+00    1.5618E+01    0.0000E+00    8.4645E+00   
 1.5684E+03    4.3984E+01    5.3064E+01    2.0614E+01    1.6843E+01    1.2083E+01    6.5497E+01    4.9033E+01    1.3983E+01    4.4337E+00    1.5639E+01    0.0000E+00    8.4893E+00   
 1.5689E+03    4.3977E+01    5.3048E+01    2.0614E+01    1.6833E+01    1.2071E+01    6.5490E+01    4.9071E+01    1.4000E+01    4.4337E+00    1.5618E+01    0.0000E+00    8.4645E+00   
 1.5694E+03    4.3966E+01    5.3048E+01    2.0716E+01    1.6822E+01    1.2064E+01    6.5514E+01    4.9051E+01    1.4018E+01    4.4337E+00    1.5802E+01    0.0000E+00    8.4893E+00   
 1.5700E+03    4.3970E+01    5.3049E+01    2.0743E+01    1.6674E+01    1.2083E+01    6.5528E+01    4.9083E+01    1.4034E+01    4.4337E+00    1.5700E+01    0.0000E+00    8.3390E+00   
 1.5705E+03    4.3990E+01    5.3063E+01    2.0599E+01    1.6668E+01    1.2048E+01    6.5530E+01    4.9099E+01    1.4036E+01    4.4337E+00    1.5802E+01    0.0000E+00    8.2373E+00   
 1.5710E+03    4.3965E+01    5.3054E+01    2.0532E+01    1.6668E+01    1.2024E+01    6.5520E+01    4.9127E+01    1.4064E+01    4.4337E+00    1.5761E+01    0.0000E+00    8.3137E+00   
 1.5716E+03    4.3965E+01    5.3038E+01    2.0451E+01    1.6611E+01    1.1990E+01    6.5528E+01    4.9130E+01    1.4050E+01    4.4541E+00    1.5679E+01    0.0000E+00    8.4645E+00   
 1.5721E+03    4.3988E+01    5.3041E+01    2.0637E+01    1.6607E+01    1.2006E+01    6.5557E+01    4.9145E+01    1.4093E+01    4.4337E+00    1.5639E+01    0.0000E+00    8.4645E+00   
 1.5727E+03    4.3987E+01    5.3041E+01    2.0637E+01    1.6633E+01    1.2014E+01    6.5563E+01    4.9151E+01    1.4087E+01    4.4337E+00    1.5700E+01    0.0000E+00    8.4645E+00   
 1.5732E+03    4.3991E+01    5.3041E+01    2.0711E+01    1.6722E+01    1.1994E+01    6.5579E+01    4.9147E+01    1.4079E+01    4.4337E+00    1.5761E+01    0.0000E+00    8.4645E+00   
 1.5737E+03    4.3975E+01    5.3043E+01    2.0710E+01    1.6734E+01    1.1976E+01    6.5579E+01    4.9164E+01    1.4079E+01    4.4337E+00    1.5659E+01    0.0000E+00    8.4645E+00   
 1.5743E+03    4.3982E+01    5.3025E+01    2.0618E+01    1.6648E+01    1.2008E+01    6.5588E+01    4.9159E+01    1.4093E+01    4.4337E+00    1.5700E+01    0.0000E+00    8.4645E+00   
 1.5748E+03    4.3969E+01    5.3015E+01    2.0423E+01    1.6648E+01    1.2050E+01    6.5593E+01    4.9163E+01    1.4081E+01    4.4541E+00    1.5598E+01    0.0000E+00    8.4645E+00   
 1.5753E+03    4.3969E+01    5.3012E+01    2.0248E+01    1.6620E+01    1.2089E+01    6.5612E+01    4.9163E+01    1.4086E+01    4.4337E+00    1.5741E+01    0.0000E+00    8.4645E+00   
 1.5759E+03    4.3977E+01    5.3011E+01    2.0200E+01    1.6661E+01    1.2089E+01    6.5585E+01    4.9167E+01    1.4105E+01    4.4541E+00    1.5781E+01    0.0000E+00    8.4645E+00   
 1.5764E+03    4.3972E+01    5.3011E+01    2.0200E+01    1.6702E+01    1.2100E+01    6.5596E+01    4.9163E+01    1.4109E+01    4.4541E+00    1.5761E+01    0.0000E+00    8.4145E+00   
 1.5769E+03    4.3971E+01    5.3001E+01    2.0184E+01    1.6659E+01    1.2103E+01    6.5595E+01    4.9182E+01    1.4107E+01    4.4541E+00    1.5679E+01    0.0000E+00    8.4645E+00   
 1.5775E+03    4.3971E+01    5.3001E+01    2.0216E+01    1.6673E+01    1.2100E+01    6.5595E+01    4.9164E+01    1.4107E+01    4.4337E+00    1.5781E+01    0.0000E+00    8.5141E+00   
 1.5780E+03    4.3973E+01    5.3034E+01    2.0332E+01    1.6720E+01    1.2043E+01    6.5592E+01    4.9176E+01    1.4122E+01    4.4541E+00    1.5700E+01    0.0000E+00    8.4395E+00   
 1.5786E+03    4.3970E+01    5.3010E+01    2.0304E+01    1.6720E+01    1.2000E+01    6.5604E+01    4.9168E+01    1.4096E+01    4.4541E+00    1.5720E+01    0.0000E+00    8.4645E+00   
 1.5791E+03    4.3985E+01    5.3047E+01    2.0480E+01    1.6754E+01    1.2000E+01    6.5590E+01    4.9168E+01    1.4133E+01    4.4337E+00    1.5639E+01    0.0000E+00    8.4645E+00   
# Time (s)      T1w (C)       T2w (C)       T1a (C)       T2a (C)       T1r (C)       T2r (C)       T3r (C)       T4r (C)       P1 (bar)      P2 (bar)      Ic (amp)      Qc (l/min)    
 1.5796E+03    4.3983E+01    5.3032E+01    2.0478E+01    1.6756E+01    1.2006E+01    6.5583E+01    4.9164E+01    1.4113E+01    4.4541E+00    1.5761E+01    0.0000E+00    8.4645E+00   
 1.5802E+03    4.3978E+01    5.3036E+01    2.0478E+01    1.6758E+01    1.2037E+01    6.5598E+01    4.9196E+01    1.4142E+01    4.4541E+00    1.5700E+01    0.0000E+00    8.4395E+00   
 1.5807E+03    4.3977E+01    5.3036E+01    2.0376E+01    1.6735E+01    1.2014E+01    6.5595E+01    4.9172E+01    1.4139E+01    4.4541E+00    1.5741E+01    0.0000E+00    8.4395E+00   
 1.5812E+03    4.3997E+01    5.3034E+01    2.0362E+01    1.6823E+01    1.2009E+01    6.5595E+01    4.9173E+01    1.4139E+01    4.4541E+00    1.5720E+01    0.0000E+00    8.4645E+00   
 1.5818E+03    4.3982E+01    5.3034E+01    2.0473E+01    1.6823E+01    1.1984E+01    6.5613E+01    4.9186E+01    1.4151E+01    4.4541E+00    1.5781E+01    0.0000E+00    8.4645E+00   
 1.5823E+03    4.3967E+01    5.3025E+01    2.0474E+01    1.6805E+01    1.1984E+01    6.5633E+01    4.9191E+01    1.4171E+01    4.4541E+00    1.5822E+01    0.0000E+00    8.4645E+00   
 1.5828E+03    4.3966E+01    5.3026E+01    2.0644E+01    1.6746E+01    1.1984E+01    6.5644E+01    4.9191E+01    1.4159E+01    4.4541E+00    1.5802E+01    0.0000E+00    8.4645E+00   
 1.5834E+03    4.3956E+01    5.2989E+01    2.0657E+01    1.6795E+01    1.1992E+01    6.5637E+01    4.9190E+01    1.4176E+01    4.4745E+00    1.5761E+01    0.0000E+00    8.4645E+00   
 1.5839E+03    4.3925E+01    5.3010E+01    2.0657E+01    1.6895E+01    1.1992E+01    6.5649E+01    4.9179E+01    1.4181E+01    4.4541E+00    1.5720E+01    0.0000E+00    8.4145E+00   
 1.5844E+03    4.3938E+01    5.3025E+01    2.0828E+01    1.6819E+01    1.1975E+01    6.5640E+01    4.9175E+01    1.4152E+01    4.4541E+00    1.5720E+01    0.0000E+00    8.4645E+00   
 1.5850E+03    4.3938E+01    5.3004E+01    2.0636E+01    1.6854E+01    1.2000E+01    6.5640E+01    4.9159E+01    1.4152E+01    4.4541E+00    1.5618E+01    0.0000E+00    8.4645E+00   
 1.5855E+03    4.3915E+01    5.2999E+01    2.0435E+01    1.6839E+01    1.2053E+01    6.5636E+01    4.9151E+01    1.4168E+01    4.4541E+00    1.5618E+01    0.0000E+00    8.4893E+00   
 1.5861E+03    4.3915E+01    5.2985E+01    2.0515E+01    1.6846E+01    1.2071E+01    6.5613E+01    4.9132E+01    1.4156E+01    4.4541E+00    1.5802E+01    0.0000E+00    8.4645E+00   
 1.5866E+03    4.3912E+01    5.2992E+01    2.0425E+01    1.6940E+01    1.2071E+01    6.5612E+01    4.9132E+01    1.4147E+01    4.4541E+00    1.5700E+01    0.0000E+00    8.4645E+00   
 1.5872E+03    4.3908E+01    5.2979E+01    2.0322E+01    1.6945E+01    1.2086E+01    6.5609E+01    4.9119E+01    1.4141E+01    4.4541E+00    1.5639E+01    0.0000E+00    8.4645E+00   
 1.5877E+03    4.3890E+01    5.2976E+01    2.0322E+01    1.6813E+01    1.2057E+01    6.5602E+01    4.9130E+01    1.4139E+01    4.4745E+00    1.5741E+01    0.0000E+00    8.4645E+00   
 1.5882E+03    4.3883E+01    5.2976E+01    2.0255E+01    1.6802E+01    1.1999E+01    6.5556E+01    4.9125E+01    1.4148E+01    4.4541E+00    1.5781E+01    0.0000E+00    8.4893E+00   
 1.5888E+03    4.3884E+01    5.2972E+01    2.0231E+01    1.6807E+01    1.1923E+01    6.5556E+01    4.9135E+01    1.4148E+01    4.4541E+00    1.5802E+01    0.0000E+00    8.4645E+00   
 1.5893E+03    4.3923E+01    5.2990E+01    2.0230E+01    1.6823E+01    1.1865E+01    6.5534E+01    4.9116E+01    1.4155E+01    4.4541E+00    1.5741E+01    0.0000E+00    8.4645E+00   
 1.5898E+03    4.3923E+01    5.2981E+01    2.0243E+01    1.6789E+01    1.1814E+01    6.5534E+01    4.9105E+01    1.4159E+01    4.4541E+00    1.5659E+01    0.0000E+00    8.4645E+00   
 1.5904E+03    4.3937E+01    5.2986E+01    2.0304E+01    1.6768E+01    1.1830E+01    6.5588E+01    4.9119E+01    1.4191E+01    4.4541E+00    1.5781E+01    0.0000E+00    8.4645E+00   
 1.5909E+03    4.3933E+01    5.2984E+01    2.0341E+01    1.6711E+01    1.1806E+01    6.5590E+01    4.9105E+01    1.4178E+01    4.4745E+00    1.5700E+01    0.0000E+00    8.4395E+00   
 1.5915E+03    4.3941E+01    5.3012E+01    2.0357E+01    1.6752E+01    1.1804E+01    6.5589E+01    4.9098E+01    1.4189E+01    4.4745E+00    1.5618E+01    0.0000E+00    8.4395E+00   
 1.5920E+03    4.3950E+01    5.3012E+01    2.0304E+01    1.6821E+01    1.1804E+01    6.5604E+01    4.9103E+01    1.4172E+01    4.4745E+00    1.5781E+01    0.0000E+00    8.4645E+00   
 1.5925E+03    4.3943E+01    5.3021E+01    2.0351E+01    1.6667E+01    1.1854E+01    6.5618E+01    4.9125E+01    1.4188E+01    4.4745E+00    1.5618E+01    0.0000E+00    8.4645E+00   
 1.5931E+03    4.3948E+01    5.3007E+01    2.0380E+01    1.6667E+01    1.1865E+01    6.5621E+01    4.9116E+01    1.4176E+01    4.4745E+00    1.5822E+01    0.0000E+00    8.4395E+00   
 1.5936E+03    4.3934E+01    5.2991E+01    2.0214E+01    1.6732E+01    1.1913E+01    6.5647E+01    4.9117E+01    1.4166E+01    4.4745E+00    1.5741E+01    0.0000E+00    8.4893E+00   
 1.5941E+03    4.3952E+01    5.3008E+01    2.0284E+01    1.6744E+01    1.1913E+01    6.5640E+01    4.9117E+01    1.4157E+01    4.4745E+00    1.5659E+01    0.0000E+00    8.4395E+00   
 1.5947E+03    4.3937E+01    5.3000E+01    2.0284E+01    1.6708E+01    1.1968E+01    6.5630E+01    4.9090E+01    1.4126E+01    4.4745E+00    1.5639E+01    0.0000E+00    8.4893E+00   
 1.5952E+03    4.3927E+01    5.2977E+01    2.0288E+01    1.6672E+01    1.2024E+01    6.5644E+01    4.9105E+01    1.4116E+01    4.4745E+00    1.5720E+01    0.0000E+00    8.4395E+00   
# Time (s)      T1w (C)       T2w (C)       T1a (C)       T2a (C)       T1r (C)       T2r (C)       T3r (C)       T4r (C)       P1 (bar)      P2 (bar)      Ic (amp)      Qc (l/min)    
 1.5957E+03    4.3921E+01    5.2977E+01    2.0302E+01    1.6703E+01    1.2052E+01    6.5654E+01    4.9107E+01    1.4110E+01    4.4745E+00    1.5639E+01    0.0000E+00    8.4893E+00   
 1.5963E+03    4.3905E+01    5.2962E+01    2.0597E+01    1.6617E+01    1.2054E+01    6.5654E+01    4.9108E+01    1.4110E+01    4.4541E+00    1.5741E+01    0.0000E+00    8.4893E+00   
 1.5968E+03    4.3890E+01    5.2962E+01    2.0805E+01    1.6617E+01    1.2000E+01    6.5657E+01    4.9106E+01    1.4078E+01    4.4745E+00    1.5761E+01    0.0000E+00    8.4395E+00   
 1.5974E+03    4.3890E+01    5.2980E+01    2.0861E+01    1.6548E+01    1.1882E+01    6.5649E+01    4.9093E+01    1.4082E+01    4.4541E+00    1.5679E+01    0.0000E+00    8.4893E+00   
 1.5979E+03    4.3913E+01    5.2983E+01    2.0745E+01    1.6567E+01    1.1882E+01    6.5650E+01    4.9093E+01    1.4075E+01    4.4541E+00    1.5842E+01    0.0000E+00    8.4395E+00   
 1.5984E+03    4.3912E+01    5.2972E+01    2.0729E+01    1.6671E+01    1.1779E+01    6.5632E+01    4.9079E+01    1.4060E+01    4.4541E+00    1.5720E+01    0.0000E+00    8.4645E+00   
 1.5990E+03    4.3883E+01    5.2978E+01    2.0527E+01    1.6732E+01    1.1727E+01    6.5631E+01    4.9073E+01    1.4061E+01    4.4541E+00    1.5781E+01    0.0000E+00    8.4395E+00   
 1.5995E+03    4.3888E+01    5.2978E+01    2.0349E+01    1.6630E+01    1.1742E+01    6.5617E+01    4.9054E+01    1.4046E+01    4.4541E+00    1.5720E+01    0.0000E+00    8.4645E+00   
 1.6000E+03    4.3888E+01    5.2970E+01    2.0319E+01    1.6744E+01    1.1754E+01    6.5615E+01    4.9037E+01    1.4034E+01    4.4541E+00    1.5639E+01    0.0000E+00    8.4893E+00   
 1.6006E+03    4.3889E+01    5.2954E+01    2.0296E+01    1.6744E+01    1.1717E+01    6.5600E+01    4.9037E+01    1.4041E+01    4.4541E+00    1.5842E+01    0.0000E+00    8.4395E+00   
 1.6011E+03    4.3889E+01    5.2956E+01    2.0288E+01    1.6757E+01    1.1728E+01    6.5593E+01    4.9051E+01    1.4050E+01    4.4745E+00    1.5781E+01    0.0000E+00    8.4645E+00   
 1.6017E+03    4.3884E+01    5.2961E+01    2.0276E+01    1.6614E+01    1.1744E+01    6.5606E+01    4.9051E+01    1.4043E+01    4.4541E+00    1.5741E+01    0.0000E+00    8.4645E+00   
 1.6022E+03    4.3886E+01    5.2958E+01    2.0276E+01    1.6658E+01    1.1749E+01    6.5611E+01    4.9023E+01    1.4029E+01    4.4541E+00    1.5802E+01    0.0000E+00    8.4893E+00   
 1.6027E+03    4.3902E+01    5.2978E+01    2.0249E+01    1.6631E+01    1.1720E+01    6.5627E+01    4.9031E+01    1.4030E+01    4.4541E+00    1.5720E+01    0.0000E+00    8.4645E+00   
 1.6033E+03    4.3910E+01    5.2978E+01    2.0162E+01    1.6601E+01    1.1752E+01    6.5641E+01    4.9056E+01    1.4046E+01    4.4541E+00    1.5781E+01    0.0000E+00    8.4395E+00   
 1.6038E+03    4.3890E+01    5.2960E+01    2.0206E+01    1.6711E+01    1.1771E+01    6.5673E+01    4.9039E+01    1.4021E+01    4.4541E+00    1.5822E+01    0.0000E+00    8.4395E+00   
 1.6044E+03    4.3912E+01    5.2978E+01    2.0253E+01    1.6711E+01    1.1730E+01    6.5645E+01    4.9014E+01    1.4017E+01    4.4745E+00    1.5741E+01    0.0000E+00    8.4645E+00   
 1.6049E+03    4.3912E+01    5.2969E+01    2.0291E+01    1.6591E+01    1.1753E+01    6.5666E+01    4.9011E+01    1.4012E+01    4.4745E+00    1.5659E+01    0.0000E+00    8.4395E+00   
 1.6054E+03    4.3907E+01    5.2972E+01    2.0378E+01    1.6676E+01    1.1737E+01    6.5633E+01    4.8997E+01    1.3982E+01    4.4541E+00    1.5700E+01    0.0000E+00    8.4645E+00   
 1.6060E+03    4.3908E+01    5.2964E+01    2.0378E+01    1.6589E+01    1.1742E+01    6.5653E+01    4.8996E+01    1.3973E+01    4.4541E+00    1.5639E+01    0.0000E+00    8.4893E+00   
 1.6065E+03    4.3903E+01    5.2969E+01    2.0317E+01    1.6595E+01    1.1709E+01    6.5654E+01    4.8987E+01    1.3968E+01    4.4541E+00    1.5802E+01    0.0000E+00    8.4645E+00   
 1.6070E+03    4.3894E+01    5.2969E+01    2.0209E+01    1.6681E+01    1.1672E+01    6.5654E+01    4.8991E+01    1.3968E+01    4.4541E+00    1.5659E+01    0.0000E+00    8.4645E+00   
 1.6076E+03    4.3892E+01    5.2965E+01    2.0267E+01    1.6700E+01    1.1656E+01    6.5643E+01    4.8961E+01    1.3935E+01    4.4745E+00    1.5720E+01    0.0000E+00    8.4645E+00   
 1.6081E+03    4.3890E+01    5.2952E+01    2.0221E+01    1.6700E+01    1.1672E+01    6.5655E+01    4.8957E+01    1.3932E+01    4.4745E+00    1.5761E+01    0.0000E+00    8.4645E+00   
 1.6087E+03    4.3890E+01    5.2952E+01    2.0280E+01    1.6716E+01    1.1733E+01    6.5658E+01    4.8956E+01    1.3916E+01    4.4745E+00    1.5679E+01    0.0000E+00    8.4645E+00   
 1.6092E+03    4.3884E+01    5.2958E+01    2.0301E+01    1.6674E+01    1.1733E+01    6.5653E+01    4.8956E+01    1.3884E+01    4.4541E+00    1.5720E+01    0.0000E+00    8.3894E+00   
 1.6097E+03    4.3902E+01    5.2973E+01    2.0301E+01    1.6706E+01    1.1741E+01    6.5615E+01    4.8933E+01    1.3876E+01    4.4541E+00    1.5741E+01    0.0000E+00    8.4395E+00   
 1.6103E+03    4.3921E+01    5.2979E+01    2.0563E+01    1.6629E+01    1.1720E+01    6.5632E+01    4.8920E+01    1.3891E+01    4.4541E+00    1.5822E+01    0.0000E+00    8.4893E+00   
 1.6108E+03    4.3897E+01    5.2979E+01    2.0464E+01    1.6612E+01    1.1687E+01    6.5642E+01    4.8923E+01    1.3891E+01    4.4541E+00    1.5679E+01    0.0000E+00    8.4645E+00   
 1.6113E+03    4.3911E+01    5.2988E+01    2.0609E+01    1.6672E+01    1.1704E+01    6.5642E+01    4.8919E+01    1.3872E+01    4.4541E+00    1.5720E+01    0.0000E+00    8.4645E+00   
# Time (s)      T1w (C)       T2w (C)       T1a (C)       T2a (C)       T1r (C)       T2r (C)       T3r (C)       T4r (C)       P1 (bar)      P2 (bar)      Ic (amp)      Qc (l/min)    
 1.6119E+03    4.3909E+01    5.2990E+01    2.0725E+01    1.6672E+01    1.1730E+01    6.5663E+01    4.8906E+01    1.3867E+01    4.4541E+00    1.5659E+01    0.0000E+00    8.4893E+00   
 1.6124E+03    4.3924E+01    5.3003E+01    2.0722E+01    1.6754E+01    1.1718E+01    6.5670E+01    4.8896E+01    1.3862E+01    4.4541E+00    1.5761E+01    0.0000E+00    8.4645E+00   
 1.6130E+03    4.3911E+01    5.3006E+01    2.1076E+01    1.6721E+01    1.1718E+01    6.5643E+01    4.8896E+01    1.3849E+01    4.4745E+00    1.5679E+01    0.0000E+00    8.4645E+00   
 1.6135E+03    4.3944E+01    5.3003E+01    2.1091E+01    1.6744E+01    1.1744E+01    6.5658E+01    4.8899E+01    1.3847E+01    4.4745E+00    1.5720E+01    0.0000E+00    8.4645E+00   
 1.6140E+03    4.3953E+01    5.3003E+01    2.1516E+01    1.6814E+01    1.1760E+01    6.5682E+01    4.8914E+01    1.3867E+01    4.4541E+00    1.5639E+01    0.0000E+00    8.4893E+00   
 1.6146E+03    4.3958E+01    5.3029E+01    2.1568E+01    1.6788E+01    1.1788E+01    6.5682E+01    4.8901E+01    1.3867E+01    4.4541E+00    1.5802E+01    0.0000E+00    8.4395E+00   
 1.6151E+03    4.3944E+01    5.3021E+01    2.1526E+01    1.6798E+01    1.1815E+01    6.5671E+01    4.8894E+01    1.3846E+01    4.4541E+00    1.5659E+01    0.0000E+00    8.4645E+00   
 1.6156E+03    4.3946E+01    5.3004E+01    2.1504E+01    1.6798E+01    1.1804E+01    6.5704E+01    4.8911E+01    1.3838E+01    4.4745E+00    1.5781E+01    0.0000E+00    8.4645E+00   
 1.6162E+03    4.3946E+01    5.3017E+01    2.1423E+01    1.6811E+01    1.1839E+01    6.5702E+01    4.8911E+01    1.3846E+01    4.4745E+00    1.5822E+01    0.0000E+00    8.4395E+00   
 1.6167E+03    4.3933E+01    5.3017E+01    2.1172E+01    1.6758E+01    1.1839E+01    6.5719E+01    4.8918E+01    1.3828E+01    4.4745E+00    1.5639E+01    0.0000E+00    8.4893E+00   
 1.6172E+03    4.3940E+01    5.3023E+01    2.1172E+01    1.6891E+01    1.1835E+01    6.5697E+01    4.8905E+01    1.3821E+01    4.4745E+00    1.5741E+01    0.0000E+00    8.4645E+00   
 1.6178E+03    4.3953E+01    5.3023E+01    2.1166E+01    1.6749E+01    1.1854E+01    6.5690E+01    4.8897E+01    1.3820E+01    4.4541E+00    1.5679E+01    0.0000E+00    8.4645E+00   
 1.6183E+03    4.3942E+01    5.3031E+01    2.1022E+01    1.6918E+01    1.1837E+01    6.5704E+01    4.8899E+01    1.3836E+01    4.4745E+00    1.5659E+01    0.0000E+00    8.4645E+00   
 1.6189E+03    4.3946E+01    5.3041E+01    2.0872E+01    1.6918E+01    1.1811E+01    6.5705E+01    4.8895E+01    1.3827E+01    4.4541E+00    1.5720E+01    0.0000E+00    8.4645E+00   
 1.6194E+03    4.3958E+01    5.3047E+01    2.0835E+01    1.6915E+01    1.1828E+01    6.5698E+01    4.8875E+01    1.3795E+01    4.4541E+00    1.5659E+01    0.0000E+00    8.4645E+00   
 1.6199E+03    4.3958E+01    5.3036E+01    2.0745E+01    1.6934E+01    1.1828E+01    6.5698E+01    4.8875E+01    1.3783E+01    4.4541E+00    1.5700E+01    0.0000E+00    8.4645E+00   
 1.6205E+03    4.3948E+01    5.3056E+01    2.0710E+01    1.6839E+01    1.1863E+01    6.5693E+01    4.8891E+01    1.3757E+01    4.4541E+00    1.5822E+01    0.0000E+00    8.4145E+00   
 1.6210E+03    4.3953E+01    5.3043E+01    2.0710E+01    1.6824E+01    1.1879E+01    6.5696E+01    4.8882E+01    1.3760E+01    4.4541E+00    1.5842E+01    0.0000E+00    8.4395E+00   
 1.6215E+03    4.3947E+01    5.3043E+01    2.0681E+01    1.6845E+01    1.1890E+01    6.5700E+01    4.8866E+01    1.3735E+01    4.4541E+00    1.5741E+01    0.0000E+00    8.4395E+00   
 1.6221E+03    4.3948E+01    5.3059E+01    2.0610E+01    1.6847E+01    1.1891E+01    6.5700E+01    4.8860E+01    1.3735E+01    4.4541E+00    1.5700E+01    0.0000E+00    8.4645E+00   
 1.6226E+03    4.3958E+01    5.3060E+01    2.0614E+01    1.6863E+01    1.1894E+01    6.5691E+01    4.8839E+01    1.3722E+01    4.4541E+00    1.5679E+01    0.0000E+00    8.4395E+00   
 1.6232E+03    4.3966E+01    5.3065E+01    2.0683E+01    1.6769E+01    1.1881E+01    6.5694E+01    4.8847E+01    1.3706E+01    4.4541E+00    1.5761E+01    0.0000E+00    8.4395E+00   
 1.6237E+03    4.3966E+01    5.3068E+01    2.0567E+01    1.6732E+01    1.1849E+01    6.5735E+01    4.8841E+01    1.3730E+01    4.4337E+00    1.5720E+01    0.0000E+00    8.4645E+00   
 1.6243E+03    4.3972E+01    5.3041E+01    2.0596E+01    1.6913E+01    1.1849E+01    6.5715E+01    4.8841E+01    1.3734E+01    4.4541E+00    1.5802E+01    0.0000E+00    8.4893E+00   
 1.6248E+03    4.3960E+01    5.3061E+01    2.0612E+01    1.6772E+01    1.1803E+01    6.5746E+01    4.8854E+01    1.3744E+01    4.4337E+00    1.5781E+01    0.0000E+00    8.4395E+00   
 1.6253E+03    4.3950E+01    5.3061E+01    2.0605E+01    1.6813E+01    1.1742E+01    6.5752E+01    4.8866E+01    1.3762E+01    4.4337E+00    1.5822E+01    0.0000E+00    8.4893E+00   
 1.6259E+03    4.3966E+01    5.3077E+01    2.0679E+01    1.6781E+01    1.1719E+01    6.5752E+01    4.8863E+01    1.3762E+01    4.4337E+00    1.5639E+01    0.0000E+00    8.4893E+00   
 1.6264E+03    4.3959E+01    5.3082E+01    2.0711E+01    1.6781E+01    1.1727E+01    6.5740E+01    4.8864E+01    1.3758E+01    4.4541E+00    1.5822E+01    0.0000E+00    8.4645E+00   
 1.6269E+03    4.3960E+01    5.3063E+01    2.0874E+01    1.6784E+01    1.1734E+01    6.5728E+01    4.8864E+01    1.3751E+01    4.4541E+00    1.5720E+01    0.0000E+00    8.4395E+00   
 1.6275E+03    4.3975E+01    5.3083E+01    2.0976E+01    1.6834E+01    1.1734E+01    6.5741E+01    4.8864E+01    1.3760E+01    4.4541E+00    1.5679E+01    0.0000E+00    8.4395E+00   
# Time (s)      T1w (C)       T2w (C)       T1a (C)       T2a (C)       T1r (C)       T2r (C)       T3r (C)       T4r (C)       P1 (bar)      P2 (bar)      Ic (amp)      Qc (l/min)    
 1.6280E+03    4.3978E+01    5.3089E+01    2.0992E+01    1.6777E+01    1.1764E+01    6.5737E+01    4.8853E+01    1.3733E+01    4.4541E+00    1.5639E+01    0.0000E+00    8.4395E+00   
 1.6285E+03    4.3973E+01    5.3074E+01    2.0992E+01    1.6638E+01    1.1845E+01    6.5757E+01    4.8864E+01    1.3720E+01    4.4541E+00    1.5659E+01    0.0000E+00    8.4893E+00   
 1.6291E+03    4.3971E+01    5.3074E+01    2.0961E+01    1.6693E+01    1.1935E+01    6.5736E+01    4.8862E+01    1.3724E+01    4.4541E+00    1.5822E+01    0.0000E+00    8.4645E+00   
 1.6296E+03    4.3968E+01    5.3071E+01    2.0953E+01    1.6866E+01    1.2041E+01    6.5751E+01    4.8869E+01    1.3739E+01    4.4337E+00    1.5659E+01    0.0000E+00    8.4395E+00   
 1.6302E+03    4.3975E+01    5.3078E+01    2.1032E+01    1.6866E+01    1.2116E+01    6.5765E+01    4.8866E+01    1.3729E+01    4.4541E+00    1.5659E+01    0.0000E+00    8.4893E+00   
 1.6307E+03    4.3974E+01    5.3052E+01    2.1083E+01    1.6822E+01    1.2162E+01    6.5791E+01    4.8887E+01    1.3732E+01    4.4337E+00    1.5741E+01    0.0000E+00    8.4645E+00   
 1.6312E+03    4.3974E+01    5.3059E+01    2.0950E+01    1.6786E+01    1.2162E+01    6.5806E+01    4.8887E+01    1.3731E+01    4.4337E+00    1.5802E+01    0.0000E+00    8.4395E+00   
 1.6318E+03    4.3954E+01    5.3058E+01    2.0950E+01    1.6846E+01    1.2228E+01    6.5811E+01    4.8902E+01    1.3732E+01    4.4541E+00    1.5842E+01    0.0000E+00    8.4893E+00   
 1.6323E+03    4.3958E+01    5.3058E+01    2.0720E+01    1.6868E+01    1.2323E+01    6.5813E+01    4.8885E+01    1.3767E+01    4.4541E+00    1.5659E+01    0.0000E+00    8.4645E+00   
 1.6328E+03    4.3970E+01    5.3058E+01    2.0668E+01    1.6941E+01    1.2374E+01    6.5796E+01    4.8921E+01    1.3780E+01    4.4337E+00    1.5700E+01    0.0000E+00    8.4893E+00   
 1.6334E+03    4.3972E+01    5.3050E+01    2.0742E+01    1.6922E+01    1.2277E+01    6.5796E+01    4.8924E+01    1.3780E+01    4.4337E+00    1.5659E+01    0.0000E+00    8.4395E+00   
 1.6339E+03    4.3956E+01    5.3030E+01    2.0695E+01    1.6922E+01    1.2101E+01    6.5824E+01    4.8933E+01    1.3809E+01    4.4337E+00    1.5639E+01    0.0000E+00    8.4395E+00   
 1.6345E+03    4.3968E+01    5.3061E+01    2.0635E+01    1.7048E+01    1.1994E+01    6.5809E+01    4.8925E+01    1.3829E+01    4.4541E+00    1.5842E+01    0.0000E+00    8.4645E+00   
 1.6350E+03    4.3968E+01    5.3052E+01    2.0697E+01    1.6942E+01    1.1994E+01    6.5823E+01    4.8925E+01    1.3837E+01    4.4541E+00    1.5679E+01    0.0000E+00    8.4395E+00   
 1.6355E+03    4.3966E+01    5.3052E+01    2.0691E+01    1.6863E+01    1.1993E+01    6.5849E+01    4.8967E+01    1.3879E+01    4.4337E+00    1.5700E+01    0.0000E+00    8.4645E+00   
 1.6361E+03    4.3971E+01    5.3042E+01    2.0691E+01    1.6919E+01    1.1993E+01    6.5855E+01    4.8975E+01    1.3896E+01    4.4337E+00    1.5639E+01    0.0000E+00    8.4395E+00   
 1.6366E+03    4.3948E+01    5.3042E+01    2.0782E+01    1.6826E+01    1.1979E+01    6.5895E+01    4.8992E+01    1.3909E+01    4.4337E+00    1.5659E+01    0.0000E+00    8.4645E+00   
 1.6371E+03    4.3944E+01    5.3044E+01    2.0831E+01    1.6828E+01    1.1944E+01    6.5895E+01    4.8984E+01    1.3909E+01    4.4541E+00    1.5822E+01    0.0000E+00    8.4645E+00   
 1.6377E+03    4.3933E+01    5.3034E+01    2.0704E+01    1.6844E+01    1.2010E+01    6.5902E+01    4.9008E+01    1.3937E+01    4.4541E+00    1.5679E+01    0.0000E+00    8.4893E+00   
 1.6382E+03    4.3933E+01    5.3039E+01    2.0839E+01    1.6920E+01    1.2022E+01    6.5899E+01    4.9017E+01    1.3934E+01    4.4541E+00    1.5822E+01    0.0000E+00    8.4645E+00   
 1.6388E+03    4.3951E+01    5.3026E+01    2.0937E+01    1.6783E+01    1.2037E+01    6.5938E+01    4.9031E+01    1.3966E+01    4.4541E+00    1.5822E+01    0.0000E+00    8.4395E+00   
 1.6393E+03    4.3940E+01    5.3017E+01    2.0902E+01    1.7007E+01    1.2092E+01    6.5930E+01    4.9045E+01    1.3973E+01    4.4541E+00    1.5822E+01    0.0000E+00    8.4645E+00   
 1.6399E+03    4.3954E+01    5.3037E+01    2.0918E+01    1.6906E+01    1.2183E+01    6.5921E+01    4.9044E+01    1.3983E+01    4.4745E+00    1.5781E+01    0.0000E+00    8.4645E+00   
 1.6404E+03    4.3960E+01    5.3037E+01    2.0746E+01    1.7022E+01    1.2256E+01    6.5920E+01    4.9044E+01    1.3984E+01    4.4541E+00    1.5761E+01    0.0000E+00    8.4395E+00   
 1.6409E+03    4.3968E+01    5.3045E+01    2.0805E+01    1.6949E+01    1.2388E+01    6.5935E+01    4.9065E+01    1.4000E+01    4.4541E+00    1.5679E+01    0.0000E+00    8.4145E+00   
 1.6415E+03    4.3956E+01    5.3036E+01    2.0680E+01    1.6949E+01    1.2506E+01    6.5923E+01    4.9086E+01    1.4006E+01    4.4541E+00    1.5700E+01    0.0000E+00    8.4645E+00   
 1.6420E+03    4.3962E+01    5.3032E+01    2.0647E+01    1.6916E+01    1.2579E+01    6.5930E+01    4.9083E+01    1.4002E+01    4.4541E+00    1.5822E+01    0.0000E+00    8.4395E+00   
 1.6425E+03    4.3962E+01    5.3035E+01    2.0832E+01    1.7016E+01    1.2579E+01    6.5938E+01    4.9083E+01    1.4004E+01    4.4541E+00    1.5741E+01    0.0000E+00    8.4645E+00   
 1.6431E+03    4.3953E+01    5.3046E+01    2.0963E+01    1.6961E+01    1.2640E+01    6.5934E+01    4.9096E+01    1.4019E+01    4.4541E+00    1.5639E+01    0.0000E+00    8.4395E+00   
 1.6436E+03    4.3958E+01    5.3022E+01    2.0963E+01    1.7011E+01    1.2664E+01    6.5927E+01    4.9107E+01    1.4027E+01    4.4541E+00    1.5679E+01    0.0000E+00    8.4645E+00   
# Time (s)      T1w (C)       T2w (C)       T1a (C)       T2a (C)       T1r (C)       T2r (C)       T3r (C)       T4r (C)       P1 (bar)      P2 (bar)      Ic (amp)      Qc (l/min)    
 1.6442E+03    4.3949E+01    5.3022E+01    2.0819E+01    1.6892E+01    1.2701E+01    6.5941E+01    4.9107E+01    1.4024E+01    4.4541E+00    1.5720E+01    0.0000E+00    8.4893E+00   
 1.6447E+03    4.3962E+01    5.3022E+01    2.0875E+01    1.6973E+01    1.2763E+01    6.5941E+01    4.9103E+01    1.4024E+01    4.4541E+00    1.5679E+01    0.0000E+00    8.4395E+00   
 1.6452E+03    4.3948E+01    5.3019E+01    2.0897E+01    1.6973E+01    1.2792E+01    6.5938E+01    4.9114E+01    1.4037E+01    4.4541E+00    1.5679E+01    0.0000E+00    8.4395E+00   
 1.6458E+03    4.3948E+01    5.3004E+01    2.0770E+01    1.7096E+01    1.2762E+01    6.5955E+01    4.9127E+01    1.4058E+01    4.4541E+00    1.5720E+01    0.0000E+00    8.4395E+00   
 1.6463E+03    4.3926E+01    5.3013E+01    2.0684E+01    1.6922E+01    1.2762E+01    6.5961E+01    4.9127E+01    1.4089E+01    4.4541E+00    1.5659E+01    0.0000E+00    8.4893E+00   
 1.6468E+03    4.3958E+01    5.3011E+01    2.0700E+01    1.6891E+01    1.2628E+01    6.5982E+01    4.9167E+01    1.4103E+01    4.4541E+00    1.5618E+01    0.0000E+00    8.4893E+00   
 1.6474E+03    4.3953E+01    5.3013E+01    2.0564E+01    1.6808E+01    1.2519E+01    6.5973E+01    4.9158E+01    1.4132E+01    4.4541E+00    1.5720E+01    0.0000E+00    8.4145E+00   
 1.6479E+03    4.3975E+01    5.3028E+01    2.0679E+01    1.6809E+01    1.2455E+01    6.6000E+01    4.9194E+01    1.4169E+01    4.4541E+00    1.5659E+01    0.0000E+00    8.4893E+00   
 1.6484E+03    4.3958E+01    5.3029E+01    2.0686E+01    1.6879E+01    1.2442E+01    6.6000E+01    4.9200E+01    1.4169E+01    4.4745E+00    1.5741E+01    0.0000E+00    8.4645E+00   
 1.6490E+03    4.3987E+01    5.3053E+01    2.0716E+01    1.6895E+01    1.2358E+01    6.6006E+01    4.9220E+01    1.4177E+01    4.4541E+00    1.5639E+01    0.0000E+00    8.4145E+00   
 1.6495E+03    4.3987E+01    5.3030E+01    2.0670E+01    1.6915E+01    1.2280E+01    6.6010E+01    4.9224E+01    1.4181E+01    4.4745E+00    1.5802E+01    0.0000E+00    8.4645E+00   
 1.6501E+03    4.3984E+01    5.3035E+01    2.0654E+01    1.7067E+01    1.2280E+01    6.6015E+01    4.9224E+01    1.4211E+01    4.4541E+00    1.5720E+01    0.0000E+00    8.4145E+00   
 1.6506E+03    4.3971E+01    5.3001E+01    2.0638E+01    1.6995E+01    1.2234E+01    6.6038E+01    4.9222E+01    1.4219E+01    4.4541E+00    1.5700E+01    0.0000E+00    8.3390E+00   
 1.6512E+03    4.3949E+01    5.3010E+01    2.0662E+01    1.7020E+01    1.2208E+01    6.6033E+01    4.9232E+01    1.4226E+01    4.4745E+00    1.5741E+01    0.0000E+00    8.4395E+00   
 1.6517E+03    4.3963E+01    5.3010E+01    2.0628E+01    1.6985E+01    1.2206E+01    6.6016E+01    4.9223E+01    1.4210E+01    4.4745E+00    1.5639E+01    0.0000E+00    8.4645E+00   
 1.6522E+03    4.3961E+01    5.3010E+01    2.0562E+01    1.7071E+01    1.2235E+01    6.6016E+01    4.9232E+01    1.4207E+01    4.4745E+00    1.5802E+01    0.0000E+00    8.4645E+00   
 1.6528E+03    4.3947E+01    5.2988E+01    2.0694E+01    1.7055E+01    1.2166E+01    6.6023E+01    4.9224E+01    1.4219E+01    4.4745E+00    1.5781E+01    0.0000E+00    8.4645E+00   
 1.6533E+03    4.3947E+01    5.2976E+01    2.0559E+01    1.7034E+01    1.2154E+01    6.6009E+01    4.9236E+01    1.4229E+01    4.4745E+00    1.5720E+01    0.0000E+00    8.4893E+00   
 1.6538E+03    4.3959E+01    5.2976E+01    2.0490E+01    1.7018E+01    1.2138E+01    6.6009E+01    4.9221E+01    1.4213E+01    4.4745E+00    1.5802E+01    0.0000E+00    8.4645E+00   
 1.6544E+03    4.3953E+01    5.2976E+01    2.0434E+01    1.6956E+01    1.2166E+01    6.5993E+01    4.9218E+01    1.4227E+01    4.4745E+00    1.5679E+01    0.0000E+00    8.4645E+00   
 1.6549E+03    4.3937E+01    5.2963E+01    2.0434E+01    1.6944E+01    1.2193E+01    6.5979E+01    4.9213E+01    1.4218E+01    4.4745E+00    1.5781E+01    0.0000E+00    8.4893E+00   
 1.6555E+03    4.3931E+01    5.2963E+01    2.0637E+01    1.6913E+01    1.2151E+01    6.5983E+01    4.9223E+01    1.4218E+01    4.4745E+00    1.5822E+01    0.0000E+00    8.4395E+00   
 1.6560E+03    4.3935E+01    5.2974E+01    2.0774E+01    1.6989E+01    1.2098E+01    6.5997E+01    4.9239E+01    1.4234E+01    4.4745E+00    1.5741E+01    0.0000E+00    8.4395E+00   
 1.6566E+03    4.3952E+01    5.2974E+01    2.0731E+01    1.6989E+01    1.2034E+01    6.5980E+01    4.9232E+01    1.4249E+01    4.4745E+00    1.5781E+01    0.0000E+00    8.4645E+00   
 1.6571E+03    4.3965E+01    5.2980E+01    2.0706E+01    1.6934E+01    1.1978E+01    6.5986E+01    4.9252E+01    1.4241E+01    4.4745E+00    1.5741E+01    0.0000E+00    8.4395E+00   
 1.6576E+03    4.3965E+01    5.2986E+01    2.0929E+01    1.6976E+01    1.1994E+01    6.6012E+01    4.9266E+01    1.4286E+01    4.4745E+00    1.5659E+01    0.0000E+00    8.4395E+00   
 1.6582E+03    4.3969E+01    5.2974E+01    2.0747E+01    1.6917E+01    1.1998E+01    6.6028E+01    4.9251E+01    1.4282E+01    4.4949E+00    1.5822E+01    0.0000E+00    8.4395E+00   
 1.6587E+03    4.3963E+01    5.2974E+01    2.0747E+01    1.6906E+01    1.2001E+01    6.6046E+01    4.9252E+01    1.4288E+01    4.4745E+00    1.5639E+01    0.0000E+00    8.4645E+00   
 1.6592E+03    4.3947E+01    5.2974E+01    2.0644E+01    1.6968E+01    1.2006E+01    6.6035E+01    4.9245E+01    1.4296E+01    4.4745E+00    1.5659E+01    0.0000E+00    8.4395E+00   
 1.6598E+03    4.3941E+01    5.2971E+01    2.0546E+01    1.7007E+01    1.2010E+01    6.6035E+01    4.9263E+01    1.4296E+01    4.4949E+00    1.5802E+01    0.0000E+00    8.4645E+00   
# Time (s)      T1w (C)       T2w (C)       T1a (C)       T2a (C)       T1r (C)       T2r (C)       T3r (C)       T4r (C)       P1 (bar)      P2 (bar)      Ic (amp)      Qc (l/min)    
 1.6603E+03    4.3932E+01    5.2991E+01    2.0416E+01    1.7007E+01    1.1999E+01    6.6048E+01    4.9249E+01    1.4278E+01    4.4949E+00    1.5842E+01    0.0000E+00    8.4645E+00   
 1.6609E+03    4.3932E+01    5.2996E+01    2.0413E+01    1.6991E+01    1.1970E+01    6.6007E+01    4.9232E+01    1.4269E+01    4.4949E+00    1.5761E+01    0.0000E+00    8.4645E+00   
 1.6614E+03    4.3932E+01    5.2977E+01    2.0429E+01    1.7064E+01    1.1970E+01    6.6027E+01    4.9232E+01    1.4256E+01    4.4745E+00    1.5842E+01    0.0000E+00    8.4645E+00   
 1.6620E+03    4.3933E+01    5.2984E+01    2.0545E+01    1.6990E+01    1.1906E+01    6.5971E+01    4.9235E+01    1.4230E+01    4.4949E+00    1.5822E+01    0.0000E+00    8.4645E+00   
 1.6625E+03    4.3953E+01    5.2981E+01    2.0545E+01    1.7075E+01    1.1899E+01    6.5960E+01    4.9207E+01    1.4226E+01    4.4745E+00    1.5761E+01    0.0000E+00    8.4645E+00   
 1.6630E+03    4.3929E+01    5.2996E+01    2.0700E+01    1.7060E+01    1.1929E+01    6.5955E+01    4.9214E+01    1.4201E+01    4.4949E+00    1.5659E+01    0.0000E+00    8.4645E+00   
 1.6636E+03    4.3922E+01    5.2997E+01    2.0664E+01    1.7094E+01    1.1943E+01    6.5955E+01    4.9201E+01    1.4201E+01    4.4949E+00    1.5741E+01    0.0000E+00    8.4645E+00   
 1.6641E+03    4.3920E+01    5.2987E+01    2.0576E+01    1.7094E+01    1.1943E+01    6.5907E+01    4.9168E+01    1.4161E+01    4.4949E+00    1.5781E+01    0.0000E+00    8.4395E+00   
 1.6646E+03    4.3916E+01    5.2992E+01    2.0464E+01    1.6970E+01    1.1941E+01    6.5927E+01    4.9183E+01    1.4151E+01    4.4745E+00    1.5700E+01    0.0000E+00    8.4395E+00   
 1.6652E+03    4.3916E+01    5.2985E+01    2.0445E+01    1.6943E+01    1.1918E+01    6.5940E+01    4.9183E+01    1.4133E+01    4.4745E+00    1.5679E+01    0.0000E+00    8.4893E+00   
 1.6657E+03    4.3924E+01    5.2986E+01    2.0500E+01    1.6946E+01    1.1918E+01    6.5924E+01    4.9155E+01    1.4114E+01    4.4745E+00    1.5822E+01    0.0000E+00    8.4893E+00   
 1.6663E+03    4.3913E+01    5.2996E+01    2.0500E+01    1.7011E+01    1.1881E+01    6.5887E+01    4.9154E+01    1.4116E+01    4.4949E+00    1.5761E+01    0.0000E+00    8.4645E+00   
 1.6668E+03    4.3917E+01    5.2987E+01    2.0496E+01    1.6939E+01    1.1845E+01    6.5874E+01    4.9141E+01    1.4104E+01    4.4949E+00    1.5802E+01    0.0000E+00    8.4893E+00   
 1.6674E+03    4.3906E+01    5.2987E+01    2.0618E+01    1.6954E+01    1.1866E+01    6.5874E+01    4.9131E+01    1.4104E+01    4.4949E+00    1.5761E+01    0.0000E+00    8.4893E+00   
 1.6679E+03    4.3898E+01    5.2988E+01    2.0814E+01    1.6954E+01    1.1834E+01    6.5871E+01    4.9113E+01    1.4098E+01    4.4745E+00    1.5720E+01    0.0000E+00    8.4395E+00   
 1.6684E+03    4.3898E+01    5.2994E+01    2.0593E+01    1.7024E+01    1.1786E+01    6.5843E+01    4.9113E+01    1.4094E+01    4.4745E+00    1.5679E+01    0.0000E+00    8.4645E+00   
 1.6690E+03    4.3913E+01    5.3000E+01    2.0668E+01    1.7022E+01    1.1777E+01    6.5871E+01    4.9113E+01    1.4083E+01    4.4745E+00    1.5679E+01    0.0000E+00    8.4145E+00   
 1.6695E+03    4.3918E+01    5.3000E+01    2.0593E+01    1.6981E+01    1.1777E+01    6.5874E+01    4.9093E+01    1.4074E+01    4.4745E+00    1.5700E+01    0.0000E+00    8.4395E+00   
 1.6700E+03    4.3916E+01    5.3009E+01    2.0609E+01    1.6941E+01    1.1800E+01    6.5867E+01    4.9094E+01    1.4060E+01    4.4745E+00    1.5679E+01    0.0000E+00    8.4145E+00   
 1.6706E+03    4.3909E+01    5.3009E+01    2.0575E+01    1.6958E+01    1.1812E+01    6.5851E+01    4.9067E+01    1.4049E+01    4.4745E+00    1.5863E+01    0.0000E+00    8.4145E+00   
 1.6711E+03    4.3930E+01    5.3011E+01    2.0592E+01    1.6990E+01    1.1819E+01    6.5855E+01    4.9068E+01    1.4049E+01    4.4745E+00    1.5720E+01    0.0000E+00    8.4893E+00   
 1.6717E+03    4.3909E+01    5.3012E+01    2.0602E+01    1.7048E+01    1.1824E+01    6.5855E+01    4.9061E+01    1.4040E+01    4.4745E+00    1.5883E+01    0.0000E+00    8.4395E+00   
 1.6722E+03    4.3928E+01    5.3038E+01    2.0675E+01    1.7064E+01    1.1831E+01    6.5861E+01    4.9051E+01    1.4019E+01    4.4745E+00    1.5781E+01    0.0000E+00    8.4645E+00   
 1.6728E+03    4.3928E+01    5.3033E+01    2.0693E+01    1.7005E+01    1.1793E+01    6.5859E+01    4.9051E+01    1.4005E+01    4.4745E+00    1.5679E+01    0.0000E+00    8.4645E+00   
 1.6733E+03    4.3920E+01    5.3023E+01    2.0604E+01    1.6927E+01    1.1793E+01    6.5875E+01    4.9038E+01    1.3987E+01    4.4745E+00    1.5761E+01    0.0000E+00    8.4395E+00   
 1.6738E+03    4.3915E+01    5.3031E+01    2.0604E+01    1.6845E+01    1.1786E+01    6.5902E+01    4.9045E+01    1.4000E+01    4.4745E+00    1.5741E+01    0.0000E+00    8.4645E+00   
 1.6744E+03    4.3907E+01    5.3022E+01    2.0635E+01    1.6893E+01    1.1741E+01    6.5908E+01    4.9026E+01    1.3988E+01    4.4745E+00    1.5822E+01    0.0000E+00    8.4645E+00   
 1.6749E+03    4.3916E+01    5.3022E+01    2.0560E+01    1.6889E+01    1.1701E+01    6.5908E+01    4.9010E+01    1.3988E+01    4.4745E+00    1.5842E+01    0.0000E+00    8.4395E+00   
 1.6754E+03    4.3902E+01    5.3010E+01    2.0482E+01    1.6859E+01    1.1722E+01    6.5924E+01    4.9004E+01    1.3983E+01    4.4745E+00    1.5720E+01    0.0000E+00    8.4395E+00   
 1.6760E+03    4.3888E+01    5.3018E+01    2.0400E+01    1.6859E+01    1.1740E+01    6.5922E+01    4.9002E+01    1.3977E+01    4.4745E+00    1.5741E+01    0.0000E+00    8.4645E+00   
# Time (s)      T1w (C)       T2w (C)       T1a (C)       T2a (C)       T1r (C)       T2r (C)       T3r (C)       T4r (C)       P1 (bar)      P2 (bar)      Ic (amp)      Qc (l/min)    
 1.6765E+03    4.3888E+01    5.3019E+01    2.0475E+01    1.6935E+01    1.1772E+01    6.5934E+01    4.9002E+01    1.3969E+01    4.4745E+00    1.5761E+01    0.0000E+00    8.4645E+00   
 1.6771E+03    4.3883E+01    5.3003E+01    2.0593E+01    1.6980E+01    1.1788E+01    6.5987E+01    4.9001E+01    1.3962E+01    4.4745E+00    1.5741E+01    0.0000E+00    8.4645E+00   
 1.6776E+03    4.3872E+01    5.3015E+01    2.0593E+01    1.6945E+01    1.1828E+01    6.5997E+01    4.9001E+01    1.3959E+01    4.4745E+00    1.5679E+01    0.0000E+00    8.4645E+00   
 1.6782E+03    4.3881E+01    5.2990E+01    2.0674E+01    1.6974E+01    1.1859E+01    6.5994E+01    4.8984E+01    1.3948E+01    4.4745E+00    1.5863E+01    0.0000E+00    8.4395E+00   
 1.6787E+03    4.3878E+01    5.2990E+01    2.0645E+01    1.6998E+01    1.1863E+01    6.5980E+01    4.8982E+01    1.3948E+01    4.4745E+00    1.5802E+01    0.0000E+00    8.4893E+00   
 1.6792E+03    4.3865E+01    5.2981E+01    2.0618E+01    1.6976E+01    1.1890E+01    6.5994E+01    4.8979E+01    1.3940E+01    4.4745E+00    1.5679E+01    0.0000E+00    8.4645E+00   
 1.6798E+03    4.3879E+01    5.2983E+01    2.0643E+01    1.6976E+01    1.1887E+01    6.5990E+01    4.8967E+01    1.3938E+01    4.4541E+00    1.5761E+01    0.0000E+00    8.4395E+00   
 1.6803E+03    4.3879E+01    5.2982E+01    2.0621E+01    1.6988E+01    1.1863E+01    6.5989E+01    4.8967E+01    1.3916E+01    4.4745E+00    1.5863E+01    0.0000E+00    8.4645E+00   
 1.6808E+03    4.3852E+01    5.2977E+01    2.0494E+01    1.6927E+01    1.1863E+01    6.5975E+01    4.8962E+01    1.3905E+01    4.4745E+00    1.5720E+01    0.0000E+00    8.4645E+00   
 1.6814E+03    4.3854E+01    5.2960E+01    2.0494E+01    1.6986E+01    1.1843E+01    6.5975E+01    4.8953E+01    1.3897E+01    4.4541E+00    1.5761E+01    0.0000E+00    8.4645E+00   
 1.6819E+03    4.3868E+01    5.2984E+01    2.0440E+01    1.7041E+01    1.1821E+01    6.5968E+01    4.8949E+01    1.3889E+01    4.4745E+00    1.5781E+01    0.0000E+00    8.4395E+00   
 1.6825E+03    4.3851E+01    5.2984E+01    2.0382E+01    1.7072E+01    1.1798E+01    6.5979E+01    4.8936E+01    1.3889E+01    4.4541E+00    1.5822E+01    0.0000E+00    8.4645E+00   
 1.6830E+03    4.3863E+01    5.2990E+01    2.0455E+01    1.7027E+01    1.1782E+01    6.5979E+01    4.8942E+01    1.3872E+01    4.4745E+00    1.5659E+01    0.0000E+00    8.4893E+00   
 1.6835E+03    4.3870E+01    5.2982E+01    2.0416E+01    1.7027E+01    1.1833E+01    6.6005E+01    4.8916E+01    1.3869E+01    4.4745E+00    1.5761E+01    0.0000E+00    8.4395E+00   
 1.6841E+03    4.3885E+01    5.2999E+01    2.0528E+01    1.7024E+01    1.1864E+01    6.6003E+01    4.8931E+01    1.3891E+01    4.4745E+00    1.5761E+01    0.0000E+00    8.4645E+00   
 1.6846E+03    4.3878E+01    5.3006E+01    2.0513E+01    1.6983E+01    1.1864E+01    6.6002E+01    4.8927E+01    1.3878E+01    4.4745E+00    1.5822E+01    0.0000E+00    8.4893E+00   
 1.6852E+03    4.3884E+01    5.3009E+01    2.0528E+01    1.6992E+01    1.1914E+01    6.6022E+01    4.8933E+01    1.3884E+01    4.4745E+00    1.5761E+01    0.0000E+00    8.4645E+00   
 1.6857E+03    4.3888E+01    5.3010E+01    2.0610E+01    1.7072E+01    1.1915E+01    6.6021E+01    4.8931E+01    1.3877E+01    4.4541E+00    1.5720E+01    0.0000E+00    8.3894E+00   
 1.6862E+03    4.3894E+01    5.3010E+01    2.0757E+01    1.6960E+01    1.1928E+01    6.6016E+01    4.8940E+01    1.3877E+01    4.4745E+00    1.5842E+01    0.0000E+00    8.4645E+00   
 1.6868E+03    4.3893E+01    5.3002E+01    2.0844E+01    1.6984E+01    1.1949E+01    6.6016E+01    4.8928E+01    1.3871E+01    4.4745E+00    1.5842E+01    0.0000E+00    8.4645E+00   
 1.6873E+03    4.3905E+01    5.3002E+01    2.0721E+01    1.6984E+01    1.1973E+01    6.6015E+01    4.8937E+01    1.3900E+01    4.4745E+00    1.5883E+01    0.0000E+00    8.4395E+00   
 1.6879E+03    4.3905E+01    5.3010E+01    2.0636E+01    1.6998E+01    1.1992E+01    6.5994E+01    4.8937E+01    1.3901E+01    4.4541E+00    1.5720E+01    0.0000E+00    8.4645E+00   
 1.6884E+03    4.3886E+01    5.2997E+01    2.0665E+01    1.7001E+01    1.1992E+01    6.6000E+01    4.8943E+01    1.3867E+01    4.4745E+00    1.5781E+01    0.0000E+00    8.4645E+00   
 1.6889E+03    4.3874E+01    5.3011E+01    2.0665E+01    1.7019E+01    1.2025E+01    6.6016E+01    4.8930E+01    1.3884E+01    4.4745E+00    1.5842E+01    0.0000E+00    8.4645E+00   
 1.6895E+03    4.3878E+01    5.2999E+01    2.0688E+01    1.7081E+01    1.2084E+01    6.5996E+01    4.8933E+01    1.3888E+01    4.4541E+00    1.5741E+01    0.0000E+00    8.4395E+00   
 1.6900E+03    4.3892E+01    5.2999E+01    2.0653E+01    1.7109E+01    1.2007E+01    6.6025E+01    4.8953E+01    1.3904E+01    4.4541E+00    1.5863E+01    0.0000E+00    8.4395E+00   
 1.6905E+03    4.3883E+01    5.2998E+01    2.0634E+01    1.6983E+01    1.1975E+01    6.6025E+01    4.8949E+01    1.3896E+01    4.4541E+00    1.5741E+01    0.0000E+00    8.4893E+00   
 1.6911E+03    4.3879E+01    5.3015E+01    2.0722E+01    1.6983E+01    1.1938E+01    6.6033E+01    4.8949E+01    1.3904E+01    4.4745E+00    1.5659E+01    0.0000E+00    8.4645E+00   
 1.6916E+03    4.3879E+01    5.3007E+01    2.0739E+01    1.7006E+01    1.1926E+01    6.6047E+01    4.8949E+01    1.3909E+01    4.4541E+00    1.5679E+01    0.0000E+00    8.4395E+00   
 1.6922E+03    4.3891E+01    5.2986E+01    2.0735E+01    1.7085E+01    1.1926E+01    6.6060E+01    4.8941E+01    1.3883E+01    4.4541E+00    1.5761E+01    0.0000E+00    8.4395E+00   
# Time (s)      T1w (C)       T2w (C)       T1a (C)       T2a (C)       T1r (C)       T2r (C)       T3r (C)       T4r (C)       P1 (bar)      P2 (bar)      Ic (amp)      Qc (l/min)    
 1.6927E+03    4.3879E+01    5.3001E+01    2.0742E+01    1.6959E+01    1.1939E+01    6.6087E+01    4.8953E+01    1.3896E+01    4.4745E+00    1.5679E+01    0.0000E+00    8.4395E+00   
 1.6932E+03    4.3888E+01    5.2998E+01    2.0742E+01    1.6989E+01    1.2006E+01    6.6118E+01    4.8962E+01    1.3923E+01    4.4541E+00    1.5741E+01    0.0000E+00    8.4645E+00   
 1.6938E+03    4.3875E+01    5.2998E+01    2.0867E+01    1.7030E+01    1.2045E+01    6.6150E+01    4.8977E+01    1.3923E+01    4.4745E+00    1.5761E+01    0.0000E+00    8.4645E+00   
 1.6943E+03    4.3874E+01    5.2985E+01    2.1110E+01    1.7016E+01    1.2131E+01    6.6165E+01    4.8988E+01    1.3924E+01    4.4541E+00    1.5842E+01    0.0000E+00    8.4145E+00   
 1.6949E+03    4.3879E+01    5.2974E+01    2.1274E+01    1.7016E+01    1.2172E+01    6.6160E+01    4.8992E+01    1.3931E+01    4.4745E+00    1.5700E+01    0.0000E+00    8.4645E+00   
 1.6954E+03    4.3879E+01    5.2989E+01    2.1340E+01    1.7019E+01    1.2215E+01    6.6183E+01    4.9007E+01    1.3929E+01    4.4745E+00    1.5802E+01    0.0000E+00    8.4395E+00   
 1.6959E+03    4.3876E+01    5.2995E+01    2.1188E+01    1.7168E+01    1.2231E+01    6.6202E+01    4.9024E+01    1.3962E+01    4.4745E+00    1.5720E+01    0.0000E+00    8.4893E+00   
 1.6965E+03    4.3886E+01    5.2986E+01    2.0990E+01    1.7113E+01    1.2280E+01    6.6213E+01    4.9010E+01    1.3965E+01    4.4745E+00    1.5863E+01    0.0000E+00    8.4395E+00   
 1.6970E+03    4.3889E+01    5.2999E+01    2.1006E+01    1.7184E+01    1.2380E+01    6.6247E+01    4.9046E+01    1.3964E+01    4.4745E+00    1.5863E+01    0.0000E+00    8.4395E+00   
 1.6976E+03    4.3874E+01    5.2999E+01    2.0843E+01    1.7063E+01    1.2464E+01    6.6231E+01    4.9030E+01    1.3964E+01    4.4745E+00    1.5761E+01    0.0000E+00    8.4645E+00   
 1.6981E+03    4.3901E+01    5.2999E+01    2.0690E+01    1.7067E+01    1.2540E+01    6.6231E+01    4.9033E+01    1.3952E+01    4.4541E+00    1.5822E+01    0.0000E+00    8.4645E+00   
 1.6986E+03    4.3886E+01    5.3005E+01    2.0761E+01    1.7067E+01    1.2592E+01    6.6229E+01    4.9031E+01    1.3970E+01    4.4745E+00    1.5802E+01    0.0000E+00    8.4893E+00   
 1.6992E+03    4.3900E+01    5.3017E+01    2.0796E+01    1.7136E+01    1.2585E+01    6.6236E+01    4.9056E+01    1.3987E+01    4.4745E+00    1.5781E+01    0.0000E+00    8.4645E+00   
 1.6997E+03    4.3901E+01    5.3015E+01    2.0760E+01    1.7204E+01    1.2585E+01    6.6236E+01    4.9056E+01    1.3987E+01    4.4541E+00    1.5781E+01    0.0000E+00    8.4893E+00   
 1.7003E+03    4.3892E+01    5.3012E+01    2.0830E+01    1.7110E+01    1.2549E+01    6.6239E+01    4.9057E+01    1.4003E+01    4.4541E+00    1.5863E+01    0.0000E+00    8.4645E+00   
 1.7008E+03    4.3892E+01    5.3012E+01    2.0830E+01    1.7189E+01    1.2558E+01    6.6236E+01    4.9058E+01    1.4029E+01    4.4745E+00    1.5842E+01    0.0000E+00    8.4395E+00   
 1.7013E+03    4.3878E+01    5.2997E+01    2.0817E+01    1.7079E+01    1.2618E+01    6.6237E+01    4.9063E+01    1.4029E+01    4.4745E+00    1.5802E+01    0.0000E+00    8.4645E+00   
 1.7019E+03    4.3864E+01    5.3000E+01    2.0908E+01    1.7150E+01    1.2677E+01    6.6237E+01    4.9059E+01    1.4031E+01    4.4745E+00    1.5720E+01    0.0000E+00    8.4645E+00   
 1.7024E+03    4.3868E+01    5.2992E+01    2.0882E+01    1.7150E+01    1.2733E+01    6.6220E+01    4.9094E+01    1.4046E+01    4.4745E+00    1.5761E+01    0.0000E+00    8.4893E+00   
 1.7030E+03    4.3868E+01    5.2992E+01    2.1014E+01    1.7251E+01    1.2813E+01    6.6211E+01    4.9073E+01    1.4062E+01    4.4745E+00    1.5761E+01    0.0000E+00    8.4395E+00   
 1.7035E+03    4.3870E+01    5.2995E+01    2.1008E+01    1.7065E+01    1.2876E+01    6.6210E+01    4.9073E+01    1.4060E+01    4.4541E+00    1.5842E+01    0.0000E+00    8.4645E+00   
 1.7041E+03    4.3880E+01    5.3018E+01    2.1029E+01    1.7004E+01    1.2876E+01    6.6215E+01    4.9100E+01    1.4077E+01    4.4745E+00    1.5659E+01    0.0000E+00    8.4645E+00   
 1.7046E+03    4.3891E+01    5.3012E+01    2.1029E+01    1.7042E+01    1.2916E+01    6.6210E+01    4.9093E+01    1.4124E+01    4.4745E+00    1.5659E+01    0.0000E+00    8.4645E+00   
 1.7051E+03    4.3877E+01    5.3012E+01    2.1037E+01    1.6964E+01    1.2940E+01    6.6194E+01    4.9098E+01    1.4124E+01    4.4745E+00    1.5822E+01    0.0000E+00    8.4395E+00   
 1.7057E+03    4.3893E+01    5.3008E+01    2.0879E+01    1.6992E+01    1.2985E+01    6.6194E+01    4.9104E+01    1.4121E+01    4.4541E+00    1.5802E+01    0.0000E+00    8.4893E+00   
 1.7062E+03    4.3884E+01    5.2999E+01    2.0699E+01    1.6977E+01    1.3023E+01    6.6241E+01    4.9114E+01    1.4128E+01    4.4745E+00    1.5842E+01    0.0000E+00    8.4645E+00   
 1.7067E+03    4.3884E+01    5.2999E+01    2.0774E+01    1.6966E+01    1.3037E+01    6.6251E+01    4.9114E+01    1.4154E+01    4.4745E+00    1.5761E+01    0.0000E+00    8.4645E+00   
 1.7073E+03    4.3862E+01    5.2989E+01    2.0703E+01    1.7008E+01    1.3060E+01    6.6253E+01    4.9110E+01    1.4183E+01    4.4541E+00    1.5720E+01    0.0000E+00    8.4145E+00   
 1.7078E+03    4.3853E+01    5.2988E+01    2.0590E+01    1.6907E+01    1.3060E+01    6.6269E+01    4.9124E+01    1.4196E+01    4.4541E+00    1.5679E+01    0.0000E+00    8.4645E+00   
 1.7084E+03    4.3849E+01    5.2974E+01    2.0590E+01    1.6953E+01    1.3020E+01    6.6276E+01    4.9135E+01    1.4233E+01    4.4745E+00    1.5842E+01    0.0000E+00    8.4645E+00   
# Time (s)      T1w (C)       T2w (C)       T1a (C)       T2a (C)       T1r (C)       T2r (C)       T3r (C)       T4r (C)       P1 (bar)      P2 (bar)      Ic (amp)      Qc (l/min)    
 1.7089E+03    4.3852E+01    5.2974E+01    2.0577E+01    1.7018E+01    1.3004E+01    6.6294E+01    4.9168E+01    1.4233E+01    4.4745E+00    1.5700E+01    0.0000E+00    8.4645E+00   
 1.7094E+03    4.3872E+01    5.2998E+01    2.0676E+01    1.7039E+01    1.2943E+01    6.6294E+01    4.9176E+01    1.4263E+01    4.4745E+00    1.5659E+01    0.0000E+00    8.4395E+00   
 1.7100E+03    4.3865E+01    5.2985E+01    2.0858E+01    1.7039E+01    1.2874E+01    6.6279E+01    4.9174E+01    1.4262E+01    4.4745E+00    1.5761E+01    0.0000E+00    8.4645E+00   
 1.7105E+03    4.3880E+01    5.2997E+01    2.0916E+01    1.6957E+01    1.2856E+01    6.6297E+01    4.9202E+01    1.4287E+01    4.4745E+00    1.5659E+01    0.0000E+00    8.4645E+00   
 1.7111E+03    4.3884E+01    5.3020E+01    2.0947E+01    1.6963E+01    1.2867E+01    6.6306E+01    4.9217E+01    1.4312E+01    4.4745E+00    1.5741E+01    0.0000E+00    8.4645E+00   
 1.7116E+03    4.3898E+01    5.3017E+01    2.1082E+01    1.6977E+01    1.2867E+01    6.6306E+01    4.9214E+01    1.4324E+01    4.4745E+00    1.5822E+01    0.0000E+00    8.4395E+00   
 1.7121E+03    4.3866E+01    5.3006E+01    2.1067E+01    1.6921E+01    1.2832E+01    6.6287E+01    4.9215E+01    1.4316E+01    4.4745E+00    1.5720E+01    0.0000E+00    8.4645E+00   
 1.7127E+03    4.3874E+01    5.3006E+01    2.1045E+01    1.7042E+01    1.2683E+01    6.6306E+01    4.9216E+01    1.4316E+01    4.4745E+00    1.5659E+01    0.0000E+00    8.4395E+00   
 1.7132E+03    4.3852E+01    5.2979E+01    2.1034E+01    1.6900E+01    1.2555E+01    6.6297E+01    4.9225E+01    1.4328E+01    4.4745E+00    1.5761E+01    0.0000E+00    8.4645E+00   
 1.7138E+03    4.3864E+01    5.2986E+01    2.0929E+01    1.6841E+01    1.2489E+01    6.6297E+01    4.9225E+01    1.4359E+01    4.4949E+00    1.5659E+01    0.0000E+00    8.4645E+00   
 1.7143E+03    4.3842E+01    5.2979E+01    2.0983E+01    1.6841E+01    1.2508E+01    6.6314E+01    4.9243E+01    1.4370E+01    4.4745E+00    1.5679E+01    0.0000E+00    8.4395E+00   
 1.7148E+03    4.3842E+01    5.2965E+01    2.0899E+01    1.6911E+01    1.2508E+01    6.6295E+01    4.9243E+01    1.4379E+01    4.4949E+00    1.5761E+01    0.0000E+00    8.4645E+00   
 1.7154E+03    4.3848E+01    5.2978E+01    2.0677E+01    1.7008E+01    1.2508E+01    6.6328E+01    4.9235E+01    1.4398E+01    4.4949E+00    1.5720E+01    0.0000E+00    8.4893E+00   
 1.7159E+03    4.3834E+01    5.2962E+01    2.0677E+01    1.7032E+01    1.2557E+01    6.6304E+01    4.9255E+01    1.4408E+01    4.4949E+00    1.5842E+01    0.0000E+00    8.4645E+00   
 1.7165E+03    4.3842E+01    5.2977E+01    2.0782E+01    1.7098E+01    1.2580E+01    6.6307E+01    4.9268E+01    1.4408E+01    4.4949E+00    1.5863E+01    0.0000E+00    8.4645E+00   
 1.7170E+03    4.3853E+01    5.2998E+01    2.0860E+01    1.7062E+01    1.2583E+01    6.6307E+01    4.9276E+01    1.4413E+01    4.4949E+00    1.5659E+01    0.0000E+00    8.4645E+00   
 1.7175E+03    4.3863E+01    5.2991E+01    2.0746E+01    1.7069E+01    1.2534E+01    6.6285E+01    4.9268E+01    1.4409E+01    4.4949E+00    1.5802E+01    0.0000E+00    8.4645E+00   
 1.7181E+03    4.3851E+01    5.2989E+01    2.0603E+01    1.7053E+01    1.2487E+01    6.6317E+01    4.9290E+01    1.4430E+01    4.4949E+00    1.5700E+01    0.0000E+00    8.4893E+00   
 1.7186E+03    4.3836E+01    5.2972E+01    2.0482E+01    1.7174E+01    1.2413E+01    6.6331E+01    4.9290E+01    1.4450E+01    4.4949E+00    1.5700E+01    0.0000E+00    8.4145E+00   
 1.7192E+03    4.3831E+01    5.2977E+01    2.0476E+01    1.7128E+01    1.2397E+01    6.6328E+01    4.9278E+01    1.4442E+01    4.4949E+00    1.5679E+01    0.0000E+00    8.4645E+00   
 1.7197E+03    4.3824E+01    5.2977E+01    2.0476E+01    1.7058E+01    1.2341E+01    6.6302E+01    4.9280E+01    1.4434E+01    4.5153E+00    1.5781E+01    0.0000E+00    8.4893E+00   
 1.7203E+03    4.3818E+01    5.2977E+01    2.0525E+01    1.7124E+01    1.2302E+01    6.6273E+01    4.9279E+01    1.4448E+01    4.5153E+00    1.5842E+01    0.0000E+00    8.4893E+00   
 1.7208E+03    4.3820E+01    5.2971E+01    2.0613E+01    1.7227E+01    1.2300E+01    6.6269E+01    4.9286E+01    1.4448E+01    4.5153E+00    1.5679E+01    0.0000E+00    8.4145E+00   
 1.7213E+03    4.3825E+01    5.2980E+01    2.0665E+01    1.7140E+01    1.2300E+01    6.6284E+01    4.9307E+01    1.4465E+01    4.4949E+00    1.5842E+01    0.0000E+00    8.3137E+00   
 1.7219E+03    4.3811E+01    5.2962E+01    2.0711E+01    1.7140E+01    1.2282E+01    6.6301E+01    4.9306E+01    1.4463E+01    4.5153E+00    1.5822E+01    0.0000E+00    8.4395E+00   
 1.7224E+03    4.3826E+01    5.2980E+01    2.1051E+01    1.7215E+01    1.2244E+01    6.6250E+01    4.9291E+01    1.4458E+01    4.4949E+00    1.5720E+01    0.0000E+00    8.4645E+00   
 1.7229E+03    4.3834E+01    5.2987E+01    2.0988E+01    1.7274E+01    1.2244E+01    6.6239E+01    4.9304E+01    1.4470E+01    4.5153E+00    1.5842E+01    0.0000E+00    8.4145E+00   
 1.7235E+03    4.3827E+01    5.2982E+01    2.0988E+01    1.7204E+01    1.2192E+01    6.6242E+01    4.9303E+01    1.4488E+01    4.4949E+00    1.5863E+01    0.0000E+00    8.4395E+00   
 1.7240E+03    4.3819E+01    5.2972E+01    2.1005E+01    1.7219E+01    1.2127E+01    6.6254E+01    4.9298E+01    1.4489E+01    4.5153E+00    1.5863E+01    0.0000E+00    8.4395E+00   
 1.7246E+03    4.3824E+01    5.2972E+01    2.1058E+01    1.7230E+01    1.2114E+01    6.6269E+01    4.9310E+01    1.4489E+01    4.5153E+00    1.5822E+01    0.0000E+00    8.4645E+00   
# Time (s)      T1w (C)       T2w (C)       T1a (C)       T2a (C)       T1r (C)       T2r (C)       T3r (C)       T4r (C)       P1 (bar)      P2 (bar)      Ic (amp)      Qc (l/min)    
 1.7251E+03    4.3828E+01    5.2978E+01    2.0953E+01    1.7274E+01    1.2126E+01    6.6269E+01    4.9302E+01    1.4448E+01    4.5153E+00    1.5863E+01    0.0000E+00    8.4145E+00   
 1.7256E+03    4.3823E+01    5.2983E+01    2.0727E+01    1.7274E+01    1.2109E+01    6.6265E+01    4.9291E+01    1.4442E+01    4.5153E+00    1.5679E+01    0.0000E+00    8.4893E+00   
 1.7262E+03    4.3823E+01    5.2982E+01    2.0681E+01    1.7235E+01    1.2128E+01    6.6267E+01    4.9306E+01    1.4436E+01    4.5153E+00    1.5761E+01    0.0000E+00    8.4645E+00   
 1.7267E+03    4.3822E+01    5.2992E+01    2.0467E+01    1.7217E+01    1.2128E+01    6.6265E+01    4.9308E+01    1.4420E+01    4.5153E+00    1.5720E+01    0.0000E+00    8.4395E+00   
 1.7273E+03    4.3820E+01    5.2979E+01    2.0467E+01    1.7209E+01    1.2111E+01    6.6281E+01    4.9292E+01    1.4413E+01    4.5153E+00    1.5802E+01    0.0000E+00    8.4645E+00   
 1.7278E+03    4.3811E+01    5.2987E+01    2.0404E+01    1.7265E+01    1.2114E+01    6.6271E+01    4.9298E+01    1.4390E+01    4.4949E+00    1.5781E+01    0.0000E+00    8.4893E+00   
 1.7283E+03    4.3820E+01    5.2987E+01    2.0313E+01    1.7285E+01    1.2094E+01    6.6285E+01    4.9300E+01    1.4406E+01    4.4949E+00    1.5720E+01    0.0000E+00    8.4893E+00   
 1.7289E+03    4.3802E+01    5.2993E+01    2.0420E+01    1.7197E+01    1.2056E+01    6.6285E+01    4.9294E+01    1.4395E+01    4.4949E+00    1.5863E+01    0.0000E+00    8.4645E+00   
 1.7294E+03    4.3811E+01    5.2994E+01    2.0380E+01    1.7197E+01    1.2075E+01    6.6285E+01    4.9297E+01    1.4380E+01    4.4949E+00    1.5842E+01    0.0000E+00    8.4645E+00   
 1.7300E+03    4.3811E+01    5.2998E+01    2.0476E+01    1.7160E+01    1.2099E+01    6.6294E+01    4.9297E+01    1.4364E+01    4.4949E+00    1.5781E+01    0.0000E+00    8.4893E+00   
 1.7305E+03    4.3798E+01    5.3004E+01    2.0240E+01    1.7100E+01    1.2133E+01    6.6305E+01    4.9295E+01    1.4361E+01    4.5153E+00    1.5741E+01    0.0000E+00    8.4645E+00   
 1.7310E+03    4.3791E+01    5.3005E+01    2.0240E+01    1.7154E+01    1.2133E+01    6.6310E+01    4.9277E+01    1.4356E+01    4.5153E+00    1.5863E+01    0.0000E+00    8.4395E+00   
 1.7316E+03    4.3796E+01    5.3001E+01    2.0275E+01    1.7089E+01    1.2146E+01    6.6307E+01    4.9270E+01    1.4335E+01    4.5153E+00    1.5802E+01    0.0000E+00    8.4645E+00   
 1.7321E+03    4.3806E+01    5.3001E+01    2.0421E+01    1.7183E+01    1.2174E+01    6.6311E+01    4.9239E+01    1.4335E+01    4.4949E+00    1.5863E+01    0.0000E+00    8.4395E+00   
 1.7327E+03    4.3783E+01    5.3005E+01    2.0416E+01    1.7185E+01    1.2137E+01    6.6296E+01    4.9216E+01    1.4297E+01    4.4949E+00    1.5903E+01    0.0000E+00    8.4645E+00   
 1.7332E+03    4.3798E+01    5.3010E+01    2.0319E+01    1.7185E+01    1.2118E+01    6.6286E+01    4.9196E+01    1.4278E+01    4.4949E+00    1.5863E+01    0.0000E+00    8.4395E+00   
 1.7337E+03    4.3798E+01    5.3006E+01    2.0239E+01    1.7246E+01    1.2115E+01    6.6283E+01    4.9196E+01    1.4282E+01    4.5153E+00    1.5761E+01    0.0000E+00    8.4395E+00   
 1.7343E+03    4.3785E+01    5.3005E+01    2.0183E+01    1.7186E+01    1.2066E+01    6.6276E+01    4.9177E+01    1.4260E+01    4.4949E+00    1.5741E+01    0.0000E+00    8.4395E+00   
 1.7348E+03    4.3788E+01    5.3010E+01    2.0228E+01    1.7084E+01    1.2066E+01    6.6268E+01    4.9176E+01    1.4245E+01    4.4949E+00    1.5761E+01    0.0000E+00    8.4645E+00   
 1.7354E+03    4.3790E+01    5.3013E+01    2.0244E+01    1.7084E+01    1.2021E+01    6.6282E+01    4.9154E+01    1.4245E+01    4.4949E+00    1.5842E+01    0.0000E+00    8.4395E+00   
 1.7359E+03    4.3805E+01    5.3013E+01    2.0214E+01    1.7100E+01    1.2012E+01    6.6295E+01    4.9140E+01    1.4245E+01    4.4949E+00    1.5679E+01    0.0000E+00    8.4893E+00   
 1.7365E+03    4.3818E+01    5.3036E+01    2.0281E+01    1.7178E+01    1.2058E+01    6.6285E+01    4.9151E+01    1.4226E+01    4.4949E+00    1.5883E+01    0.0000E+00    8.5141E+00   
 1.7370E+03    4.3816E+01    5.3026E+01    2.0374E+01    1.7178E+01    1.2058E+01    6.6285E+01    4.9131E+01    1.4225E+01    4.4949E+00    1.5822E+01    0.0000E+00    8.4645E+00   
 1.7375E+03    4.3826E+01    5.3035E+01    2.0339E+01    1.7147E+01    1.2136E+01    6.6305E+01    4.9146E+01    1.4227E+01    4.4949E+00    1.5842E+01    0.0000E+00    8.5141E+00   
 1.7381E+03    4.3826E+01    5.3047E+01    2.0413E+01    1.7191E+01    1.2162E+01    6.6303E+01    4.9132E+01    1.4216E+01    4.4949E+00    1.5802E+01    0.0000E+00    8.4893E+00   
 1.7386E+03    4.3841E+01    5.3056E+01    2.0446E+01    1.7225E+01    1.2177E+01    6.6324E+01    4.9136E+01    1.4228E+01    4.4949E+00    1.5741E+01    0.0000E+00    8.4145E+00   
 1.7392E+03    4.3840E+01    5.3050E+01    2.0446E+01    1.7169E+01    1.2169E+01    6.6333E+01    4.9151E+01    1.4234E+01    4.4949E+00    1.5883E+01    0.0000E+00    8.4395E+00   
 1.7397E+03    4.3838E+01    5.3050E+01    2.0440E+01    1.7233E+01    1.2161E+01    6.6327E+01    4.9122E+01    1.4234E+01    4.4949E+00    1.5741E+01    0.0000E+00    8.4645E+00   
 1.7402E+03    4.3832E+01    5.3038E+01    2.0536E+01    1.7233E+01    1.2190E+01    6.6367E+01    4.9126E+01    1.4238E+01    4.4949E+00    1.5781E+01    0.0000E+00    8.4395E+00   
 1.7408E+03    4.3826E+01    5.3037E+01    2.0460E+01    1.7143E+01    1.2214E+01    6.6367E+01    4.9135E+01    1.4217E+01    4.4949E+00    1.5802E+01    0.0000E+00    8.4395E+00   
# Time (s)      T1w (C)       T2w (C)       T1a (C)       T2a (C)       T1r (C)       T2r (C)       T3r (C)       T4r (C)       P1 (bar)      P2 (bar)      Ic (amp)      Qc (l/min)    
 1.7413E+03    4.3838E+01    5.3041E+01    2.0583E+01    1.7159E+01    1.2269E+01    6.6372E+01    4.9125E+01    1.4203E+01    4.4949E+00    1.5741E+01    0.0000E+00    8.4645E+00   
 1.7419E+03    4.3838E+01    5.3040E+01    2.0523E+01    1.7185E+01    1.2265E+01    6.6364E+01    4.9125E+01    1.4205E+01    4.4949E+00    1.5822E+01    0.0000E+00    8.4893E+00   
 1.7424E+03    4.3857E+01    5.3050E+01    2.0582E+01    1.7250E+01    1.2265E+01    6.6356E+01    4.9106E+01    1.4179E+01    4.4949E+00    1.5842E+01    0.0000E+00    8.4395E+00   
 1.7429E+03    4.3842E+01    5.3041E+01    2.0582E+01    1.7335E+01    1.2259E+01    6.6338E+01    4.9089E+01    1.4176E+01    4.4949E+00    1.5720E+01    0.0000E+00    8.4645E+00   
 1.7435E+03    4.3851E+01    5.3041E+01    2.0779E+01    1.7295E+01    1.2234E+01    6.6344E+01    4.9102E+01    1.4192E+01    4.4949E+00    1.5802E+01    0.0000E+00    8.4893E+00   
 1.7440E+03    4.3856E+01    5.3059E+01    2.0907E+01    1.7241E+01    1.2208E+01    6.6344E+01    4.9095E+01    1.4191E+01    4.4745E+00    1.5842E+01    0.0000E+00    8.4395E+00   
 1.7446E+03    4.3863E+01    5.3063E+01    2.0918E+01    1.7235E+01    1.2157E+01    6.6344E+01    4.9087E+01    1.4192E+01    4.4745E+00    1.5842E+01    0.0000E+00    8.4395E+00   
 1.7451E+03    4.3871E+01    5.3064E+01    2.0764E+01    1.7235E+01    1.2132E+01    6.6347E+01    4.9081E+01    1.4176E+01    4.4949E+00    1.5842E+01    0.0000E+00    8.4893E+00   
 1.7456E+03    4.3871E+01    5.3060E+01    2.0606E+01    1.7163E+01    1.2099E+01    6.6317E+01    4.9081E+01    1.4183E+01    4.4745E+00    1.5903E+01    0.0000E+00    8.4395E+00   
 1.7462E+03    4.3848E+01    5.3051E+01    2.0524E+01    1.7268E+01    1.2099E+01    6.6338E+01    4.9071E+01    1.4172E+01    4.4949E+00    1.5741E+01    0.0000E+00    8.4645E+00   
 1.7467E+03    4.3827E+01    5.3052E+01    2.0524E+01    1.7117E+01    1.2088E+01    6.6312E+01    4.9069E+01    1.4168E+01    4.4949E+00    1.5720E+01    0.0000E+00    8.4395E+00   
 1.7473E+03    4.3827E+01    5.3036E+01    2.0642E+01    1.7185E+01    1.2112E+01    6.6343E+01    4.9054E+01    1.4176E+01    4.4949E+00    1.5720E+01    0.0000E+00    8.4645E+00   
 1.7478E+03    4.3825E+01    5.3036E+01    2.0583E+01    1.7180E+01    1.2131E+01    6.6358E+01    4.9064E+01    1.4176E+01    4.4949E+00    1.5802E+01    0.0000E+00    8.4893E+00   
 1.7483E+03    4.3825E+01    5.3049E+01    2.0634E+01    1.7092E+01    1.2137E+01    6.6358E+01    4.9056E+01    1.4163E+01    4.4949E+00    1.5761E+01    0.0000E+00    8.4893E+00   
 1.7489E+03    4.3812E+01    5.3043E+01    2.0887E+01    1.7092E+01    1.2134E+01    6.6364E+01    4.9033E+01    1.4161E+01    4.4949E+00    1.5802E+01    0.0000E+00    8.4395E+00   
 1.7494E+03    4.3827E+01    5.3064E+01    2.1040E+01    1.7057E+01    1.2154E+01    6.6348E+01    4.9033E+01    1.4159E+01    4.4949E+00    1.5842E+01    0.0000E+00    8.4645E+00   
 1.7500E+03    4.3827E+01    5.3062E+01    2.1003E+01    1.7111E+01    1.2163E+01    6.6350E+01    4.9046E+01    1.4145E+01    4.4949E+00    1.5883E+01    0.0000E+00    8.4893E+00   
 1.7505E+03    4.3828E+01    5.3067E+01    2.1003E+01    1.7222E+01    1.2163E+01    6.6340E+01    4.9050E+01    1.4145E+01    4.4949E+00    1.5700E+01    0.0000E+00    8.4645E+00   
 1.7510E+03    4.3818E+01    5.3055E+01    2.0975E+01    1.7165E+01    1.2185E+01    6.6354E+01    4.9046E+01    1.4150E+01    4.4949E+00    1.5842E+01    0.0000E+00    8.5141E+00   
 1.7516E+03    4.3834E+01    5.3069E+01    2.1043E+01    1.7101E+01    1.2208E+01    6.6371E+01    4.9040E+01    1.4150E+01    4.4949E+00    1.5761E+01    0.0000E+00    8.5141E+00   
 1.7521E+03    4.3836E+01    5.3083E+01    2.0739E+01    1.7132E+01    1.2220E+01    6.6371E+01    4.9035E+01    1.4138E+01    4.4949E+00    1.5883E+01    0.0000E+00    8.4645E+00   
 1.7527E+03    4.3847E+01    5.3094E+01    2.0584E+01    1.7148E+01    1.2240E+01    6.6392E+01    4.9057E+01    1.4150E+01    4.4949E+00    1.5781E+01    0.0000E+00    8.4645E+00   
 1.7532E+03    4.3847E+01    5.3081E+01    2.0610E+01    1.7255E+01    1.2285E+01    6.6381E+01    4.9057E+01    1.4148E+01    4.4949E+00    1.5781E+01    0.0000E+00    8.4145E+00   
 1.7538E+03    4.3841E+01    5.3085E+01    2.0724E+01    1.7241E+01    1.2324E+01    6.6381E+01    4.9050E+01    1.4154E+01    4.4949E+00    1.5883E+01    0.0000E+00    8.4395E+00   
 1.7543E+03    4.3838E+01    5.3075E+01    2.0893E+01    1.7198E+01    1.2324E+01    6.6379E+01    4.9064E+01    1.4141E+01    4.4949E+00    1.5822E+01    0.0000E+00    8.4645E+00   
 1.7549E+03    4.3844E+01    5.3102E+01    2.0909E+01    1.7155E+01    1.2338E+01    6.6401E+01    4.9071E+01    1.4173E+01    4.4745E+00    1.5802E+01    0.0000E+00    8.4645E+00   
 1.7554E+03    4.3835E+01    5.3102E+01    2.0785E+01    1.7118E+01    1.2285E+01    6.6409E+01    4.9058E+01    1.4154E+01    4.4949E+00    1.5720E+01    0.0000E+00    8.4645E+00   
 1.7559E+03    4.3854E+01    5.3110E+01    2.0668E+01    1.7155E+01    1.2263E+01    6.6398E+01    4.9059E+01    1.4154E+01    4.4949E+00    1.5741E+01    0.0000E+00    8.4893E+00   
 1.7565E+03    4.3841E+01    5.3100E+01    2.0617E+01    1.7155E+01    1.2227E+01    6.6398E+01    4.9071E+01    1.4159E+01    4.4949E+00    1.5781E+01    0.0000E+00    8.4893E+00   
 1.7570E+03    4.3846E+01    5.3105E+01    2.0564E+01    1.7320E+01    1.2221E+01    6.6387E+01    4.9046E+01    1.4146E+01    4.4949E+00    1.5903E+01    0.0000E+00    8.4645E+00   
# Time (s)      T1w (C)       T2w (C)       T1a (C)       T2a (C)       T1r (C)       T2r (C)       T3r (C)       T4r (C)       P1 (bar)      P2 (bar)      Ic (amp)      Qc (l/min)    
 1.7576E+03    4.3846E+01    5.3105E+01    2.0582E+01    1.7255E+01    1.2209E+01    6.6396E+01    4.9046E+01    1.4126E+01    4.4745E+00    1.5863E+01    0.0000E+00    8.4645E+00   
 1.7581E+03    4.3839E+01    5.3100E+01    2.0617E+01    1.7272E+01    1.2209E+01    6.6408E+01    4.9062E+01    1.4137E+01    4.4949E+00    1.5741E+01    0.0000E+00    8.5141E+00   
 1.7586E+03    4.3843E+01    5.3085E+01    2.0617E+01    1.7200E+01    1.2212E+01    6.6400E+01    4.9062E+01    1.4120E+01    4.4949E+00    1.5903E+01    0.0000E+00    8.4645E+00   
 1.7592E+03    4.3830E+01    5.3085E+01    2.0613E+01    1.7137E+01    1.2227E+01    6.6393E+01    4.9063E+01    1.4120E+01    4.4949E+00    1.5883E+01    0.0000E+00    8.4645E+00   
 1.7597E+03    4.3829E+01    5.3096E+01    2.0525E+01    1.7084E+01    1.2234E+01    6.6420E+01    4.9080E+01    1.4114E+01    4.4745E+00    1.5903E+01    0.0000E+00    8.4893E+00   
 1.7603E+03    4.3834E+01    5.3088E+01    2.0440E+01    1.7266E+01    1.2248E+01    6.6420E+01    4.9077E+01    1.4129E+01    4.4949E+00    1.5842E+01    0.0000E+00    8.4645E+00   
 1.7608E+03    4.3834E+01    5.3091E+01    2.0399E+01    1.7266E+01    1.2240E+01    6.6423E+01    4.9077E+01    1.4121E+01    4.4949E+00    1.5761E+01    0.0000E+00    8.5141E+00   
 1.7613E+03    4.3834E+01    5.3089E+01    2.0357E+01    1.7131E+01    1.2270E+01    6.6440E+01    4.9068E+01    1.4105E+01    4.4745E+00    1.5761E+01    0.0000E+00    8.4893E+00   
 1.7619E+03    4.3834E+01    5.3080E+01    2.0269E+01    1.7161E+01    1.2270E+01    6.6445E+01    4.9082E+01    1.4089E+01    4.4949E+00    1.5822E+01    0.0000E+00    8.4395E+00   
 1.7624E+03    4.3840E+01    5.3083E+01    2.0269E+01    1.7192E+01    1.2266E+01    6.6456E+01    4.9073E+01    1.4098E+01    4.4745E+00    1.5903E+01    0.0000E+00    8.4645E+00   
 1.7630E+03    4.3819E+01    5.3083E+01    2.0293E+01    1.7225E+01    1.2228E+01    6.6446E+01    4.9064E+01    1.4098E+01    4.4949E+00    1.5802E+01    0.0000E+00    8.4645E+00   
 1.7635E+03    4.3824E+01    5.3083E+01    2.0476E+01    1.7170E+01    1.2238E+01    6.6443E+01    4.9081E+01    1.4090E+01    4.4949E+00    1.5720E+01    0.0000E+00    8.4645E+00   
 1.7640E+03    4.3820E+01    5.3075E+01    2.0592E+01    1.7184E+01    1.2209E+01    6.6443E+01    4.9074E+01    1.4081E+01    4.4745E+00    1.5802E+01    0.0000E+00    8.4893E+00   
 1.7646E+03    4.3828E+01    5.3081E+01    2.0594E+01    1.7184E+01    1.2208E+01    6.6435E+01    4.9071E+01    1.4085E+01    4.4949E+00    1.5700E+01    0.0000E+00    8.4645E+00   
 1.7651E+03    4.3828E+01    5.3084E+01    2.0669E+01    1.7152E+01    1.2215E+01    6.6441E+01    4.9071E+01    1.4090E+01    4.4949E+00    1.5700E+01    0.0000E+00    8.4395E+00   
 1.7657E+03    4.3829E+01    5.3075E+01    2.0666E+01    1.7145E+01    1.2239E+01    6.6430E+01    4.9066E+01    1.4080E+01    4.4745E+00    1.5842E+01    0.0000E+00    8.4645E+00   
 1.7662E+03    4.3833E+01    5.3068E+01    2.0666E+01    1.7165E+01    1.2239E+01    6.6447E+01    4.9077E+01    1.4073E+01    4.4745E+00    1.5842E+01    0.0000E+00    8.4893E+00   
 1.7668E+03    4.3831E+01    5.3079E+01    2.0543E+01    1.7124E+01    1.2232E+01    6.6455E+01    4.9093E+01    1.4089E+01    4.4949E+00    1.5863E+01    0.0000E+00    8.4645E+00   
 1.7673E+03    4.3829E+01    5.3079E+01    2.0496E+01    1.7161E+01    1.2235E+01    6.6479E+01    4.9093E+01    1.4096E+01    4.4745E+00    1.5903E+01    0.0000E+00    8.4645E+00   
 1.7678E+03    4.3841E+01    5.3090E+01    2.0436E+01    1.7143E+01    1.2233E+01    6.6479E+01    4.9092E+01    1.4109E+01    4.4745E+00    1.5903E+01    0.0000E+00    8.4395E+00   
 1.7684E+03    4.3836E+01    5.3093E+01    2.0481E+01    1.7143E+01    1.2300E+01    6.6469E+01    4.9089E+01    1.4084E+01    4.4949E+00    1.5741E+01    0.0000E+00    8.4395E+00   
 1.7689E+03    4.3836E+01    5.3098E+01    2.0611E+01    1.7143E+01    1.2337E+01    6.6476E+01    4.9104E+01    1.4130E+01    4.4745E+00    1.5741E+01    0.0000E+00    8.4645E+00   
 1.7695E+03    4.3841E+01    5.3098E+01    2.0782E+01    1.7124E+01    1.2391E+01    6.6479E+01    4.9097E+01    1.4104E+01    4.4745E+00    1.5802E+01    0.0000E+00    8.4893E+00   
 1.7700E+03    4.3838E+01    5.3094E+01    2.0952E+01    1.7233E+01    1.2391E+01    6.6484E+01    4.9109E+01    1.4124E+01    4.4745E+00    1.5863E+01    0.0000E+00    8.4645E+00   
 1.7705E+03    4.3844E+01    5.3088E+01    2.0952E+01    1.7172E+01    1.2316E+01    6.6450E+01    4.9090E+01    1.4104E+01    4.4745E+00    1.5781E+01    0.0000E+00    8.4645E+00   
 1.7711E+03    4.3852E+01    5.3088E+01    2.0888E+01    1.7200E+01    1.2271E+01    6.6457E+01    4.9098E+01    1.4104E+01    4.4745E+00    1.5903E+01    0.0000E+00    8.4645E+00   
 1.7716E+03    4.3841E+01    5.3082E+01    2.0668E+01    1.7209E+01    1.2302E+01    6.6457E+01    4.9100E+01    1.4104E+01    4.4745E+00    1.5761E+01    0.0000E+00    8.4893E+00   
 1.7722E+03    4.3860E+01    5.3092E+01    2.0733E+01    1.7209E+01    1.2358E+01    6.6441E+01    4.9103E+01    1.4083E+01    4.4745E+00    1.5720E+01    0.0000E+00    8.4645E+00   
 1.7727E+03    4.3860E+01    5.3090E+01    2.0728E+01    1.7150E+01    1.2399E+01    6.6452E+01    4.9088E+01    1.4100E+01    4.4949E+00    1.5863E+01    0.0000E+00    8.4645E+00   
 1.7732E+03    4.3830E+01    5.3098E+01    2.0895E+01    1.7189E+01    1.2410E+01    6.6439E+01    4.9099E+01    1.4077E+01    4.4745E+00    1.5903E+01    0.0000E+00    8.4893E+00   
# Time (s)      T1w (C)       T2w (C)       T1a (C)       T2a (C)       T1r (C)       T2r (C)       T3r (C)       T4r (C)       P1 (bar)      P2 (bar)      Ic (amp)      Qc (l/min)    
 1.7738E+03    4.3841E+01    5.3094E+01    2.0936E+01    1.7036E+01    1.2410E+01    6.6433E+01    4.9095E+01    1.4088E+01    4.4745E+00    1.5842E+01    0.0000E+00    8.4893E+00   
 1.7743E+03    4.3841E+01    5.3095E+01    2.0936E+01    1.7054E+01    1.2286E+01    6.6450E+01    4.9084E+01    1.4086E+01    4.4745E+00    1.5903E+01    0.0000E+00    8.4395E+00   
 1.7749E+03    4.3855E+01    5.3095E+01    2.0949E+01    1.7030E+01    1.2297E+01    6.6454E+01    4.9125E+01    1.4102E+01    4.4745E+00    1.5720E+01    0.0000E+00    8.5141E+00   
 1.7754E+03    4.3850E+01    5.3094E+01    2.1113E+01    1.7087E+01    1.2327E+01    6.6469E+01    4.9118E+01    1.4127E+01    4.4745E+00    1.5720E+01    0.0000E+00    8.4395E+00   
 1.7759E+03    4.3848E+01    5.3091E+01    2.1105E+01    1.7087E+01    1.2296E+01    6.6469E+01    4.9130E+01    1.4128E+01    4.4745E+00    1.5883E+01    0.0000E+00    8.4645E+00   
 1.7765E+03    4.3848E+01    5.3094E+01    2.1214E+01    1.7096E+01    1.2273E+01    6.6470E+01    4.9130E+01    1.4149E+01    4.4745E+00    1.5842E+01    0.0000E+00    8.4645E+00   
 1.7770E+03    4.3847E+01    5.3094E+01    2.1501E+01    1.7176E+01    1.2251E+01    6.6473E+01    4.9150E+01    1.4148E+01    4.4745E+00    1.5842E+01    0.0000E+00    8.4645E+00   
 1.7776E+03    4.3851E+01    5.3089E+01    2.1581E+01    1.7220E+01    1.2251E+01    6.6493E+01    4.9179E+01    1.4167E+01    4.4541E+00    1.5822E+01    0.0000E+00    8.4893E+00   
 1.7781E+03    4.3845E+01    5.3087E+01    2.1581E+01    1.7205E+01    1.2275E+01    6.6484E+01    4.9155E+01    1.4173E+01    4.4745E+00    1.5781E+01    0.0000E+00    8.4893E+00   
 1.7786E+03    4.3835E+01    5.3087E+01    2.1432E+01    1.7200E+01    1.2221E+01    6.6483E+01    4.9187E+01    1.4157E+01    4.4745E+00    1.5822E+01    0.0000E+00    8.4395E+00   
 1.7792E+03    4.3847E+01    5.3087E+01    2.1197E+01    1.7125E+01    1.2193E+01    6.6489E+01    4.9179E+01    1.4177E+01    4.4745E+00    1.5761E+01    0.0000E+00    8.5141E+00   
 1.7797E+03    4.3839E+01    5.3096E+01    2.1099E+01    1.7125E+01    1.2207E+01    6.6489E+01    4.9188E+01    1.4188E+01    4.4745E+00    1.5741E+01    0.0000E+00    8.4395E+00   
 1.7803E+03    4.3839E+01    5.3083E+01    2.1239E+01    1.7234E+01    1.2216E+01    6.6504E+01    4.9188E+01    1.4178E+01    4.4745E+00    1.5781E+01    0.0000E+00    8.4645E+00   
 1.7808E+03    4.3836E+01    5.3080E+01    2.1438E+01    1.7223E+01    1.2210E+01    6.6499E+01    4.9213E+01    1.4204E+01    4.4745E+00    1.5883E+01    0.0000E+00    8.4645E+00   
 1.7814E+03    4.3848E+01    5.3082E+01    2.1340E+01    1.7264E+01    1.2210E+01    6.6497E+01    4.9219E+01    1.4197E+01    4.4745E+00    1.5903E+01    0.0000E+00    8.5141E+00   
 1.7819E+03    4.3840E+01    5.3094E+01    2.1340E+01    1.7277E+01    1.2241E+01    6.6480E+01    4.9223E+01    1.4213E+01    4.4949E+00    1.5863E+01    0.0000E+00    8.4645E+00   
 1.7824E+03    4.3831E+01    5.3094E+01    2.1330E+01    1.7256E+01    1.2326E+01    6.6494E+01    4.9229E+01    1.4213E+01    4.4949E+00    1.5883E+01    0.0000E+00    8.4645E+00   
 1.7830E+03    4.3842E+01    5.3081E+01    2.1403E+01    1.7146E+01    1.2390E+01    6.6477E+01    4.9239E+01    1.4208E+01    4.4949E+00    1.5802E+01    0.0000E+00    8.4893E+00   
 1.7835E+03    4.3853E+01    5.3075E+01    2.1378E+01    1.7155E+01    1.2514E+01    6.6477E+01    4.9238E+01    1.4217E+01    4.4949E+00    1.5781E+01    0.0000E+00    8.4893E+00   
 1.7841E+03    4.3860E+01    5.3087E+01    2.1183E+01    1.7155E+01    1.2590E+01    6.6482E+01    4.9238E+01    1.4234E+01    4.4949E+00    1.5700E+01    0.0000E+00    8.4395E+00   
 1.7846E+03    4.3860E+01    5.3081E+01    2.1368E+01    1.7143E+01    1.2718E+01    6.6497E+01    4.9256E+01    1.4244E+01    4.4745E+00    1.5863E+01    0.0000E+00    8.4395E+00   
 1.7851E+03    4.3878E+01    5.3085E+01    2.1259E+01    1.7130E+01    1.2718E+01    6.6508E+01    4.9259E+01    1.4221E+01    4.4949E+00    1.5822E+01    0.0000E+00    8.4893E+00   
 1.7857E+03    4.3883E+01    5.3092E+01    2.1259E+01    1.7123E+01    1.2787E+01    6.6509E+01    4.9269E+01    1.4238E+01    4.4949E+00    1.5781E+01    0.0000E+00    8.4645E+00   
 1.7862E+03    4.3878E+01    5.3092E+01    2.1118E+01    1.7189E+01    1.2802E+01    6.6512E+01    4.9284E+01    1.4238E+01    4.4949E+00    1.5741E+01    0.0000E+00    8.4645E+00   
 1.7868E+03    4.3881E+01    5.3115E+01    2.1014E+01    1.7216E+01    1.2762E+01    6.6499E+01    4.9281E+01    1.4247E+01    4.4745E+00    1.5720E+01    0.0000E+00    8.4645E+00   
 1.7873E+03    4.3892E+01    5.3093E+01    2.1165E+01    1.7196E+01    1.2719E+01    6.6499E+01    4.9296E+01    1.4266E+01    4.4745E+00    1.5781E+01    0.0000E+00    8.4645E+00   
 1.7879E+03    4.3872E+01    5.3109E+01    2.1384E+01    1.7196E+01    1.2564E+01    6.6505E+01    4.9307E+01    1.4288E+01    4.4949E+00    1.5842E+01    0.0000E+00    8.4645E+00   
 1.7884E+03    4.3872E+01    5.3096E+01    2.1231E+01    1.7123E+01    1.2479E+01    6.6497E+01    4.9307E+01    1.4291E+01    4.4745E+00    1.5842E+01    0.0000E+00    8.4645E+00   
 1.7889E+03    4.3862E+01    5.3084E+01    2.1177E+01    1.7193E+01    1.2335E+01    6.6500E+01    4.9305E+01    1.4304E+01    4.4949E+00    1.5883E+01    0.0000E+00    8.4645E+00   
 1.7895E+03    4.3876E+01    5.3106E+01    2.1430E+01    1.7149E+01    1.2335E+01    6.6509E+01    4.9304E+01    1.4296E+01    4.4745E+00    1.5822E+01    0.0000E+00    8.4645E+00   
# Time (s)      T1w (C)       T2w (C)       T1a (C)       T2a (C)       T1r (C)       T2r (C)       T3r (C)       T4r (C)       P1 (bar)      P2 (bar)      Ic (amp)      Qc (l/min)    
 1.7900E+03    4.3870E+01    5.3106E+01    2.1430E+01    1.7244E+01    1.2315E+01    6.6517E+01    4.9311E+01    1.4296E+01    4.4949E+00    1.5903E+01    0.0000E+00    8.4893E+00   
 1.7906E+03    4.3862E+01    5.3086E+01    2.1517E+01    1.7304E+01    1.2332E+01    6.6479E+01    4.9321E+01    1.4318E+01    4.4949E+00    1.5700E+01    0.0000E+00    8.4645E+00   
 1.7911E+03    4.3878E+01    5.3097E+01    2.1611E+01    1.7309E+01    1.2292E+01    6.6494E+01    4.9342E+01    1.4316E+01    4.4949E+00    1.5802E+01    0.0000E+00    8.4395E+00   
 1.7916E+03    4.3881E+01    5.3093E+01    2.1343E+01    1.7309E+01    1.2271E+01    6.6483E+01    4.9331E+01    1.4328E+01    4.4949E+00    1.5741E+01    0.0000E+00    8.4395E+00   
 1.7922E+03    4.3881E+01    5.3100E+01    2.1182E+01    1.7326E+01    1.2229E+01    6.6495E+01    4.9331E+01    1.4304E+01    4.4745E+00    1.5700E+01    0.0000E+00    8.4395E+00   
 1.7927E+03    4.3892E+01    5.3113E+01    2.1228E+01    1.7301E+01    1.2166E+01    6.6528E+01    4.9351E+01    1.4344E+01    4.4949E+00    1.5781E+01    0.0000E+00    8.4893E+00   
 1.7933E+03    4.3886E+01    5.3106E+01    2.1351E+01    1.7300E+01    1.2166E+01    6.6528E+01    4.9360E+01    1.4348E+01    4.4949E+00    1.5883E+01    0.0000E+00    8.4395E+00   
 1.7938E+03    4.3912E+01    5.3118E+01    2.1367E+01    1.7173E+01    1.2197E+01    6.6515E+01    4.9360E+01    1.4345E+01    4.4745E+00    1.5761E+01    0.0000E+00    8.3137E+00   
 1.7944E+03    4.3905E+01    5.3118E+01    2.1475E+01    1.7254E+01    1.2223E+01    6.6511E+01    4.9344E+01    1.4345E+01    4.4949E+00    1.5842E+01    0.0000E+00    8.3390E+00   
 1.7949E+03    4.3897E+01    5.3106E+01    2.1519E+01    1.7195E+01    1.2194E+01    6.6526E+01    4.9354E+01    1.4352E+01    4.4949E+00    1.5781E+01    0.0000E+00    8.3390E+00   
 1.7954E+03    4.3909E+01    5.3110E+01    2.1329E+01    1.7195E+01    1.2179E+01    6.6526E+01    4.9352E+01    1.4369E+01    4.4949E+00    1.5802E+01    0.0000E+00    8.3137E+00   
 1.7960E+03    4.3924E+01    5.3111E+01    2.1322E+01    1.7391E+01    1.2151E+01    6.6535E+01    4.9352E+01    1.4357E+01    4.4949E+00    1.5720E+01    0.0000E+00    8.4145E+00   
 1.7965E+03    4.3923E+01    5.3115E+01    2.1355E+01    1.7340E+01    1.2117E+01    6.6563E+01    4.9350E+01    1.4366E+01    4.4949E+00    1.5842E+01    0.0000E+00    8.4645E+00   
 1.7971E+03    4.3928E+01    5.3120E+01    2.1398E+01    1.7251E+01    1.2117E+01    6.6559E+01    4.9366E+01    1.4373E+01    4.4949E+00    1.5700E+01    0.0000E+00    8.4645E+00   
 1.7976E+03    4.3946E+01    5.3111E+01    2.1398E+01    1.7275E+01    1.2082E+01    6.6586E+01    4.9361E+01    1.4382E+01    4.5153E+00    1.5700E+01    0.0000E+00    8.4395E+00   
 1.7982E+03    4.3936E+01    5.3111E+01    2.1286E+01    1.7359E+01    1.2121E+01    6.6604E+01    4.9373E+01    1.4382E+01    4.4949E+00    1.5863E+01    0.0000E+00    8.4893E+00   
 1.7987E+03    4.3937E+01    5.3109E+01    2.1252E+01    1.7329E+01    1.2115E+01    6.6614E+01    4.9375E+01    1.4352E+01    4.4949E+00    1.5720E+01    0.0000E+00    8.4893E+00   
 1.7992E+03    4.3937E+01    5.3124E+01    2.1318E+01    1.7300E+01    1.2115E+01    6.6614E+01    4.9361E+01    1.4352E+01    4.4949E+00    1.5802E+01    0.0000E+00    8.4645E+00   
 1.7998E+03    4.3941E+01    5.3134E+01    2.0974E+01    1.7300E+01    1.2074E+01    6.6651E+01    4.9363E+01    1.4371E+01    4.4949E+00    1.5822E+01    0.0000E+00    8.4395E+00   
 1.8003E+03    4.3941E+01    5.3113E+01    2.0829E+01    1.7304E+01    1.2052E+01    6.6633E+01    4.9363E+01    1.4349E+01    4.4949E+00    1.5700E+01    0.0000E+00    8.4645E+00   
 1.8009E+03    4.3950E+01    5.3129E+01    2.0866E+01    1.7254E+01    1.1941E+01    6.6609E+01    4.9360E+01    1.4357E+01    4.4949E+00    1.5741E+01    0.0000E+00    8.4645E+00   
 1.8014E+03    4.3961E+01    5.3132E+01    2.0903E+01    1.7318E+01    1.1941E+01    6.6610E+01    4.9355E+01    1.4366E+01    4.5153E+00    1.5822E+01    0.0000E+00    8.4395E+00   
 1.8020E+03    4.3959E+01    5.3132E+01    2.0903E+01    1.7236E+01    1.1921E+01    6.6609E+01    4.9351E+01    1.4366E+01    4.4949E+00    1.5781E+01    0.0000E+00    8.4645E+00   
 1.8025E+03    4.3950E+01    5.3130E+01    2.0830E+01    1.7290E+01    1.1949E+01    6.6585E+01    4.9339E+01    1.4345E+01    4.4949E+00    1.5842E+01    0.0000E+00    8.4395E+00   
 1.8030E+03    4.3946E+01    5.3115E+01    2.0892E+01    1.7186E+01    1.1943E+01    6.6585E+01    4.9346E+01    1.4328E+01    4.4949E+00    1.5802E+01    0.0000E+00    8.4645E+00   
 1.8036E+03    4.3940E+01    5.3111E+01    2.1022E+01    1.7186E+01    1.1964E+01    6.6562E+01    4.9342E+01    1.4298E+01    4.4949E+00    1.5903E+01    0.0000E+00    8.4893E+00   
 1.8041E+03    4.3955E+01    5.3135E+01    2.0958E+01    1.7307E+01    1.1977E+01    6.6556E+01    4.9342E+01    1.4317E+01    4.4949E+00    1.5883E+01    0.0000E+00    8.4893E+00   
 1.8047E+03    4.3966E+01    5.3128E+01    2.0871E+01    1.7293E+01    1.2015E+01    6.6558E+01    4.9349E+01    1.4292E+01    4.4949E+00    1.5741E+01    0.0000E+00    8.4395E+00   
 1.8052E+03    4.3955E+01    5.3132E+01    2.0854E+01    1.7359E+01    1.2015E+01    6.6578E+01    4.9340E+01    1.4277E+01    4.4949E+00    1.5741E+01    0.0000E+00    8.4395E+00   
 1.8057E+03    4.3950E+01    5.3132E+01    2.0854E+01    1.7285E+01    1.2046E+01    6.6579E+01    4.9336E+01    1.4274E+01    4.4949E+00    1.5863E+01    0.0000E+00    8.4645E+00   
# Time (s)      T1w (C)       T2w (C)       T1a (C)       T2a (C)       T1r (C)       T2r (C)       T3r (C)       T4r (C)       P1 (bar)      P2 (bar)      Ic (amp)      Qc (l/min)    
 1.8063E+03    4.3982E+01    5.3146E+01    2.0797E+01    1.7314E+01    1.2049E+01    6.6594E+01    4.9358E+01    1.4290E+01    4.4949E+00    1.5842E+01    0.0000E+00    8.4893E+00   
 1.8068E+03    4.3995E+01    5.3164E+01    2.0976E+01    1.7294E+01    1.2026E+01    6.6608E+01    4.9346E+01    1.4297E+01    4.4949E+00    1.5863E+01    0.0000E+00    8.4645E+00   
 1.8074E+03    4.3999E+01    5.3158E+01    2.1055E+01    1.7294E+01    1.2040E+01    6.6616E+01    4.9345E+01    1.4284E+01    4.4949E+00    1.5741E+01    0.0000E+00    8.4893E+00   
 1.8079E+03    4.3999E+01    5.3157E+01    2.1128E+01    1.7381E+01    1.2024E+01    6.6645E+01    4.9360E+01    1.4292E+01    4.4949E+00    1.5903E+01    0.0000E+00    8.4395E+00   
 1.8085E+03    4.4023E+01    5.3168E+01    2.1207E+01    1.7346E+01    1.2043E+01    6.6633E+01    4.9364E+01    1.4281E+01    4.4949E+00    1.5781E+01    0.0000E+00    8.4645E+00   
 1.8090E+03    4.3994E+01    5.3177E+01    2.1257E+01    1.7305E+01    1.2104E+01    6.6642E+01    4.9371E+01    1.4292E+01    4.4949E+00    1.5863E+01    0.0000E+00    8.4395E+00   
 1.8096E+03    4.3989E+01    5.3159E+01    2.1257E+01    1.7195E+01    1.2104E+01    6.6651E+01    4.9367E+01    1.4280E+01    4.4949E+00    1.5802E+01    0.0000E+00    8.4645E+00   
 1.8101E+03    4.3993E+01    5.3159E+01    2.1140E+01    1.7175E+01    1.2061E+01    6.6648E+01    4.9357E+01    1.4280E+01    4.4949E+00    1.5781E+01    0.0000E+00    8.4395E+00   
 1.8106E+03    4.3980E+01    5.3169E+01    2.1235E+01    1.7193E+01    1.2008E+01    6.6643E+01    4.9364E+01    1.4286E+01    4.4949E+00    1.5903E+01    0.0000E+00    8.4893E+00   
 1.8112E+03    4.3993E+01    5.3171E+01    2.1355E+01    1.7207E+01    1.1963E+01    6.6643E+01    4.9348E+01    1.4289E+01    4.4949E+00    1.5802E+01    0.0000E+00    8.4395E+00   
 1.8117E+03    4.3985E+01    5.3157E+01    2.1345E+01    1.7207E+01    1.1947E+01    6.6649E+01    4.9335E+01    1.4290E+01    4.4949E+00    1.5924E+01    0.0000E+00    8.4645E+00   
 1.8123E+03    4.3985E+01    5.3182E+01    2.1465E+01    1.7151E+01    1.1967E+01    6.6625E+01    4.9335E+01    1.4294E+01    4.4949E+00    1.5822E+01    0.0000E+00    8.4893E+00   
 1.8128E+03    4.4005E+01    5.3158E+01    2.1237E+01    1.7294E+01    1.1954E+01    6.6607E+01    4.9347E+01    1.4274E+01    4.4949E+00    1.5863E+01    0.0000E+00    8.4893E+00   
 1.8134E+03    4.3993E+01    5.3177E+01    2.1138E+01    1.7210E+01    1.1954E+01    6.6615E+01    4.9327E+01    1.4272E+01    4.4949E+00    1.5761E+01    0.0000E+00    8.5141E+00   
 1.8139E+03    4.3979E+01    5.3168E+01    2.1138E+01    1.7131E+01    1.1996E+01    6.6622E+01    4.9318E+01    1.4244E+01    4.4949E+00    1.5842E+01    0.0000E+00    8.4395E+00   
 1.8145E+03    4.3972E+01    5.3168E+01    2.0954E+01    1.7252E+01    1.1989E+01    6.6648E+01    4.9323E+01    1.4244E+01    4.4949E+00    1.5863E+01    0.0000E+00    8.4395E+00   
 1.8150E+03    4.3994E+01    5.3189E+01    2.0923E+01    1.7162E+01    1.1988E+01    6.6649E+01    4.9306E+01    1.4241E+01    4.4949E+00    1.5741E+01    0.0000E+00    8.4645E+00   
 1.8155E+03    4.3982E+01    5.3181E+01    2.0954E+01    1.7162E+01    1.2010E+01    6.6649E+01    4.9303E+01    1.4242E+01    4.4949E+00    1.5903E+01    0.0000E+00    8.4893E+00   
 1.8161E+03    4.3982E+01    5.3178E+01    2.0970E+01    1.7230E+01    1.2056E+01    6.6638E+01    4.9303E+01    1.4230E+01    4.4949E+00    1.5883E+01    0.0000E+00    8.4645E+00   
 1.8166E+03    4.3987E+01    5.3175E+01    2.1161E+01    1.7135E+01    1.2085E+01    6.6648E+01    4.9279E+01    1.4213E+01    4.4949E+00    1.5883E+01    0.0000E+00    8.4395E+00   
 1.8172E+03    4.3999E+01    5.3172E+01    2.0979E+01    1.7162E+01    1.2085E+01    6.6639E+01    4.9292E+01    1.4217E+01    4.4745E+00    1.5781E+01    0.0000E+00    8.4893E+00   
 1.8177E+03    4.3983E+01    5.3184E+01    2.0979E+01    1.7153E+01    1.2091E+01    6.6660E+01    4.9293E+01    1.4206E+01    4.4745E+00    1.5883E+01    0.0000E+00    8.4893E+00   
 1.8183E+03    4.3978E+01    5.3184E+01    2.1033E+01    1.7110E+01    1.2102E+01    6.6676E+01    4.9283E+01    1.4206E+01    4.4745E+00    1.5842E+01    0.0000E+00    8.4645E+00   
 1.8188E+03    4.3987E+01    5.3170E+01    2.1127E+01    1.7167E+01    1.2077E+01    6.6692E+01    4.9286E+01    1.4233E+01    4.4745E+00    1.5781E+01    0.0000E+00    8.4893E+00   
 1.8194E+03    4.4001E+01    5.3177E+01    2.1244E+01    1.7199E+01    1.2035E+01    6.6692E+01    4.9286E+01    1.4217E+01    4.4949E+00    1.5863E+01    0.0000E+00    8.4395E+00   
 1.8199E+03    4.3984E+01    5.3169E+01    2.1306E+01    1.7199E+01    1.2038E+01    6.6687E+01    4.9294E+01    1.4198E+01    4.4949E+00    1.5802E+01    0.0000E+00    8.4395E+00   
 1.8204E+03    4.3984E+01    5.3168E+01    2.1251E+01    1.7141E+01    1.2056E+01    6.6700E+01    4.9294E+01    1.4196E+01    4.4949E+00    1.5761E+01    0.0000E+00    8.4893E+00   
 1.8210E+03    4.3991E+01    5.3167E+01    2.1317E+01    1.7215E+01    1.2064E+01    6.6719E+01    4.9299E+01    1.4206E+01    4.4745E+00    1.5842E+01    0.0000E+00    8.4893E+00   
 1.8215E+03    4.3994E+01    5.3170E+01    2.1167E+01    1.7194E+01    1.2064E+01    6.6705E+01    4.9306E+01    1.4220E+01    4.4745E+00    1.5802E+01    0.0000E+00    8.4395E+00   
 1.8221E+03    4.3990E+01    5.3170E+01    2.1167E+01    1.7122E+01    1.2046E+01    6.6701E+01    4.9289E+01    1.4220E+01    4.4745E+00    1.5741E+01    0.0000E+00    8.4145E+00   
# Time (s)      T1w (C)       T2w (C)       T1a (C)       T2a (C)       T1r (C)       T2r (C)       T3r (C)       T4r (C)       P1 (bar)      P2 (bar)      Ic (amp)      Qc (l/min)    
 1.8226E+03    4.3978E+01    5.3158E+01    2.1296E+01    1.7164E+01    1.2048E+01    6.6703E+01    4.9298E+01    1.4210E+01    4.4745E+00    1.5822E+01    0.0000E+00    8.4893E+00   
 1.8231E+03    4.3998E+01    5.3182E+01    2.1326E+01    1.7183E+01    1.2064E+01    6.6709E+01    4.9299E+01    1.4193E+01    4.4745E+00    1.5924E+01    0.0000E+00    8.4645E+00   
 1.8237E+03    4.4003E+01    5.3166E+01    2.1280E+01    1.7183E+01    1.2069E+01    6.6709E+01    4.9296E+01    1.4202E+01    4.4949E+00    1.5842E+01    0.0000E+00    8.4395E+00   
 1.8242E+03    4.4003E+01    5.3182E+01    2.1211E+01    1.7179E+01    1.2041E+01    6.6735E+01    4.9296E+01    1.4195E+01    4.4745E+00    1.5903E+01    0.0000E+00    8.4893E+00   
 1.8248E+03    4.3998E+01    5.3179E+01    2.1278E+01    1.7242E+01    1.2006E+01    6.6742E+01    4.9292E+01    1.4189E+01    4.4745E+00    1.5842E+01    0.0000E+00    8.4145E+00   
 1.8253E+03    4.4008E+01    5.3190E+01    2.1467E+01    1.7207E+01    1.1990E+01    6.6742E+01    4.9270E+01    1.4165E+01    4.4949E+00    1.5863E+01    0.0000E+00    8.4893E+00   
 1.8258E+03    4.3994E+01    5.3190E+01    2.1467E+01    1.7149E+01    1.1979E+01    6.6751E+01    4.9267E+01    1.4165E+01    4.4745E+00    1.5720E+01    0.0000E+00    8.4395E+00   
 1.8264E+03    4.4005E+01    5.3198E+01    2.1465E+01    1.7086E+01    1.1970E+01    6.6763E+01    4.9259E+01    1.4148E+01    4.4745E+00    1.5863E+01    0.0000E+00    8.4395E+00   
 1.8269E+03    4.4015E+01    5.3180E+01    2.1359E+01    1.7138E+01    1.1990E+01    6.6775E+01    4.9266E+01    1.4148E+01    4.4745E+00    1.5903E+01    0.0000E+00    8.4395E+00   
 1.8275E+03    4.3981E+01    5.3187E+01    2.1201E+01    1.7122E+01    1.2007E+01    6.6775E+01    4.9252E+01    1.4133E+01    4.4745E+00    1.5903E+01    0.0000E+00    8.4395E+00   
 1.8280E+03    4.3981E+01    5.3163E+01    2.1315E+01    1.7159E+01    1.2027E+01    6.6799E+01    4.9252E+01    1.4118E+01    4.4949E+00    1.5863E+01    0.0000E+00    8.4645E+00   
 1.8286E+03    4.3987E+01    5.3159E+01    2.1292E+01    1.7163E+01    1.2072E+01    6.6793E+01    4.9259E+01    1.4119E+01    4.4745E+00    1.5822E+01    0.0000E+00    8.4893E+00   
 1.8291E+03    4.3982E+01    5.3167E+01    2.1339E+01    1.7231E+01    1.2072E+01    6.6789E+01    4.9255E+01    1.4090E+01    4.4745E+00    1.5903E+01    0.0000E+00    8.4645E+00   
 1.8297E+03    4.3974E+01    5.3171E+01    2.1339E+01    1.7186E+01    1.2093E+01    6.6794E+01    4.9257E+01    1.4099E+01    4.4745E+00    1.5903E+01    0.0000E+00    8.4893E+00   
 1.8302E+03    4.4008E+01    5.3186E+01    2.1164E+01    1.7129E+01    1.2096E+01    6.6806E+01    4.9259E+01    1.4099E+01    4.4949E+00    1.5883E+01    0.0000E+00    8.4395E+00   
 1.8307E+03    4.3996E+01    5.3182E+01    2.1190E+01    1.7155E+01    1.2074E+01    6.6807E+01    4.9255E+01    1.4102E+01    4.4745E+00    1.5924E+01    0.0000E+00    8.4645E+00   
 1.8313E+03    4.4005E+01    5.3194E+01    2.1014E+01    1.7262E+01    1.2044E+01    6.6793E+01    4.9240E+01    1.4067E+01    4.4949E+00    1.5944E+01    0.0000E+00    8.4645E+00   
 1.8318E+03    4.4005E+01    5.3196E+01    2.1021E+01    1.7262E+01    1.2051E+01    6.6801E+01    4.9240E+01    1.4065E+01    4.4745E+00    1.5802E+01    0.0000E+00    8.4645E+00   
 1.8324E+03    4.4023E+01    5.3212E+01    2.1261E+01    1.7227E+01    1.2048E+01    6.6784E+01    4.9233E+01    1.4059E+01    4.4745E+00    1.5883E+01    0.0000E+00    8.4645E+00   
 1.8329E+03    4.4009E+01    5.3195E+01    2.1131E+01    1.7237E+01    1.2041E+01    6.6788E+01    4.9254E+01    1.4046E+01    4.4745E+00    1.5781E+01    0.0000E+00    8.4395E+00   
 1.8334E+03    4.3991E+01    5.3189E+01    2.1116E+01    1.7214E+01    1.2025E+01    6.6775E+01    4.9238E+01    1.4059E+01    4.4745E+00    1.5924E+01    0.0000E+00    8.4893E+00   
 1.8340E+03    4.3997E+01    5.3189E+01    2.1155E+01    1.7241E+01    1.2042E+01    6.6791E+01    4.9245E+01    1.4043E+01    4.4745E+00    1.5883E+01    0.0000E+00    8.4395E+00   
 1.8345E+03    4.3995E+01    5.3182E+01    2.0902E+01    1.7141E+01    1.2053E+01    6.6778E+01    4.9220E+01    1.4013E+01    4.4745E+00    1.5903E+01    0.0000E+00    8.4145E+00   
 1.8351E+03    4.4024E+01    5.3203E+01    2.0800E+01    1.7174E+01    1.2064E+01    6.6778E+01    4.9226E+01    1.4037E+01    4.4745E+00    1.5842E+01    0.0000E+00    8.4645E+00   
 1.8356E+03    4.4024E+01    5.3209E+01    2.0793E+01    1.7174E+01    1.2089E+01    6.6806E+01    4.9226E+01    1.4023E+01    4.4745E+00    1.5802E+01    0.0000E+00    8.4893E+00   
 1.8361E+03    4.4017E+01    5.3198E+01    2.0725E+01    1.7117E+01    1.2076E+01    6.6799E+01    4.9211E+01    1.4016E+01    4.4949E+00    1.5903E+01    0.0000E+00    8.4645E+00   
 1.8367E+03    4.4009E+01    5.3186E+01    2.0797E+01    1.7215E+01    1.2080E+01    6.6786E+01    4.9197E+01    1.4021E+01    4.4745E+00    1.5802E+01    0.0000E+00    8.4645E+00   
 1.8372E+03    4.4026E+01    5.3195E+01    2.0797E+01    1.7116E+01    1.2080E+01    6.6799E+01    4.9212E+01    1.4029E+01    4.4745E+00    1.5903E+01    0.0000E+00    8.4645E+00   
 1.8378E+03    4.4000E+01    5.3195E+01    2.0688E+01    1.7142E+01    1.2044E+01    6.6813E+01    4.9224E+01    1.4029E+01    4.4745E+00    1.5924E+01    0.0000E+00    8.4395E+00   
 1.8383E+03    4.4011E+01    5.3203E+01    2.0736E+01    1.7150E+01    1.2041E+01    6.6816E+01    4.9227E+01    1.4043E+01    4.4745E+00    1.5802E+01    0.0000E+00    8.4395E+00   
# Time (s)      T1w (C)       T2w (C)       T1a (C)       T2a (C)       T1r (C)       T2r (C)       T3r (C)       T4r (C)       P1 (bar)      P2 (bar)      Ic (amp)      Qc (l/min)    
 1.8389E+03    4.4015E+01    5.3189E+01    2.0687E+01    1.7204E+01    1.2049E+01    6.6820E+01    4.9242E+01    1.4032E+01    4.4949E+00    1.5863E+01    0.0000E+00    8.4395E+00   
 1.8394E+03    4.4001E+01    5.3183E+01    2.0652E+01    1.7188E+01    1.2064E+01    6.6820E+01    4.9239E+01    1.4029E+01    4.4949E+00    1.5863E+01    0.0000E+00    8.4395E+00   
 1.8399E+03    4.4001E+01    5.3202E+01    2.0642E+01    1.7208E+01    1.2071E+01    6.6851E+01    4.9239E+01    1.4031E+01    4.4745E+00    1.5903E+01    0.0000E+00    8.4145E+00   
 1.8405E+03    4.4000E+01    5.3172E+01    2.0778E+01    1.7158E+01    1.2078E+01    6.6838E+01    4.9233E+01    1.4017E+01    4.4745E+00    1.5741E+01    0.0000E+00    8.4645E+00   
 1.8410E+03    4.4000E+01    5.3194E+01    2.0681E+01    1.7190E+01    1.2078E+01    6.6854E+01    4.9236E+01    1.4031E+01    4.4745E+00    1.5863E+01    0.0000E+00    8.4395E+00   
 1.8416E+03    4.4006E+01    5.3194E+01    2.0681E+01    1.7159E+01    1.2063E+01    6.6849E+01    4.9218E+01    1.4002E+01    4.4745E+00    1.5741E+01    0.0000E+00    8.4395E+00   
 1.8421E+03    4.3995E+01    5.3191E+01    2.0563E+01    1.7168E+01    1.2042E+01    6.6825E+01    4.9203E+01    1.4002E+01    4.4949E+00    1.5741E+01    0.0000E+00    8.4893E+00   
 1.8426E+03    4.3987E+01    5.3203E+01    2.0514E+01    1.7157E+01    1.2042E+01    6.6818E+01    4.9231E+01    1.4002E+01    4.4745E+00    1.5781E+01    0.0000E+00    8.4893E+00   
 1.8432E+03    4.4003E+01    5.3189E+01    2.0472E+01    1.7157E+01    1.2029E+01    6.6804E+01    4.9206E+01    1.3976E+01    4.4745E+00    1.5924E+01    0.0000E+00    8.4395E+00   
 1.8437E+03    4.4003E+01    5.3182E+01    2.0410E+01    1.7228E+01    1.2011E+01    6.6820E+01    4.9206E+01    1.3973E+01    4.4745E+00    1.5883E+01    0.0000E+00    8.4893E+00   
 1.8443E+03    4.3987E+01    5.3199E+01    2.0406E+01    1.7189E+01    1.1981E+01    6.6789E+01    4.9185E+01    1.3991E+01    4.4745E+00    1.5944E+01    0.0000E+00    8.4645E+00   
 1.8448E+03    4.3999E+01    5.3202E+01    2.0364E+01    1.7191E+01    1.1981E+01    6.6797E+01    4.9198E+01    1.3964E+01    4.4745E+00    1.5761E+01    0.0000E+00    8.4395E+00   
 1.8454E+03    4.4009E+01    5.3198E+01    2.0364E+01    1.7199E+01    1.1994E+01    6.6761E+01    4.9200E+01    1.3988E+01    4.4949E+00    1.5741E+01    0.0000E+00    8.4645E+00   
 1.8459E+03    4.4011E+01    5.3198E+01    2.0512E+01    1.7228E+01    1.2049E+01    6.6770E+01    4.9201E+01    1.3988E+01    4.4745E+00    1.5924E+01    0.0000E+00    8.4893E+00   
 1.8464E+03    4.4006E+01    5.3204E+01    2.0702E+01    1.7155E+01    1.2044E+01    6.6756E+01    4.9177E+01    1.3946E+01    4.4949E+00    1.5781E+01    0.0000E+00    8.4645E+00   
 1.8470E+03    4.3999E+01    5.3214E+01    2.0853E+01    1.7173E+01    1.2024E+01    6.6756E+01    4.9177E+01    1.3942E+01    4.4745E+00    1.5863E+01    0.0000E+00    8.4645E+00   
 1.8475E+03    4.3999E+01    5.3201E+01    2.0719E+01    1.7173E+01    1.2042E+01    6.6785E+01    4.9192E+01    1.3953E+01    4.4949E+00    1.5944E+01    0.0000E+00    8.4893E+00   
 1.8481E+03    4.3992E+01    5.3212E+01    2.0507E+01    1.7133E+01    1.2037E+01    6.6806E+01    4.9202E+01    1.3958E+01    4.4745E+00    1.5761E+01    0.0000E+00    8.4645E+00   
 1.8486E+03    4.3990E+01    5.3192E+01    2.0376E+01    1.7083E+01    1.2037E+01    6.6812E+01    4.9208E+01    1.3951E+01    4.4745E+00    1.5944E+01    0.0000E+00    8.4395E+00   
 1.8491E+03    4.3985E+01    5.3207E+01    2.0376E+01    1.7142E+01    1.2086E+01    6.6802E+01    4.9205E+01    1.3942E+01    4.4745E+00    1.5802E+01    0.0000E+00    8.4893E+00   
 1.8497E+03    4.3979E+01    5.3207E+01    2.0393E+01    1.7152E+01    1.2104E+01    6.6829E+01    4.9198E+01    1.3942E+01    4.4745E+00    1.5781E+01    0.0000E+00    8.4395E+00   
 1.8502E+03    4.3969E+01    5.3213E+01    2.0283E+01    1.7145E+01    1.2155E+01    6.6810E+01    4.9206E+01    1.3925E+01    4.4745E+00    1.5822E+01    0.0000E+00    8.4395E+00   
 1.8508E+03    4.3963E+01    5.3211E+01    2.0296E+01    1.7081E+01    1.2170E+01    6.6810E+01    4.9205E+01    1.3919E+01    4.4745E+00    1.5781E+01    0.0000E+00    8.4645E+00   
 1.8513E+03    4.3963E+01    5.3206E+01    2.0319E+01    1.7081E+01    1.2216E+01    6.6800E+01    4.9192E+01    1.3886E+01    4.4745E+00    1.5924E+01    0.0000E+00    8.4645E+00   
 1.8518E+03    4.3966E+01    5.3200E+01    2.0305E+01    1.7129E+01    1.2313E+01    6.6786E+01    4.9192E+01    1.3869E+01    4.4745E+00    1.5924E+01    0.0000E+00    8.4645E+00   
 1.8524E+03    4.3969E+01    5.3214E+01    2.0337E+01    1.7266E+01    1.2401E+01    6.6810E+01    4.9183E+01    1.3881E+01    4.4745E+00    1.5924E+01    0.0000E+00    8.4893E+00   
 1.8529E+03    4.3990E+01    5.3215E+01    2.0337E+01    1.7146E+01    1.2401E+01    6.6804E+01    4.9187E+01    1.3867E+01    4.4745E+00    1.5781E+01    0.0000E+00    8.4395E+00   
 1.8535E+03    4.4003E+01    5.3230E+01    2.0348E+01    1.7136E+01    1.2458E+01    6.6802E+01    4.9186E+01    1.3867E+01    4.4541E+00    1.5944E+01    0.0000E+00    8.4645E+00   
 1.8540E+03    4.3995E+01    5.3233E+01    2.0422E+01    1.7017E+01    1.2408E+01    6.6802E+01    4.9189E+01    1.3871E+01    4.4745E+00    1.5863E+01    0.0000E+00    8.4645E+00   
 1.8546E+03    4.4002E+01    5.3222E+01    2.0489E+01    1.7082E+01    1.2333E+01    6.6833E+01    4.9227E+01    1.3899E+01    4.4745E+00    1.5822E+01    0.0000E+00    8.4395E+00   
# Time (s)      T1w (C)       T2w (C)       T1a (C)       T2a (C)       T1r (C)       T2r (C)       T3r (C)       T4r (C)       P1 (bar)      P2 (bar)      Ic (amp)      Qc (l/min)    
 1.8551E+03    4.4036E+01    5.3230E+01    2.0476E+01    1.7082E+01    1.2293E+01    6.6833E+01    4.9217E+01    1.3910E+01    4.4745E+00    1.5903E+01    0.0000E+00    8.4645E+00   
 1.8557E+03    4.4051E+01    5.3264E+01    2.0503E+01    1.7109E+01    1.2295E+01    6.6834E+01    4.9217E+01    1.3934E+01    4.4541E+00    1.5924E+01    0.0000E+00    8.4395E+00   
 1.8562E+03    4.4102E+01    5.3255E+01    2.0405E+01    1.7180E+01    1.2132E+01    6.6875E+01    4.9238E+01    1.3993E+01    4.4541E+00    1.5822E+01    0.0000E+00    8.4645E+00   
 1.8567E+03    4.4101E+01    5.3263E+01    2.0359E+01    1.7011E+01    1.2132E+01    6.6907E+01    4.9252E+01    1.4010E+01    4.4745E+00    1.5903E+01    0.0000E+00    8.4645E+00   
 1.8573E+03    4.4088E+01    5.3261E+01    2.0343E+01    1.7006E+01    1.2090E+01    6.6896E+01    4.9248E+01    1.4041E+01    4.4541E+00    1.5720E+01    0.0000E+00    8.4645E+00   
 1.8578E+03    4.4120E+01    5.3261E+01    2.0308E+01    1.6994E+01    1.2084E+01    6.6908E+01    4.9263E+01    1.4041E+01    4.4745E+00    1.5903E+01    0.0000E+00    8.4645E+00   
 1.8584E+03    4.4081E+01    5.3260E+01    2.0334E+01    1.7223E+01    1.2042E+01    6.6901E+01    4.9248E+01    1.4019E+01    4.4541E+00    1.5761E+01    0.0000E+00    8.4395E+00   
 1.8589E+03    4.4086E+01    5.3238E+01    2.0317E+01    1.7223E+01    1.2073E+01    6.6901E+01    4.9252E+01    1.4027E+01    4.4541E+00    1.5781E+01    0.0000E+00    8.4645E+00   
 1.8594E+03    4.4071E+01    5.3220E+01    2.0203E+01    1.7243E+01    1.2077E+01    6.6869E+01    4.9252E+01    1.4024E+01    4.4745E+00    1.5883E+01    0.0000E+00    8.4645E+00   
 1.8600E+03    4.4081E+01    5.3229E+01    2.0175E+01    1.7064E+01    1.2114E+01    6.6870E+01    4.9247E+01    1.4023E+01    4.4745E+00    1.5883E+01    0.0000E+00    8.4395E+00   
 1.8605E+03    4.4053E+01    5.3218E+01    2.0195E+01    1.7022E+01    1.2098E+01    6.6869E+01    4.9240E+01    1.4002E+01    4.4541E+00    1.5903E+01    0.0000E+00    8.4645E+00   
 1.8611E+03    4.4052E+01    5.3231E+01    2.0195E+01    1.7119E+01    1.2086E+01    6.6893E+01    4.9255E+01    1.4010E+01    4.4745E+00    1.5741E+01    0.0000E+00    8.4395E+00   
 1.8616E+03    4.4069E+01    5.3231E+01    2.0430E+01    1.7040E+01    1.2127E+01    6.6887E+01    4.9257E+01    1.4010E+01    4.4745E+00    1.5883E+01    0.0000E+00    8.4893E+00   
 1.8621E+03    4.4070E+01    5.3220E+01    2.0570E+01    1.7070E+01    1.2179E+01    6.6901E+01    4.9273E+01    1.4026E+01    4.4745E+00    1.5741E+01    0.0000E+00    8.4893E+00   
 1.8627E+03    4.4084E+01    5.3239E+01    2.0571E+01    1.7003E+01    1.2146E+01    6.6916E+01    4.9301E+01    1.4054E+01    4.4745E+00    1.5863E+01    0.0000E+00    8.4395E+00   
 1.8632E+03    4.4084E+01    5.3235E+01    2.0472E+01    1.7003E+01    1.2117E+01    6.6922E+01    4.9301E+01    1.4056E+01    4.4541E+00    1.5741E+01    0.0000E+00    8.4645E+00   
 1.8638E+03    4.4074E+01    5.3240E+01    2.0359E+01    1.7113E+01    1.2132E+01    6.6931E+01    4.9302E+01    1.4070E+01    4.4745E+00    1.5720E+01    0.0000E+00    8.4893E+00   
 1.8643E+03    4.4110E+01    5.3258E+01    2.0432E+01    1.7179E+01    1.2132E+01    6.6930E+01    4.9295E+01    1.4065E+01    4.4745E+00    1.5802E+01    0.0000E+00    8.4645E+00   
 1.8649E+03    4.4100E+01    5.3248E+01    2.0432E+01    1.7096E+01    1.2160E+01    6.6954E+01    4.9311E+01    1.4088E+01    4.4745E+00    1.5883E+01    0.0000E+00    8.4145E+00   
 1.8654E+03    4.4111E+01    5.3248E+01    2.0424E+01    1.7056E+01    1.2185E+01    6.6953E+01    4.9309E+01    1.4088E+01    4.4745E+00    1.5842E+01    0.0000E+00    8.4645E+00   
 1.8659E+03    4.4090E+01    5.3263E+01    2.0393E+01    1.7101E+01    1.2184E+01    6.6964E+01    4.9310E+01    1.4089E+01    4.4745E+00    1.5802E+01    0.0000E+00    8.4395E+00   
 1.8665E+03    4.4100E+01    5.3246E+01    2.0321E+01    1.7057E+01    1.2173E+01    6.6964E+01    4.9312E+01    1.4084E+01    4.4745E+00    1.5781E+01    0.0000E+00    8.4645E+00   
 1.8670E+03    4.4100E+01    5.3259E+01    2.0296E+01    1.7057E+01    1.2162E+01    6.6953E+01    4.9312E+01    1.4116E+01    4.4745E+00    1.5781E+01    0.0000E+00    8.4395E+00   
 1.8676E+03    4.4095E+01    5.3266E+01    2.0266E+01    1.6918E+01    1.2178E+01    6.6985E+01    4.9335E+01    1.4142E+01    4.4745E+00    1.5863E+01    0.0000E+00    8.4645E+00   
 1.8681E+03    4.4097E+01    5.3244E+01    2.0262E+01    1.7003E+01    1.2196E+01    6.6983E+01    4.9346E+01    1.4147E+01    4.4949E+00    1.5781E+01    0.0000E+00    8.4893E+00   
 1.8686E+03    4.4090E+01    5.3252E+01    2.0262E+01    1.6869E+01    1.2196E+01    6.6980E+01    4.9358E+01    1.4135E+01    4.4745E+00    1.5741E+01    0.0000E+00    8.5141E+00   
 1.8692E+03    4.4079E+01    5.3252E+01    2.0290E+01    1.6936E+01    1.2226E+01    6.7015E+01    4.9346E+01    1.4135E+01    4.4745E+00    1.5903E+01    0.0000E+00    8.5141E+00   
 1.8697E+03    4.4090E+01    5.3276E+01    2.0297E+01    1.7017E+01    1.2243E+01    6.6983E+01    4.9378E+01    1.4159E+01    4.4949E+00    1.5781E+01    0.0000E+00    8.4395E+00   
 1.8703E+03    4.4088E+01    5.3263E+01    2.0323E+01    1.7107E+01    1.2264E+01    6.6997E+01    4.9398E+01    1.4178E+01    4.4745E+00    1.5903E+01    0.0000E+00    8.4893E+00   
 1.8708E+03    4.4093E+01    5.3261E+01    2.0386E+01    1.7107E+01    1.2279E+01    6.7023E+01    4.9400E+01    1.4187E+01    4.4949E+00    1.5720E+01    0.0000E+00    8.4893E+00   
# Time (s)      T1w (C)       T2w (C)       T1a (C)       T2a (C)       T1r (C)       T2r (C)       T3r (C)       T4r (C)       P1 (bar)      P2 (bar)      Ic (amp)      Qc (l/min)    
 1.8714E+03    4.4093E+01    5.3272E+01    2.0352E+01    1.7116E+01    1.2299E+01    6.7025E+01    4.9400E+01    1.4185E+01    4.4745E+00    1.5781E+01    0.0000E+00    8.4395E+00   
 1.8719E+03    4.4093E+01    5.3279E+01    2.0351E+01    1.7010E+01    1.2248E+01    6.7026E+01    4.9389E+01    1.4191E+01    4.4949E+00    1.5883E+01    0.0000E+00    8.4395E+00   
 1.8725E+03    4.4094E+01    5.3270E+01    2.0315E+01    1.6978E+01    1.2264E+01    6.7044E+01    4.9416E+01    1.4222E+01    4.4745E+00    1.5863E+01    0.0000E+00    8.4645E+00   
 1.8730E+03    4.4081E+01    5.3279E+01    2.0315E+01    1.6965E+01    1.2240E+01    6.7068E+01    4.9426E+01    1.4205E+01    4.4949E+00    1.5822E+01    0.0000E+00    8.4645E+00   
 1.8735E+03    4.4073E+01    5.3265E+01    2.0343E+01    1.6930E+01    1.2230E+01    6.7071E+01    4.9440E+01    1.4221E+01    4.4745E+00    1.5842E+01    0.0000E+00    8.4893E+00   
 1.8741E+03    4.4067E+01    5.3245E+01    2.0335E+01    1.6972E+01    1.2226E+01    6.7071E+01    4.9444E+01    1.4247E+01    4.4745E+00    1.5781E+01    0.0000E+00    8.4893E+00   
 1.8746E+03    4.4076E+01    5.3260E+01    2.0321E+01    1.6972E+01    1.2203E+01    6.7086E+01    4.9459E+01    1.4251E+01    4.4745E+00    1.5741E+01    0.0000E+00    8.4893E+00   
 1.8752E+03    4.4076E+01    5.3258E+01    2.0391E+01    1.7001E+01    1.2206E+01    6.7079E+01    4.9459E+01    1.4238E+01    4.4745E+00    1.5822E+01    0.0000E+00    8.4893E+00   
 1.8757E+03    4.4104E+01    5.3281E+01    2.0517E+01    1.6955E+01    1.2262E+01    6.7088E+01    4.9467E+01    1.4256E+01    4.4949E+00    1.5781E+01    0.0000E+00    8.4395E+00   
 1.8763E+03    4.4113E+01    5.3291E+01    2.0449E+01    1.6962E+01    1.2262E+01    6.7087E+01    4.9489E+01    1.4236E+01    4.4949E+00    1.5802E+01    0.0000E+00    8.4645E+00   
 1.8768E+03    4.4125E+01    5.3290E+01    2.0464E+01    1.6899E+01    1.2301E+01    6.7118E+01    4.9485E+01    1.4250E+01    4.4745E+00    1.5924E+01    0.0000E+00    8.4395E+00   
 1.8773E+03    4.4116E+01    5.3290E+01    2.0461E+01    1.7096E+01    1.2274E+01    6.7125E+01    4.9484E+01    1.4250E+01    4.4745E+00    1.5883E+01    0.0000E+00    8.4645E+00   
 1.8779E+03    4.4140E+01    5.3313E+01    2.0568E+01    1.7149E+01    1.2229E+01    6.7144E+01    4.9479E+01    1.4237E+01    4.4745E+00    1.5903E+01    0.0000E+00    8.4893E+00   
 1.8784E+03    4.4169E+01    5.3338E+01    2.0726E+01    1.6997E+01    1.2168E+01    6.7144E+01    4.9472E+01    1.4236E+01    4.4745E+00    1.5741E+01    0.0000E+00    8.4893E+00   
 1.8790E+03    4.4169E+01    5.3312E+01    2.0616E+01    1.6997E+01    1.2132E+01    6.7151E+01    4.9472E+01    1.4240E+01    4.4949E+00    1.5741E+01    0.0000E+00    8.5141E+00   
 1.8795E+03    4.4157E+01    5.3319E+01    2.0520E+01    1.6999E+01    1.2104E+01    6.7148E+01    4.9478E+01    1.4240E+01    4.4745E+00    1.5802E+01    0.0000E+00    8.4645E+00   
 1.8801E+03    4.4155E+01    5.3318E+01    2.0433E+01    1.7045E+01    1.2123E+01    6.7170E+01    4.9471E+01    1.4249E+01    4.4745E+00    1.5761E+01    0.0000E+00    8.4893E+00   
 1.8806E+03    4.4148E+01    5.3306E+01    2.0417E+01    1.6997E+01    1.2123E+01    6.7151E+01    4.9474E+01    1.4234E+01    4.4745E+00    1.5781E+01    0.0000E+00    8.4645E+00   
 1.8811E+03    4.4131E+01    5.3306E+01    2.0348E+01    1.6976E+01    1.2118E+01    6.7171E+01    4.9471E+01    1.4234E+01    4.4745E+00    1.5822E+01    0.0000E+00    8.4893E+00   
 1.8817E+03    4.4125E+01    5.3301E+01    2.0269E+01    1.7077E+01    1.2125E+01    6.7180E+01    4.9484E+01    1.4272E+01    4.4745E+00    1.5822E+01    0.0000E+00    8.4645E+00   
 1.8822E+03    4.4118E+01    5.3296E+01    2.0302E+01    1.6998E+01    1.2104E+01    6.7180E+01    4.9482E+01    1.4258E+01    4.4745E+00    1.5842E+01    0.0000E+00    8.4395E+00   
 1.8828E+03    4.4142E+01    5.3290E+01    2.0321E+01    1.7014E+01    1.2100E+01    6.7183E+01    4.9494E+01    1.4286E+01    4.4745E+00    1.5903E+01    0.0000E+00    8.4395E+00   
 1.8833E+03    4.4142E+01    5.3302E+01    2.0332E+01    1.6968E+01    1.2116E+01    6.7188E+01    4.9494E+01    1.4282E+01    4.4949E+00    1.5741E+01    0.0000E+00    8.4893E+00   
 1.8838E+03    4.4129E+01    5.3297E+01    2.0411E+01    1.7064E+01    1.2147E+01    6.7193E+01    4.9518E+01    1.4289E+01    4.4949E+00    1.5883E+01    0.0000E+00    8.4893E+00   
 1.8844E+03    4.4151E+01    5.3303E+01    2.0414E+01    1.7025E+01    1.2147E+01    6.7210E+01    4.9527E+01    1.4288E+01    4.4949E+00    1.5924E+01    0.0000E+00    8.4645E+00   
 1.8849E+03    4.4153E+01    5.3317E+01    2.0429E+01    1.7049E+01    1.2190E+01    6.7220E+01    4.9527E+01    1.4288E+01    4.4949E+00    1.5741E+01    0.0000E+00    8.4893E+00   
 1.8855E+03    4.4167E+01    5.3336E+01    2.0403E+01    1.7043E+01    1.2213E+01    6.7245E+01    4.9538E+01    1.4284E+01    4.4949E+00    1.5741E+01    0.0000E+00    8.4645E+00   
 1.8860E+03    4.4171E+01    5.3333E+01    2.0471E+01    1.7077E+01    1.2229E+01    6.7234E+01    4.9528E+01    1.4284E+01    4.4745E+00    1.5802E+01    0.0000E+00    8.4645E+00   
 1.8866E+03    4.4154E+01    5.3327E+01    2.0509E+01    1.7090E+01    1.2236E+01    6.7234E+01    4.9539E+01    1.4272E+01    4.4745E+00    1.5924E+01    0.0000E+00    8.4893E+00   
 1.8871E+03    4.4154E+01    5.3322E+01    2.0484E+01    1.7090E+01    1.2215E+01    6.7246E+01    4.9539E+01    1.4258E+01    4.4745E+00    1.5802E+01    0.0000E+00    8.4645E+00   
# Time (s)      T1w (C)       T2w (C)       T1a (C)       T2a (C)       T1r (C)       T2r (C)       T3r (C)       T4r (C)       P1 (bar)      P2 (bar)      Ic (amp)      Qc (l/min)    
 1.8877E+03    4.4146E+01    5.3325E+01    2.0590E+01    1.7171E+01    1.2221E+01    6.7236E+01    4.9528E+01    1.4254E+01    4.4745E+00    1.5761E+01    0.0000E+00    8.4893E+00   
 1.8882E+03    4.4155E+01    5.3310E+01    2.0743E+01    1.7074E+01    1.2221E+01    6.7241E+01    4.9521E+01    1.4253E+01    4.4745E+00    1.5903E+01    0.0000E+00    8.4893E+00   
 1.8887E+03    4.4152E+01    5.3333E+01    2.0743E+01    1.7119E+01    1.2175E+01    6.7227E+01    4.9514E+01    1.4230E+01    4.4745E+00    1.5924E+01    0.0000E+00    8.4395E+00   
 1.8893E+03    4.4132E+01    5.3333E+01    2.0880E+01    1.7225E+01    1.2138E+01    6.7210E+01    4.9513E+01    1.4230E+01    4.4745E+00    1.5761E+01    0.0000E+00    8.4645E+00   
 1.8898E+03    4.4133E+01    5.3322E+01    2.0849E+01    1.7104E+01    1.2117E+01    6.7209E+01    4.9504E+01    1.4242E+01    4.4745E+00    1.5822E+01    0.0000E+00    8.4893E+00   
 1.8904E+03    4.4130E+01    5.3299E+01    2.0785E+01    1.7041E+01    1.2116E+01    6.7209E+01    4.9501E+01    1.4236E+01    4.4745E+00    1.5741E+01    0.0000E+00    8.4645E+00   
 1.8909E+03    4.4130E+01    5.3308E+01    2.0690E+01    1.7041E+01    1.2129E+01    6.7197E+01    4.9487E+01    1.4219E+01    4.4745E+00    1.5741E+01    0.0000E+00    8.4645E+00   
 1.8914E+03    4.4128E+01    5.3322E+01    2.0582E+01    1.7185E+01    1.2146E+01    6.7196E+01    4.9496E+01    1.4212E+01    4.4745E+00    1.5842E+01    0.0000E+00    8.4395E+00   
 1.8920E+03    4.4110E+01    5.3322E+01    2.0535E+01    1.7151E+01    1.2194E+01    6.7197E+01    4.9476E+01    1.4213E+01    4.4949E+00    1.5903E+01    0.0000E+00    8.4645E+00   
 1.8925E+03    4.4119E+01    5.3309E+01    2.0535E+01    1.7197E+01    1.2194E+01    6.7190E+01    4.9468E+01    1.4197E+01    4.4745E+00    1.5842E+01    0.0000E+00    8.4645E+00   
 1.8931E+03    4.4104E+01    5.3309E+01    2.0537E+01    1.7109E+01    1.2241E+01    6.7204E+01    4.9475E+01    1.4197E+01    4.4745E+00    1.5842E+01    0.0000E+00    8.4893E+00   
 1.8936E+03    4.4113E+01    5.3296E+01    2.0549E+01    1.7104E+01    1.2226E+01    6.7184E+01    4.9452E+01    1.4186E+01    4.4745E+00    1.5781E+01    0.0000E+00    8.4645E+00   
 1.8941E+03    4.4100E+01    5.3303E+01    2.0471E+01    1.7055E+01    1.2229E+01    6.7184E+01    4.9440E+01    1.4177E+01    4.4745E+00    1.5761E+01    0.0000E+00    8.4893E+00   
 1.8947E+03    4.4100E+01    5.3300E+01    2.0435E+01    1.7055E+01    1.2230E+01    6.7198E+01    4.9440E+01    1.4182E+01    4.4745E+00    1.5883E+01    0.0000E+00    8.5141E+00   
 1.8952E+03    4.4103E+01    5.3293E+01    2.0395E+01    1.7133E+01    1.2213E+01    6.7185E+01    4.9456E+01    1.4191E+01    4.4745E+00    1.5822E+01    0.0000E+00    8.4395E+00   
 1.8958E+03    4.4084E+01    5.3295E+01    2.0358E+01    1.7122E+01    1.2185E+01    6.7168E+01    4.9448E+01    1.4166E+01    4.4745E+00    1.5741E+01    0.0000E+00    8.4645E+00   
 1.8963E+03    4.4104E+01    5.3296E+01    2.0269E+01    1.7095E+01    1.2185E+01    6.7166E+01    4.9427E+01    1.4178E+01    4.4745E+00    1.5903E+01    0.0000E+00    8.4395E+00   
 1.8969E+03    4.4109E+01    5.3296E+01    2.0269E+01    1.7098E+01    1.2179E+01    6.7162E+01    4.9434E+01    1.4178E+01    4.4745E+00    1.5822E+01    0.0000E+00    8.4645E+00   
 1.8974E+03    4.4111E+01    5.3295E+01    2.0367E+01    1.7129E+01    1.2162E+01    6.7205E+01    4.9435E+01    1.4181E+01    4.4745E+00    1.5903E+01    0.0000E+00    8.4395E+00   
 1.8980E+03    4.4118E+01    5.3284E+01    2.0336E+01    1.7112E+01    1.2200E+01    6.7220E+01    4.9440E+01    1.4209E+01    4.4745E+00    1.5741E+01    0.0000E+00    8.4395E+00   
 1.8985E+03    4.4110E+01    5.3293E+01    2.0389E+01    1.7112E+01    1.2263E+01    6.7220E+01    4.9430E+01    1.4191E+01    4.4949E+00    1.5822E+01    0.0000E+00    8.4893E+00   
 1.8990E+03    4.4110E+01    5.3289E+01    2.0525E+01    1.7111E+01    1.2293E+01    6.7219E+01    4.9430E+01    1.4187E+01    4.4949E+00    1.5781E+01    0.0000E+00    8.4893E+00   
 1.8996E+03    4.4128E+01    5.3304E+01    2.0548E+01    1.7137E+01    1.2322E+01    6.7201E+01    4.9425E+01    1.4168E+01    4.4949E+00    1.5863E+01    0.0000E+00    8.4645E+00   
 1.9001E+03    4.4141E+01    5.3304E+01    2.0575E+01    1.7184E+01    1.2322E+01    6.7191E+01    4.9421E+01    1.4155E+01    4.4745E+00    1.5903E+01    0.0000E+00    8.4645E+00   
 1.9007E+03    4.4148E+01    5.3314E+01    2.0591E+01    1.7204E+01    1.2279E+01    6.7215E+01    4.9389E+01    1.4151E+01    4.4745E+00    1.5802E+01    0.0000E+00    8.4645E+00   
 1.9012E+03    4.4143E+01    5.3314E+01    2.0562E+01    1.7159E+01    1.2226E+01    6.7222E+01    4.9400E+01    1.4151E+01    4.4745E+00    1.5822E+01    0.0000E+00    8.4893E+00   
 1.9018E+03    4.4141E+01    5.3309E+01    2.0584E+01    1.7285E+01    1.2196E+01    6.7204E+01    4.9380E+01    1.4126E+01    4.4745E+00    1.5781E+01    0.0000E+00    8.4395E+00   
 1.9023E+03    4.4132E+01    5.3304E+01    2.0596E+01    1.7181E+01    1.2190E+01    6.7204E+01    4.9375E+01    1.4138E+01    4.4745E+00    1.5822E+01    0.0000E+00    8.4645E+00   
 1.9028E+03    4.4132E+01    5.3310E+01    2.0586E+01    1.7181E+01    1.2206E+01    6.7215E+01    4.9375E+01    1.4118E+01    4.4949E+00    1.5903E+01    0.0000E+00    8.4395E+00   
 1.9034E+03    4.4128E+01    5.3310E+01    2.0645E+01    1.7223E+01    1.2232E+01    6.7187E+01    4.9371E+01    1.4112E+01    4.4745E+00    1.5924E+01    0.0000E+00    8.4893E+00   
# Time (s)      T1w (C)       T2w (C)       T1a (C)       T2a (C)       T1r (C)       T2r (C)       T3r (C)       T4r (C)       P1 (bar)      P2 (bar)      Ic (amp)      Qc (l/min)    
 1.9039E+03    4.4136E+01    5.3323E+01    2.0578E+01    1.7213E+01    1.2232E+01    6.7199E+01    4.9357E+01    1.4099E+01    4.4745E+00    1.5842E+01    0.0000E+00    8.4645E+00   
 1.9045E+03    4.4140E+01    5.3301E+01    2.0578E+01    1.7168E+01    1.2225E+01    6.7213E+01    4.9356E+01    1.4081E+01    4.4745E+00    1.5903E+01    0.0000E+00    8.4645E+00   
 1.9050E+03    4.4118E+01    5.3286E+01    2.0572E+01    1.7201E+01    1.2182E+01    6.7184E+01    4.9366E+01    1.4081E+01    4.4745E+00    1.5924E+01    0.0000E+00    8.4645E+00   
 1.9055E+03    4.4114E+01    5.3286E+01    2.0530E+01    1.7205E+01    1.2154E+01    6.7201E+01    4.9338E+01    1.4089E+01    4.4745E+00    1.5944E+01    0.0000E+00    8.5141E+00   
 1.9061E+03    4.4118E+01    5.3291E+01    2.0558E+01    1.7227E+01    1.2147E+01    6.7201E+01    4.9349E+01    1.4082E+01    4.4745E+00    1.5842E+01    0.0000E+00    8.4893E+00   
 1.9067E+03    4.4120E+01    5.3284E+01    2.0534E+01    1.7227E+01    1.2135E+01    6.7206E+01    4.9344E+01    1.4077E+01    4.4745E+00    1.5944E+01    0.0000E+00    8.4645E+00   
 1.9072E+03    4.4120E+01    5.3296E+01    2.0671E+01    1.7278E+01    1.2151E+01    6.7252E+01    4.9344E+01    1.4084E+01    4.4745E+00    1.5761E+01    0.0000E+00    8.4395E+00   
 1.9077E+03    4.4122E+01    5.3291E+01    2.0549E+01    1.7220E+01    1.2164E+01    6.7235E+01    4.9320E+01    1.4049E+01    4.4949E+00    1.5924E+01    0.0000E+00    8.4893E+00   
 1.9083E+03    4.4111E+01    5.3285E+01    2.0481E+01    1.7333E+01    1.2164E+01    6.7215E+01    4.9343E+01    1.4052E+01    4.4745E+00    1.5802E+01    0.0000E+00    8.4893E+00   
 1.9088E+03    4.4126E+01    5.3303E+01    2.0497E+01    1.7159E+01    1.2183E+01    6.7226E+01    4.9337E+01    1.4052E+01    4.4745E+00    1.5863E+01    0.0000E+00    8.4893E+00   
 1.9094E+03    4.4128E+01    5.3303E+01    2.0640E+01    1.7162E+01    1.2202E+01    6.7241E+01    4.9334E+01    1.4073E+01    4.4745E+00    1.5924E+01    0.0000E+00    8.4645E+00   
 1.9099E+03    4.4143E+01    5.3303E+01    2.0794E+01    1.7155E+01    1.2212E+01    6.7225E+01    4.9329E+01    1.4061E+01    4.4949E+00    1.5761E+01    0.0000E+00    8.4645E+00   
 1.9104E+03    4.4148E+01    5.3312E+01    2.0772E+01    1.7155E+01    1.2216E+01    6.7225E+01    4.9326E+01    1.4057E+01    4.4745E+00    1.5822E+01    0.0000E+00    8.4893E+00   
 1.9110E+03    4.4148E+01    5.3312E+01    2.0731E+01    1.7175E+01    1.2200E+01    6.7225E+01    4.9326E+01    1.4054E+01    4.4949E+00    1.5883E+01    0.0000E+00    8.4645E+00   
 1.9115E+03    4.4159E+01    5.3313E+01    2.0728E+01    1.7254E+01    1.2195E+01    6.7226E+01    4.9331E+01    1.4045E+01    4.4949E+00    1.5903E+01    0.0000E+00    8.4395E+00   
 1.9121E+03    4.4169E+01    5.3323E+01    2.0594E+01    1.7254E+01    1.2211E+01    6.7241E+01    4.9347E+01    1.4073E+01    4.4949E+00    1.5944E+01    0.0000E+00    8.4395E+00   
 1.9126E+03    4.4166E+01    5.3329E+01    2.0594E+01    1.7183E+01    1.2162E+01    6.7249E+01    4.9318E+01    1.4056E+01    4.4949E+00    1.5842E+01    0.0000E+00    8.4395E+00   
 1.9132E+03    4.4171E+01    5.3329E+01    2.0577E+01    1.7279E+01    1.2134E+01    6.7246E+01    4.9322E+01    1.4056E+01    4.4949E+00    1.5842E+01    0.0000E+00    8.4645E+00   
 1.9137E+03    4.4172E+01    5.3320E+01    2.0548E+01    1.7158E+01    1.2106E+01    6.7258E+01    4.9293E+01    1.4054E+01    4.4949E+00    1.5822E+01    0.0000E+00    8.4893E+00   
 1.9142E+03    4.4169E+01    5.3338E+01    2.0543E+01    1.7244E+01    1.2116E+01    6.7258E+01    4.9303E+01    1.4055E+01    4.4745E+00    1.5842E+01    0.0000E+00    8.4645E+00   
 1.9148E+03    4.4169E+01    5.3330E+01    2.0468E+01    1.7244E+01    1.2108E+01    6.7233E+01    4.9303E+01    1.4035E+01    4.4949E+00    1.5842E+01    0.0000E+00    8.4645E+00   
 1.9153E+03    4.4165E+01    5.3335E+01    2.0518E+01    1.7207E+01    1.2109E+01    6.7236E+01    4.9299E+01    1.4060E+01    4.4949E+00    1.5924E+01    0.0000E+00    8.4893E+00   
 1.9159E+03    4.4161E+01    5.3339E+01    2.0522E+01    1.7226E+01    1.2109E+01    6.7230E+01    4.9292E+01    1.4053E+01    4.4949E+00    1.5842E+01    0.0000E+00    8.4645E+00   
 1.9164E+03    4.4160E+01    5.3326E+01    2.0522E+01    1.7180E+01    1.2140E+01    6.7214E+01    4.9284E+01    1.4037E+01    4.4949E+00    1.5944E+01    0.0000E+00    8.4645E+00   
 1.9170E+03    4.4139E+01    5.3326E+01    2.0533E+01    1.7158E+01    1.2142E+01    6.7208E+01    4.9289E+01    1.4037E+01    4.4949E+00    1.5863E+01    0.0000E+00    8.4893E+00   
 1.9175E+03    4.4151E+01    5.3332E+01    2.0521E+01    1.7107E+01    1.2152E+01    6.7218E+01    4.9296E+01    1.4044E+01    4.4949E+00    1.5863E+01    0.0000E+00    8.4893E+00   
 1.9181E+03    4.4144E+01    5.3342E+01    2.0540E+01    1.7143E+01    1.2152E+01    6.7218E+01    4.9281E+01    1.4031E+01    4.4745E+00    1.5863E+01    0.0000E+00    8.4645E+00   
 1.9186E+03    4.4141E+01    5.3341E+01    2.0451E+01    1.7143E+01    1.2159E+01    6.7247E+01    4.9274E+01    1.3996E+01    4.4949E+00    1.5822E+01    0.0000E+00    8.4645E+00   
 1.9191E+03    4.4156E+01    5.3335E+01    2.0483E+01    1.7222E+01    1.2192E+01    6.7243E+01    4.9289E+01    1.4030E+01    4.4949E+00    1.5903E+01    0.0000E+00    8.4893E+00   
 1.9197E+03    4.4150E+01    5.3356E+01    2.0561E+01    1.7291E+01    1.2171E+01    6.7247E+01    4.9273E+01    1.4008E+01    4.4949E+00    1.5924E+01    0.0000E+00    8.4395E+00   
# Time (s)      T1w (C)       T2w (C)       T1a (C)       T2a (C)       T1r (C)       T2r (C)       T3r (C)       T4r (C)       P1 (bar)      P2 (bar)      Ic (amp)      Qc (l/min)    
 1.9202E+03    4.4147E+01    5.3355E+01    2.0630E+01    1.7411E+01    1.2171E+01    6.7252E+01    4.9275E+01    1.4006E+01    4.4745E+00    1.5822E+01    0.0000E+00    8.4645E+00   
 1.9208E+03    4.4150E+01    5.3347E+01    2.0630E+01    1.7296E+01    1.2225E+01    6.7270E+01    4.9314E+01    1.4004E+01    4.4745E+00    1.5924E+01    0.0000E+00    8.4645E+00   
 1.9213E+03    4.4152E+01    5.3347E+01    2.0597E+01    1.7219E+01    1.2200E+01    6.7262E+01    4.9297E+01    1.4004E+01    4.4745E+00    1.5781E+01    0.0000E+00    8.4145E+00   
 1.9219E+03    4.4140E+01    5.3335E+01    2.0631E+01    1.7365E+01    1.2187E+01    6.7278E+01    4.9303E+01    1.4041E+01    4.4745E+00    1.5903E+01    0.0000E+00    8.4893E+00   
 1.9224E+03    4.4136E+01    5.3358E+01    2.0721E+01    1.7481E+01    1.2185E+01    6.7278E+01    4.9311E+01    1.4024E+01    4.4745E+00    1.5944E+01    0.0000E+00    8.4395E+00   
 1.9230E+03    4.4121E+01    5.3326E+01    2.0717E+01    1.7465E+01    1.2148E+01    6.7266E+01    4.9311E+01    1.4025E+01    4.4745E+00    1.5842E+01    0.0000E+00    8.4893E+00   
 1.9235E+03    4.4113E+01    5.3315E+01    2.0668E+01    1.7482E+01    1.2104E+01    6.7269E+01    4.9295E+01    1.4015E+01    4.4745E+00    1.5924E+01    0.0000E+00    8.4893E+00   
 1.9240E+03    4.4112E+01    5.3325E+01    2.0624E+01    1.7431E+01    1.2120E+01    6.7275E+01    4.9300E+01    1.4035E+01    4.4745E+00    1.5863E+01    0.0000E+00    8.4893E+00   
 1.9246E+03    4.4101E+01    5.3320E+01    2.0624E+01    1.7479E+01    1.2063E+01    6.7273E+01    4.9293E+01    1.4025E+01    4.4745E+00    1.5924E+01    0.0000E+00    8.4645E+00   
 1.9251E+03    4.4121E+01    5.3320E+01    2.0638E+01    1.7440E+01    1.2037E+01    6.7289E+01    4.9290E+01    1.4025E+01    4.4745E+00    1.5822E+01    0.0000E+00    8.4893E+00   
 1.9257E+03    4.4108E+01    5.3319E+01    2.0736E+01    1.7396E+01    1.2019E+01    6.7305E+01    4.9296E+01    1.4022E+01    4.4745E+00    1.5944E+01    0.0000E+00    8.4893E+00   
 1.9262E+03    4.4093E+01    5.3339E+01    2.0761E+01    1.7444E+01    1.2003E+01    6.7305E+01    4.9297E+01    1.4024E+01    4.4745E+00    1.5965E+01    0.0000E+00    8.5141E+00   
 1.9268E+03    4.4097E+01    5.3322E+01    2.0674E+01    1.7460E+01    1.2011E+01    6.7342E+01    4.9320E+01    1.4045E+01    4.4745E+00    1.5903E+01    0.0000E+00    8.4395E+00   
 1.9273E+03    4.4112E+01    5.3318E+01    2.0520E+01    1.7516E+01    1.2043E+01    6.7337E+01    4.9320E+01    1.4026E+01    4.4949E+00    1.5924E+01    0.0000E+00    8.4893E+00   
 1.9279E+03    4.4127E+01    5.3320E+01    2.0572E+01    1.7463E+01    1.2084E+01    6.7356E+01    4.9332E+01    1.4055E+01    4.4949E+00    1.5761E+01    0.0000E+00    8.4645E+00   
 1.9284E+03    4.4120E+01    5.3334E+01    2.0557E+01    1.7382E+01    1.2084E+01    6.7344E+01    4.9318E+01    1.4029E+01    4.4745E+00    1.5761E+01    0.0000E+00    8.4645E+00   
 1.9290E+03    4.4106E+01    5.3335E+01    2.0557E+01    1.7513E+01    1.2137E+01    6.7377E+01    4.9313E+01    1.4047E+01    4.4949E+00    1.5944E+01    0.0000E+00    8.4893E+00   
 1.9295E+03    4.4114E+01    5.3335E+01    2.0470E+01    1.7505E+01    1.2201E+01    6.7384E+01    4.9320E+01    1.4047E+01    4.4745E+00    1.5965E+01    0.0000E+00    8.4893E+00   
 1.9300E+03    4.4126E+01    5.3328E+01    2.0428E+01    1.7522E+01    1.2259E+01    6.7391E+01    4.9332E+01    1.4055E+01    4.4745E+00    1.5842E+01    0.0000E+00    8.4893E+00   
 1.9306E+03    4.4103E+01    5.3316E+01    2.0397E+01    1.7487E+01    1.2181E+01    6.7391E+01    4.9311E+01    1.4058E+01    4.4745E+00    1.5822E+01    0.0000E+00    8.4893E+00   
 1.9311E+03    4.4103E+01    5.3311E+01    2.0391E+01    1.7487E+01    1.2154E+01    6.7377E+01    4.9311E+01    1.4047E+01    4.4745E+00    1.5903E+01    0.0000E+00    8.4395E+00   
 1.9317E+03    4.4114E+01    5.3323E+01    2.0403E+01    1.7477E+01    1.2138E+01    6.7388E+01    4.9326E+01    1.4057E+01    4.4745E+00    1.5802E+01    0.0000E+00    8.4645E+00   
 1.9322E+03    4.4108E+01    5.3314E+01    2.0442E+01    1.7345E+01    1.2123E+01    6.7385E+01    4.9334E+01    1.4067E+01    4.4745E+00    1.5883E+01    0.0000E+00    8.4893E+00   
 1.9328E+03    4.4125E+01    5.3328E+01    2.0473E+01    1.7399E+01    1.2139E+01    6.7401E+01    4.9344E+01    1.4071E+01    4.4745E+00    1.5822E+01    0.0000E+00    8.4645E+00   
 1.9333E+03    4.4112E+01    5.3326E+01    2.0473E+01    1.7338E+01    1.2146E+01    6.7407E+01    4.9358E+01    1.4069E+01    4.4745E+00    1.5944E+01    0.0000E+00    8.4395E+00   
 1.9339E+03    4.4118E+01    5.3326E+01    2.0518E+01    1.7431E+01    1.2162E+01    6.7408E+01    4.9350E+01    1.4069E+01    4.4745E+00    1.5863E+01    0.0000E+00    8.4395E+00   
 1.9344E+03    4.4121E+01    5.3340E+01    2.0497E+01    1.7359E+01    1.2200E+01    6.7423E+01    4.9360E+01    1.4065E+01    4.4745E+00    1.5761E+01    0.0000E+00    8.5141E+00   
 1.9350E+03    4.4134E+01    5.3340E+01    2.0451E+01    1.7359E+01    1.2211E+01    6.7423E+01    4.9367E+01    1.4094E+01    4.4745E+00    1.5822E+01    0.0000E+00    8.4645E+00   
 1.9355E+03    4.4134E+01    5.3325E+01    2.0352E+01    1.7262E+01    1.2228E+01    6.7438E+01    4.9367E+01    1.4074E+01    4.4745E+00    1.5842E+01    0.0000E+00    8.4893E+00   
 1.9360E+03    4.4143E+01    5.3334E+01    2.0331E+01    1.7297E+01    1.2211E+01    6.7448E+01    4.9359E+01    1.4079E+01    4.4745E+00    1.5903E+01    0.0000E+00    8.4893E+00   
# Time (s)      T1w (C)       T2w (C)       T1a (C)       T2a (C)       T1r (C)       T2r (C)       T3r (C)       T4r (C)       P1 (bar)      P2 (bar)      Ic (amp)      Qc (l/min)    
 1.9366E+03    4.4134E+01    5.3334E+01    2.0336E+01    1.7267E+01    1.2211E+01    6.7467E+01    4.9363E+01    1.4078E+01    4.4745E+00    1.5761E+01    0.0000E+00    8.4645E+00   
 1.9371E+03    4.4126E+01    5.3336E+01    2.0336E+01    1.7253E+01    1.2195E+01    6.7468E+01    4.9368E+01    1.4085E+01    4.4745E+00    1.5761E+01    0.0000E+00    8.4645E+00   
 1.9377E+03    4.4146E+01    5.3336E+01    2.0358E+01    1.7333E+01    1.2225E+01    6.7473E+01    4.9384E+01    1.4085E+01    4.4745E+00    1.5761E+01    0.0000E+00    8.4645E+00   
 1.9382E+03    4.4147E+01    5.3346E+01    2.0392E+01    1.7320E+01    1.2233E+01    6.7495E+01    4.9383E+01    1.4075E+01    4.4745E+00    1.5802E+01    0.0000E+00    8.4395E+00   
 1.9388E+03    4.4150E+01    5.3339E+01    2.0370E+01    1.7263E+01    1.2236E+01    6.7495E+01    4.9383E+01    1.4066E+01    4.4745E+00    1.5842E+01    0.0000E+00    8.4893E+00   
 1.9393E+03    4.4150E+01    5.3347E+01    2.0334E+01    1.7263E+01    1.2223E+01    6.7500E+01    4.9383E+01    1.4069E+01    4.4745E+00    1.5924E+01    0.0000E+00    8.4893E+00   
 1.9398E+03    4.4149E+01    5.3351E+01    2.0304E+01    1.7196E+01    1.2296E+01    6.7507E+01    4.9394E+01    1.4084E+01    4.4745E+00    1.5761E+01    0.0000E+00    8.4645E+00   
 1.9404E+03    4.4175E+01    5.3387E+01    2.0355E+01    1.7255E+01    1.2296E+01    6.7515E+01    4.9410E+01    1.4073E+01    4.4745E+00    1.5863E+01    0.0000E+00    8.4645E+00   
 1.9409E+03    4.4168E+01    5.3375E+01    2.0355E+01    1.7223E+01    1.2329E+01    6.7537E+01    4.9407E+01    1.4086E+01    4.4745E+00    1.5761E+01    0.0000E+00    8.4893E+00   
 1.9415E+03    4.4173E+01    5.3375E+01    2.0305E+01    1.7249E+01    1.2350E+01    6.7514E+01    4.9399E+01    1.4086E+01    4.4745E+00    1.5903E+01    0.0000E+00    8.4893E+00   
 1.9420E+03    4.4193E+01    5.3384E+01    2.0283E+01    1.7260E+01    1.2364E+01    6.7523E+01    4.9434E+01    1.4083E+01    4.4745E+00    1.5822E+01    0.0000E+00    8.4395E+00   
 1.9426E+03    4.4206E+01    5.3383E+01    2.0300E+01    1.7306E+01    1.2384E+01    6.7523E+01    4.9428E+01    1.4067E+01    4.4745E+00    1.5842E+01    0.0000E+00    8.4645E+00   
 1.9431E+03    4.4214E+01    5.3386E+01    2.0325E+01    1.7306E+01    1.2477E+01    6.7558E+01    4.9440E+01    1.4097E+01    4.4745E+00    1.5903E+01    0.0000E+00    8.4893E+00   
 1.9437E+03    4.4214E+01    5.3395E+01    2.0455E+01    1.7333E+01    1.2509E+01    6.7562E+01    4.9440E+01    1.4096E+01    4.4541E+00    1.5842E+01    0.0000E+00    8.4893E+00   
 1.9442E+03    4.4200E+01    5.3394E+01    2.0350E+01    1.7351E+01    1.2402E+01    6.7569E+01    4.9431E+01    1.4071E+01    4.4745E+00    1.5883E+01    0.0000E+00    8.4645E+00   
 1.9448E+03    4.4218E+01    5.3387E+01    2.0350E+01    1.7372E+01    1.2402E+01    6.7578E+01    4.9420E+01    1.4082E+01    4.4745E+00    1.5903E+01    0.0000E+00    8.4893E+00   
 1.9453E+03    4.4242E+01    5.3404E+01    2.0350E+01    1.7326E+01    1.2333E+01    6.7576E+01    4.9426E+01    1.4076E+01    4.4745E+00    1.5883E+01    0.0000E+00    8.4893E+00   
 1.9459E+03    4.4240E+01    5.3404E+01    2.0383E+01    1.7312E+01    1.2335E+01    6.7602E+01    4.9421E+01    1.4076E+01    4.4745E+00    1.5842E+01    0.0000E+00    8.4645E+00   
 1.9464E+03    4.4235E+01    5.3394E+01    2.0343E+01    1.7263E+01    1.2354E+01    6.7562E+01    4.9439E+01    1.4080E+01    4.4745E+00    1.5822E+01    0.0000E+00    8.5141E+00   
 1.9469E+03    4.4234E+01    5.3398E+01    2.0271E+01    1.7315E+01    1.2324E+01    6.7562E+01    4.9422E+01    1.4078E+01    4.4541E+00    1.5842E+01    0.0000E+00    8.4645E+00   
 1.9475E+03    4.4234E+01    5.3403E+01    2.0302E+01    1.7315E+01    1.2266E+01    6.7554E+01    4.9422E+01    1.4087E+01    4.4745E+00    1.5761E+01    0.0000E+00    8.4645E+00   
 1.9480E+03    4.4241E+01    5.3392E+01    2.0351E+01    1.7235E+01    1.2284E+01    6.7583E+01    4.9448E+01    1.4103E+01    4.4745E+00    1.5863E+01    0.0000E+00    8.4395E+00   
 1.9486E+03    4.4218E+01    5.3385E+01    2.0508E+01    1.7292E+01    1.2295E+01    6.7587E+01    4.9444E+01    1.4098E+01    4.4745E+00    1.5842E+01    0.0000E+00    8.4395E+00   
 1.9491E+03    4.4213E+01    5.3385E+01    2.0545E+01    1.7224E+01    1.2295E+01    6.7550E+01    4.9450E+01    1.4098E+01    4.4745E+00    1.5944E+01    0.0000E+00    8.4645E+00   
 1.9497E+03    4.4220E+01    5.3385E+01    2.0545E+01    1.7277E+01    1.2281E+01    6.7583E+01    4.9426E+01    1.4098E+01    4.4745E+00    1.5802E+01    0.0000E+00    8.4395E+00   
 1.9503E+03    4.4205E+01    5.3385E+01    2.0431E+01    1.7223E+01    1.2292E+01    6.7562E+01    4.9429E+01    1.4081E+01    4.4745E+00    1.5761E+01    0.0000E+00    8.4893E+00   
 1.9508E+03    4.4225E+01    5.3370E+01    2.0445E+01    1.7385E+01    1.2352E+01    6.7555E+01    4.9421E+01    1.4073E+01    4.4745E+00    1.5761E+01    0.0000E+00    8.4645E+00   
 1.9513E+03    4.4249E+01    5.3398E+01    2.0466E+01    1.7167E+01    1.2381E+01    6.7541E+01    4.9400E+01    1.4068E+01    4.4745E+00    1.5883E+01    0.0000E+00    8.4893E+00   
 1.9519E+03    4.4235E+01    5.3409E+01    2.0356E+01    1.7167E+01    1.2442E+01    6.7529E+01    4.9400E+01    1.4076E+01    4.4745E+00    1.5924E+01    0.0000E+00    8.4893E+00   
 1.9524E+03    4.4235E+01    5.3408E+01    2.0314E+01    1.7137E+01    1.2441E+01    6.7533E+01    4.9387E+01    1.4047E+01    4.4745E+00    1.5903E+01    0.0000E+00    8.4645E+00   
# Time (s)      T1w (C)       T2w (C)       T1a (C)       T2a (C)       T1r (C)       T2r (C)       T3r (C)       T4r (C)       P1 (bar)      P2 (bar)      Ic (amp)      Qc (l/min)    
 1.9530E+03    4.4260E+01    5.3428E+01    2.0331E+01    1.7111E+01    1.2470E+01    6.7536E+01    4.9390E+01    1.4061E+01    4.4745E+00    1.5822E+01    0.0000E+00    8.5141E+00   
 1.9535E+03    4.4264E+01    5.3417E+01    2.0326E+01    1.7225E+01    1.2470E+01    6.7556E+01    4.9398E+01    1.4061E+01    4.4541E+00    1.5802E+01    0.0000E+00    8.4645E+00   
 1.9541E+03    4.4282E+01    5.3417E+01    2.0326E+01    1.7213E+01    1.2371E+01    6.7562E+01    4.9387E+01    1.4061E+01    4.4541E+00    1.5842E+01    0.0000E+00    8.4645E+00   
 1.9546E+03    4.4285E+01    5.3411E+01    2.0319E+01    1.7140E+01    1.2315E+01    6.7581E+01    4.9410E+01    1.4067E+01    4.4745E+00    1.5903E+01    0.0000E+00    8.4395E+00   
 1.9551E+03    4.4264E+01    5.3417E+01    2.0317E+01    1.7097E+01    1.2270E+01    6.7590E+01    4.9410E+01    1.4075E+01    4.4541E+00    1.5903E+01    0.0000E+00    8.5141E+00   
 1.9557E+03    4.4265E+01    5.3416E+01    2.0388E+01    1.7097E+01    1.2245E+01    6.7590E+01    4.9417E+01    1.4087E+01    4.4745E+00    1.5822E+01    0.0000E+00    8.4893E+00   
 1.9562E+03    4.4265E+01    5.3427E+01    2.0260E+01    1.7213E+01    1.2170E+01    6.7590E+01    4.9402E+01    1.4106E+01    4.4541E+00    1.5781E+01    0.0000E+00    8.4893E+00   
