# Run number  2 on Fri 2026-05-15T12:05:43 BST
# Time (s)      T1w (C)       T2w (C)       T1a (C)       T2a (C)       T1r (C)       T2r (C)       T3r (C)       T4r (C)       P1 (bar)      P2 (bar)      Ic (amp)      Qc (l/min)    
 3.1915E-01    4.4266E+01    5.3417E+01    2.0502E+01    1.7491E+01    1.2120E+01    6.7701E+01    4.9365E+01    1.4179E+01    4.4949E+00    1.5965E+01    6.3935E+00    8.4395E+00   
 9.3647E-01    4.4263E+01    5.3406E+01    2.0541E+01    1.7434E+01    1.2101E+01    6.7698E+01    4.9363E+01    1.4177E+01    4.4745E+00    1.5822E+01    6.4597E+00    8.4893E+00   
 1.4368E+00    4.4241E+01    5.3396E+01    2.0479E+01    1.7513E+01    1.2128E+01    6.7702E+01    4.9351E+01    1.4172E+01    4.4949E+00    1.5924E+01    6.3935E+00    8.4893E+00   
 1.9371E+00    4.4247E+01    5.3410E+01    2.0479E+01    1.7389E+01    1.2128E+01    6.7676E+01    4.9362E+01    1.4153E+01    4.4949E+00    1.5965E+01    6.3426E+00    8.4645E+00   
 2.4376E+00    4.4245E+01    5.3410E+01    2.0595E+01    1.7369E+01    1.2154E+01    6.7676E+01    4.9365E+01    1.4153E+01    4.4949E+00    1.5781E+01    6.3120E+00    8.4395E+00   
 2.9381E+00    4.4228E+01    5.3405E+01    2.0562E+01    1.7369E+01    1.2191E+01    6.7676E+01    4.9345E+01    1.4150E+01    4.4949E+00    1.5965E+01    6.3375E+00    8.4645E+00   
 3.4387E+00    4.4228E+01    5.3391E+01    2.0582E+01    1.7373E+01    1.2242E+01    6.7666E+01    4.9345E+01    1.4163E+01    4.4949E+00    1.5781E+01    6.2611E+00    8.4645E+00   
 3.9391E+00    4.4233E+01    5.3387E+01    2.0511E+01    1.7490E+01    1.2242E+01    6.7671E+01    4.9350E+01    1.4124E+01    4.4949E+00    1.5965E+01    6.3986E+00    8.4645E+00   
 4.4394E+00    4.4220E+01    5.3390E+01    2.0511E+01    1.7443E+01    1.2259E+01    6.7672E+01    4.9370E+01    1.4153E+01    4.4949E+00    1.5965E+01    6.4088E+00    8.4893E+00   
 4.9398E+00    4.4210E+01    5.3390E+01    2.0475E+01    1.7339E+01    1.2312E+01    6.7690E+01    4.9368E+01    1.4153E+01    4.4949E+00    1.5802E+01    6.3731E+00    8.4395E+00   
 5.4401E+00    4.4222E+01    5.3391E+01    2.0392E+01    1.7339E+01    1.2272E+01    6.7690E+01    4.9360E+01    1.4135E+01    4.4949E+00    1.5781E+01    6.4648E+00    8.4645E+00   
 5.9404E+00    4.4222E+01    5.3385E+01    2.0384E+01    1.7393E+01    1.2241E+01    6.7693E+01    4.9360E+01    1.4145E+01    4.4949E+00    1.5965E+01    6.2662E+00    8.4645E+00   
 6.4407E+00    4.4204E+01    5.3379E+01    2.0482E+01    1.7442E+01    1.2241E+01    6.7690E+01    4.9354E+01    1.4145E+01    4.4745E+00    1.5924E+01    6.3731E+00    8.4645E+00   
 6.9409E+00    4.4199E+01    5.3379E+01    2.0482E+01    1.7291E+01    1.2230E+01    6.7702E+01    4.9367E+01    1.4145E+01    4.4949E+00    1.5944E+01    6.2713E+00    8.5141E+00   
 7.4412E+00    4.4223E+01    5.3393E+01    2.0527E+01    1.7361E+01    1.2215E+01    6.7710E+01    4.9355E+01    1.4130E+01    4.4745E+00    1.5781E+01    6.3680E+00    8.4395E+00   
 7.9415E+00    4.4237E+01    5.3397E+01    2.0446E+01    1.7361E+01    1.2200E+01    6.7710E+01    4.9350E+01    1.4139E+01    4.4949E+00    1.5822E+01    6.3375E+00    8.4645E+00   
 8.4417E+00    4.4237E+01    5.3399E+01    2.0479E+01    1.7367E+01    1.2210E+01    6.7710E+01    4.9350E+01    1.4135E+01    4.4949E+00    1.5842E+01    6.3222E+00    8.4893E+00   
 8.9796E+00    4.4225E+01    5.3393E+01    2.0521E+01    1.7436E+01    1.2225E+01    6.7723E+01    4.9363E+01    1.4149E+01    4.4949E+00    1.5944E+01    6.3375E+00    8.4645E+00   
 9.4950E+00    4.4221E+01    5.3398E+01    2.0521E+01    1.7396E+01    1.2225E+01    6.7719E+01    4.9331E+01    1.4159E+01    4.4745E+00    1.5965E+01    6.4597E+00    8.4395E+00   
 9.9979E+00    4.4206E+01    5.3398E+01    2.0504E+01    1.7387E+01    1.2232E+01    6.7722E+01    4.9352E+01    1.4159E+01    4.4949E+00    1.5781E+01    6.2866E+00    8.4645E+00   
 1.0498E+01    4.4214E+01    5.3406E+01    2.0554E+01    1.7381E+01    1.2236E+01    6.7722E+01    4.9357E+01    1.4159E+01    4.4949E+00    1.5965E+01    6.4851E+00    8.4893E+00   
 1.1033E+01    4.4214E+01    5.3403E+01    2.0559E+01    1.7381E+01    1.2256E+01    6.7725E+01    4.9357E+01    1.4158E+01    4.4949E+00    1.5924E+01    6.4597E+00    8.4893E+00   
 1.1535E+01    4.4224E+01    5.3384E+01    2.0615E+01    1.7325E+01    1.2281E+01    6.7730E+01    4.9354E+01    1.4166E+01    4.4949E+00    1.5802E+01    6.4750E+00    8.4395E+00   
 1.2037E+01    4.4205E+01    5.3383E+01    2.0615E+01    1.7257E+01    1.2281E+01    6.7705E+01    4.9351E+01    1.4164E+01    4.4949E+00    1.5822E+01    6.4800E+00    8.4395E+00   
 1.2539E+01    4.4212E+01    5.3383E+01    2.0655E+01    1.7268E+01    1.2328E+01    6.7708E+01    4.9344E+01    1.4164E+01    4.4949E+00    1.5924E+01    6.4851E+00    8.4645E+00   
 1.3118E+01    4.4208E+01    5.3395E+01    2.0688E+01    1.7252E+01    1.2370E+01    6.7714E+01    4.9359E+01    1.4141E+01    4.4949E+00    1.5842E+01    6.2713E+00    8.4645E+00   
 1.3620E+01    4.4207E+01    5.3404E+01    2.0647E+01    1.7268E+01    1.2360E+01    6.7714E+01    4.9346E+01    1.4141E+01    4.4949E+00    1.5802E+01    6.3680E+00    8.4395E+00   
 1.4122E+01    4.4207E+01    5.3402E+01    2.0678E+01    1.7286E+01    1.2290E+01    6.7729E+01    4.9346E+01    1.4121E+01    4.4745E+00    1.5781E+01    6.3935E+00    8.4395E+00   
 1.4624E+01    4.4226E+01    5.3429E+01    2.0658E+01    1.7368E+01    1.2274E+01    6.7734E+01    4.9360E+01    1.4139E+01    4.4745E+00    1.5924E+01    6.4291E+00    8.4893E+00   
 1.5230E+01    4.4224E+01    5.3421E+01    2.0681E+01    1.7332E+01    1.2274E+01    6.7756E+01    4.9357E+01    1.4130E+01    4.4745E+00    1.5863E+01    6.2713E+00    8.4395E+00   
# Time (s)      T1w (C)       T2w (C)       T1a (C)       T2a (C)       T1r (C)       T2r (C)       T3r (C)       T4r (C)       P1 (bar)      P2 (bar)      Ic (amp)      Qc (l/min)    
 1.5732E+01    4.4217E+01    5.3406E+01    2.0666E+01    1.7350E+01    1.2231E+01    6.7739E+01    4.9363E+01    1.4130E+01    4.4745E+00    1.5965E+01    6.2866E+00    8.4645E+00   
 1.6236E+01    4.4210E+01    5.3400E+01    2.0743E+01    1.7280E+01    1.2203E+01    6.7753E+01    4.9361E+01    1.4110E+01    4.4745E+00    1.5822E+01    6.3019E+00    8.4395E+00   
 1.6739E+01    4.4226E+01    5.3409E+01    2.0997E+01    1.7295E+01    1.2202E+01    6.7753E+01    4.9358E+01    1.4104E+01    4.4745E+00    1.5842E+01    6.2866E+00    8.4645E+00   
 1.7310E+01    4.4226E+01    5.3421E+01    2.0961E+01    1.7330E+01    1.2203E+01    6.7781E+01    4.9358E+01    1.4116E+01    4.4745E+00    1.5924E+01    6.3426E+00    8.4893E+00   
 1.7813E+01    4.4227E+01    5.3409E+01    2.0878E+01    1.7249E+01    1.2198E+01    6.7783E+01    4.9354E+01    1.4115E+01    4.4745E+00    1.5781E+01    6.2968E+00    8.4893E+00   
 1.8315E+01    4.4220E+01    5.3419E+01    2.0878E+01    1.7323E+01    1.2198E+01    6.7798E+01    4.9358E+01    1.4102E+01    4.4745E+00    1.5944E+01    6.2611E+00    8.4893E+00   
 1.8818E+01    4.4213E+01    5.3419E+01    2.0757E+01    1.7322E+01    1.2204E+01    6.7819E+01    4.9351E+01    1.4102E+01    4.4745E+00    1.5842E+01    6.4190E+00    8.4645E+00   
 1.9415E+01    4.4211E+01    5.3418E+01    2.0676E+01    1.7307E+01    1.2191E+01    6.7810E+01    4.9361E+01    1.4087E+01    4.4745E+00    1.5842E+01    6.3120E+00    8.5141E+00   
 1.9917E+01    4.4220E+01    5.3417E+01    2.0681E+01    1.7327E+01    1.2189E+01    6.7810E+01    4.9350E+01    1.4077E+01    4.4745E+00    1.5924E+01    6.2662E+00    8.4645E+00   
 2.0419E+01    4.4220E+01    5.3416E+01    2.0797E+01    1.7327E+01    1.2159E+01    6.7793E+01    4.9335E+01    1.4071E+01    4.4541E+00    1.5883E+01    6.3477E+00    8.4645E+00   
 2.0922E+01    4.4222E+01    5.3403E+01    2.0777E+01    1.7438E+01    1.2147E+01    6.7792E+01    4.9352E+01    1.4046E+01    4.4745E+00    1.5802E+01    6.3782E+00    8.4645E+00   
 2.1522E+01    4.4233E+01    5.3404E+01    2.0770E+01    1.7398E+01    1.2131E+01    6.7778E+01    4.9337E+01    1.4030E+01    4.4745E+00    1.5944E+01    6.2611E+00    8.4645E+00   
 2.2024E+01    4.4214E+01    5.3404E+01    2.0770E+01    1.7433E+01    1.2144E+01    6.7798E+01    4.9326E+01    1.4030E+01    4.4541E+00    1.5781E+01    6.2560E+00    8.4645E+00   
 2.2527E+01    4.4219E+01    5.3399E+01    2.0719E+01    1.7413E+01    1.2143E+01    6.7787E+01    4.9328E+01    1.4032E+01    4.4745E+00    1.5781E+01    6.3782E+00    8.5141E+00   
 2.3029E+01    4.4193E+01    5.3387E+01    2.0773E+01    1.7413E+01    1.2141E+01    6.7787E+01    4.9328E+01    1.4036E+01    4.4541E+00    1.5863E+01    6.2917E+00    8.4893E+00   
 2.3639E+01    4.4199E+01    5.3394E+01    2.0688E+01    1.7388E+01    1.2112E+01    6.7811E+01    4.9328E+01    1.4026E+01    4.4745E+00    1.5802E+01    6.3935E+00    8.4645E+00   
 2.4142E+01    4.4199E+01    5.3391E+01    2.0664E+01    1.7348E+01    1.2107E+01    6.7819E+01    4.9338E+01    1.4041E+01    4.4541E+00    1.5924E+01    6.2713E+00    8.5141E+00   
 2.4644E+01    4.4206E+01    5.3400E+01    2.0602E+01    1.7360E+01    1.2123E+01    6.7818E+01    4.9346E+01    1.4051E+01    4.4745E+00    1.5842E+01    6.2968E+00    8.4395E+00   
 2.5146E+01    4.4201E+01    5.3400E+01    2.0602E+01    1.7470E+01    1.2126E+01    6.7831E+01    4.9364E+01    1.4051E+01    4.4745E+00    1.5944E+01    6.4444E+00    8.4893E+00   
 2.5744E+01    4.4198E+01    5.3375E+01    2.0544E+01    1.7420E+01    1.2144E+01    6.7862E+01    4.9370E+01    1.4077E+01    4.4745E+00    1.5781E+01    6.3630E+00    8.4893E+00   
 2.6246E+01    4.4193E+01    5.3381E+01    2.0602E+01    1.7326E+01    1.2179E+01    6.7862E+01    4.9364E+01    1.4068E+01    4.4541E+00    1.5863E+01    6.2968E+00    8.4893E+00   
 2.6750E+01    4.4193E+01    5.3373E+01    2.0619E+01    1.7326E+01    1.2223E+01    6.7876E+01    4.9364E+01    1.4042E+01    4.4745E+00    1.5842E+01    6.2968E+00    8.4645E+00   
 2.7252E+01    4.4195E+01    5.3391E+01    2.0593E+01    1.7375E+01    1.2220E+01    6.7861E+01    4.9367E+01    1.4062E+01    4.4745E+00    1.5903E+01    6.4291E+00    8.4395E+00   
 2.7848E+01    4.4191E+01    5.3394E+01    2.0624E+01    1.7455E+01    1.2190E+01    6.7844E+01    4.9358E+01    1.4064E+01    4.4745E+00    1.5842E+01    6.4139E+00    8.4645E+00   
 2.8350E+01    4.4220E+01    5.3373E+01    2.0624E+01    1.7297E+01    1.2190E+01    6.7865E+01    4.9366E+01    1.4064E+01    4.4745E+00    1.5822E+01    6.3070E+00    8.4893E+00   
 2.8852E+01    4.4213E+01    5.3373E+01    2.0714E+01    1.7345E+01    1.2148E+01    6.7842E+01    4.9363E+01    1.4062E+01    4.4745E+00    1.5781E+01    6.4597E+00    8.4645E+00   
 2.9354E+01    4.4199E+01    5.3363E+01    2.0674E+01    1.7473E+01    1.2156E+01    6.7842E+01    4.9352E+01    1.4071E+01    4.4745E+00    1.5924E+01    6.2713E+00    8.4893E+00   
 2.9960E+01    4.4203E+01    5.3383E+01    2.0528E+01    1.7473E+01    1.2208E+01    6.7872E+01    4.9353E+01    1.4064E+01    4.4745E+00    1.5924E+01    6.2611E+00    8.5141E+00   
 3.0462E+01    4.4203E+01    5.3380E+01    2.0556E+01    1.7417E+01    1.2268E+01    6.7849E+01    4.9353E+01    1.4064E+01    4.4745E+00    1.5965E+01    6.4699E+00    8.4645E+00   
 3.0965E+01    4.4200E+01    5.3369E+01    2.0547E+01    1.7409E+01    1.2268E+01    6.7845E+01    4.9358E+01    1.4057E+01    4.4745E+00    1.5781E+01    6.4750E+00    8.4395E+00   
# Time (s)      T1w (C)       T2w (C)       T1a (C)       T2a (C)       T1r (C)       T2r (C)       T3r (C)       T4r (C)       P1 (bar)      P2 (bar)      Ic (amp)      Qc (l/min)    
 3.1467E+01    4.4211E+01    5.3362E+01    2.0547E+01    1.7389E+01    1.2301E+01    6.7843E+01    4.9343E+01    1.4041E+01    4.4745E+00    1.5842E+01    6.2713E+00    8.4893E+00   
 3.2059E+01    4.4185E+01    5.3362E+01    2.0544E+01    1.7450E+01    1.2230E+01    6.7825E+01    4.9334E+01    1.4046E+01    4.4745E+00    1.5802E+01    6.3324E+00    8.4645E+00   
 3.2561E+01    4.4184E+01    5.3378E+01    2.0453E+01    1.7283E+01    1.2203E+01    6.7811E+01    4.9325E+01    1.4027E+01    4.4745E+00    1.5944E+01    6.3630E+00    8.4645E+00   
 3.3063E+01    4.4203E+01    5.3372E+01    2.0431E+01    1.7283E+01    1.2179E+01    6.7811E+01    4.9325E+01    1.4021E+01    4.4745E+00    1.5822E+01    6.2662E+00    8.4395E+00   
 3.3566E+01    4.4203E+01    5.3373E+01    2.0384E+01    1.7328E+01    1.2212E+01    6.7817E+01    4.9333E+01    1.4028E+01    4.4745E+00    1.5781E+01    6.2866E+00    8.4645E+00   
 3.4161E+01    4.4192E+01    5.3370E+01    2.0429E+01    1.7359E+01    1.2227E+01    6.7819E+01    4.9331E+01    1.4018E+01    4.4745E+00    1.5822E+01    6.4699E+00    8.4645E+00   
 3.4663E+01    4.4180E+01    5.3370E+01    2.0429E+01    1.7307E+01    1.2211E+01    6.7824E+01    4.9307E+01    1.4009E+01    4.4745E+00    1.5781E+01    6.2611E+00    8.4893E+00   
 3.5165E+01    4.4195E+01    5.3370E+01    2.0315E+01    1.7260E+01    1.2176E+01    6.7824E+01    4.9301E+01    1.4009E+01    4.4745E+00    1.5781E+01    6.2611E+00    8.4893E+00   
 3.5667E+01    4.4176E+01    5.3354E+01    2.0317E+01    1.7281E+01    1.2230E+01    6.7838E+01    4.9318E+01    1.4014E+01    4.4745E+00    1.5863E+01    6.4393E+00    8.4395E+00   
 3.6273E+01    4.4183E+01    5.3363E+01    2.0350E+01    1.7342E+01    1.2252E+01    6.7857E+01    4.9327E+01    1.4005E+01    4.4745E+00    1.5903E+01    6.2764E+00    8.4645E+00   
 3.6776E+01    4.4183E+01    5.3366E+01    2.0426E+01    1.7342E+01    1.2282E+01    6.7864E+01    4.9327E+01    1.4013E+01    4.4745E+00    1.5965E+01    6.3171E+00    8.4395E+00   
 3.7280E+01    4.4184E+01    5.3351E+01    2.0327E+01    1.7228E+01    1.2365E+01    6.7884E+01    4.9317E+01    1.4003E+01    4.4745E+00    1.5883E+01    6.3222E+00    8.4893E+00   
 3.7782E+01    4.4184E+01    5.3370E+01    2.0327E+01    1.7231E+01    1.2349E+01    6.7857E+01    4.9299E+01    1.3975E+01    4.4745E+00    1.5903E+01    6.2662E+00    8.4395E+00   
 3.8354E+01    4.4161E+01    5.3370E+01    2.0331E+01    1.7356E+01    1.2449E+01    6.7877E+01    4.9313E+01    1.3975E+01    4.4745E+00    1.5863E+01    6.3019E+00    8.4893E+00   
 3.8856E+01    4.4175E+01    5.3347E+01    2.0441E+01    1.7239E+01    1.2564E+01    6.7881E+01    4.9319E+01    1.3986E+01    4.4745E+00    1.5965E+01    6.4546E+00    8.4893E+00   
 3.9358E+01    4.4174E+01    5.3355E+01    2.0446E+01    1.7239E+01    1.2550E+01    6.7881E+01    4.9314E+01    1.3987E+01    4.4745E+00    1.5822E+01    6.4597E+00    8.4893E+00   
 3.9860E+01    4.4174E+01    5.3341E+01    2.0525E+01    1.7268E+01    1.2491E+01    6.7868E+01    4.9300E+01    1.3978E+01    4.4745E+00    1.5883E+01    6.2764E+00    8.4893E+00   
 4.0466E+01    4.4167E+01    5.3351E+01    2.0723E+01    1.7262E+01    1.2514E+01    6.7873E+01    4.9294E+01    1.3973E+01    4.4745E+00    1.5863E+01    6.4342E+00    8.4645E+00   
 4.0968E+01    4.4164E+01    5.3348E+01    2.0723E+01    1.7254E+01    1.2498E+01    6.7886E+01    4.9286E+01    1.3959E+01    4.4745E+00    1.5944E+01    6.3324E+00    8.4645E+00   
 4.1471E+01    4.4156E+01    5.3348E+01    2.0595E+01    1.7425E+01    1.2536E+01    6.7883E+01    4.9280E+01    1.3959E+01    4.4745E+00    1.5965E+01    6.4800E+00    8.4645E+00   
 4.1973E+01    4.4166E+01    5.3378E+01    2.0663E+01    1.7270E+01    1.2482E+01    6.7889E+01    4.9274E+01    1.3964E+01    4.4745E+00    1.5802E+01    6.3680E+00    8.4893E+00   
 4.2581E+01    4.4173E+01    5.3356E+01    2.0640E+01    1.7190E+01    1.2447E+01    6.7903E+01    4.9300E+01    1.4007E+01    4.4949E+00    1.5883E+01    6.2815E+00    8.4893E+00   
 4.3084E+01    4.4173E+01    5.3361E+01    2.0689E+01    1.7190E+01    1.2475E+01    6.7877E+01    4.9300E+01    1.4004E+01    4.4949E+00    1.5924E+01    6.2662E+00    8.4645E+00   
 4.3586E+01    4.4167E+01    5.3347E+01    2.0658E+01    1.7236E+01    1.2489E+01    6.7871E+01    4.9291E+01    1.3991E+01    4.4745E+00    1.5924E+01    6.4851E+00    8.4645E+00   
 4.4088E+01    4.4174E+01    5.3371E+01    2.0674E+01    1.7384E+01    1.2489E+01    6.7877E+01    4.9318E+01    1.4006E+01    4.4949E+00    1.5944E+01    6.2713E+00    8.4893E+00   
 4.4692E+01    4.4166E+01    5.3360E+01    2.0674E+01    1.7249E+01    1.2534E+01    6.7903E+01    4.9315E+01    1.4022E+01    4.4745E+00    1.5903E+01    6.2815E+00    8.4395E+00   
 4.5194E+01    4.4177E+01    5.3360E+01    2.0786E+01    1.7258E+01    1.2491E+01    6.7882E+01    4.9311E+01    1.4029E+01    4.4949E+00    1.5965E+01    6.2815E+00    8.4645E+00   
 4.5697E+01    4.4158E+01    5.3336E+01    2.0676E+01    1.7294E+01    1.2496E+01    6.7897E+01    4.9322E+01    1.4045E+01    4.4745E+00    1.5883E+01    6.3222E+00    8.4395E+00   
 4.6199E+01    4.4158E+01    5.3357E+01    2.0814E+01    1.7294E+01    1.2531E+01    6.7919E+01    4.9322E+01    1.4051E+01    4.4745E+00    1.5863E+01    6.2968E+00    8.4645E+00   
 4.6795E+01    4.4171E+01    5.3360E+01    2.0602E+01    1.7232E+01    1.2632E+01    6.7891E+01    4.9306E+01    1.4027E+01    4.4745E+00    1.5965E+01    6.3019E+00    8.4645E+00   
# Time (s)      T1w (C)       T2w (C)       T1a (C)       T2a (C)       T1r (C)       T2r (C)       T3r (C)       T4r (C)       P1 (bar)      P2 (bar)      Ic (amp)      Qc (l/min)    
 4.7297E+01    4.4176E+01    5.3362E+01    2.0780E+01    1.7218E+01    1.2632E+01    6.7882E+01    4.9321E+01    1.4028E+01    4.4949E+00    1.5842E+01    6.4648E+00    8.4645E+00   
 4.7803E+01    4.4151E+01    5.3345E+01    2.0764E+01    1.7253E+01    1.2721E+01    6.7900E+01    4.9326E+01    1.4028E+01    4.4949E+00    1.5924E+01    6.4342E+00    8.4645E+00   
 4.8308E+01    4.4166E+01    5.3345E+01    2.0631E+01    1.7262E+01    1.2814E+01    6.7885E+01    4.9316E+01    1.4042E+01    4.4949E+00    1.5965E+01    6.2713E+00    8.5141E+00   
 4.8908E+01    4.4166E+01    5.3349E+01    2.0547E+01    1.7277E+01    1.2868E+01    6.7892E+01    4.9325E+01    1.4020E+01    4.4745E+00    1.5883E+01    6.2917E+00    8.4395E+00   
 4.9411E+01    4.4164E+01    5.3351E+01    2.0536E+01    1.7277E+01    1.2844E+01    6.7892E+01    4.9325E+01    1.4030E+01    4.4745E+00    1.5781E+01    6.3477E+00    8.4893E+00   
 4.9913E+01    4.4179E+01    5.3385E+01    2.0580E+01    1.7148E+01    1.2696E+01    6.7869E+01    4.9285E+01    1.4063E+01    4.4745E+00    1.5842E+01    6.3680E+00    8.4645E+00   
 5.0415E+01    4.4183E+01    5.3372E+01    2.0620E+01    1.7360E+01    1.2696E+01    6.7874E+01    4.9299E+01    1.4074E+01    4.4949E+00    1.5822E+01    6.3273E+00    8.4645E+00   
 5.0987E+01    4.4170E+01    5.3366E+01    2.0620E+01    1.7290E+01    1.2578E+01    6.7886E+01    4.9312E+01    1.4074E+01    4.4949E+00    1.5802E+01    6.2662E+00    8.4645E+00   
 5.1490E+01    4.4175E+01    5.3366E+01    2.0803E+01    1.7242E+01    1.2554E+01    6.7906E+01    4.9325E+01    1.4094E+01    4.4745E+00    1.5883E+01    6.4139E+00    8.4645E+00   
 5.1992E+01    4.4178E+01    5.3388E+01    2.0871E+01    1.7281E+01    1.2552E+01    6.7920E+01    4.9348E+01    1.4121E+01    4.4949E+00    1.5822E+01    6.3120E+00    8.4645E+00   
 5.2495E+01    4.4178E+01    5.3373E+01    2.0621E+01    1.7281E+01    1.2565E+01    6.7935E+01    4.9348E+01    1.4142E+01    4.4949E+00    1.5965E+01    6.4342E+00    8.4395E+00   
 5.3100E+01    4.4169E+01    5.3372E+01    2.0708E+01    1.7309E+01    1.2561E+01    6.7951E+01    4.9361E+01    1.4168E+01    4.4745E+00    1.5965E+01    6.3273E+00    8.4645E+00   
 5.3605E+01    4.4173E+01    5.3369E+01    2.0740E+01    1.7204E+01    1.2490E+01    6.7960E+01    4.9387E+01    1.4169E+01    4.4949E+00    1.5924E+01    6.4546E+00    8.4893E+00   
 5.4110E+01    4.4165E+01    5.3367E+01    2.0740E+01    1.7280E+01    1.2506E+01    6.7964E+01    4.9404E+01    1.4185E+01    4.4949E+00    1.5924E+01    6.3528E+00    8.4645E+00   
 5.4615E+01    4.4162E+01    5.3367E+01    2.0713E+01    1.7214E+01    1.2518E+01    6.7963E+01    4.9400E+01    1.4196E+01    4.4745E+00    1.5822E+01    6.3986E+00    8.4395E+00   
 5.5215E+01    4.4155E+01    5.3370E+01    2.0642E+01    1.7237E+01    1.2544E+01    6.7975E+01    4.9434E+01    1.4216E+01    4.4949E+00    1.5944E+01    6.4597E+00    8.4893E+00   
 5.5720E+01    4.4168E+01    5.3350E+01    2.0628E+01    1.7237E+01    1.2480E+01    6.7975E+01    4.9421E+01    1.4235E+01    4.4745E+00    1.5781E+01    6.2662E+00    8.4395E+00   
 5.6225E+01    4.4168E+01    5.3347E+01    2.0558E+01    1.7295E+01    1.2438E+01    6.7992E+01    4.9421E+01    1.4236E+01    4.4949E+00    1.5863E+01    6.2764E+00    8.4645E+00   
 5.6730E+01    4.4168E+01    5.3358E+01    2.0419E+01    1.7245E+01    1.2438E+01    6.7971E+01    4.9447E+01    1.4238E+01    4.4949E+00    1.5802E+01    6.2662E+00    8.4893E+00   
 5.7319E+01    4.4154E+01    5.3354E+01    2.0493E+01    1.7268E+01    1.2408E+01    6.7982E+01    4.9446E+01    1.4240E+01    4.4949E+00    1.5822E+01    6.2764E+00    8.4893E+00   
 5.7822E+01    4.4150E+01    5.3354E+01    2.0493E+01    1.7317E+01    1.2382E+01    6.7998E+01    4.9454E+01    1.4240E+01    4.4949E+00    1.5863E+01    6.2713E+00    8.4645E+00   
 5.8324E+01    4.4161E+01    5.3363E+01    2.0488E+01    1.7203E+01    1.2373E+01    6.7999E+01    4.9464E+01    1.4265E+01    4.4949E+00    1.5781E+01    6.4699E+00    8.4645E+00   
 5.8826E+01    4.4152E+01    5.3369E+01    2.0533E+01    1.7203E+01    1.2418E+01    6.7999E+01    4.9464E+01    1.4277E+01    4.4949E+00    1.5863E+01    6.3171E+00    8.4893E+00   
 5.9397E+01    4.4152E+01    5.3360E+01    2.0881E+01    1.7225E+01    1.2418E+01    6.8009E+01    4.9475E+01    1.4269E+01    4.4949E+00    1.5842E+01    6.3833E+00    8.5388E+00   
 5.9899E+01    4.4157E+01    5.3354E+01    2.0836E+01    1.7314E+01    1.2418E+01    6.8008E+01    4.9482E+01    1.4301E+01    4.5153E+00    1.5842E+01    6.2866E+00    8.4645E+00   
 6.0402E+01    4.4148E+01    5.3347E+01    2.0836E+01    1.7275E+01    1.2453E+01    6.8012E+01    4.9471E+01    1.4301E+01    4.4949E+00    1.5985E+01    6.2713E+00    8.4645E+00   
 6.0904E+01    4.4169E+01    5.3347E+01    2.0601E+01    1.7231E+01    1.2498E+01    6.8003E+01    4.9481E+01    1.4304E+01    4.4949E+00    1.5802E+01    6.4393E+00    8.4893E+00   
 6.1501E+01    4.4153E+01    5.3360E+01    2.0569E+01    1.7419E+01    1.2480E+01    6.8030E+01    4.9493E+01    1.4294E+01    4.4949E+00    1.5802E+01    6.4800E+00    8.4645E+00   
 6.2003E+01    4.4157E+01    5.3339E+01    2.0643E+01    1.7419E+01    1.2449E+01    6.8045E+01    4.9508E+01    1.4339E+01    4.5153E+00    1.5781E+01    6.2917E+00    8.4645E+00   
 6.2508E+01    4.4157E+01    5.3340E+01    2.0737E+01    1.7486E+01    1.2428E+01    6.8038E+01    4.9501E+01    1.4336E+01    4.4949E+00    1.5863E+01    6.3019E+00    8.4645E+00   
# Time (s)      T1w (C)       T2w (C)       T1a (C)       T2a (C)       T1r (C)       T2r (C)       T3r (C)       T4r (C)       P1 (bar)      P2 (bar)      Ic (amp)      Qc (l/min)    
 6.3011E+01    4.4172E+01    5.3367E+01    2.0806E+01    1.7571E+01    1.2444E+01    6.8063E+01    4.9506E+01    1.4349E+01    4.4949E+00    1.5965E+01    6.2815E+00    8.4645E+00   
 6.3582E+01    4.4168E+01    5.3363E+01    2.0806E+01    1.7477E+01    1.2441E+01    6.8056E+01    4.9523E+01    1.4370E+01    4.5153E+00    1.5944E+01    6.4699E+00    8.4893E+00   
 6.4084E+01    4.4180E+01    5.3363E+01    2.0816E+01    1.7506E+01    1.2431E+01    6.8078E+01    4.9548E+01    1.4386E+01    4.4949E+00    1.5802E+01    6.2662E+00    8.4395E+00   
 6.4586E+01    4.4189E+01    5.3382E+01    2.1008E+01    1.7472E+01    1.2424E+01    6.8078E+01    4.9536E+01    1.4387E+01    4.4949E+00    1.5985E+01    6.2815E+00    8.4893E+00   
 6.5089E+01    4.4189E+01    5.3370E+01    2.1223E+01    1.7472E+01    1.2425E+01    6.8096E+01    4.9551E+01    1.4409E+01    4.5153E+00    1.5883E+01    6.3833E+00    8.5141E+00   
 6.5702E+01    4.4200E+01    5.3386E+01    2.1423E+01    1.7489E+01    1.2457E+01    6.8093E+01    4.9562E+01    1.4416E+01    4.4949E+00    1.5802E+01    6.2662E+00    8.4645E+00   
 6.6204E+01    4.4208E+01    5.3403E+01    2.1461E+01    1.7393E+01    1.2453E+01    6.8094E+01    4.9562E+01    1.4416E+01    4.4949E+00    1.5822E+01    6.3935E+00    8.4893E+00   
 6.6706E+01    4.4211E+01    5.3408E+01    2.1461E+01    1.7491E+01    1.2453E+01    6.8128E+01    4.9553E+01    1.4425E+01    4.5153E+00    1.5903E+01    6.4088E+00    8.4893E+00   
 6.7209E+01    4.4198E+01    5.3379E+01    2.1346E+01    1.7351E+01    1.2454E+01    6.8132E+01    4.9557E+01    1.4425E+01    4.5153E+00    1.5822E+01    6.2662E+00    8.4645E+00   
 6.7834E+01    4.4179E+01    5.3367E+01    2.1397E+01    1.7355E+01    1.2463E+01    6.8117E+01    4.9575E+01    1.4437E+01    4.5153E+00    1.5802E+01    6.2917E+00    8.4645E+00   
 6.8336E+01    4.4193E+01    5.3369E+01    2.1719E+01    1.7312E+01    1.2457E+01    6.8117E+01    4.9557E+01    1.4426E+01    4.5153E+00    1.5985E+01    6.3273E+00    8.4645E+00   
 6.8838E+01    4.4178E+01    5.3358E+01    2.1928E+01    1.7296E+01    1.2431E+01    6.8135E+01    4.9557E+01    1.4433E+01    4.4949E+00    1.5883E+01    6.3273E+00    8.4395E+00   
 6.9341E+01    4.4175E+01    5.3349E+01    2.1422E+01    1.7218E+01    1.2397E+01    6.8135E+01    4.9558E+01    1.4439E+01    4.5153E+00    1.5802E+01    6.2815E+00    8.4893E+00   
 6.9902E+01    4.4162E+01    5.3324E+01    2.1222E+01    1.7231E+01    1.2397E+01    6.8117E+01    4.9563E+01    1.4456E+01    4.4949E+00    1.5842E+01    6.2611E+00    8.4645E+00   
 7.0405E+01    4.4139E+01    5.3324E+01    2.1222E+01    1.7136E+01    1.2357E+01    6.8128E+01    4.9564E+01    1.4456E+01    4.5153E+00    1.5883E+01    6.2713E+00    8.4893E+00   
 7.0907E+01    4.4140E+01    5.3330E+01    2.0898E+01    1.7070E+01    1.2322E+01    6.8123E+01    4.9580E+01    1.4451E+01    4.5153E+00    1.5985E+01    6.3579E+00    8.4893E+00   
 7.1410E+01    4.4151E+01    5.3343E+01    2.0672E+01    1.7070E+01    1.2300E+01    6.8123E+01    4.9580E+01    1.4456E+01    4.5153E+00    1.5924E+01    6.3884E+00    8.4893E+00   
 7.1999E+01    4.4151E+01    5.3355E+01    2.0602E+01    1.7081E+01    1.2284E+01    6.8141E+01    4.9573E+01    1.4459E+01    4.5153E+00    1.5842E+01    6.3375E+00    8.4645E+00   
 7.2501E+01    4.4162E+01    5.3337E+01    2.0489E+01    1.7185E+01    1.2332E+01    6.8127E+01    4.9579E+01    1.4476E+01    4.5153E+00    1.5903E+01    6.4190E+00    8.4645E+00   
 7.3006E+01    4.4164E+01    5.3345E+01    2.0489E+01    1.7231E+01    1.2332E+01    6.8145E+01    4.9583E+01    1.4453E+01    4.5153E+00    1.5985E+01    6.2866E+00    8.4893E+00   
 7.3508E+01    4.4166E+01    5.3345E+01    2.0472E+01    1.7314E+01    1.2372E+01    6.8160E+01    4.9573E+01    1.4453E+01    4.5153E+00    1.5802E+01    6.4139E+00    8.4645E+00   
 7.4071E+01    4.4153E+01    5.3353E+01    2.0415E+01    1.7277E+01    1.2410E+01    6.8177E+01    4.9589E+01    1.4439E+01    4.5153E+00    1.5965E+01    6.3731E+00    8.4893E+00   
 7.4573E+01    4.4162E+01    5.3347E+01    2.0532E+01    1.7277E+01    1.2390E+01    6.8177E+01    4.9589E+01    1.4421E+01    4.5153E+00    1.5822E+01    6.4902E+00    8.4645E+00   
 7.5076E+01    4.4147E+01    5.3370E+01    2.0438E+01    1.7264E+01    1.2374E+01    6.8172E+01    4.9581E+01    1.4427E+01    4.5153E+00    1.5903E+01    6.4902E+00    8.4893E+00   
 7.5578E+01    4.4169E+01    5.3359E+01    2.0354E+01    1.7319E+01    1.2374E+01    6.8166E+01    4.9602E+01    1.4429E+01    4.5153E+00    1.5822E+01    6.2662E+00    8.4645E+00   
 7.6183E+01    4.4163E+01    5.3346E+01    2.0398E+01    1.7354E+01    1.2331E+01    6.8168E+01    4.9599E+01    1.4414E+01    4.4949E+00    1.5883E+01    6.4240E+00    8.4645E+00   
 7.6686E+01    4.4160E+01    5.3346E+01    2.0398E+01    1.7352E+01    1.2301E+01    6.8140E+01    4.9595E+01    1.4414E+01    4.5153E+00    1.5822E+01    6.3782E+00    8.4893E+00   
 7.7188E+01    4.4147E+01    5.3331E+01    2.0331E+01    1.7295E+01    1.2297E+01    6.8187E+01    4.9602E+01    1.4431E+01    4.5153E+00    1.5822E+01    6.3986E+00    8.4893E+00   
 7.7691E+01    4.4156E+01    5.3352E+01    2.0180E+01    1.7295E+01    1.2329E+01    6.8187E+01    4.9602E+01    1.4430E+01    4.5153E+00    1.5985E+01    6.2764E+00    8.4395E+00   
 7.8258E+01    4.4156E+01    5.3355E+01    2.0176E+01    1.7336E+01    1.2352E+01    6.8172E+01    4.9597E+01    1.4422E+01    4.5153E+00    1.5822E+01    6.3731E+00    8.4893E+00   
# Time (s)      T1w (C)       T2w (C)       T1a (C)       T2a (C)       T1r (C)       T2r (C)       T3r (C)       T4r (C)       P1 (bar)      P2 (bar)      Ic (amp)      Qc (l/min)    
 7.8761E+01    4.4148E+01    5.3353E+01    2.0539E+01    1.7326E+01    1.2353E+01    6.8177E+01    4.9606E+01    1.4408E+01    4.5153E+00    1.5822E+01    6.2764E+00    8.4645E+00   
 7.9263E+01    4.4139E+01    5.3364E+01    2.0539E+01    1.7213E+01    1.2337E+01    6.8160E+01    4.9565E+01    1.4392E+01    4.4949E+00    1.5985E+01    6.4902E+00    8.4893E+00   
 7.9766E+01    4.4151E+01    5.3364E+01    2.0410E+01    1.7229E+01    1.2334E+01    6.8151E+01    4.9566E+01    1.4384E+01    4.4949E+00    1.6005E+01    6.4800E+00    8.4645E+00   
 8.0360E+01    4.4170E+01    5.3367E+01    2.0411E+01    1.7285E+01    1.2353E+01    6.8171E+01    4.9561E+01    1.4372E+01    4.4949E+00    1.5924E+01    6.2713E+00    8.4395E+00   
 8.0862E+01    4.4164E+01    5.3372E+01    2.0283E+01    1.7285E+01    1.2327E+01    6.8171E+01    4.9561E+01    1.4369E+01    4.5153E+00    1.6005E+01    6.4953E+00    8.4645E+00   
 8.1365E+01    4.4164E+01    5.3389E+01    2.0778E+01    1.7300E+01    1.2337E+01    6.8166E+01    4.9547E+01    1.4365E+01    4.5153E+00    1.5903E+01    6.3884E+00    8.4893E+00   
 8.1867E+01    4.4162E+01    5.3384E+01    2.1095E+01    1.7452E+01    1.2337E+01    6.8168E+01    4.9545E+01    1.4374E+01    4.4949E+00    1.5842E+01    6.2764E+00    8.4893E+00   
 8.2432E+01    4.4171E+01    5.3398E+01    2.1095E+01    1.7431E+01    1.2351E+01    6.8183E+01    4.9560E+01    1.4374E+01    4.4949E+00    1.5863E+01    6.2764E+00    8.4893E+00   
 8.2935E+01    4.4160E+01    5.3398E+01    2.0935E+01    1.7513E+01    1.2368E+01    6.8203E+01    4.9547E+01    1.4362E+01    4.5153E+00    1.5903E+01    6.2764E+00    8.4893E+00   
 8.3437E+01    4.4164E+01    5.3385E+01    2.0947E+01    1.7342E+01    1.2349E+01    6.8203E+01    4.9553E+01    1.4362E+01    4.4949E+00    1.5985E+01    6.4902E+00    8.4893E+00   
 8.3939E+01    4.4172E+01    5.3381E+01    2.0864E+01    1.7326E+01    1.2334E+01    6.8201E+01    4.9553E+01    1.4357E+01    4.4949E+00    1.5903E+01    6.2764E+00    8.4893E+00   
 8.4529E+01    4.4157E+01    5.3380E+01    2.0868E+01    1.7360E+01    1.2285E+01    6.8222E+01    4.9555E+01    1.4358E+01    4.4949E+00    1.5924E+01    6.3171E+00    8.4893E+00   
 8.5031E+01    4.4148E+01    5.3375E+01    2.0663E+01    1.7424E+01    1.2285E+01    6.8217E+01    4.9533E+01    1.4360E+01    4.4949E+00    1.5822E+01    6.4597E+00    8.4645E+00   
 8.5534E+01    4.4144E+01    5.3394E+01    2.0663E+01    1.7341E+01    1.2267E+01    6.8243E+01    4.9541E+01    1.4360E+01    4.4949E+00    1.5802E+01    6.4597E+00    8.4395E+00   
 8.6036E+01    4.4151E+01    5.3409E+01    2.0702E+01    1.7339E+01    1.2206E+01    6.8236E+01    4.9518E+01    1.4341E+01    4.4949E+00    1.5985E+01    6.3375E+00    8.4645E+00   
 8.6609E+01    4.4182E+01    5.3404E+01    2.0689E+01    1.7341E+01    1.2187E+01    6.8236E+01    4.9528E+01    1.4338E+01    4.4949E+00    1.5863E+01    6.2815E+00    8.4893E+00   
 8.7111E+01    4.4191E+01    5.3399E+01    2.0862E+01    1.7341E+01    1.2211E+01    6.8240E+01    4.9543E+01    1.4366E+01    4.4949E+00    1.5985E+01    6.2917E+00    8.4893E+00   
 8.7614E+01    4.4191E+01    5.3411E+01    2.1121E+01    1.7373E+01    1.2216E+01    6.8271E+01    4.9524E+01    1.4380E+01    4.4949E+00    1.5822E+01    6.3986E+00    8.4645E+00   
 8.8116E+01    4.4196E+01    5.3414E+01    2.1386E+01    1.7407E+01    1.2200E+01    6.8251E+01    4.9511E+01    1.4343E+01    4.5153E+00    1.5965E+01    6.3731E+00    8.4645E+00   
 8.8700E+01    4.4189E+01    5.3429E+01    2.1386E+01    1.7347E+01    1.2260E+01    6.8242E+01    4.9507E+01    1.4337E+01    4.5153E+00    1.5965E+01    6.2968E+00    8.4395E+00   
 8.9202E+01    4.4205E+01    5.3429E+01    2.1183E+01    1.7400E+01    1.2318E+01    6.8254E+01    4.9497E+01    1.4337E+01    4.5153E+00    1.5985E+01    6.2815E+00    8.4395E+00   
 8.9705E+01    4.4213E+01    5.3423E+01    2.1096E+01    1.7429E+01    1.2370E+01    6.8254E+01    4.9484E+01    1.4311E+01    4.4949E+00    1.5903E+01    6.4342E+00    8.4395E+00   
 9.0207E+01    4.4213E+01    5.3429E+01    2.1107E+01    1.7429E+01    1.2430E+01    6.8248E+01    4.9484E+01    1.4299E+01    4.4949E+00    1.5985E+01    6.2815E+00    8.4893E+00   
 9.0778E+01    4.4201E+01    5.3433E+01    2.0966E+01    1.7466E+01    1.2440E+01    6.8234E+01    4.9482E+01    1.4308E+01    4.5153E+00    1.5822E+01    6.3019E+00    8.4395E+00   
 9.1280E+01    4.4198E+01    5.3436E+01    2.0828E+01    1.7516E+01    1.2424E+01    6.8212E+01    4.9467E+01    1.4272E+01    4.4949E+00    1.6005E+01    6.3375E+00    8.4645E+00   
 9.1783E+01    4.4213E+01    5.3436E+01    2.0828E+01    1.7399E+01    1.2413E+01    6.8188E+01    4.9461E+01    1.4272E+01    4.4949E+00    1.5944E+01    6.4342E+00    8.4395E+00   
 9.2285E+01    4.4186E+01    5.3417E+01    2.0885E+01    1.7424E+01    1.2367E+01    6.8197E+01    4.9473E+01    1.4290E+01    4.4949E+00    1.6005E+01    6.4750E+00    8.4645E+00   
 9.2874E+01    4.4189E+01    5.3427E+01    2.1022E+01    1.7360E+01    1.2312E+01    6.8197E+01    4.9463E+01    1.4292E+01    4.4949E+00    1.6026E+01    6.4139E+00    8.4893E+00   
 9.3376E+01    4.4231E+01    5.3441E+01    2.1060E+01    1.7376E+01    1.2281E+01    6.8166E+01    4.9463E+01    1.4295E+01    4.4949E+00    1.5924E+01    6.2866E+00    8.4893E+00   
 9.3879E+01    4.4231E+01    5.3444E+01    2.1129E+01    1.7344E+01    1.2243E+01    6.8167E+01    4.9481E+01    1.4293E+01    4.4949E+00    1.5822E+01    6.2764E+00    8.4395E+00   
# Time (s)      T1w (C)       T2w (C)       T1a (C)       T2a (C)       T1r (C)       T2r (C)       T3r (C)       T4r (C)       P1 (bar)      P2 (bar)      Ic (amp)      Qc (l/min)    
 9.4385E+01    4.4200E+01    5.3447E+01    2.1129E+01    1.7299E+01    1.2243E+01    6.8175E+01    4.9465E+01    1.4282E+01    4.4949E+00    1.5883E+01    6.2917E+00    8.4645E+00   
 9.4954E+01    4.4205E+01    5.3459E+01    2.1292E+01    1.7366E+01    1.2256E+01    6.8174E+01    4.9455E+01    1.4282E+01    4.4949E+00    1.5903E+01    6.3171E+00    8.4645E+00   
 9.5457E+01    4.4201E+01    5.3474E+01    2.1452E+01    1.7368E+01    1.2292E+01    6.8167E+01    4.9470E+01    1.4270E+01    4.5153E+00    1.5944E+01    6.3171E+00    8.4645E+00   
 9.5959E+01    4.4198E+01    5.3459E+01    2.1574E+01    1.7368E+01    1.2337E+01    6.8167E+01    4.9470E+01    1.4257E+01    4.4949E+00    1.5903E+01    6.3273E+00    8.4645E+00   
 9.6462E+01    4.4227E+01    5.3501E+01    2.1572E+01    1.7450E+01    1.2380E+01    6.8134E+01    4.9444E+01    1.4258E+01    4.4949E+00    1.5985E+01    6.3273E+00    8.4645E+00   
 9.7043E+01    4.4234E+01    5.3503E+01    2.1585E+01    1.7538E+01    1.2362E+01    6.8136E+01    4.9440E+01    1.4216E+01    4.4949E+00    1.5842E+01    6.4851E+00    8.4893E+00   
 9.7545E+01    4.4263E+01    5.3509E+01    2.1503E+01    1.7399E+01    1.2362E+01    6.8142E+01    4.9413E+01    1.4227E+01    4.4949E+00    1.5903E+01    6.2866E+00    8.4645E+00   
 9.8049E+01    4.4260E+01    5.3509E+01    2.1503E+01    1.7342E+01    1.2395E+01    6.8136E+01    4.9450E+01    1.4243E+01    4.4949E+00    1.5883E+01    6.3884E+00    8.4645E+00   
 9.8551E+01    4.4259E+01    5.3512E+01    2.1519E+01    1.7359E+01    1.2413E+01    6.8162E+01    4.9440E+01    1.4237E+01    4.4949E+00    1.5883E+01    6.3935E+00    8.4645E+00   
 9.9123E+01    4.4274E+01    5.3532E+01    2.1719E+01    1.7424E+01    1.2433E+01    6.8162E+01    4.9453E+01    1.4237E+01    4.4949E+00    1.5903E+01    6.2662E+00    8.5141E+00   
 9.9628E+01    4.4274E+01    5.3517E+01    2.1622E+01    1.7424E+01    1.2467E+01    6.8166E+01    4.9453E+01    1.4235E+01    4.4949E+00    1.5924E+01    6.2764E+00    8.4893E+00   
 1.0013E+02    4.4285E+01    5.3511E+01    2.1659E+01    1.7361E+01    1.2467E+01    6.8177E+01    4.9432E+01    1.4233E+01    4.4949E+00    1.6005E+01    6.2764E+00    8.4645E+00   
 1.0063E+02    4.4296E+01    5.3511E+01    2.1659E+01    1.7247E+01    1.2459E+01    6.8156E+01    4.9436E+01    1.4233E+01    4.4949E+00    1.5924E+01    6.4546E+00    8.4893E+00   
 1.0121E+02    4.4277E+01    5.3496E+01    2.1501E+01    1.7379E+01    1.2498E+01    6.8152E+01    4.9432E+01    1.4222E+01    4.4949E+00    1.5842E+01    6.4902E+00    8.4893E+00   
 1.0171E+02    4.4289E+01    5.3501E+01    2.1520E+01    1.7393E+01    1.2515E+01    6.8144E+01    4.9430E+01    1.4220E+01    4.4949E+00    1.5842E+01    6.2917E+00    8.4645E+00   
 1.0222E+02    4.4285E+01    5.3510E+01    2.1373E+01    1.7393E+01    1.2552E+01    6.8130E+01    4.9415E+01    1.4184E+01    4.4949E+00    1.5985E+01    6.3782E+00    8.4645E+00   
 1.0272E+02    4.4285E+01    5.3506E+01    2.1187E+01    1.7450E+01    1.2524E+01    6.8141E+01    4.9416E+01    1.4193E+01    4.4949E+00    1.5903E+01    6.4953E+00    8.4395E+00   
 1.0329E+02    4.4275E+01    5.3498E+01    2.1134E+01    1.7381E+01    1.2520E+01    6.8151E+01    4.9407E+01    1.4193E+01    4.4949E+00    1.5903E+01    6.4444E+00    8.4893E+00   
 1.0379E+02    4.4268E+01    5.3499E+01    2.1134E+01    1.7293E+01    1.2520E+01    6.8134E+01    4.9408E+01    1.4193E+01    4.4949E+00    1.5863E+01    6.2917E+00    8.4645E+00   
 1.0430E+02    4.4263E+01    5.3485E+01    2.1002E+01    1.7295E+01    1.2555E+01    6.8154E+01    4.9421E+01    1.4200E+01    4.4949E+00    1.5965E+01    6.2815E+00    8.4395E+00   
 1.0480E+02    4.4249E+01    5.3477E+01    2.1034E+01    1.7401E+01    1.2573E+01    6.8154E+01    4.9402E+01    1.4199E+01    4.4949E+00    1.5903E+01    6.4902E+00    8.4893E+00   
 1.0539E+02    4.4246E+01    5.3454E+01    2.1116E+01    1.7316E+01    1.2608E+01    6.8157E+01    4.9398E+01    1.4210E+01    4.4949E+00    1.5903E+01    6.4800E+00    8.4645E+00   
 1.0589E+02    4.4246E+01    5.3452E+01    2.1215E+01    1.7316E+01    1.2590E+01    6.8165E+01    4.9398E+01    1.4213E+01    4.4949E+00    1.5842E+01    6.3426E+00    8.4893E+00   
 1.0640E+02    4.4244E+01    5.3468E+01    2.1250E+01    1.7221E+01    1.2574E+01    6.8166E+01    4.9388E+01    1.4193E+01    4.4949E+00    1.5822E+01    6.2764E+00    8.4645E+00   
 1.0690E+02    4.4228E+01    5.3455E+01    2.1250E+01    1.7162E+01    1.2563E+01    6.8165E+01    4.9394E+01    1.4193E+01    4.4949E+00    1.5965E+01    6.3375E+00    8.4893E+00   
 1.0749E+02    4.4246E+01    5.3455E+01    2.1379E+01    1.7208E+01    1.2553E+01    6.8169E+01    4.9397E+01    1.4172E+01    4.4949E+00    1.5985E+01    6.2917E+00    8.4395E+00   
 1.0799E+02    4.4236E+01    5.3455E+01    2.1551E+01    1.7248E+01    1.2543E+01    6.8153E+01    4.9394E+01    1.4193E+01    4.4949E+00    1.5924E+01    6.2866E+00    8.4645E+00   
 1.0850E+02    4.4270E+01    5.3475E+01    2.1695E+01    1.7264E+01    1.2544E+01    6.8153E+01    4.9394E+01    1.4201E+01    4.4949E+00    1.5822E+01    6.4240E+00    8.4645E+00   
 1.0900E+02    4.4270E+01    5.3487E+01    2.1785E+01    1.7228E+01    1.2616E+01    6.8183E+01    4.9401E+01    1.4217E+01    4.4949E+00    1.6005E+01    6.5004E+00    8.4893E+00   
 1.0958E+02    4.4275E+01    5.3481E+01    2.1771E+01    1.7206E+01    1.2671E+01    6.8175E+01    4.9393E+01    1.4212E+01    4.4949E+00    1.5822E+01    6.3375E+00    8.4893E+00   
# Time (s)      T1w (C)       T2w (C)       T1a (C)       T2a (C)       T1r (C)       T2r (C)       T3r (C)       T4r (C)       P1 (bar)      P2 (bar)      Ic (amp)      Qc (l/min)    
 1.1008E+02    4.4274E+01    5.3476E+01    2.1771E+01    1.7169E+01    1.2671E+01    6.8174E+01    4.9389E+01    1.4212E+01    4.4949E+00    1.5863E+01    6.4495E+00    8.4645E+00   
 1.1059E+02    4.4295E+01    5.3491E+01    2.1628E+01    1.7274E+01    1.2766E+01    6.8175E+01    4.9416E+01    1.4214E+01    4.5153E+00    1.6005E+01    6.3375E+00    8.4645E+00   
 1.1109E+02    4.4301E+01    5.3496E+01    2.1576E+01    1.7271E+01    1.2813E+01    6.8175E+01    4.9407E+01    1.4226E+01    4.4949E+00    1.5924E+01    6.3070E+00    8.4645E+00   
 1.1168E+02    4.4309E+01    5.3543E+01    2.1629E+01    1.7316E+01    1.2857E+01    6.8204E+01    4.9416E+01    1.4236E+01    4.4949E+00    1.5842E+01    6.3833E+00    8.4645E+00   
 1.1219E+02    4.4309E+01    5.3535E+01    2.1551E+01    1.7316E+01    1.2911E+01    6.8211E+01    4.9416E+01    1.4235E+01    4.4949E+00    1.5822E+01    6.3630E+00    8.4645E+00   
 1.1269E+02    4.4316E+01    5.3514E+01    2.1544E+01    1.7360E+01    1.2911E+01    6.8192E+01    4.9405E+01    1.4275E+01    4.4949E+00    1.5985E+01    6.2764E+00    8.4645E+00   
 1.1319E+02    4.4313E+01    5.3518E+01    2.1544E+01    1.7289E+01    1.2965E+01    6.8214E+01    4.9438E+01    1.4291E+01    4.4949E+00    1.5985E+01    6.4291E+00    8.4893E+00   
 1.1377E+02    4.4290E+01    5.3518E+01    2.1403E+01    1.7312E+01    1.2850E+01    6.8204E+01    4.9439E+01    1.4292E+01    4.4949E+00    1.5822E+01    6.4750E+00    8.5141E+00   
 1.1427E+02    4.4302E+01    5.3534E+01    2.1323E+01    1.7307E+01    1.2782E+01    6.8204E+01    4.9446E+01    1.4308E+01    4.4949E+00    1.5863E+01    6.2713E+00    8.4645E+00   
 1.1477E+02    4.4313E+01    5.3517E+01    2.1312E+01    1.7307E+01    1.2738E+01    6.8201E+01    4.9446E+01    1.4317E+01    4.4949E+00    1.5924E+01    6.4240E+00    8.4893E+00   
 1.1527E+02    4.4313E+01    5.3515E+01    2.1313E+01    1.7175E+01    1.2704E+01    6.8214E+01    4.9466E+01    1.4336E+01    4.4949E+00    1.5924E+01    6.4240E+00    8.4645E+00   
 1.1587E+02    4.4336E+01    5.3542E+01    2.1350E+01    1.7205E+01    1.2669E+01    6.8204E+01    4.9464E+01    1.4360E+01    4.4949E+00    1.5883E+01    6.2713E+00    8.4395E+00   
 1.1637E+02    4.4352E+01    5.3543E+01    2.1365E+01    1.7361E+01    1.2669E+01    6.8214E+01    4.9474E+01    1.4381E+01    4.4745E+00    1.5883E+01    6.3375E+00    8.4645E+00   
 1.1688E+02    4.4357E+01    5.3543E+01    2.1387E+01    1.7225E+01    1.2667E+01    6.8208E+01    4.9493E+01    1.4381E+01    4.4745E+00    1.5822E+01    6.3120E+00    8.4645E+00   
 1.1738E+02    4.4360E+01    5.3559E+01    2.1588E+01    1.7210E+01    1.2589E+01    6.8208E+01    4.9501E+01    1.4408E+01    4.4949E+00    1.5903E+01    6.4699E+00    8.4645E+00   
 1.1796E+02    4.4365E+01    5.3560E+01    2.1610E+01    1.7281E+01    1.2502E+01    6.8240E+01    4.9510E+01    1.4412E+01    4.4949E+00    1.6005E+01    6.2815E+00    8.5141E+00   
 1.1846E+02    4.4365E+01    5.3562E+01    2.1529E+01    1.7281E+01    1.2505E+01    6.8249E+01    4.9510E+01    1.4429E+01    4.4949E+00    1.5903E+01    6.4851E+00    8.4645E+00   
 1.1896E+02    4.4357E+01    5.3552E+01    2.1535E+01    1.7410E+01    1.2505E+01    6.8260E+01    4.9514E+01    1.4439E+01    4.4949E+00    1.6005E+01    6.3986E+00    8.4645E+00   
 1.1947E+02    4.4355E+01    5.3564E+01    2.1535E+01    1.7296E+01    1.2496E+01    6.8265E+01    4.9526E+01    1.4439E+01    4.4949E+00    1.5822E+01    6.2764E+00    8.4893E+00   
 1.2006E+02    4.4358E+01    5.3564E+01    2.1584E+01    1.7350E+01    1.2520E+01    6.8277E+01    4.9537E+01    1.4457E+01    4.4949E+00    1.5924E+01    6.3222E+00    8.4645E+00   
 1.2056E+02    4.4358E+01    5.3550E+01    2.1658E+01    1.7201E+01    1.2535E+01    6.8266E+01    4.9556E+01    1.4461E+01    4.4949E+00    1.5985E+01    6.4597E+00    8.4645E+00   
 1.2107E+02    4.4361E+01    5.3550E+01    2.1691E+01    1.7201E+01    1.2543E+01    6.8266E+01    4.9556E+01    1.4471E+01    4.4949E+00    1.5802E+01    6.3273E+00    8.4893E+00   
 1.2157E+02    4.4376E+01    5.3580E+01    2.1700E+01    1.7286E+01    1.2558E+01    6.8266E+01    4.9554E+01    1.4489E+01    4.4949E+00    1.5903E+01    6.3375E+00    8.4145E+00   
 1.2214E+02    4.4377E+01    5.3569E+01    2.1724E+01    1.7374E+01    1.2567E+01    6.8255E+01    4.9568E+01    1.4490E+01    4.4949E+00    1.5985E+01    6.4851E+00    8.4645E+00   
 1.2264E+02    4.4402E+01    5.3588E+01    2.1740E+01    1.7404E+01    1.2567E+01    6.8255E+01    4.9588E+01    1.4490E+01    4.5153E+00    1.5863E+01    6.2866E+00    8.4645E+00   
 1.2315E+02    4.4402E+01    5.3588E+01    2.1745E+01    1.7336E+01    1.2569E+01    6.8274E+01    4.9580E+01    1.4512E+01    4.5153E+00    1.5965E+01    6.3833E+00    8.4893E+00   
 1.2365E+02    4.4429E+01    5.3613E+01    2.1747E+01    1.7346E+01    1.2559E+01    6.8274E+01    4.9605E+01    1.4528E+01    4.5153E+00    1.5944E+01    6.3782E+00    8.4395E+00   
 1.2425E+02    4.4431E+01    5.3612E+01    2.1525E+01    1.7361E+01    1.2617E+01    6.8278E+01    4.9605E+01    1.4539E+01    4.5153E+00    1.5944E+01    6.3120E+00    8.4645E+00   
 1.2475E+02    4.4446E+01    5.3626E+01    2.1474E+01    1.7361E+01    1.2565E+01    6.8292E+01    4.9599E+01    1.4551E+01    4.5153E+00    1.5842E+01    6.4648E+00    8.5141E+00   
 1.2525E+02    4.4450E+01    5.3635E+01    2.1453E+01    1.7411E+01    1.2565E+01    6.8304E+01    4.9616E+01    1.4562E+01    4.5153E+00    1.5842E+01    6.4648E+00    8.4893E+00   
# Time (s)      T1w (C)       T2w (C)       T1a (C)       T2a (C)       T1r (C)       T2r (C)       T3r (C)       T4r (C)       P1 (bar)      P2 (bar)      Ic (amp)      Qc (l/min)    
 1.2575E+02    4.4438E+01    5.3611E+01    2.1437E+01    1.7461E+01    1.2579E+01    6.8294E+01    4.9623E+01    1.4562E+01    4.5153E+00    1.5903E+01    6.3019E+00    8.4893E+00   
 1.2637E+02    4.4431E+01    5.3619E+01    2.1145E+01    1.7392E+01    1.2598E+01    6.8313E+01    4.9634E+01    1.4568E+01    4.5153E+00    1.5883E+01    6.4851E+00    8.4645E+00   
 1.2687E+02    4.4424E+01    5.3619E+01    2.1106E+01    1.7452E+01    1.2596E+01    6.8287E+01    4.9644E+01    1.4584E+01    4.5153E+00    1.5985E+01    6.4953E+00    8.4645E+00   
 1.2738E+02    4.4418E+01    5.3602E+01    2.1340E+01    1.7437E+01    1.2593E+01    6.8287E+01    4.9644E+01    1.4595E+01    4.5153E+00    1.5944E+01    6.4139E+00    8.4645E+00   
 1.2788E+02    4.4418E+01    5.3602E+01    2.1391E+01    1.7353E+01    1.2577E+01    6.8293E+01    4.9652E+01    1.4619E+01    4.5153E+00    1.5903E+01    6.2815E+00    8.4645E+00   
 1.2846E+02    4.4414E+01    5.3594E+01    2.1587E+01    1.7421E+01    1.2582E+01    6.8321E+01    4.9654E+01    1.4611E+01    4.5153E+00    1.6005E+01    6.4444E+00    8.4893E+00   
 1.2896E+02    4.4415E+01    5.3594E+01    2.1587E+01    1.7360E+01    1.2582E+01    6.8316E+01    4.9654E+01    1.4611E+01    4.5153E+00    1.5822E+01    6.4444E+00    8.4645E+00   
 1.2946E+02    4.4419E+01    5.3594E+01    2.1468E+01    1.7413E+01    1.2552E+01    6.8320E+01    4.9663E+01    1.4633E+01    4.5153E+00    1.5822E+01    6.4444E+00    8.4645E+00   
 1.2996E+02    4.4440E+01    5.3602E+01    2.1177E+01    1.7386E+01    1.2514E+01    6.8320E+01    4.9666E+01    1.4641E+01    4.5153E+00    1.5924E+01    6.3324E+00    8.4395E+00   
 1.3054E+02    4.4416E+01    5.3588E+01    2.1121E+01    1.7438E+01    1.2489E+01    6.8319E+01    4.9664E+01    1.4648E+01    4.5153E+00    1.5924E+01    6.2866E+00    8.4893E+00   
 1.3105E+02    4.4416E+01    5.3585E+01    2.0987E+01    1.7438E+01    1.2464E+01    6.8322E+01    4.9664E+01    1.4658E+01    4.5153E+00    1.5924E+01    6.4190E+00    8.4645E+00   
 1.3155E+02    4.4411E+01    5.3613E+01    2.0782E+01    1.7499E+01    1.2464E+01    6.8334E+01    4.9667E+01    1.4659E+01    4.5153E+00    1.5944E+01    6.2917E+00    8.4893E+00   
 1.3205E+02    4.4408E+01    5.3608E+01    2.0782E+01    1.7469E+01    1.2449E+01    6.8313E+01    4.9672E+01    1.4659E+01    4.5357E+00    1.6005E+01    6.2968E+00    8.4645E+00   
 1.3265E+02    4.4415E+01    5.3615E+01    2.0720E+01    1.7344E+01    1.2461E+01    6.8312E+01    4.9663E+01    1.4671E+01    4.5153E+00    1.5903E+01    6.3375E+00    8.4893E+00   
 1.3315E+02    4.4408E+01    5.3615E+01    2.0589E+01    1.7450E+01    1.2484E+01    6.8292E+01    4.9654E+01    1.4653E+01    4.5357E+00    1.6005E+01    6.3324E+00    8.4893E+00   
 1.3365E+02    4.4390E+01    5.3606E+01    2.0623E+01    1.7434E+01    1.2532E+01    6.8307E+01    4.9668E+01    1.4668E+01    4.5357E+00    1.6026E+01    6.3273E+00    8.4645E+00   
 1.3416E+02    4.4390E+01    5.3602E+01    2.0666E+01    1.7362E+01    1.2535E+01    6.8319E+01    4.9662E+01    1.4620E+01    4.5357E+00    1.5842E+01    6.3273E+00    8.4395E+00   
 1.3473E+02    4.4395E+01    5.3625E+01    2.0607E+01    1.7370E+01    1.2539E+01    6.8314E+01    4.9674E+01    1.4642E+01    4.5357E+00    1.5842E+01    6.3782E+00    8.4893E+00   
 1.3523E+02    4.4399E+01    5.3625E+01    2.0607E+01    1.7436E+01    1.2539E+01    6.8317E+01    4.9678E+01    1.4642E+01    4.5357E+00    1.5903E+01    6.3731E+00    8.4395E+00   
 1.3573E+02    4.4399E+01    5.3610E+01    2.0456E+01    1.7394E+01    1.2507E+01    6.8348E+01    4.9683E+01    1.4641E+01    4.5357E+00    1.6026E+01    6.2917E+00    8.4395E+00   
 1.3624E+02    4.4396E+01    5.3617E+01    2.0452E+01    1.7368E+01    1.2439E+01    6.8348E+01    4.9682E+01    1.4642E+01    4.5153E+00    1.5985E+01    6.5004E+00    8.4893E+00   
 1.3684E+02    4.4389E+01    5.3619E+01    2.0774E+01    1.7403E+01    1.2415E+01    6.8371E+01    4.9693E+01    1.4654E+01    4.5153E+00    1.6026E+01    6.2815E+00    8.4645E+00   
 1.3734E+02    4.4389E+01    5.3628E+01    2.0709E+01    1.7403E+01    1.2430E+01    6.8371E+01    4.9693E+01    1.4646E+01    4.5153E+00    1.5842E+01    6.2764E+00    8.4893E+00   
 1.3784E+02    4.4381E+01    5.3627E+01    2.0789E+01    1.7395E+01    1.2430E+01    6.8373E+01    4.9700E+01    1.4625E+01    4.5153E+00    1.5842E+01    6.2815E+00    8.4395E+00   
 1.3834E+02    4.4398E+01    5.3633E+01    2.0789E+01    1.7530E+01    1.2450E+01    6.8378E+01    4.9682E+01    1.4625E+01    4.5153E+00    1.6026E+01    6.4953E+00    8.4645E+00   
 1.3894E+02    4.4397E+01    5.3630E+01    2.1000E+01    1.7499E+01    1.2478E+01    6.8381E+01    4.9681E+01    1.4630E+01    4.5357E+00    1.5903E+01    6.3731E+00    8.4395E+00   
 1.3945E+02    4.4399E+01    5.3644E+01    2.0916E+01    1.7388E+01    1.2512E+01    6.8388E+01    4.9669E+01    1.4610E+01    4.5153E+00    1.5944E+01    6.2968E+00    8.4645E+00   
 1.3995E+02    4.4401E+01    5.3638E+01    2.0915E+01    1.7388E+01    1.2515E+01    6.8388E+01    4.9669E+01    1.4597E+01    4.5153E+00    1.5924E+01    6.3833E+00    8.5141E+00   
 1.4045E+02    4.4386E+01    5.3648E+01    2.0846E+01    1.7348E+01    1.2506E+01    6.8413E+01    4.9683E+01    1.4614E+01    4.5153E+00    1.5903E+01    6.3833E+00    8.4645E+00   
 1.4103E+02    4.4375E+01    5.3640E+01    2.0897E+01    1.7363E+01    1.2468E+01    6.8422E+01    4.9681E+01    1.4612E+01    4.5153E+00    1.5842E+01    6.3579E+00    8.4645E+00   
# Time (s)      T1w (C)       T2w (C)       T1a (C)       T2a (C)       T1r (C)       T2r (C)       T3r (C)       T4r (C)       P1 (bar)      P2 (bar)      Ic (amp)      Qc (l/min)    
 1.4153E+02    4.4404E+01    5.3653E+01    2.0913E+01    1.7423E+01    1.2468E+01    6.8427E+01    4.9671E+01    1.4612E+01    4.5153E+00    1.5985E+01    6.2917E+00    8.4645E+00   
 1.4203E+02    4.4392E+01    5.3653E+01    2.0826E+01    1.7536E+01    1.2471E+01    6.8404E+01    4.9680E+01    1.4588E+01    4.5153E+00    1.5903E+01    6.2866E+00    8.4645E+00   
 1.4253E+02    4.4390E+01    5.3644E+01    2.0623E+01    1.7420E+01    1.2456E+01    6.8419E+01    4.9679E+01    1.4595E+01    4.5153E+00    1.5883E+01    6.4393E+00    8.4645E+00   
 1.4314E+02    4.4388E+01    5.3624E+01    2.0421E+01    1.7485E+01    1.2433E+01    6.8429E+01    4.9680E+01    1.4605E+01    4.4949E+00    1.5863E+01    6.4851E+00    8.4395E+00   
 1.4364E+02    4.4388E+01    5.3638E+01    2.0313E+01    1.7485E+01    1.2421E+01    6.8426E+01    4.9680E+01    1.4595E+01    4.5153E+00    1.5863E+01    6.4800E+00    8.4645E+00   
 1.4414E+02    4.4384E+01    5.3641E+01    2.0531E+01    1.7390E+01    1.2421E+01    6.8438E+01    4.9679E+01    1.4578E+01    4.5153E+00    1.5924E+01    6.3019E+00    8.4395E+00   
 1.4465E+02    4.4391E+01    5.3652E+01    2.0531E+01    1.7418E+01    1.2378E+01    6.8419E+01    4.9683E+01    1.4578E+01    4.4949E+00    1.5842E+01    6.4495E+00    8.4395E+00   
 1.4523E+02    4.4403E+01    5.3638E+01    2.0713E+01    1.7484E+01    1.2380E+01    6.8437E+01    4.9679E+01    1.4572E+01    4.4949E+00    1.5863E+01    6.3833E+00    8.4645E+00   
 1.4574E+02    4.4381E+01    5.3624E+01    2.0617E+01    1.7395E+01    1.2374E+01    6.8445E+01    4.9694E+01    1.4579E+01    4.4949E+00    1.5944E+01    6.3731E+00    8.4645E+00   
 1.4624E+02    4.4387E+01    5.3637E+01    2.0536E+01    1.7395E+01    1.2340E+01    6.8445E+01    4.9694E+01    1.4585E+01    4.5153E+00    1.5985E+01    6.2866E+00    8.4645E+00   
 1.4674E+02    4.4387E+01    5.3628E+01    2.0430E+01    1.7357E+01    1.2370E+01    6.8450E+01    4.9681E+01    1.4567E+01    4.5153E+00    1.5903E+01    6.2866E+00    8.4893E+00   
 1.4734E+02    4.4390E+01    5.3646E+01    2.0424E+01    1.7392E+01    1.2401E+01    6.8461E+01    4.9674E+01    1.4568E+01    4.5153E+00    1.5883E+01    6.4648E+00    8.4893E+00   
 1.4784E+02    4.4377E+01    5.3626E+01    2.0506E+01    1.7381E+01    1.2401E+01    6.8497E+01    4.9674E+01    1.4541E+01    4.5153E+00    1.6026E+01    6.3477E+00    8.4395E+00   
 1.4835E+02    4.4355E+01    5.3626E+01    2.0506E+01    1.7387E+01    1.2401E+01    6.8458E+01    4.9681E+01    1.4541E+01    4.5153E+00    1.5965E+01    6.4750E+00    8.4645E+00   
 1.4885E+02    4.4358E+01    5.3620E+01    2.0563E+01    1.7419E+01    1.2344E+01    6.8451E+01    4.9658E+01    1.4497E+01    4.4949E+00    1.5903E+01    6.4750E+00    8.4145E+00   
 1.4942E+02    4.4370E+01    5.3618E+01    2.0421E+01    1.7414E+01    1.2305E+01    6.8451E+01    4.9654E+01    1.4482E+01    4.4949E+00    1.5842E+01    6.3935E+00    8.4645E+00   
 1.4992E+02    4.4370E+01    5.3625E+01    2.0392E+01    1.7414E+01    1.2304E+01    6.8441E+01    4.9654E+01    1.4472E+01    4.4949E+00    1.5965E+01    6.4037E+00    8.4893E+00   
 1.5042E+02    4.4375E+01    5.3621E+01    2.0427E+01    1.7470E+01    1.2304E+01    6.8445E+01    4.9658E+01    1.4473E+01    4.4949E+00    1.5944E+01    6.4953E+00    8.4893E+00   
 1.5093E+02    4.4371E+01    5.3629E+01    2.0427E+01    1.7254E+01    1.2294E+01    6.8431E+01    4.9635E+01    1.4457E+01    4.4949E+00    1.5924E+01    6.4953E+00    8.4645E+00   
 1.5151E+02    4.4356E+01    5.3608E+01    2.0426E+01    1.7271E+01    1.2305E+01    6.8429E+01    4.9622E+01    1.4445E+01    4.4949E+00    1.6026E+01    6.3375E+00    8.4645E+00   
 1.5201E+02    4.4363E+01    5.3608E+01    2.0344E+01    1.7293E+01    1.2287E+01    6.8438E+01    4.9629E+01    1.4444E+01    4.4949E+00    1.5903E+01    6.4444E+00    8.4893E+00   
 1.5251E+02    4.4362E+01    5.3617E+01    2.0371E+01    1.7293E+01    1.2281E+01    6.8424E+01    4.9615E+01    1.4425E+01    4.4949E+00    1.5944E+01    6.4444E+00    8.4893E+00   
 1.5302E+02    4.4362E+01    5.3610E+01    2.0233E+01    1.7394E+01    1.2296E+01    6.8423E+01    4.9611E+01    1.4399E+01    4.4949E+00    1.5863E+01    6.3273E+00    8.4645E+00   
 1.5361E+02    4.4350E+01    5.3606E+01    2.0251E+01    1.7416E+01    1.2293E+01    6.8404E+01    4.9612E+01    1.4409E+01    4.4949E+00    1.5985E+01    6.4342E+00    8.4395E+00   
 1.5411E+02    4.4350E+01    5.3599E+01    2.0302E+01    1.7378E+01    1.2293E+01    6.8397E+01    4.9615E+01    1.4409E+01    4.4949E+00    1.5883E+01    6.4240E+00    8.4645E+00   
 1.5462E+02    4.4348E+01    5.3599E+01    2.0302E+01    1.7346E+01    1.2287E+01    6.8382E+01    4.9586E+01    1.4384E+01    4.4949E+00    1.5985E+01    6.2968E+00    8.4395E+00   
 1.5512E+02    4.4360E+01    5.3599E+01    2.0362E+01    1.7358E+01    1.2260E+01    6.8382E+01    4.9595E+01    1.4382E+01    4.4949E+00    1.5822E+01    6.2968E+00    8.4645E+00   
 1.5572E+02    4.4371E+01    5.3601E+01    2.0476E+01    1.7425E+01    1.2258E+01    6.8372E+01    4.9582E+01    1.4374E+01    4.4949E+00    1.5883E+01    6.3630E+00    8.4893E+00   
 1.5623E+02    4.4371E+01    5.3612E+01    2.0581E+01    1.7425E+01    1.2305E+01    6.8397E+01    4.9582E+01    1.4367E+01    4.4949E+00    1.5965E+01    6.3070E+00    8.4395E+00   
 1.5673E+02    4.4363E+01    5.3592E+01    2.0947E+01    1.7478E+01    1.2321E+01    6.8398E+01    4.9583E+01    1.4381E+01    4.4949E+00    1.5822E+01    6.3528E+00    8.4395E+00   
# Time (s)      T1w (C)       T2w (C)       T1a (C)       T2a (C)       T1r (C)       T2r (C)       T3r (C)       T4r (C)       P1 (bar)      P2 (bar)      Ic (amp)      Qc (l/min)    
 1.5723E+02    4.4346E+01    5.3604E+01    2.0947E+01    1.7445E+01    1.2376E+01    6.8413E+01    4.9584E+01    1.4381E+01    4.4949E+00    1.5924E+01    6.2866E+00    8.4395E+00   
 1.5781E+02    4.4379E+01    5.3611E+01    2.1456E+01    1.7435E+01    1.2361E+01    6.8419E+01    4.9586E+01    1.4381E+01    4.4949E+00    1.6026E+01    6.4546E+00    8.5141E+00   
 1.5831E+02    4.4358E+01    5.3611E+01    2.1354E+01    1.7413E+01    1.2352E+01    6.8420E+01    4.9587E+01    1.4372E+01    4.4949E+00    1.6026E+01    6.4851E+00    8.4893E+00   
 1.5881E+02    4.4368E+01    5.3611E+01    2.1119E+01    1.7498E+01    1.2336E+01    6.8434E+01    4.9602E+01    1.4396E+01    4.4949E+00    1.5944E+01    6.3019E+00    8.4645E+00   
 1.5932E+02    4.4368E+01    5.3595E+01    2.1377E+01    1.7498E+01    1.2335E+01    6.8458E+01    4.9606E+01    1.4396E+01    4.4949E+00    1.6005E+01    6.3579E+00    8.4645E+00   
 1.5992E+02    4.4348E+01    5.3591E+01    2.1435E+01    1.7410E+01    1.2351E+01    6.8433E+01    4.9609E+01    1.4401E+01    4.4949E+00    1.5863E+01    6.2866E+00    8.4395E+00   
 1.6042E+02    4.4342E+01    5.3568E+01    2.1732E+01    1.7486E+01    1.2351E+01    6.8425E+01    4.9589E+01    1.4370E+01    4.4949E+00    1.5842E+01    6.4953E+00    8.4645E+00   
 1.6092E+02    4.4349E+01    5.3583E+01    2.1747E+01    1.7399E+01    1.2334E+01    6.8440E+01    4.9588E+01    1.4370E+01    4.4949E+00    1.5985E+01    6.3019E+00    8.4645E+00   
 1.6142E+02    4.4357E+01    5.3601E+01    2.1590E+01    1.7392E+01    1.2380E+01    6.8440E+01    4.9593E+01    1.4373E+01    4.5153E+00    1.5863E+01    6.4190E+00    8.4645E+00   
 1.6200E+02    4.4359E+01    5.3595E+01    2.1518E+01    1.7386E+01    1.2377E+01    6.8457E+01    4.9580E+01    1.4374E+01    4.5153E+00    1.5863E+01    6.4800E+00    8.4645E+00   
 1.6250E+02    4.4359E+01    5.3600E+01    2.1598E+01    1.7386E+01    1.2397E+01    6.8468E+01    4.9580E+01    1.4366E+01    4.4949E+00    1.5863E+01    6.4800E+00    8.4645E+00   
 1.6300E+02    4.4357E+01    5.3604E+01    2.1241E+01    1.7453E+01    1.2397E+01    6.8458E+01    4.9586E+01    1.4358E+01    4.5153E+00    1.5985E+01    6.5004E+00    8.4395E+00   
 1.6351E+02    4.4360E+01    5.3606E+01    2.1241E+01    1.7468E+01    1.2435E+01    6.8466E+01    4.9594E+01    1.4358E+01    4.4949E+00    1.6005E+01    6.3070E+00    8.4145E+00   
 1.6410E+02    4.4363E+01    5.3614E+01    2.0971E+01    1.7401E+01    1.2439E+01    6.8475E+01    4.9581E+01    1.4369E+01    4.4949E+00    1.5842E+01    6.4953E+00    8.3894E+00   
 1.6460E+02    4.4378E+01    5.3614E+01    2.0923E+01    1.7360E+01    1.2471E+01    6.8480E+01    4.9587E+01    1.4369E+01    4.5153E+00    1.5985E+01    6.4240E+00    8.4145E+00   
 1.6511E+02    4.4358E+01    5.3618E+01    2.0790E+01    1.7439E+01    1.2493E+01    6.8480E+01    4.9587E+01    1.4363E+01    4.4949E+00    1.5944E+01    6.5004E+00    8.4145E+00   
 1.6561E+02    4.4358E+01    5.3619E+01    2.0644E+01    1.7439E+01    1.2466E+01    6.8478E+01    4.9567E+01    1.4347E+01    4.4949E+00    1.5985E+01    6.3630E+00    8.4145E+00   
 1.6618E+02    4.4372E+01    5.3629E+01    2.0462E+01    1.7379E+01    1.2421E+01    6.8468E+01    4.9548E+01    1.4365E+01    4.5153E+00    1.5883E+01    6.2815E+00    8.4145E+00   
 1.6668E+02    4.4373E+01    5.3646E+01    2.0346E+01    1.7534E+01    1.2421E+01    6.8463E+01    4.9557E+01    1.4365E+01    4.4949E+00    1.5924E+01    6.3019E+00    8.4395E+00   
 1.6719E+02    4.4381E+01    5.3646E+01    2.0346E+01    1.7543E+01    1.2437E+01    6.8466E+01    4.9554E+01    1.4361E+01    4.5153E+00    1.5863E+01    6.3630E+00    8.3894E+00   
 1.6769E+02    4.4387E+01    5.3630E+01    2.0331E+01    1.7462E+01    1.2419E+01    6.8452E+01    4.9545E+01    1.4340E+01    4.5153E+00    1.5924E+01    6.4902E+00    8.4395E+00   
 1.6827E+02    4.4389E+01    5.3617E+01    2.0391E+01    1.7531E+01    1.2461E+01    6.8444E+01    4.9535E+01    1.4330E+01    4.5153E+00    1.5903E+01    6.5004E+00    8.0036E+00   
 1.6878E+02    4.4389E+01    5.3638E+01    2.0740E+01    1.7531E+01    1.2490E+01    6.8458E+01    4.9535E+01    1.4317E+01    4.5153E+00    1.5924E+01    6.3579E+00    8.0036E+00   
 1.6928E+02    4.4387E+01    5.3633E+01    2.0792E+01    1.7495E+01    1.2490E+01    6.8476E+01    4.9534E+01    1.4338E+01    4.5153E+00    1.5985E+01    6.3273E+00    8.0561E+00   
 1.6978E+02    4.4385E+01    5.3644E+01    2.0792E+01    1.7576E+01    1.2514E+01    6.8476E+01    4.9551E+01    1.4354E+01    4.5153E+00    1.5944E+01    6.4495E+00    8.0299E+00   
 1.7037E+02    4.4397E+01    5.3644E+01    2.0683E+01    1.7473E+01    1.2553E+01    6.8499E+01    4.9543E+01    1.4357E+01    4.5153E+00    1.5944E+01    6.4495E+00    8.0822E+00   
 1.7087E+02    4.4393E+01    5.3656E+01    2.0550E+01    1.7561E+01    1.2574E+01    6.8498E+01    4.9543E+01    1.4349E+01    4.5153E+00    1.6046E+01    6.2968E+00    8.0299E+00   
 1.7137E+02    4.4388E+01    5.3680E+01    2.0476E+01    1.7430E+01    1.2552E+01    6.8498E+01    4.9543E+01    1.4349E+01    4.5153E+00    1.6087E+01    6.4393E+00    8.0299E+00   
 1.7187E+02    4.4388E+01    5.3715E+01    2.0576E+01    1.7430E+01    1.2560E+01    6.8515E+01    4.9572E+01    1.4355E+01    4.5153E+00    1.5903E+01    6.3019E+00    8.0561E+00   
 1.7244E+02    4.4388E+01    5.3731E+01    2.0840E+01    1.7382E+01    1.2506E+01    6.8517E+01    4.9569E+01    1.4344E+01    4.5153E+00    1.6087E+01    6.5004E+00    8.0822E+00   
# Time (s)      T1w (C)       T2w (C)       T1a (C)       T2a (C)       T1r (C)       T2r (C)       T3r (C)       T4r (C)       P1 (bar)      P2 (bar)      Ic (amp)      Qc (l/min)    
 1.7294E+02    4.4382E+01    5.3756E+01    2.0938E+01    1.7415E+01    1.2506E+01    6.8509E+01    4.9570E+01    1.4344E+01    4.4949E+00    1.5944E+01    6.3375E+00    8.0561E+00   
 1.7344E+02    4.4384E+01    5.3756E+01    2.0938E+01    1.7286E+01    1.2450E+01    6.8503E+01    4.9570E+01    1.4343E+01    4.4949E+00    1.5944E+01    6.4902E+00    8.0822E+00   
 1.7395E+02    4.4394E+01    5.3751E+01    2.0857E+01    1.7391E+01    1.2406E+01    6.8503E+01    4.9565E+01    1.4341E+01    4.4949E+00    1.6046E+01    6.3426E+00    8.0561E+00   
 1.7454E+02    4.4384E+01    5.3782E+01    2.0631E+01    1.7497E+01    1.2409E+01    6.8510E+01    4.9573E+01    1.4328E+01    4.4949E+00    1.6087E+01    6.5208E+00    8.1083E+00   
 1.7505E+02    4.4384E+01    5.3816E+01    2.0466E+01    1.7497E+01    1.2398E+01    6.8504E+01    4.9573E+01    1.4316E+01    4.4949E+00    1.6066E+01    6.4190E+00    8.0822E+00   
 1.7555E+02    4.4380E+01    5.3829E+01    2.0487E+01    1.7428E+01    1.2398E+01    6.8518E+01    4.9566E+01    1.4305E+01    4.4949E+00    1.5965E+01    6.5157E+00    8.0822E+00   
 1.7605E+02    4.4371E+01    5.3854E+01    2.0487E+01    1.7380E+01    1.2385E+01    6.8516E+01    4.9555E+01    1.4305E+01    4.5153E+00    1.6087E+01    6.3171E+00    8.0822E+00   
 1.7661E+02    4.4386E+01    5.3854E+01    2.0529E+01    1.7425E+01    1.2388E+01    6.8532E+01    4.9562E+01    1.4299E+01    4.4949E+00    1.5965E+01    6.4953E+00    8.1083E+00   
 1.7712E+02    4.4385E+01    5.3877E+01    2.0568E+01    1.7440E+01    1.2398E+01    6.8532E+01    4.9579E+01    1.4273E+01    4.4949E+00    1.6005E+01    6.3019E+00    8.0822E+00   
 1.7762E+02    4.4385E+01    5.3897E+01    2.0522E+01    1.7440E+01    1.2394E+01    6.8540E+01    4.9579E+01    1.4281E+01    4.4949E+00    1.6107E+01    6.5055E+00    8.0561E+00   
 1.7812E+02    4.4369E+01    5.3902E+01    2.0778E+01    1.7291E+01    1.2368E+01    6.8555E+01    4.9578E+01    1.4281E+01    4.4949E+00    1.5944E+01    6.4546E+00    8.0822E+00   
 1.7873E+02    4.4377E+01    5.3897E+01    2.0749E+01    1.7369E+01    1.2367E+01    6.8585E+01    4.9587E+01    1.4271E+01    4.4949E+00    1.6127E+01    6.4648E+00    7.7084E+00   
 1.7923E+02    4.4376E+01    5.3917E+01    2.0692E+01    1.7347E+01    1.2367E+01    6.8576E+01    4.9585E+01    1.4271E+01    4.4949E+00    1.5944E+01    6.5106E+00    7.1700E+00   
 1.7974E+02    4.4363E+01    5.3917E+01    2.0692E+01    1.7459E+01    1.2367E+01    6.8619E+01    4.9595E+01    1.4298E+01    4.4949E+00    1.6066E+01    6.3019E+00    7.2577E+00   
 1.8024E+02    4.4378E+01    5.3917E+01    2.0796E+01    1.7540E+01    1.2361E+01    6.8619E+01    4.9617E+01    1.4280E+01    4.4949E+00    1.6148E+01    6.3426E+00    7.3155E+00   
 1.8080E+02    4.4371E+01    5.3927E+01    2.0701E+01    1.7519E+01    1.2390E+01    6.8645E+01    4.9632E+01    1.4295E+01    4.4745E+00    1.6046E+01    6.3120E+00    7.3443E+00   
 1.8130E+02    4.4371E+01    5.3962E+01    2.0939E+01    1.7519E+01    1.2355E+01    6.8685E+01    4.9637E+01    1.4276E+01    4.4745E+00    1.6087E+01    6.4444E+00    7.4299E+00   
 1.8181E+02    4.4372E+01    5.3970E+01    2.1056E+01    1.7339E+01    1.2371E+01    6.8707E+01    4.9635E+01    1.4289E+01    4.4949E+00    1.6188E+01    6.3222E+00    7.3729E+00   
 1.8231E+02    4.4375E+01    5.3970E+01    2.1056E+01    1.7482E+01    1.2342E+01    6.8733E+01    4.9655E+01    1.4289E+01    4.4949E+00    1.6005E+01    6.4240E+00    7.4015E+00   
 1.8294E+02    4.4376E+01    5.4042E+01    2.1177E+01    1.7412E+01    1.2322E+01    6.8743E+01    4.9658E+01    1.4318E+01    4.4745E+00    1.6026E+01    6.4800E+00    7.3729E+00   
 1.8344E+02    4.4385E+01    5.4083E+01    2.0998E+01    1.7257E+01    1.2310E+01    6.8732E+01    4.9661E+01    1.4308E+01    4.4745E+00    1.6107E+01    6.3630E+00    7.3155E+00   
 1.8395E+02    4.4392E+01    5.4116E+01    2.0752E+01    1.7379E+01    1.2337E+01    6.8732E+01    4.9651E+01    1.4293E+01    4.4949E+00    1.6168E+01    6.3630E+00    7.3729E+00   
 1.8445E+02    4.4392E+01    5.4154E+01    2.0636E+01    1.7379E+01    1.2384E+01    6.8775E+01    4.9651E+01    1.4312E+01    4.4745E+00    1.6209E+01    6.3833E+00    7.4015E+00   
 1.8502E+02    4.4372E+01    5.4185E+01    2.0675E+01    1.7508E+01    1.2386E+01    6.8785E+01    4.9655E+01    1.4297E+01    4.4949E+00    1.6148E+01    6.4495E+00    7.3729E+00   
 1.8553E+02    4.4394E+01    5.4235E+01    2.0740E+01    1.7454E+01    1.2386E+01    6.8776E+01    4.9658E+01    1.4310E+01    4.4949E+00    1.6087E+01    6.3375E+00    7.4299E+00   
 1.8603E+02    4.4424E+01    5.4250E+01    2.0756E+01    1.7378E+01    1.2346E+01    6.8800E+01    4.9666E+01    1.4310E+01    4.4745E+00    1.6127E+01    6.3375E+00    7.4299E+00   
 1.8653E+02    4.4416E+01    5.4296E+01    2.0774E+01    1.7390E+01    1.2331E+01    6.8800E+01    4.9649E+01    1.4298E+01    4.4949E+00    1.6250E+01    6.3579E+00    7.3729E+00   
 1.8712E+02    4.4397E+01    5.4315E+01    2.0783E+01    1.7273E+01    1.2308E+01    6.8811E+01    4.9658E+01    1.4317E+01    4.4949E+00    1.6209E+01    6.3579E+00    7.4015E+00   
 1.8762E+02    4.4397E+01    5.4364E+01    2.0753E+01    1.7273E+01    1.2296E+01    6.8809E+01    4.9658E+01    1.4323E+01    4.4949E+00    1.6148E+01    6.5055E+00    7.3729E+00   
 1.8813E+02    4.4393E+01    5.4390E+01    2.0831E+01    1.7315E+01    1.2296E+01    6.8830E+01    4.9662E+01    1.4312E+01    4.4949E+00    1.6270E+01    6.3426E+00    7.3729E+00   
# Time (s)      T1w (C)       T2w (C)       T1a (C)       T2a (C)       T1r (C)       T2r (C)       T3r (C)       T4r (C)       P1 (bar)      P2 (bar)      Ic (amp)      Qc (l/min)    
 1.8863E+02    4.4410E+01    5.4416E+01    2.0831E+01    1.7376E+01    1.2293E+01    6.8851E+01    4.9659E+01    1.4312E+01    4.4949E+00    1.6148E+01    6.5513E+00    7.3729E+00   
 1.8921E+02    4.4424E+01    5.4431E+01    2.0726E+01    1.7530E+01    1.2281E+01    6.8838E+01    4.9658E+01    1.4316E+01    4.4745E+00    1.6209E+01    6.5513E+00    7.4299E+00   
 1.8971E+02    4.4437E+01    5.4469E+01    2.0779E+01    1.7263E+01    1.2294E+01    6.8848E+01    4.9680E+01    1.4320E+01    4.4949E+00    1.6168E+01    6.3884E+00    7.4864E+00   
 1.9022E+02    4.4422E+01    5.4455E+01    2.0767E+01    1.7311E+01    1.2353E+01    6.8862E+01    4.9695E+01    1.4338E+01    4.4949E+00    1.6250E+01    6.4037E+00    7.4299E+00   
 1.9072E+02    4.4422E+01    5.4500E+01    2.0718E+01    1.7311E+01    1.2424E+01    6.8863E+01    4.9702E+01    1.4335E+01    4.4949E+00    1.6168E+01    6.5360E+00    7.4299E+00   
 1.9131E+02    4.4432E+01    5.4524E+01    2.0750E+01    1.7249E+01    1.2472E+01    6.8902E+01    4.9689E+01    1.4343E+01    4.4949E+00    1.6168E+01    6.5666E+00    7.4015E+00   
 1.9181E+02    4.4442E+01    5.4538E+01    2.0724E+01    1.7249E+01    1.2488E+01    6.8939E+01    4.9715E+01    1.4359E+01    4.4745E+00    1.6250E+01    6.3782E+00    7.4015E+00   
 1.9231E+02    4.4451E+01    5.4538E+01    2.0724E+01    1.7257E+01    1.2448E+01    6.8977E+01    4.9729E+01    1.4368E+01    4.4949E+00    1.6168E+01    6.4953E+00    7.4015E+00   
 1.9282E+02    4.4452E+01    5.4547E+01    2.0595E+01    1.7340E+01    1.2440E+01    6.8991E+01    4.9732E+01    1.4383E+01    4.4949E+00    1.6311E+01    6.3477E+00    7.4015E+00   
 1.9338E+02    4.4465E+01    5.4571E+01    2.0632E+01    1.7251E+01    1.2453E+01    6.8991E+01    4.9732E+01    1.4384E+01    4.4949E+00    1.6290E+01    6.5004E+00    7.4015E+00   
 1.9388E+02    4.4480E+01    5.4599E+01    2.0711E+01    1.7267E+01    1.2462E+01    6.9004E+01    4.9735E+01    1.4384E+01    4.4949E+00    1.6270E+01    6.3579E+00    7.3729E+00   
 1.9438E+02    4.4457E+01    5.4628E+01    2.0682E+01    1.7272E+01    1.2462E+01    6.9021E+01    4.9741E+01    1.4373E+01    4.4949E+00    1.6250E+01    6.4699E+00    7.4015E+00   
 1.9489E+02    4.4467E+01    5.4628E+01    2.0682E+01    1.7290E+01    1.2520E+01    6.9037E+01    4.9743E+01    1.4389E+01    4.4949E+00    1.6290E+01    6.3579E+00    7.4015E+00   
 1.9547E+02    4.4470E+01    5.4639E+01    2.0833E+01    1.7261E+01    1.2574E+01    6.9060E+01    4.9749E+01    1.4389E+01    4.4949E+00    1.6290E+01    6.5411E+00    7.4015E+00   
 1.9598E+02    4.4487E+01    5.4668E+01    2.0948E+01    1.7399E+01    1.2520E+01    6.9060E+01    4.9739E+01    1.4393E+01    4.4949E+00    1.6250E+01    6.4190E+00    7.3443E+00   
 1.9648E+02    4.4487E+01    5.4666E+01    2.0920E+01    1.7399E+01    1.2486E+01    6.9084E+01    4.9739E+01    1.4399E+01    4.4949E+00    1.6331E+01    6.3782E+00    7.3729E+00   
 1.9698E+02    4.4473E+01    5.4662E+01    2.0880E+01    1.7415E+01    1.2516E+01    6.9087E+01    4.9756E+01    1.4396E+01    4.4949E+00    1.6168E+01    6.3731E+00    7.3729E+00   
 1.9755E+02    4.4473E+01    5.4674E+01    2.0906E+01    1.7376E+01    1.2516E+01    6.9080E+01    4.9749E+01    1.4408E+01    4.4949E+00    1.6250E+01    6.5666E+00    7.4015E+00   
 1.9805E+02    4.4449E+01    5.4676E+01    2.0891E+01    1.7266E+01    1.2573E+01    6.9124E+01    4.9761E+01    1.4408E+01    4.4949E+00    1.6168E+01    6.3579E+00    7.3729E+00   
 1.9855E+02    4.4462E+01    5.4676E+01    2.0674E+01    1.7357E+01    1.2574E+01    6.9145E+01    4.9743E+01    1.4392E+01    4.4949E+00    1.6188E+01    6.4190E+00    7.3729E+00   
 1.9906E+02    4.4481E+01    5.4683E+01    2.0527E+01    1.7420E+01    1.2541E+01    6.9145E+01    4.9743E+01    1.4408E+01    4.4949E+00    1.6311E+01    6.3579E+00    7.4582E+00   
 1.9966E+02    4.4483E+01    5.4680E+01    2.0513E+01    1.7401E+01    1.2535E+01    6.9129E+01    4.9749E+01    1.4408E+01    4.4949E+00    1.6229E+01    6.4851E+00    7.4015E+00   
 2.0016E+02    4.4468E+01    5.4693E+01    2.0577E+01    1.7386E+01    1.2523E+01    6.9108E+01    4.9741E+01    1.4374E+01    4.4949E+00    1.6209E+01    6.4699E+00    7.3729E+00   
 2.0067E+02    4.4453E+01    5.4690E+01    2.0711E+01    1.7430E+01    1.2523E+01    6.9122E+01    4.9736E+01    1.4384E+01    4.4949E+00    1.6331E+01    6.3680E+00    7.4015E+00   
 2.0117E+02    4.4447E+01    5.4690E+01    2.0711E+01    1.7255E+01    1.2546E+01    6.9139E+01    4.9721E+01    1.4368E+01    4.4949E+00    1.6250E+01    6.5768E+00    7.4015E+00   
 2.0173E+02    4.4446E+01    5.4711E+01    2.0656E+01    1.7279E+01    1.2556E+01    6.9158E+01    4.9721E+01    1.4367E+01    4.5153E+00    1.6372E+01    6.5309E+00    7.3729E+00   
 2.0223E+02    4.4453E+01    5.4719E+01    2.0588E+01    1.7360E+01    1.2539E+01    6.9158E+01    4.9718E+01    1.4359E+01    4.4949E+00    1.6229E+01    6.5157E+00    7.4015E+00   
 2.0274E+02    4.4453E+01    5.4714E+01    2.0447E+01    1.7360E+01    1.2453E+01    6.9159E+01    4.9718E+01    1.4369E+01    4.4949E+00    1.6372E+01    6.5920E+00    7.4015E+00   
 2.0324E+02    4.4452E+01    5.4724E+01    2.0397E+01    1.7393E+01    1.2453E+01    6.9181E+01    4.9728E+01    1.4382E+01    4.4949E+00    1.6229E+01    6.5869E+00    7.3729E+00   
 2.0384E+02    4.4452E+01    5.4732E+01    2.0339E+01    1.7307E+01    1.2426E+01    6.9187E+01    4.9729E+01    1.4379E+01    4.4949E+00    1.6351E+01    6.5666E+00    7.4299E+00   
# Time (s)      T1w (C)       T2w (C)       T1a (C)       T2a (C)       T1r (C)       T2r (C)       T3r (C)       T4r (C)       P1 (bar)      P2 (bar)      Ic (amp)      Qc (l/min)    
 2.0434E+02    4.4437E+01    5.4744E+01    2.0339E+01    1.7244E+01    1.2416E+01    6.9211E+01    4.9738E+01    1.4379E+01    4.4745E+00    1.6188E+01    6.3935E+00    7.4299E+00   
 2.0484E+02    4.4441E+01    5.4744E+01    2.0380E+01    1.7270E+01    1.2412E+01    6.9166E+01    4.9734E+01    1.4395E+01    4.4949E+00    1.6311E+01    6.4800E+00    7.4015E+00   
 2.0534E+02    4.4448E+01    5.4756E+01    2.0407E+01    1.7261E+01    1.2369E+01    6.9166E+01    4.9742E+01    1.4388E+01    4.4949E+00    1.6188E+01    6.4953E+00    7.3443E+00   
 2.0591E+02    4.4448E+01    5.4752E+01    2.0310E+01    1.7261E+01    1.2341E+01    6.9155E+01    4.9727E+01    1.4373E+01    4.4745E+00    1.6270E+01    6.5615E+00    7.3443E+00   
 2.0641E+02    4.4444E+01    5.4754E+01    2.0389E+01    1.7293E+01    1.2360E+01    6.9173E+01    4.9729E+01    1.4371E+01    4.4949E+00    1.6270E+01    6.5768E+00    7.4015E+00   
 2.0691E+02    4.4414E+01    5.4770E+01    2.0499E+01    1.7267E+01    1.2344E+01    6.9163E+01    4.9717E+01    1.4345E+01    4.4949E+00    1.6270E+01    6.4750E+00    7.4299E+00   
 2.0742E+02    4.4448E+01    5.4770E+01    2.0499E+01    1.7295E+01    1.2366E+01    6.9176E+01    4.9708E+01    1.4345E+01    4.4745E+00    1.6372E+01    6.5971E+00    7.4015E+00   
 2.0802E+02    4.4451E+01    5.4783E+01    2.0721E+01    1.7161E+01    1.2425E+01    6.9216E+01    4.9743E+01    1.4357E+01    4.4949E+00    1.6270E+01    6.4342E+00    7.3729E+00   
 2.0852E+02    4.4454E+01    5.4770E+01    2.0872E+01    1.7232E+01    1.2434E+01    6.9216E+01    4.9739E+01    1.4359E+01    4.4949E+00    1.6351E+01    6.5768E+00    7.3729E+00   
 2.0903E+02    4.4454E+01    5.4805E+01    2.0914E+01    1.7232E+01    1.2415E+01    6.9269E+01    4.9754E+01    1.4368E+01    4.4949E+00    1.6250E+01    6.3731E+00    7.3729E+00   
 2.0953E+02    4.4451E+01    5.4807E+01    2.0777E+01    1.7369E+01    1.2415E+01    6.9264E+01    4.9760E+01    1.4365E+01    4.4949E+00    1.6250E+01    6.5920E+00    7.3155E+00   
 2.1011E+02    4.4452E+01    5.4806E+01    2.0636E+01    1.7394E+01    1.2399E+01    6.9269E+01    4.9757E+01    1.4383E+01    4.4745E+00    1.6209E+01    6.4037E+00    7.4015E+00   
 2.1061E+02    4.4460E+01    5.4831E+01    2.0636E+01    1.7268E+01    1.2434E+01    6.9277E+01    4.9778E+01    1.4383E+01    4.4949E+00    1.6372E+01    6.4088E+00    7.3729E+00   
 2.1112E+02    4.4465E+01    5.4816E+01    2.0512E+01    1.7241E+01    1.2462E+01    6.9332E+01    4.9799E+01    1.4379E+01    4.4949E+00    1.6250E+01    6.5768E+00    7.4299E+00   
 2.1162E+02    4.4449E+01    5.4809E+01    2.0440E+01    1.7268E+01    1.2494E+01    6.9332E+01    4.9799E+01    1.4384E+01    4.4949E+00    1.6270E+01    6.5819E+00    7.3443E+00   
 2.1222E+02    4.4440E+01    5.4820E+01    2.0387E+01    1.7287E+01    1.2446E+01    6.9288E+01    4.9798E+01    1.4363E+01    4.4949E+00    1.6250E+01    6.5819E+00    7.3729E+00   
 2.1272E+02    4.4440E+01    5.4830E+01    2.0355E+01    1.7287E+01    1.2408E+01    6.9295E+01    4.9801E+01    1.4370E+01    4.4949E+00    1.6311E+01    6.3680E+00    7.4015E+00   
 2.1323E+02    4.4438E+01    5.4816E+01    2.0539E+01    1.7100E+01    1.2392E+01    6.9272E+01    4.9780E+01    1.4338E+01    4.4745E+00    1.6270E+01    6.5615E+00    7.3729E+00   
 2.1373E+02    4.4438E+01    5.4816E+01    2.0539E+01    1.7131E+01    1.2381E+01    6.9294E+01    4.9799E+01    1.4338E+01    4.4745E+00    1.6351E+01    6.4037E+00    7.3729E+00   
 2.1429E+02    4.4415E+01    5.4788E+01    2.0451E+01    1.7207E+01    1.2383E+01    6.9264E+01    4.9786E+01    1.4321E+01    4.4949E+00    1.6392E+01    6.5869E+00    7.3729E+00   
 2.1480E+02    4.4434E+01    5.4794E+01    2.0347E+01    1.7093E+01    1.2352E+01    6.9264E+01    4.9807E+01    1.4338E+01    4.4949E+00    1.6209E+01    6.4495E+00    7.3729E+00   
 2.1530E+02    4.4434E+01    5.4801E+01    2.0463E+01    1.7093E+01    1.2294E+01    6.9260E+01    4.9792E+01    1.4332E+01    4.4949E+00    1.6392E+01    6.5360E+00    7.3443E+00   
 2.1580E+02    4.4401E+01    5.4792E+01    2.0525E+01    1.7226E+01    1.2294E+01    6.9285E+01    4.9800E+01    1.4321E+01    4.4745E+00    1.6331E+01    6.4240E+00    7.4015E+00   
 2.1641E+02    4.4427E+01    5.4808E+01    2.0516E+01    1.7271E+01    1.2248E+01    6.9280E+01    4.9782E+01    1.4313E+01    4.4949E+00    1.6270E+01    6.3731E+00    7.4299E+00   
 2.1692E+02    4.4404E+01    5.4817E+01    2.0516E+01    1.7238E+01    1.2225E+01    6.9274E+01    4.9775E+01    1.4313E+01    4.4949E+00    1.6250E+01    6.5869E+00    7.3729E+00   
 2.1742E+02    4.4408E+01    5.4817E+01    2.0614E+01    1.7237E+01    1.2205E+01    6.9295E+01    4.9785E+01    1.4304E+01    4.4949E+00    1.6229E+01    6.3833E+00    7.4015E+00   
 2.1792E+02    4.4420E+01    5.4796E+01    2.0561E+01    1.7276E+01    1.2212E+01    6.9295E+01    4.9785E+01    1.4310E+01    4.4745E+00    1.6270E+01    6.4953E+00    7.3729E+00   
 2.1849E+02    4.4408E+01    5.4810E+01    2.0417E+01    1.7276E+01    1.2227E+01    6.9293E+01    4.9795E+01    1.4317E+01    4.4949E+00    1.6188E+01    6.4037E+00    7.4299E+00   
 2.1900E+02    4.4408E+01    5.4817E+01    2.0328E+01    1.7333E+01    1.2253E+01    6.9323E+01    4.9800E+01    1.4318E+01    4.4745E+00    1.6311E+01    6.3782E+00    7.3443E+00   
 2.1950E+02    4.4415E+01    5.4838E+01    2.0247E+01    1.7322E+01    1.2253E+01    6.9324E+01    4.9818E+01    1.4319E+01    4.4949E+00    1.6229E+01    6.5411E+00    7.3443E+00   
# Time (s)      T1w (C)       T2w (C)       T1a (C)       T2a (C)       T1r (C)       T2r (C)       T3r (C)       T4r (C)       P1 (bar)      P2 (bar)      Ic (amp)      Qc (l/min)    
 2.2000E+02    4.4423E+01    5.4838E+01    2.0247E+01    1.7342E+01    1.2242E+01    6.9342E+01    4.9827E+01    1.4319E+01    4.4949E+00    1.6351E+01    6.3782E+00    7.3729E+00   
 2.2061E+02    4.4412E+01    5.4822E+01    2.0381E+01    1.7288E+01    1.2220E+01    6.9329E+01    4.9850E+01    1.4342E+01    4.4745E+00    1.6270E+01    6.5920E+00    7.3729E+00   
 2.2111E+02    4.4419E+01    5.4844E+01    2.0451E+01    1.7335E+01    1.2231E+01    6.9329E+01    4.9847E+01    1.4321E+01    4.4949E+00    1.6270E+01    6.3782E+00    7.4015E+00   
 2.2162E+02    4.4419E+01    5.4820E+01    2.0831E+01    1.7335E+01    1.2238E+01    6.9339E+01    4.9847E+01    1.4312E+01    4.4949E+00    1.6331E+01    6.4291E+00    7.4299E+00   
 2.2212E+02    4.4399E+01    5.4826E+01    2.1063E+01    1.7234E+01    1.2277E+01    6.9360E+01    4.9835E+01    1.4322E+01    4.4949E+00    1.6270E+01    6.5615E+00    7.4299E+00   
 2.2268E+02    4.4403E+01    5.4831E+01    2.1057E+01    1.7269E+01    1.2277E+01    6.9379E+01    4.9848E+01    1.4325E+01    4.4949E+00    1.6290E+01    6.3935E+00    7.4015E+00   
 2.2318E+02    4.4419E+01    5.4832E+01    2.1057E+01    1.7250E+01    1.2295E+01    6.9370E+01    4.9852E+01    1.4325E+01    4.4949E+00    1.6351E+01    6.4648E+00    7.3443E+00   
 2.2369E+02    4.4410E+01    5.4832E+01    2.1187E+01    1.7407E+01    1.2253E+01    6.9373E+01    4.9869E+01    1.4331E+01    4.4745E+00    1.6311E+01    6.3782E+00    7.3729E+00   
 2.2419E+02    4.4416E+01    5.4844E+01    2.0883E+01    1.7425E+01    1.2272E+01    6.9388E+01    4.9883E+01    1.4333E+01    4.4949E+00    1.6229E+01    6.5564E+00    7.3443E+00   
 2.2479E+02    4.4417E+01    5.4844E+01    2.0712E+01    1.7425E+01    1.2243E+01    6.9405E+01    4.9874E+01    1.4355E+01    4.4949E+00    1.6311E+01    6.3935E+00    7.3729E+00   
 2.2529E+02    4.4417E+01    5.4862E+01    2.0847E+01    1.7451E+01    1.2237E+01    6.9412E+01    4.9895E+01    1.4374E+01    4.4949E+00    1.6412E+01    6.6022E+00    7.4299E+00   
 2.2580E+02    4.4426E+01    5.4846E+01    2.0911E+01    1.7413E+01    1.2237E+01    6.9407E+01    4.9895E+01    1.4369E+01    4.4949E+00    1.6311E+01    6.3782E+00    7.3443E+00   
 2.2630E+02    4.4426E+01    5.4846E+01    2.0911E+01    1.7393E+01    1.2221E+01    6.9416E+01    4.9901E+01    1.4369E+01    4.4949E+00    1.6351E+01    6.4190E+00    7.3729E+00   
 2.2686E+02    4.4421E+01    5.4871E+01    2.1222E+01    1.7500E+01    1.2233E+01    6.9407E+01    4.9914E+01    1.4371E+01    4.4949E+00    1.6270E+01    6.5004E+00    7.4299E+00   
 2.2737E+02    4.4419E+01    5.4869E+01    2.1190E+01    1.7508E+01    1.2258E+01    6.9407E+01    4.9930E+01    1.4380E+01    4.4949E+00    1.6270E+01    6.5208E+00    7.4015E+00   
 2.2787E+02    4.4419E+01    5.4857E+01    2.1422E+01    1.7508E+01    1.2258E+01    6.9419E+01    4.9930E+01    1.4381E+01    4.4949E+00    1.6351E+01    6.4444E+00    7.4015E+00   
 2.2837E+02    4.4427E+01    5.4862E+01    2.1365E+01    1.7327E+01    1.2242E+01    6.9408E+01    4.9923E+01    1.4357E+01    4.4949E+00    1.6392E+01    6.5615E+00    7.4299E+00   
 2.2898E+02    4.4425E+01    5.4864E+01    2.1430E+01    1.7378E+01    1.2293E+01    6.9430E+01    4.9933E+01    1.4364E+01    4.4949E+00    1.6372E+01    6.3884E+00    7.4015E+00   
 2.2948E+02    4.4415E+01    5.4863E+01    2.1430E+01    1.7341E+01    1.2321E+01    6.9447E+01    4.9929E+01    1.4364E+01    4.5153E+00    1.6412E+01    6.5208E+00    7.3443E+00   
 2.2998E+02    4.4422E+01    5.4863E+01    2.1423E+01    1.7338E+01    1.2335E+01    6.9450E+01    4.9942E+01    1.4372E+01    4.5153E+00    1.6351E+01    6.4648E+00    7.4015E+00   
 2.3049E+02    4.4424E+01    5.4862E+01    2.1221E+01    1.7337E+01    1.2383E+01    6.9450E+01    4.9942E+01    1.4362E+01    4.5153E+00    1.6250E+01    6.5462E+00    7.3729E+00   
 2.3106E+02    4.4424E+01    5.4861E+01    2.1334E+01    1.7337E+01    1.2354E+01    6.9439E+01    4.9935E+01    1.4347E+01    4.4949E+00    1.6392E+01    6.3884E+00    7.4299E+00   
 2.3156E+02    4.4431E+01    5.4851E+01    2.1550E+01    1.7387E+01    1.2335E+01    6.9461E+01    4.9945E+01    1.4361E+01    4.5153E+00    1.6311E+01    6.3884E+00    7.3729E+00   
 2.3207E+02    4.4434E+01    5.4867E+01    2.1652E+01    1.7447E+01    1.2335E+01    6.9440E+01    4.9953E+01    1.4381E+01    4.4949E+00    1.6392E+01    6.5971E+00    7.3155E+00   
 2.3257E+02    4.4437E+01    5.4867E+01    2.1652E+01    1.7453E+01    1.2323E+01    6.9445E+01    4.9948E+01    1.4365E+01    4.4949E+00    1.6372E+01    6.5920E+00    7.3729E+00   
 2.3317E+02    4.4448E+01    5.4869E+01    2.1867E+01    1.7570E+01    1.2311E+01    6.9461E+01    4.9948E+01    1.4349E+01    4.4949E+00    1.6351E+01    6.5259E+00    7.4015E+00   
 2.3367E+02    4.4442E+01    5.4885E+01    2.1524E+01    1.7578E+01    1.2301E+01    6.9461E+01    4.9944E+01    1.4365E+01    4.4949E+00    1.6331E+01    6.3833E+00    7.3729E+00   
 2.3417E+02    4.4442E+01    5.4874E+01    2.1490E+01    1.7578E+01    1.2285E+01    6.9481E+01    4.9944E+01    1.4382E+01    4.4949E+00    1.6250E+01    6.5157E+00    7.4299E+00   
 2.3468E+02    4.4439E+01    5.4885E+01    2.1127E+01    1.7502E+01    1.2262E+01    6.9487E+01    4.9962E+01    1.4395E+01    4.4949E+00    1.6229E+01    6.5971E+00    7.4299E+00   
 2.3524E+02    4.4456E+01    5.4891E+01    2.1039E+01    1.7372E+01    1.2278E+01    6.9529E+01    4.9982E+01    1.4400E+01    4.5153E+00    1.6250E+01    6.5309E+00    7.3729E+00   
# Time (s)      T1w (C)       T2w (C)       T1a (C)       T2a (C)       T1r (C)       T2r (C)       T3r (C)       T4r (C)       P1 (bar)      P2 (bar)      Ic (amp)      Qc (l/min)    
 2.3574E+02    4.4452E+01    5.4891E+01    2.1039E+01    1.7358E+01    1.2287E+01    6.9501E+01    4.9987E+01    1.4400E+01    4.5153E+00    1.6250E+01    6.5055E+00    7.3729E+00   
 2.3625E+02    4.4466E+01    5.4896E+01    2.1030E+01    1.7253E+01    1.2331E+01    6.9536E+01    5.0001E+01    1.4417E+01    4.5153E+00    1.6433E+01    6.5360E+00    7.3729E+00   
 2.3675E+02    4.4460E+01    5.4904E+01    2.1103E+01    1.7253E+01    1.2359E+01    6.9536E+01    5.0001E+01    1.4429E+01    4.4949E+00    1.6331E+01    6.4495E+00    7.3443E+00   
 2.3736E+02    4.4451E+01    5.4905E+01    2.1211E+01    1.7260E+01    1.2347E+01    6.9533E+01    5.0030E+01    1.4425E+01    4.5153E+00    1.6290E+01    6.4800E+00    7.4015E+00   
 2.3786E+02    4.4451E+01    5.4912E+01    2.1183E+01    1.7343E+01    1.2343E+01    6.9498E+01    5.0030E+01    1.4427E+01    4.5153E+00    1.6250E+01    6.6022E+00    7.4015E+00   
 2.3837E+02    4.4474E+01    5.4896E+01    2.1339E+01    1.7289E+01    1.2343E+01    6.9497E+01    5.0036E+01    1.4440E+01    4.5153E+00    1.6351E+01    6.4902E+00    7.4299E+00   
 2.3887E+02    4.4466E+01    5.4896E+01    2.1339E+01    1.7276E+01    1.2314E+01    6.9497E+01    5.0035E+01    1.4440E+01    4.4949E+00    1.6372E+01    6.6022E+00    7.3729E+00   
 2.3943E+02    4.4475E+01    5.4906E+01    2.1454E+01    1.7294E+01    1.2275E+01    6.9501E+01    5.0026E+01    1.4430E+01    4.5153E+00    1.6433E+01    6.4902E+00    7.3729E+00   
 2.3994E+02    4.4474E+01    5.4906E+01    2.1601E+01    1.7306E+01    1.2295E+01    6.9501E+01    5.0048E+01    1.4435E+01    4.5153E+00    1.6433E+01    6.5106E+00    7.3443E+00   
 2.4044E+02    4.4474E+01    5.4916E+01    2.1548E+01    1.7306E+01    1.2318E+01    6.9532E+01    5.0048E+01    1.4437E+01    4.5153E+00    1.6290E+01    6.4750E+00    7.4299E+00   
 2.4094E+02    4.4473E+01    5.4926E+01    2.1673E+01    1.7358E+01    1.2318E+01    6.9522E+01    5.0062E+01    1.4450E+01    4.5153E+00    1.6433E+01    6.4190E+00    7.3729E+00   
 2.4155E+02    4.4480E+01    5.4938E+01    2.1605E+01    1.7305E+01    1.2318E+01    6.9556E+01    5.0068E+01    1.4453E+01    4.5153E+00    1.6351E+01    6.3935E+00    7.4299E+00   
 2.4205E+02    4.4476E+01    5.4938E+01    2.1605E+01    1.7271E+01    1.2353E+01    6.9560E+01    5.0088E+01    1.4453E+01    4.5153E+00    1.6270E+01    6.5157E+00    7.4299E+00   
 2.4255E+02    4.4513E+01    5.4949E+01    2.1616E+01    1.7273E+01    1.2378E+01    6.9580E+01    5.0070E+01    1.4442E+01    4.5153E+00    1.6331E+01    6.4699E+00    7.4015E+00   
 2.4306E+02    4.4502E+01    5.4955E+01    2.1661E+01    1.7210E+01    1.2369E+01    6.9580E+01    5.0093E+01    1.4435E+01    4.5153E+00    1.6392E+01    6.3884E+00    7.4015E+00   
 2.4362E+02    4.4502E+01    5.4955E+01    2.1567E+01    1.7210E+01    1.2347E+01    6.9573E+01    5.0093E+01    1.4448E+01    4.4949E+00    1.6351E+01    6.3986E+00    7.4582E+00   
 2.4412E+02    4.4528E+01    5.4958E+01    2.1501E+01    1.7294E+01    1.2299E+01    6.9595E+01    5.0103E+01    1.4428E+01    4.5153E+00    1.6433E+01    6.4037E+00    7.4015E+00   
 2.4462E+02    4.4513E+01    5.4968E+01    2.1339E+01    1.7250E+01    1.2299E+01    6.9580E+01    5.0112E+01    1.4445E+01    4.4949E+00    1.6250E+01    6.5971E+00    7.4015E+00   
 2.4513E+02    4.4515E+01    5.4968E+01    2.1339E+01    1.7304E+01    1.2248E+01    6.9595E+01    5.0107E+01    1.4445E+01    4.4949E+00    1.6412E+01    6.3884E+00    7.3729E+00   
 2.4572E+02    4.4494E+01    5.4956E+01    2.1337E+01    1.7365E+01    1.2230E+01    6.9582E+01    5.0130E+01    1.4429E+01    4.4949E+00    1.6311E+01    6.4902E+00    7.4015E+00   
 2.4623E+02    4.4498E+01    5.4969E+01    2.1429E+01    1.7381E+01    1.2218E+01    6.9582E+01    5.0142E+01    1.4433E+01    4.4949E+00    1.6250E+01    6.6022E+00    7.3729E+00   
 2.4673E+02    4.4498E+01    5.4961E+01    2.1589E+01    1.7381E+01    1.2189E+01    6.9586E+01    5.0142E+01    1.4439E+01    4.4949E+00    1.6250E+01    6.5971E+00    7.4015E+00   
 2.4723E+02    4.4506E+01    5.4959E+01    2.1814E+01    1.7395E+01    1.2189E+01    6.9585E+01    5.0153E+01    1.4422E+01    4.4949E+00    1.6412E+01    6.4240E+00    7.4582E+00   
 2.4780E+02    4.4495E+01    5.4967E+01    2.1680E+01    1.7359E+01    1.2159E+01    6.9574E+01    5.0154E+01    1.4423E+01    4.4949E+00    1.6351E+01    6.5259E+00    7.4015E+00   
 2.4831E+02    4.4512E+01    5.4967E+01    2.1680E+01    1.7437E+01    1.2117E+01    6.9580E+01    5.0152E+01    1.4423E+01    4.4949E+00    1.6270E+01    6.3935E+00    7.4015E+00   
 2.4881E+02    4.4509E+01    5.4977E+01    2.1609E+01    1.7499E+01    1.2120E+01    6.9592E+01    5.0165E+01    1.4419E+01    4.4949E+00    1.6250E+01    6.5157E+00    7.4015E+00   
 2.4932E+02    4.4514E+01    5.4989E+01    2.1700E+01    1.7515E+01    1.2134E+01    6.9592E+01    5.0165E+01    1.4407E+01    4.4949E+00    1.6351E+01    6.5920E+00    7.4582E+00   
 2.4988E+02    4.4514E+01    5.4992E+01    2.1633E+01    1.7445E+01    1.2179E+01    6.9580E+01    5.0174E+01    1.4425E+01    4.4949E+00    1.6433E+01    6.4953E+00    7.4015E+00   
 2.5039E+02    4.4516E+01    5.4987E+01    2.1591E+01    1.7344E+01    1.2208E+01    6.9608E+01    5.0205E+01    1.4430E+01    4.4949E+00    1.6311E+01    6.4953E+00    7.3443E+00   
 2.5089E+02    4.4521E+01    5.4979E+01    2.1591E+01    1.7375E+01    1.2208E+01    6.9632E+01    5.0208E+01    1.4430E+01    4.4949E+00    1.6433E+01    6.4240E+00    7.4015E+00   
# Time (s)      T1w (C)       T2w (C)       T1a (C)       T2a (C)       T1r (C)       T2r (C)       T3r (C)       T4r (C)       P1 (bar)      P2 (bar)      Ic (amp)      Qc (l/min)    
 2.5139E+02    4.4519E+01    5.4979E+01    2.1535E+01    1.7467E+01    1.2275E+01    6.9652E+01    5.0223E+01    1.4451E+01    4.4949E+00    1.6392E+01    6.5615E+00    7.4015E+00   
 2.5196E+02    4.4512E+01    5.4986E+01    2.1688E+01    1.7431E+01    1.2298E+01    6.9651E+01    5.0223E+01    1.4447E+01    4.4949E+00    1.6250E+01    6.6073E+00    7.3729E+00   
 2.5246E+02    4.4521E+01    5.4996E+01    2.1599E+01    1.7431E+01    1.2327E+01    6.9665E+01    5.0238E+01    1.4456E+01    4.4949E+00    1.6351E+01    6.6073E+00    7.4015E+00   
 2.5296E+02    4.4521E+01    5.4995E+01    2.1411E+01    1.7344E+01    1.2330E+01    6.9683E+01    5.0258E+01    1.4453E+01    4.4949E+00    1.6433E+01    6.3884E+00    7.3729E+00   
 2.5347E+02    4.4532E+01    5.4994E+01    2.1676E+01    1.7349E+01    1.2346E+01    6.9718E+01    5.0276E+01    1.4484E+01    4.4949E+00    1.6372E+01    6.5666E+00    7.4299E+00   
 2.5405E+02    4.4520E+01    5.5001E+01    2.1676E+01    1.7397E+01    1.2362E+01    6.9719E+01    5.0258E+01    1.4481E+01    4.4949E+00    1.6372E+01    6.6073E+00    7.4015E+00   
 2.5455E+02    4.4527E+01    5.5001E+01    2.1674E+01    1.7427E+01    1.2376E+01    6.9720E+01    5.0287E+01    1.4481E+01    4.4949E+00    1.6412E+01    6.3884E+00    7.3729E+00   
 2.5506E+02    4.4523E+01    5.4996E+01    2.1696E+01    1.7405E+01    1.2384E+01    6.9720E+01    5.0277E+01    1.4468E+01    4.4949E+00    1.6392E+01    6.5462E+00    7.3729E+00   
 2.5556E+02    4.4523E+01    5.5000E+01    2.1896E+01    1.7405E+01    1.2359E+01    6.9725E+01    5.0277E+01    1.4498E+01    4.4949E+00    1.6351E+01    6.5819E+00    7.4015E+00   
 2.5612E+02    4.4543E+01    5.4987E+01    2.2136E+01    1.7343E+01    1.2354E+01    6.9724E+01    5.0288E+01    1.4495E+01    4.4949E+00    1.6270E+01    6.6022E+00    7.3729E+00   
 2.5663E+02    4.4525E+01    5.5005E+01    2.2307E+01    1.7339E+01    1.2338E+01    6.9728E+01    5.0270E+01    1.4483E+01    4.4949E+00    1.6331E+01    6.4750E+00    7.3729E+00   
 2.5713E+02    4.4510E+01    5.5005E+01    2.2307E+01    1.7412E+01    1.2295E+01    6.9735E+01    5.0279E+01    1.4483E+01    4.5153E+00    1.6250E+01    6.5462E+00    7.3729E+00   
 2.5763E+02    4.4535E+01    5.5013E+01    2.2288E+01    1.7405E+01    1.2286E+01    6.9721E+01    5.0295E+01    1.4478E+01    4.4949E+00    1.6331E+01    6.5768E+00    7.4015E+00   
 2.5824E+02    4.4510E+01    5.4999E+01    2.2034E+01    1.7406E+01    1.2275E+01    6.9720E+01    5.0286E+01    1.4498E+01    4.4949E+00    1.6290E+01    6.3884E+00    7.4015E+00   
 2.5875E+02    4.4495E+01    5.4984E+01    2.1698E+01    1.7390E+01    1.2305E+01    6.9735E+01    5.0300E+01    1.4510E+01    4.5153E+00    1.6372E+01    6.4800E+00    7.4015E+00   
 2.5925E+02    4.4493E+01    5.4989E+01    2.1463E+01    1.7511E+01    1.2317E+01    6.9769E+01    5.0317E+01    1.4507E+01    4.4949E+00    1.6412E+01    6.4597E+00    7.4015E+00   
 2.5975E+02    4.4508E+01    5.4975E+01    2.1456E+01    1.7494E+01    1.2333E+01    6.9777E+01    5.0321E+01    1.4535E+01    4.4949E+00    1.6250E+01    6.4190E+00    7.3729E+00   
 2.6032E+02    4.4492E+01    5.4960E+01    2.1456E+01    1.7537E+01    1.2354E+01    6.9778E+01    5.0359E+01    1.4567E+01    4.4949E+00    1.6331E+01    6.5157E+00    7.3729E+00   
 2.6083E+02    4.4488E+01    5.4945E+01    2.1524E+01    1.7614E+01    1.2343E+01    6.9794E+01    5.0360E+01    1.4557E+01    4.4949E+00    1.6250E+01    6.5106E+00    7.2866E+00   
 2.6133E+02    4.4479E+01    5.4970E+01    2.1406E+01    1.7655E+01    1.2321E+01    6.9794E+01    5.0373E+01    1.4560E+01    4.4949E+00    1.6331E+01    6.4699E+00    7.3729E+00   
 2.6184E+02    4.4479E+01    5.4974E+01    2.1570E+01    1.7655E+01    1.2326E+01    6.9784E+01    5.0373E+01    1.4566E+01    4.4949E+00    1.6433E+01    6.3884E+00    7.3729E+00   
 2.6245E+02    4.4480E+01    5.4966E+01    2.1672E+01    1.7537E+01    1.2327E+01    6.9772E+01    5.0347E+01    1.4553E+01    4.4949E+00    1.6290E+01    6.4851E+00    7.4299E+00   
 2.6295E+02    4.4484E+01    5.4976E+01    2.1825E+01    1.7582E+01    1.2327E+01    6.9782E+01    5.0365E+01    1.4544E+01    4.4949E+00    1.6270E+01    6.3935E+00    7.4015E+00   
 2.6346E+02    4.4477E+01    5.4974E+01    2.1825E+01    1.7621E+01    1.2355E+01    6.9760E+01    5.0359E+01    1.4528E+01    4.5153E+00    1.6372E+01    6.5208E+00    7.4015E+00   
 2.6396E+02    4.4484E+01    5.4974E+01    2.2021E+01    1.7626E+01    1.2351E+01    6.9771E+01    5.0345E+01    1.4527E+01    4.4949E+00    1.6290E+01    6.3833E+00    7.3729E+00   
 2.6452E+02    4.4500E+01    5.4982E+01    2.2162E+01    1.7487E+01    1.2331E+01    6.9758E+01    5.0353E+01    1.4502E+01    4.5153E+00    1.6270E+01    6.5971E+00    7.3729E+00   
 2.6502E+02    4.4500E+01    5.4976E+01    2.1944E+01    1.7487E+01    1.2333E+01    6.9758E+01    5.0353E+01    1.4508E+01    4.5153E+00    1.6474E+01    6.3935E+00    7.4015E+00   
 2.6552E+02    4.4496E+01    5.4968E+01    2.1646E+01    1.7579E+01    1.2357E+01    6.9769E+01    5.0356E+01    1.4519E+01    4.5153E+00    1.6250E+01    6.5055E+00    7.3443E+00   
 2.6603E+02    4.4498E+01    5.4972E+01    2.1682E+01    1.7537E+01    1.2357E+01    6.9766E+01    5.0365E+01    1.4519E+01    4.5153E+00    1.6270E+01    6.5208E+00    7.4015E+00   
 2.6661E+02    4.4513E+01    5.4989E+01    2.1698E+01    1.7594E+01    1.2400E+01    6.9762E+01    5.0378E+01    1.4519E+01    4.4949E+00    1.6351E+01    6.5564E+00    7.4015E+00   
# Time (s)      T1w (C)       T2w (C)       T1a (C)       T2a (C)       T1r (C)       T2r (C)       T3r (C)       T4r (C)       P1 (bar)      P2 (bar)      Ic (amp)      Qc (l/min)    
 2.6712E+02    4.4516E+01    5.4989E+01    2.1723E+01    1.7658E+01    1.2417E+01    6.9773E+01    5.0373E+01    1.4482E+01    4.5153E+00    1.6250E+01    6.4750E+00    7.4299E+00   
 2.6762E+02    4.4531E+01    5.4994E+01    2.1850E+01    1.7581E+01    1.2427E+01    6.9773E+01    5.0359E+01    1.4493E+01    4.4949E+00    1.6351E+01    6.6073E+00    7.4015E+00   
 2.6812E+02    4.4531E+01    5.4993E+01    2.2129E+01    1.7581E+01    1.2441E+01    6.9750E+01    5.0359E+01    1.4493E+01    4.5153E+00    1.6433E+01    6.3935E+00    7.4299E+00   
 2.6869E+02    4.4517E+01    5.4980E+01    2.1662E+01    1.7633E+01    1.2431E+01    6.9751E+01    5.0392E+01    1.4499E+01    4.5153E+00    1.6372E+01    6.5717E+00    7.3729E+00   
 2.6919E+02    4.4520E+01    5.4980E+01    2.1487E+01    1.7776E+01    1.2431E+01    6.9774E+01    5.0378E+01    1.4495E+01    4.5153E+00    1.6311E+01    6.4088E+00    7.4015E+00   
 2.6969E+02    4.4496E+01    5.4966E+01    2.1471E+01    1.7721E+01    1.2446E+01    6.9767E+01    5.0386E+01    1.4495E+01    4.5153E+00    1.6331E+01    6.6022E+00    7.4015E+00   
 2.7020E+02    4.4502E+01    5.4984E+01    2.1769E+01    1.7665E+01    1.2430E+01    6.9776E+01    5.0375E+01    1.4503E+01    4.5153E+00    1.6372E+01    6.6073E+00    7.3443E+00   
 2.7077E+02    4.4503E+01    5.4977E+01    2.1991E+01    1.7642E+01    1.2417E+01    6.9776E+01    5.0391E+01    1.4512E+01    4.5153E+00    1.6250E+01    6.4393E+00    7.4015E+00   
 2.7127E+02    4.4503E+01    5.4991E+01    2.1982E+01    1.7642E+01    1.2490E+01    6.9773E+01    5.0391E+01    1.4511E+01    4.5153E+00    1.6351E+01    6.5717E+00    7.4299E+00   
 2.7177E+02    4.4472E+01    5.4966E+01    2.1607E+01    1.7676E+01    1.2495E+01    6.9784E+01    5.0390E+01    1.4522E+01    4.5153E+00    1.6453E+01    6.4139E+00    7.3729E+00   
 2.7228E+02    4.4480E+01    5.4963E+01    2.1607E+01    1.7664E+01    1.2495E+01    6.9785E+01    5.0386E+01    1.4522E+01    4.5153E+00    1.6270E+01    6.4902E+00    7.4015E+00   
 2.7285E+02    4.4464E+01    5.4949E+01    2.1454E+01    1.7540E+01    1.2466E+01    6.9787E+01    5.0386E+01    1.4511E+01    4.5153E+00    1.6270E+01    6.3884E+00    7.4015E+00   
 2.7335E+02    4.4462E+01    5.4956E+01    2.1515E+01    1.7460E+01    1.2469E+01    6.9777E+01    5.0380E+01    1.4508E+01    4.5153E+00    1.6290E+01    6.3884E+00    7.3443E+00   
 2.7386E+02    4.4473E+01    5.4969E+01    2.1538E+01    1.7476E+01    1.2461E+01    6.9777E+01    5.0380E+01    1.4518E+01    4.5153E+00    1.6290E+01    6.4037E+00    7.3443E+00   
 2.7436E+02    4.4473E+01    5.4977E+01    2.1252E+01    1.7516E+01    1.2461E+01    6.9746E+01    5.0402E+01    1.4512E+01    4.5153E+00    1.6392E+01    6.3986E+00    7.4015E+00   
 2.7494E+02    4.4473E+01    5.4943E+01    2.0857E+01    1.7565E+01    1.2427E+01    6.9748E+01    5.0386E+01    1.4498E+01    4.5153E+00    1.6453E+01    6.4444E+00    7.3729E+00   
 2.7545E+02    4.4460E+01    5.4956E+01    2.0580E+01    1.7504E+01    1.2427E+01    6.9743E+01    5.0396E+01    1.4520E+01    4.5153E+00    1.6433E+01    6.5768E+00    7.3729E+00   
 2.7595E+02    4.4459E+01    5.4956E+01    2.0580E+01    1.7424E+01    1.2392E+01    6.9730E+01    5.0398E+01    1.4520E+01    4.5153E+00    1.6311E+01    6.4037E+00    7.4015E+00   
 2.7645E+02    4.4467E+01    5.4963E+01    2.0676E+01    1.7444E+01    1.2363E+01    6.9751E+01    5.0383E+01    1.4527E+01    4.5153E+00    1.6392E+01    6.4800E+00    7.4299E+00   
 2.7701E+02    4.4488E+01    5.4976E+01    2.0782E+01    1.7527E+01    1.2372E+01    6.9751E+01    5.0376E+01    1.4524E+01    4.5153E+00    1.6270E+01    6.4291E+00    7.4015E+00   
 2.7752E+02    4.4488E+01    5.4982E+01    2.1000E+01    1.7527E+01    1.2390E+01    6.9775E+01    5.0376E+01    1.4533E+01    4.5153E+00    1.6372E+01    6.5819E+00    7.4015E+00   
 2.7802E+02    4.4491E+01    5.4968E+01    2.0809E+01    1.7523E+01    1.2390E+01    6.9772E+01    5.0369E+01    1.4525E+01    4.5153E+00    1.6453E+01    6.4139E+00    7.4015E+00   
 2.7853E+02    4.4488E+01    5.4968E+01    2.0809E+01    1.7415E+01    1.2418E+01    6.9772E+01    5.0379E+01    1.4509E+01    4.5153E+00    1.6270E+01    6.3884E+00    7.4015E+00   
 2.7914E+02    4.4467E+01    5.4988E+01    2.1028E+01    1.7406E+01    1.2441E+01    6.9766E+01    5.0359E+01    1.4503E+01    4.5153E+00    1.6331E+01    6.4342E+00    7.4015E+00   
 2.7964E+02    4.4488E+01    5.4999E+01    2.0860E+01    1.7460E+01    1.2415E+01    6.9734E+01    5.0353E+01    1.4480E+01    4.5153E+00    1.6372E+01    6.5869E+00    7.4299E+00   
 2.8014E+02    4.4485E+01    5.5000E+01    2.0595E+01    1.7460E+01    1.2408E+01    6.9734E+01    5.0353E+01    1.4461E+01    4.5153E+00    1.6351E+01    6.5462E+00    7.3443E+00   
 2.8065E+02    4.4485E+01    5.4989E+01    2.0465E+01    1.7401E+01    1.2421E+01    6.9743E+01    5.0365E+01    1.4443E+01    4.5153E+00    1.6412E+01    6.4037E+00    7.4015E+00   
 2.8121E+02    4.4478E+01    5.4997E+01    2.0335E+01    1.7527E+01    1.2409E+01    6.9751E+01    5.0353E+01    1.4445E+01    4.5153E+00    1.6453E+01    6.4139E+00    7.4015E+00   
 2.8171E+02    4.4475E+01    5.5000E+01    2.0335E+01    1.7503E+01    1.2393E+01    6.9718E+01    5.0342E+01    1.4429E+01    4.5153E+00    1.6270E+01    6.3884E+00    7.4299E+00   
 2.8222E+02    4.4481E+01    5.5000E+01    2.0419E+01    1.7566E+01    1.2353E+01    6.9745E+01    5.0346E+01    1.4433E+01    4.5153E+00    1.6351E+01    6.6073E+00    7.4582E+00   
# Time (s)      T1w (C)       T2w (C)       T1a (C)       T2a (C)       T1r (C)       T2r (C)       T3r (C)       T4r (C)       P1 (bar)      P2 (bar)      Ic (amp)      Qc (l/min)    
 2.8272E+02    4.4484E+01    5.5026E+01    2.0681E+01    1.7524E+01    1.2326E+01    6.9759E+01    5.0351E+01    1.4430E+01    4.4949E+00    1.6453E+01    6.4444E+00    7.3729E+00   
 2.8329E+02    4.4488E+01    5.5013E+01    2.1275E+01    1.7524E+01    1.2313E+01    6.9755E+01    5.0351E+01    1.4438E+01    4.4949E+00    1.6474E+01    6.4953E+00    7.3729E+00   
 2.8379E+02    4.4473E+01    5.5012E+01    2.0973E+01    1.7606E+01    1.2296E+01    6.9758E+01    5.0352E+01    1.4406E+01    4.4949E+00    1.6270E+01    6.4190E+00    7.4582E+00   
 2.8430E+02    4.4472E+01    5.4997E+01    2.0777E+01    1.7601E+01    1.2296E+01    6.9766E+01    5.0353E+01    1.4402E+01    4.4949E+00    1.6290E+01    6.4291E+00    7.4015E+00   
 2.8480E+02    4.4462E+01    5.4982E+01    2.0761E+01    1.7452E+01    1.2285E+01    6.9778E+01    5.0324E+01    1.4386E+01    4.4949E+00    1.6372E+01    6.4750E+00    7.4299E+00   
 2.8537E+02    4.4466E+01    5.4992E+01    2.0599E+01    1.7475E+01    1.2279E+01    6.9777E+01    5.0341E+01    1.4372E+01    4.4949E+00    1.6453E+01    6.5920E+00    7.3729E+00   
 2.8587E+02    4.4453E+01    5.4974E+01    2.0547E+01    1.7542E+01    1.2267E+01    6.9792E+01    5.0364E+01    1.4397E+01    4.4949E+00    1.6311E+01    6.4139E+00    7.4015E+00   
 2.8638E+02    4.4453E+01    5.4960E+01    2.0530E+01    1.7542E+01    1.2248E+01    6.9793E+01    5.0364E+01    1.4414E+01    4.4949E+00    1.6290E+01    6.3884E+00    7.3729E+00   
 2.8688E+02    4.4456E+01    5.4974E+01    2.0310E+01    1.7579E+01    1.2204E+01    6.9798E+01    5.0349E+01    1.4402E+01    4.4949E+00    1.6392E+01    6.5055E+00    7.3729E+00   
 2.8746E+02    4.4453E+01    5.4975E+01    2.0535E+01    1.7594E+01    1.2204E+01    6.9771E+01    5.0359E+01    1.4395E+01    4.4949E+00    1.6392E+01    6.3833E+00    7.4299E+00   
 2.8796E+02    4.4472E+01    5.4990E+01    2.0550E+01    1.7599E+01    1.2194E+01    6.9765E+01    5.0357E+01    1.4395E+01    4.4949E+00    1.6290E+01    6.3884E+00    7.4015E+00   
 2.8847E+02    4.4482E+01    5.4983E+01    2.0562E+01    1.7533E+01    1.2176E+01    6.9772E+01    5.0353E+01    1.4381E+01    4.4949E+00    1.6290E+01    6.4699E+00    7.4299E+00   
 2.8897E+02    4.4481E+01    5.4986E+01    2.0693E+01    1.7533E+01    1.2183E+01    6.9772E+01    5.0379E+01    1.4377E+01    4.4949E+00    1.6351E+01    6.4291E+00    7.4015E+00   
 2.8953E+02    4.4481E+01    5.4974E+01    2.0711E+01    1.7620E+01    1.2182E+01    6.9761E+01    5.0379E+01    1.4382E+01    4.4949E+00    1.6311E+01    6.3935E+00    7.4015E+00   
 2.9003E+02    4.4477E+01    5.4991E+01    2.0728E+01    1.7489E+01    1.2190E+01    6.9797E+01    5.0372E+01    1.4370E+01    4.4949E+00    1.6474E+01    6.5971E+00    7.3729E+00   
 2.9054E+02    4.4469E+01    5.5000E+01    2.0728E+01    1.7458E+01    1.2190E+01    6.9779E+01    5.0396E+01    1.4372E+01    4.4949E+00    1.6311E+01    6.3833E+00    7.4299E+00   
 2.9104E+02    4.4452E+01    5.4986E+01    2.0654E+01    1.7396E+01    1.2166E+01    6.9774E+01    5.0355E+01    1.4356E+01    4.4745E+00    1.6331E+01    6.4750E+00    7.4015E+00   
 2.9162E+02    4.4446E+01    5.4958E+01    2.0676E+01    1.7473E+01    1.2173E+01    6.9805E+01    5.0370E+01    1.4359E+01    4.4949E+00    1.6453E+01    6.5819E+00    7.4015E+00   
 2.9212E+02    4.4441E+01    5.4950E+01    2.0725E+01    1.7489E+01    1.2185E+01    6.9805E+01    5.0393E+01    1.4359E+01    4.4949E+00    1.6331E+01    6.3884E+00    7.4015E+00   
 2.9262E+02    4.4456E+01    5.4974E+01    2.0898E+01    1.7504E+01    1.2236E+01    6.9829E+01    5.0408E+01    1.4370E+01    4.4949E+00    1.6331E+01    6.5208E+00    7.4299E+00   
 2.9313E+02    4.4464E+01    5.4981E+01    2.0843E+01    1.7568E+01    1.2263E+01    6.9861E+01    5.0400E+01    1.4365E+01    4.4949E+00    1.6453E+01    6.5920E+00    7.3155E+00   
 2.9370E+02    4.4464E+01    5.4965E+01    2.0682E+01    1.7568E+01    1.2263E+01    6.9853E+01    5.0382E+01    1.4370E+01    4.4949E+00    1.6453E+01    6.6073E+00    7.4299E+00   
 2.9420E+02    4.4452E+01    5.4965E+01    2.0682E+01    1.7470E+01    1.2271E+01    6.9857E+01    5.0397E+01    1.4370E+01    4.4949E+00    1.6331E+01    6.3782E+00    7.4015E+00   
 2.9471E+02    4.4455E+01    5.4974E+01    2.0559E+01    1.7597E+01    1.2275E+01    6.9900E+01    5.0428E+01    1.4404E+01    4.4949E+00    1.6311E+01    6.5819E+00    7.4299E+00   
 2.9521E+02    4.4455E+01    5.4974E+01    2.0441E+01    1.7597E+01    1.2270E+01    6.9900E+01    5.0428E+01    1.4373E+01    4.4949E+00    1.6412E+01    6.5259E+00    7.4015E+00   
 2.9579E+02    4.4436E+01    5.4944E+01    2.0473E+01    1.7555E+01    1.2285E+01    6.9924E+01    5.0441E+01    1.4389E+01    4.4745E+00    1.6392E+01    6.4088E+00    7.3155E+00   
 2.9630E+02    4.4441E+01    5.4958E+01    2.0426E+01    1.7458E+01    1.2261E+01    6.9905E+01    5.0434E+01    1.4371E+01    4.4949E+00    1.6351E+01    6.3935E+00    7.4015E+00   
 2.9680E+02    4.4444E+01    5.4949E+01    2.0410E+01    1.7448E+01    1.2261E+01    6.9933E+01    5.0440E+01    1.4371E+01    4.4745E+00    1.6351E+01    6.4037E+00    7.4015E+00   
 2.9731E+02    4.4437E+01    5.4949E+01    2.0456E+01    1.7497E+01    1.2256E+01    6.9938E+01    5.0438E+01    1.4377E+01    4.4949E+00    1.6270E+01    6.4342E+00    7.4299E+00   
 2.9787E+02    4.4447E+01    5.4943E+01    2.0419E+01    1.7479E+01    1.2248E+01    6.9938E+01    5.0439E+01    1.4392E+01    4.4949E+00    1.6290E+01    6.3833E+00    7.4015E+00   
# Time (s)      T1w (C)       T2w (C)       T1a (C)       T2a (C)       T1r (C)       T2r (C)       T3r (C)       T4r (C)       P1 (bar)      P2 (bar)      Ic (amp)      Qc (l/min)    
 2.9837E+02    4.4435E+01    5.4930E+01    2.0438E+01    1.7479E+01    1.2227E+01    6.9938E+01    5.0439E+01    1.4368E+01    4.4745E+00    1.6331E+01    6.4291E+00    7.4015E+00   
 2.9888E+02    4.4435E+01    5.4937E+01    2.0597E+01    1.7381E+01    1.2218E+01    6.9939E+01    5.0449E+01    1.4382E+01    4.4949E+00    1.6412E+01    6.5564E+00    7.4299E+00   
 2.9938E+02    4.4446E+01    5.4948E+01    2.0608E+01    1.7426E+01    1.2218E+01    6.9955E+01    5.0441E+01    1.4384E+01    4.4949E+00    1.6331E+01    6.3884E+00    7.4015E+00   
 2.9999E+02    4.4437E+01    5.4947E+01    2.0586E+01    1.7294E+01    1.2220E+01    6.9962E+01    5.0445E+01    1.4366E+01    4.4949E+00    1.6351E+01    6.4597E+00    7.4015E+00   
 3.0050E+02    4.4451E+01    5.4947E+01    2.0586E+01    1.7295E+01    1.2230E+01    6.9972E+01    5.0442E+01    1.4366E+01    4.4949E+00    1.6270E+01    6.3986E+00    7.4299E+00   
 3.0100E+02    4.4432E+01    5.4939E+01    2.0452E+01    1.7239E+01    1.2252E+01    6.9988E+01    5.0437E+01    1.4365E+01    4.4949E+00    1.6412E+01    6.4800E+00    7.4015E+00   
 3.0151E+02    4.4447E+01    5.4957E+01    2.0497E+01    1.7239E+01    1.2247E+01    6.9988E+01    5.0437E+01    1.4385E+01    4.4949E+00    1.6290E+01    6.5666E+00    7.3729E+00   
 3.0207E+02    4.4447E+01    5.4948E+01    2.0654E+01    1.7308E+01    1.2235E+01    6.9978E+01    5.0456E+01    1.4363E+01    4.4949E+00    1.6453E+01    6.5411E+00    7.3729E+00   
 3.0257E+02    4.4428E+01    5.4934E+01    2.0748E+01    1.7215E+01    1.2235E+01    6.9981E+01    5.0439E+01    1.4368E+01    4.4949E+00    1.6392E+01    6.4240E+00    7.3729E+00   
 3.0308E+02    4.4437E+01    5.4954E+01    2.0748E+01    1.7201E+01    1.2244E+01    6.9981E+01    5.0455E+01    1.4368E+01    4.4949E+00    1.6474E+01    6.4851E+00    7.4299E+00   
 3.0358E+02    4.4437E+01    5.4954E+01    2.0950E+01    1.7232E+01    1.2273E+01    6.9980E+01    5.0446E+01    1.4373E+01    4.4949E+00    1.6453E+01    6.5259E+00    7.3443E+00   
 3.0418E+02    4.4444E+01    5.4944E+01    2.1107E+01    1.7126E+01    1.2331E+01    6.9975E+01    5.0452E+01    1.4392E+01    4.4949E+00    1.6270E+01    6.3935E+00    7.4015E+00   
 3.0468E+02    4.4430E+01    5.4953E+01    2.1247E+01    1.7126E+01    1.2353E+01    6.9975E+01    5.0452E+01    1.4387E+01    4.4949E+00    1.6453E+01    6.5259E+00    7.3729E+00   
 3.0518E+02    4.4430E+01    5.4955E+01    2.1302E+01    1.7291E+01    1.2349E+01    6.9953E+01    5.0445E+01    1.4373E+01    4.4949E+00    1.6270E+01    6.5869E+00    7.3729E+00   
 3.0569E+02    4.4425E+01    5.4943E+01    2.1370E+01    1.7328E+01    1.2349E+01    6.9967E+01    5.0463E+01    1.4394E+01    4.4745E+00    1.6412E+01    6.5564E+00    7.4015E+00   
 3.0624E+02    4.4430E+01    5.4952E+01    2.1370E+01    1.7354E+01    1.2374E+01    6.9998E+01    5.0486E+01    1.4394E+01    4.4949E+00    1.6372E+01    6.4240E+00    7.4015E+00   
 3.0675E+02    4.4438E+01    5.4952E+01    2.1462E+01    1.7327E+01    1.2388E+01    6.9986E+01    5.0465E+01    1.4386E+01    4.4949E+00    1.6412E+01    6.3935E+00    7.3729E+00   
 3.0725E+02    4.4433E+01    5.4943E+01    2.1469E+01    1.7246E+01    1.2410E+01    6.9986E+01    5.0478E+01    1.4398E+01    4.4949E+00    1.6453E+01    6.5309E+00    7.3729E+00   
 3.0776E+02    4.4433E+01    5.4944E+01    2.1426E+01    1.7246E+01    1.2403E+01    6.9984E+01    5.0478E+01    1.4394E+01    4.4949E+00    1.6270E+01    6.5920E+00    7.4299E+00   
 3.0836E+02    4.4446E+01    5.4952E+01    2.1344E+01    1.7214E+01    1.2416E+01    6.9988E+01    5.0485E+01    1.4393E+01    4.5153E+00    1.6270E+01    6.4851E+00    7.3729E+00   
 3.0886E+02    4.4447E+01    5.4956E+01    2.1096E+01    1.7162E+01    1.2416E+01    6.9992E+01    5.0492E+01    1.4395E+01    4.4949E+00    1.6351E+01    6.3833E+00    7.4299E+00   
 3.0936E+02    4.4452E+01    5.4974E+01    2.1096E+01    1.7320E+01    1.2446E+01    7.0004E+01    5.0485E+01    1.4395E+01    4.4949E+00    1.6331E+01    6.4648E+00    7.3729E+00   
 3.0987E+02    4.4457E+01    5.4974E+01    2.0899E+01    1.7320E+01    1.2436E+01    6.9999E+01    5.0498E+01    1.4400E+01    4.4949E+00    1.6351E+01    6.3986E+00    7.4299E+00   
 3.1043E+02    4.4459E+01    5.4964E+01    2.0852E+01    1.7296E+01    1.2477E+01    6.9999E+01    5.0494E+01    1.4413E+01    4.4949E+00    1.6392E+01    6.4139E+00    7.4015E+00   
 3.1093E+02    4.4459E+01    5.4955E+01    2.0960E+01    1.7296E+01    1.2525E+01    6.9997E+01    5.0509E+01    1.4427E+01    4.4949E+00    1.6372E+01    6.3986E+00    7.4015E+00   
 3.1144E+02    4.4467E+01    5.4963E+01    2.1187E+01    1.7364E+01    1.2555E+01    6.9993E+01    5.0523E+01    1.4425E+01    4.4949E+00    1.6453E+01    6.5462E+00    7.3729E+00   
 3.1194E+02    4.4453E+01    5.4980E+01    2.1041E+01    1.7238E+01    1.2571E+01    7.0028E+01    5.0545E+01    1.4452E+01    4.4949E+00    1.6270E+01    6.5717E+00    7.3729E+00   
 3.1251E+02    4.4452E+01    5.4976E+01    2.1041E+01    1.7282E+01    1.2605E+01    7.0026E+01    5.0536E+01    1.4452E+01    4.4949E+00    1.6453E+01    6.4240E+00    7.3729E+00   
 3.1301E+02    4.4454E+01    5.4976E+01    2.0938E+01    1.7198E+01    1.2598E+01    7.0013E+01    5.0549E+01    1.4445E+01    4.4949E+00    1.6372E+01    6.4240E+00    7.4015E+00   
 3.1352E+02    4.4450E+01    5.4961E+01    2.0731E+01    1.7172E+01    1.2544E+01    7.0013E+01    5.0543E+01    1.4465E+01    4.4949E+00    1.6453E+01    6.3986E+00    7.4299E+00   
# Time (s)      T1w (C)       T2w (C)       T1a (C)       T2a (C)       T1r (C)       T2r (C)       T3r (C)       T4r (C)       P1 (bar)      P2 (bar)      Ic (amp)      Qc (l/min)    
 3.1402E+02    4.4465E+01    5.4967E+01    2.0629E+01    1.7188E+01    1.2532E+01    7.0045E+01    5.0543E+01    1.4468E+01    4.4949E+00    1.6270E+01    6.6022E+00    7.3729E+00   
 3.1462E+02    4.4467E+01    5.4989E+01    2.0618E+01    1.7162E+01    1.2566E+01    7.0037E+01    5.0544E+01    1.4456E+01    4.4949E+00    1.6453E+01    6.6124E+00    7.4015E+00   
 3.1512E+02    4.4476E+01    5.5009E+01    2.0704E+01    1.7219E+01    1.2566E+01    7.0055E+01    5.0527E+01    1.4452E+01    4.4949E+00    1.6351E+01    6.3986E+00    7.4582E+00   
 3.1563E+02    4.4488E+01    5.5009E+01    2.0704E+01    1.7273E+01    1.2597E+01    7.0052E+01    5.0536E+01    1.4452E+01    4.4949E+00    1.6311E+01    6.4291E+00    7.3443E+00   
 3.1614E+02    4.4511E+01    5.5017E+01    2.0705E+01    1.7359E+01    1.2553E+01    7.0051E+01    5.0522E+01    1.4423E+01    4.4949E+00    1.6433E+01    6.5920E+00    7.4015E+00   
 3.1672E+02    4.4504E+01    5.5034E+01    2.0892E+01    1.7596E+01    1.2513E+01    7.0051E+01    5.0525E+01    1.4442E+01    4.4949E+00    1.6351E+01    6.4240E+00    7.3729E+00   
 3.1723E+02    4.4523E+01    5.5017E+01    2.0860E+01    1.7596E+01    1.2490E+01    7.0058E+01    5.0511E+01    1.4412E+01    4.4949E+00    1.6311E+01    6.4393E+00    7.3729E+00   
 3.1773E+02    4.4523E+01    5.5018E+01    2.0735E+01    1.7565E+01    1.2488E+01    7.0050E+01    5.0487E+01    1.4412E+01    4.4949E+00    1.6331E+01    6.4648E+00    7.3729E+00   
 3.1824E+02    4.4527E+01    5.5040E+01    2.0585E+01    1.7454E+01    1.2472E+01    7.0053E+01    5.0496E+01    1.4406E+01    4.4949E+00    1.6372E+01    6.5157E+00    7.4015E+00   
 3.1881E+02    4.4517E+01    5.5020E+01    2.0585E+01    1.7464E+01    1.2466E+01    7.0021E+01    5.0493E+01    1.4390E+01    4.4949E+00    1.6331E+01    6.4037E+00    7.3729E+00   
 3.1931E+02    4.4500E+01    5.5005E+01    2.0465E+01    1.7471E+01    1.2461E+01    7.0020E+01    5.0485E+01    1.4381E+01    4.4949E+00    1.6270E+01    6.5259E+00    7.3729E+00   
 3.1982E+02    4.4521E+01    5.5028E+01    2.0401E+01    1.7395E+01    1.2451E+01    7.0020E+01    5.0489E+01    1.4387E+01    4.4949E+00    1.6290E+01    6.5309E+00    7.3729E+00   
 3.2032E+02    4.4506E+01    5.5017E+01    2.0413E+01    1.7395E+01    1.2459E+01    7.0040E+01    5.0489E+01    1.4388E+01    4.4949E+00    1.6270E+01    6.5564E+00    7.4582E+00   
 3.2093E+02    4.4503E+01    5.5018E+01    2.0348E+01    1.7392E+01    1.2393E+01    7.0040E+01    5.0481E+01    1.4406E+01    4.4745E+00    1.6412E+01    6.3986E+00    7.4015E+00   
 3.2143E+02    4.4498E+01    5.5005E+01    2.0397E+01    1.7438E+01    1.2393E+01    7.0043E+01    5.0492E+01    1.4404E+01    4.4745E+00    1.6270E+01    6.5920E+00    7.3443E+00   
 3.2194E+02    4.4480E+01    5.5009E+01    2.0381E+01    1.7346E+01    1.2331E+01    7.0050E+01    5.0465E+01    1.4388E+01    4.4949E+00    1.6270E+01    6.5819E+00    7.4015E+00   
 3.2245E+02    4.4474E+01    5.5009E+01    2.0457E+01    1.7402E+01    1.2319E+01    7.0049E+01    5.0493E+01    1.4391E+01    4.4745E+00    1.6433E+01    6.4648E+00    7.4299E+00   
 3.2300E+02    4.4492E+01    5.4999E+01    2.0481E+01    1.7314E+01    1.2302E+01    7.0049E+01    5.0493E+01    1.4401E+01    4.4949E+00    1.6331E+01    6.4139E+00    7.3443E+00   
 3.2350E+02    4.4492E+01    5.5011E+01    2.0521E+01    1.7314E+01    1.2304E+01    7.0059E+01    5.0493E+01    1.4416E+01    4.4949E+00    1.6290E+01    6.5666E+00    7.4015E+00   
 3.2401E+02    4.4500E+01    5.5013E+01    2.0518E+01    1.7202E+01    1.2275E+01    7.0064E+01    5.0473E+01    1.4417E+01    4.4949E+00    1.6372E+01    6.4088E+00    7.3729E+00   
 3.2451E+02    4.4503E+01    5.5021E+01    2.0518E+01    1.7302E+01    1.2275E+01    7.0063E+01    5.0491E+01    1.4421E+01    4.4745E+00    1.6412E+01    6.4902E+00    7.3729E+00   
 3.2510E+02    4.4501E+01    5.5010E+01    2.0419E+01    1.7293E+01    1.2286E+01    7.0050E+01    5.0470E+01    1.4405E+01    4.4949E+00    1.6331E+01    6.4342E+00    7.4015E+00   
 3.2560E+02    4.4515E+01    5.5010E+01    2.0374E+01    1.7274E+01    1.2290E+01    7.0055E+01    5.0485E+01    1.4407E+01    4.4949E+00    1.6372E+01    6.5666E+00    7.3443E+00   
 3.2611E+02    4.4516E+01    5.5003E+01    2.0384E+01    1.7092E+01    1.2296E+01    7.0055E+01    5.0485E+01    1.4417E+01    4.4949E+00    1.6250E+01    6.5819E+00    7.3729E+00   
 3.2661E+02    4.4516E+01    5.4992E+01    2.0349E+01    1.7092E+01    1.2310E+01    7.0065E+01    5.0485E+01    1.4417E+01    4.4949E+00    1.6270E+01    6.4800E+00    7.4015E+00   
 3.2720E+02    4.4502E+01    5.5005E+01    2.0367E+01    1.7227E+01    1.2338E+01    7.0069E+01    5.0459E+01    1.4389E+01    4.4949E+00    1.6331E+01    6.4291E+00    7.3443E+00   
 3.2770E+02    4.4512E+01    5.4980E+01    2.0440E+01    1.7180E+01    1.2338E+01    7.0060E+01    5.0453E+01    1.4387E+01    4.4949E+00    1.6331E+01    6.4190E+00    7.3443E+00   
 3.2821E+02    4.4500E+01    5.4980E+01    2.0440E+01    1.7139E+01    1.2327E+01    7.0034E+01    5.0455E+01    1.4371E+01    4.4745E+00    1.6392E+01    6.6022E+00    7.3729E+00   
 3.2871E+02    4.4516E+01    5.5013E+01    2.0447E+01    1.7072E+01    1.2271E+01    7.0060E+01    5.0466E+01    1.4376E+01    4.4745E+00    1.6331E+01    6.3935E+00    7.3729E+00   
 3.2931E+02    4.4512E+01    5.5003E+01    2.0541E+01    1.7165E+01    1.2271E+01    7.0054E+01    5.0458E+01    1.4375E+01    4.4745E+00    1.6270E+01    6.5615E+00    7.3729E+00   
# Time (s)      T1w (C)       T2w (C)       T1a (C)       T2a (C)       T1r (C)       T2r (C)       T3r (C)       T4r (C)       P1 (bar)      P2 (bar)      Ic (amp)      Qc (l/min)    
 3.2982E+02    4.4529E+01    5.5005E+01    2.0516E+01    1.7165E+01    1.2301E+01    7.0054E+01    5.0458E+01    1.4378E+01    4.4949E+00    1.6433E+01    6.3782E+00    7.4299E+00   
 3.3032E+02    4.4514E+01    5.4994E+01    2.0473E+01    1.7141E+01    1.2288E+01    7.0060E+01    5.0458E+01    1.4358E+01    4.4949E+00    1.6392E+01    6.6022E+00    7.3729E+00   
 3.3083E+02    4.4511E+01    5.5005E+01    2.0453E+01    1.7202E+01    1.2288E+01    7.0061E+01    5.0457E+01    1.4364E+01    4.4745E+00    1.6351E+01    6.5055E+00    7.4015E+00   
 3.3138E+02    4.4506E+01    5.4995E+01    2.0453E+01    1.7098E+01    1.2242E+01    7.0085E+01    5.0464E+01    1.4364E+01    4.4745E+00    1.6433E+01    6.5819E+00    7.4015E+00   
 3.3189E+02    4.4500E+01    5.4995E+01    2.0428E+01    1.7146E+01    1.2219E+01    7.0077E+01    5.0477E+01    1.4352E+01    4.4745E+00    1.6351E+01    6.3935E+00    7.4015E+00   
 3.3239E+02    4.4483E+01    5.4984E+01    2.0671E+01    1.7224E+01    1.2148E+01    7.0063E+01    5.0457E+01    1.4354E+01    4.4745E+00    1.6311E+01    6.3884E+00    7.4299E+00   
 3.3290E+02    4.4483E+01    5.4990E+01    2.0878E+01    1.7224E+01    1.2118E+01    7.0052E+01    5.0457E+01    1.4353E+01    4.4949E+00    1.6270E+01    6.6022E+00    7.4015E+00   
 3.3348E+02    4.4486E+01    5.4960E+01    2.0738E+01    1.7122E+01    1.2088E+01    7.0040E+01    5.0445E+01    1.4366E+01    4.5153E+00    1.6433E+01    6.3833E+00    7.3729E+00   
 3.3398E+02    4.4473E+01    5.4968E+01    2.0595E+01    1.7030E+01    1.2072E+01    7.0030E+01    5.0434E+01    1.4337E+01    4.4949E+00    1.6250E+01    6.5971E+00    7.3729E+00   
 3.3449E+02    4.4458E+01    5.4967E+01    2.0595E+01    1.7135E+01    1.2120E+01    7.0038E+01    5.0449E+01    1.4337E+01    4.4949E+00    1.6412E+01    6.4953E+00    7.3729E+00   
 3.3499E+02    4.4454E+01    5.4967E+01    2.0414E+01    1.7241E+01    1.2141E+01    7.0039E+01    5.0442E+01    1.4322E+01    4.4949E+00    1.6412E+01    6.3986E+00    7.4015E+00   
 3.3556E+02    4.4444E+01    5.4949E+01    2.0298E+01    1.7074E+01    1.2148E+01    7.0039E+01    5.0440E+01    1.4318E+01    4.4949E+00    1.6453E+01    6.3884E+00    7.3443E+00   
 3.3607E+02    4.4459E+01    5.4964E+01    2.0252E+01    1.7090E+01    1.2227E+01    7.0044E+01    5.0440E+01    1.4308E+01    4.4949E+00    1.6412E+01    6.4037E+00    7.3443E+00   
 3.3657E+02    4.4466E+01    5.4972E+01    2.0311E+01    1.7024E+01    1.2259E+01    7.0048E+01    5.0431E+01    1.4322E+01    4.4949E+00    1.6290E+01    6.3986E+00    7.3729E+00   
 3.3708E+02    4.4466E+01    5.4977E+01    2.0571E+01    1.7067E+01    1.2275E+01    7.0082E+01    5.0441E+01    1.4329E+01    4.4949E+00    1.6433E+01    6.4139E+00    7.4015E+00   
 3.3767E+02    4.4480E+01    5.4974E+01    2.0571E+01    1.7145E+01    1.2273E+01    7.0070E+01    5.0441E+01    1.4329E+01    4.4949E+00    1.6453E+01    6.4750E+00    7.4015E+00   
 3.3818E+02    4.4474E+01    5.4988E+01    2.0728E+01    1.7159E+01    1.2239E+01    7.0091E+01    5.0452E+01    1.4355E+01    4.4949E+00    1.6331E+01    6.5309E+00    7.4015E+00   
 3.3868E+02    4.4477E+01    5.4991E+01    2.0704E+01    1.7199E+01    1.2244E+01    7.0091E+01    5.0461E+01    1.4352E+01    4.4949E+00    1.6331E+01    6.3884E+00    7.4299E+00   
 3.3919E+02    4.4477E+01    5.4990E+01    2.0659E+01    1.7199E+01    1.2254E+01    7.0090E+01    5.0476E+01    1.4362E+01    4.4949E+00    1.6311E+01    6.5971E+00    7.4015E+00   
 3.3975E+02    4.4488E+01    5.4979E+01    2.0614E+01    1.7220E+01    1.2231E+01    7.0091E+01    5.0475E+01    1.4351E+01    4.4949E+00    1.6311E+01    6.5360E+00    7.4015E+00   
 3.4026E+02    4.4480E+01    5.4980E+01    2.0865E+01    1.7154E+01    1.2231E+01    7.0093E+01    5.0476E+01    1.4337E+01    4.4949E+00    1.6270E+01    6.4953E+00    7.3729E+00   
 3.4077E+02    4.4481E+01    5.4980E+01    2.0865E+01    1.6984E+01    1.2229E+01    7.0059E+01    5.0461E+01    1.4337E+01    4.4949E+00    1.6250E+01    6.6022E+00    7.4015E+00   
 3.4127E+02    4.4483E+01    5.4985E+01    2.0850E+01    1.7122E+01    1.2185E+01    7.0062E+01    5.0445E+01    1.4323E+01    4.4949E+00    1.6270E+01    6.4088E+00    7.4015E+00   
 3.4187E+02    4.4476E+01    5.4981E+01    2.0760E+01    1.7082E+01    1.2130E+01    7.0060E+01    5.0447E+01    1.4328E+01    4.4949E+00    1.6311E+01    6.5462E+00    7.3729E+00   
 3.4238E+02    4.4490E+01    5.4975E+01    2.0770E+01    1.7082E+01    1.2109E+01    7.0060E+01    5.0447E+01    1.4327E+01    4.4949E+00    1.6433E+01    6.4851E+00    7.4299E+00   
 3.4288E+02    4.4490E+01    5.4979E+01    2.1091E+01    1.7078E+01    1.2137E+01    7.0060E+01    5.0438E+01    1.4326E+01    4.4949E+00    1.6351E+01    6.5106E+00    7.4015E+00   
 3.4339E+02    4.4471E+01    5.4985E+01    2.1120E+01    1.7043E+01    1.2121E+01    7.0042E+01    5.0420E+01    1.4308E+01    4.4949E+00    1.6270E+01    6.3986E+00    7.3443E+00   
 3.4395E+02    4.4488E+01    5.4985E+01    2.1120E+01    1.6990E+01    1.2085E+01    7.0059E+01    5.0424E+01    1.4308E+01    4.4949E+00    1.6372E+01    6.5564E+00    7.3729E+00   
 3.4445E+02    4.4487E+01    5.4985E+01    2.0925E+01    1.7039E+01    1.2105E+01    7.0067E+01    5.0438E+01    1.4312E+01    4.4949E+00    1.6412E+01    6.4037E+00    7.3443E+00   
 3.4496E+02    4.4486E+01    5.4990E+01    2.0780E+01    1.7197E+01    1.2061E+01    7.0067E+01    5.0438E+01    1.4320E+01    4.4949E+00    1.6372E+01    6.6022E+00    7.3729E+00   
# Time (s)      T1w (C)       T2w (C)       T1a (C)       T2a (C)       T1r (C)       T2r (C)       T3r (C)       T4r (C)       P1 (bar)      P2 (bar)      Ic (amp)      Qc (l/min)    
 3.4546E+02    4.4471E+01    5.4980E+01    2.0792E+01    1.7181E+01    1.2094E+01    7.0071E+01    5.0453E+01    1.4348E+01    4.4949E+00    1.6311E+01    6.3833E+00    7.4299E+00   
 3.4606E+02    4.4464E+01    5.4957E+01    2.0700E+01    1.7202E+01    1.2086E+01    7.0086E+01    5.0459E+01    1.4334E+01    4.4949E+00    1.6250E+01    6.5819E+00    7.3155E+00   
 3.4656E+02    4.4456E+01    5.4962E+01    2.0605E+01    1.7145E+01    1.2086E+01    7.0116E+01    5.0440E+01    1.4356E+01    4.4949E+00    1.6453E+01    6.3884E+00    7.4015E+00   
 3.4707E+02    4.4476E+01    5.4975E+01    2.0605E+01    1.7142E+01    1.2108E+01    7.0116E+01    5.0466E+01    1.4372E+01    4.4949E+00    1.6412E+01    6.6022E+00    7.4299E+00   
 3.4758E+02    4.4466E+01    5.4975E+01    2.0515E+01    1.7275E+01    1.2136E+01    7.0126E+01    5.0462E+01    1.4367E+01    4.4745E+00    1.6412E+01    6.5106E+00    7.4015E+00   
 3.4815E+02    4.4476E+01    5.4957E+01    2.0458E+01    1.6992E+01    1.2085E+01    7.0111E+01    5.0463E+01    1.4355E+01    4.4949E+00    1.6433E+01    6.4648E+00    7.3729E+00   
 3.4866E+02    4.4473E+01    5.4961E+01    2.0364E+01    1.6992E+01    1.2074E+01    7.0090E+01    5.0463E+01    1.4341E+01    4.4949E+00    1.6250E+01    6.4750E+00    7.3443E+00   
 3.4917E+02    4.4473E+01    5.4964E+01    2.0262E+01    1.7152E+01    1.2069E+01    7.0077E+01    5.0451E+01    1.4340E+01    4.4745E+00    1.6331E+01    6.5106E+00    7.4015E+00   
 3.4967E+02    4.4474E+01    5.4955E+01    2.0284E+01    1.7117E+01    1.2069E+01    7.0091E+01    5.0440E+01    1.4327E+01    4.4949E+00    1.6270E+01    6.4037E+00    7.3729E+00   
 3.5027E+02    4.4466E+01    5.4963E+01    2.0284E+01    1.7078E+01    1.2039E+01    7.0075E+01    5.0439E+01    1.4308E+01    4.4745E+00    1.6311E+01    6.5411E+00    7.4015E+00   
 3.5078E+02    4.4498E+01    5.4963E+01    2.0272E+01    1.6994E+01    1.2064E+01    7.0064E+01    5.0432E+01    1.4308E+01    4.4745E+00    1.6351E+01    6.5106E+00    7.4015E+00   
 3.5129E+02    4.4477E+01    5.4938E+01    2.0302E+01    1.7095E+01    1.2060E+01    7.0064E+01    5.0423E+01    1.4298E+01    4.4745E+00    1.6412E+01    6.5462E+00    7.4015E+00   
 3.5179E+02    4.4477E+01    5.4945E+01    2.0365E+01    1.7095E+01    1.2040E+01    7.0076E+01    5.0423E+01    1.4300E+01    4.4745E+00    1.6392E+01    6.5615E+00    7.4015E+00   
 3.5239E+02    4.4480E+01    5.4937E+01    2.0383E+01    1.7034E+01    1.2059E+01    7.0086E+01    5.0444E+01    1.4299E+01    4.4949E+00    1.6351E+01    6.5004E+00    7.3729E+00   
 3.5289E+02    4.4486E+01    5.4954E+01    2.0347E+01    1.7009E+01    1.2067E+01    7.0085E+01    5.0431E+01    1.4295E+01    4.4949E+00    1.6331E+01    6.3833E+00    7.3729E+00   
 3.5340E+02    4.4473E+01    5.4924E+01    2.0347E+01    1.6958E+01    1.2067E+01    7.0074E+01    5.0432E+01    1.4295E+01    4.4745E+00    1.6351E+01    6.4444E+00    7.4015E+00   
 3.5390E+02    4.4462E+01    5.4924E+01    2.0264E+01    1.6874E+01    1.2034E+01    7.0075E+01    5.0434E+01    1.4290E+01    4.4949E+00    1.6412E+01    6.4291E+00    7.3443E+00   
 3.5448E+02    4.4461E+01    5.4949E+01    2.0283E+01    1.6900E+01    1.2027E+01    7.0084E+01    5.0437E+01    1.4282E+01    4.4745E+00    1.6433E+01    6.4037E+00    7.4015E+00   
 3.5498E+02    4.4461E+01    5.4951E+01    2.0328E+01    1.6961E+01    1.2003E+01    7.0084E+01    5.0448E+01    1.4311E+01    4.4949E+00    1.6270E+01    6.5971E+00    7.3443E+00   
 3.5549E+02    4.4461E+01    5.4955E+01    2.0268E+01    1.6961E+01    1.2024E+01    7.0080E+01    5.0448E+01    1.4303E+01    4.4949E+00    1.6453E+01    6.3935E+00    7.4299E+00   
 3.5599E+02    4.4469E+01    5.4960E+01    2.0253E+01    1.7024E+01    1.2024E+01    7.0084E+01    5.0439E+01    1.4305E+01    4.4745E+00    1.6270E+01    6.4444E+00    7.4299E+00   
 3.5656E+02    4.4469E+01    5.4952E+01    2.0253E+01    1.7029E+01    1.2058E+01    7.0116E+01    5.0455E+01    1.4334E+01    4.4949E+00    1.6412E+01    6.5360E+00    7.3443E+00   
 3.5706E+02    4.4477E+01    5.4952E+01    2.0249E+01    1.7082E+01    1.2063E+01    7.0118E+01    5.0457E+01    1.4334E+01    4.4745E+00    1.6453E+01    6.4291E+00    7.4015E+00   
 3.5757E+02    4.4464E+01    5.4974E+01    2.0251E+01    1.7001E+01    1.2069E+01    7.0118E+01    5.0456E+01    1.4313E+01    4.4949E+00    1.6351E+01    6.5768E+00    7.3729E+00   
 3.5807E+02    4.4464E+01    5.4955E+01    2.0211E+01    1.7001E+01    1.2115E+01    7.0109E+01    5.0456E+01    1.4321E+01    4.4949E+00    1.6290E+01    6.3833E+00    7.3443E+00   
 3.5865E+02    4.4471E+01    5.4973E+01    2.0289E+01    1.7143E+01    1.2104E+01    7.0114E+01    5.0456E+01    1.4311E+01    4.4949E+00    1.6270E+01    6.4240E+00    7.3729E+00   
 3.5916E+02    4.4466E+01    5.4961E+01    2.0307E+01    1.6978E+01    1.2099E+01    7.0132E+01    5.0452E+01    1.4316E+01    4.4745E+00    1.6351E+01    6.5666E+00    7.3729E+00   
 3.5966E+02    4.4465E+01    5.4975E+01    2.0307E+01    1.6920E+01    1.2099E+01    7.0119E+01    5.0457E+01    1.4316E+01    4.4745E+00    1.6351E+01    6.3884E+00    7.3729E+00   
 3.6017E+02    4.4478E+01    5.4975E+01    2.0374E+01    1.7059E+01    1.2081E+01    7.0119E+01    5.0454E+01    1.4318E+01    4.4745E+00    1.6351E+01    6.5055E+00    7.4299E+00   
 3.6073E+02    4.4476E+01    5.4968E+01    2.0502E+01    1.7017E+01    1.2086E+01    7.0117E+01    5.0457E+01    1.4317E+01    4.4745E+00    1.6290E+01    6.3782E+00    7.3729E+00   
# Time (s)      T1w (C)       T2w (C)       T1a (C)       T2a (C)       T1r (C)       T2r (C)       T3r (C)       T4r (C)       P1 (bar)      P2 (bar)      Ic (amp)      Qc (l/min)    
 3.6124E+02    4.4476E+01    5.4982E+01    2.0524E+01    1.7017E+01    1.2097E+01    7.0131E+01    5.0472E+01    1.4330E+01    4.4745E+00    1.6412E+01    6.4902E+00    7.3729E+00   
 3.6175E+02    4.4469E+01    5.4953E+01    2.0492E+01    1.6944E+01    1.2135E+01    7.0108E+01    5.0454E+01    1.4346E+01    4.4949E+00    1.6412E+01    6.4902E+00    7.3729E+00   
 3.6225E+02    4.4466E+01    5.4961E+01    2.0403E+01    1.7084E+01    1.2151E+01    7.0130E+01    5.0474E+01    1.4357E+01    4.4949E+00    1.6331E+01    6.4648E+00    7.4015E+00   
 3.6284E+02    4.4461E+01    5.4971E+01    2.0403E+01    1.6995E+01    1.2163E+01    7.0142E+01    5.0485E+01    1.4331E+01    4.4949E+00    1.6412E+01    6.4902E+00    7.4582E+00   
 3.6334E+02    4.4489E+01    5.4986E+01    2.0397E+01    1.6985E+01    1.2208E+01    7.0141E+01    5.0467E+01    1.4331E+01    4.4949E+00    1.6392E+01    6.5055E+00    7.3729E+00   
 3.6385E+02    4.4495E+01    5.4980E+01    2.0478E+01    1.7122E+01    1.2217E+01    7.0141E+01    5.0470E+01    1.4340E+01    4.4949E+00    1.6412E+01    6.4139E+00    7.4015E+00   
 3.6435E+02    4.4495E+01    5.4974E+01    2.0570E+01    1.7122E+01    1.2251E+01    7.0133E+01    5.0470E+01    1.4344E+01    4.4949E+00    1.6351E+01    6.5666E+00    7.4015E+00   
 3.6492E+02    4.4492E+01    5.4975E+01    2.0759E+01    1.6993E+01    1.2281E+01    7.0165E+01    5.0466E+01    1.4324E+01    4.4949E+00    1.6331E+01    6.3986E+00    7.4582E+00   
 3.6542E+02    4.4495E+01    5.4999E+01    2.0772E+01    1.7130E+01    1.2281E+01    7.0196E+01    5.0457E+01    1.4320E+01    4.4949E+00    1.6270E+01    6.5564E+00    7.3729E+00   
 3.6593E+02    4.4498E+01    5.4999E+01    2.0772E+01    1.7172E+01    1.2287E+01    7.0187E+01    5.0453E+01    1.4320E+01    4.4949E+00    1.6453E+01    6.4342E+00    7.4582E+00   
 3.6643E+02    4.4489E+01    5.5010E+01    2.0867E+01    1.7201E+01    1.2273E+01    7.0183E+01    5.0443E+01    1.4331E+01    4.4949E+00    1.6433E+01    6.3986E+00    7.4015E+00   
 3.6700E+02    4.4495E+01    5.4998E+01    2.1041E+01    1.7291E+01    1.2254E+01    7.0183E+01    5.0444E+01    1.4342E+01    4.4949E+00    1.6433E+01    6.4393E+00    7.3443E+00   
 3.6750E+02    4.4495E+01    5.5003E+01    2.1158E+01    1.7291E+01    1.2248E+01    7.0197E+01    5.0444E+01    1.4367E+01    4.4949E+00    1.6250E+01    6.4648E+00    7.3729E+00   
 3.6801E+02    4.4502E+01    5.4980E+01    2.1329E+01    1.7257E+01    1.2239E+01    7.0193E+01    5.0445E+01    1.4345E+01    4.4949E+00    1.6392E+01    6.5004E+00    7.4015E+00   
 3.6852E+02    4.4507E+01    5.4998E+01    2.1221E+01    1.7162E+01    1.2239E+01    7.0208E+01    5.0440E+01    1.4358E+01    4.4949E+00    1.6351E+01    6.6124E+00    7.3443E+00   
 3.6908E+02    4.4500E+01    5.4989E+01    2.1221E+01    1.7280E+01    1.2256E+01    7.0209E+01    5.0438E+01    1.4358E+01    4.5153E+00    1.6372E+01    6.6073E+00    7.3443E+00   
 3.6958E+02    4.4512E+01    5.4989E+01    2.1211E+01    1.7318E+01    1.2293E+01    7.0222E+01    5.0463E+01    1.4370E+01    4.4949E+00    1.6331E+01    6.5259E+00    7.4015E+00   
 3.7009E+02    4.4501E+01    5.4986E+01    2.1018E+01    1.7307E+01    1.2319E+01    7.0222E+01    5.0448E+01    1.4373E+01    4.4949E+00    1.6392E+01    6.6124E+00    7.3729E+00   
 3.7059E+02    4.4516E+01    5.5005E+01    2.0881E+01    1.7323E+01    1.2360E+01    7.0217E+01    5.0463E+01    1.4389E+01    4.4949E+00    1.6331E+01    6.4495E+00    7.4015E+00   
 3.7116E+02    4.4505E+01    5.4998E+01    2.0820E+01    1.7201E+01    1.2368E+01    7.0265E+01    5.0460E+01    1.4380E+01    4.4949E+00    1.6270E+01    6.5360E+00    7.4015E+00   
 3.7166E+02    4.4497E+01    5.5008E+01    2.0607E+01    1.7228E+01    1.2384E+01    7.0276E+01    5.0470E+01    1.4396E+01    4.4949E+00    1.6351E+01    6.4597E+00    7.3729E+00   
 3.7217E+02    4.4512E+01    5.5008E+01    2.0607E+01    1.7072E+01    1.2405E+01    7.0260E+01    5.0477E+01    1.4396E+01    4.5153E+00    1.6290E+01    6.4597E+00    7.4299E+00   
 3.7268E+02    4.4514E+01    5.4987E+01    2.0466E+01    1.7054E+01    1.2452E+01    7.0288E+01    5.0484E+01    1.4403E+01    4.5153E+00    1.6270E+01    6.3986E+00    7.3729E+00   
 3.7323E+02    4.4511E+01    5.4995E+01    2.0653E+01    1.7086E+01    1.2479E+01    7.0288E+01    5.0484E+01    1.4413E+01    4.4949E+00    1.6412E+01    6.4495E+00    7.4299E+00   
 3.7374E+02    4.4511E+01    5.5011E+01    2.0713E+01    1.7086E+01    1.2491E+01    7.0286E+01    5.0484E+01    1.4425E+01    4.5153E+00    1.6351E+01    6.6022E+00    7.4015E+00   
 3.7424E+02    4.4522E+01    5.5020E+01    2.1091E+01    1.7027E+01    1.2491E+01    7.0291E+01    5.0480E+01    1.4417E+01    4.5153E+00    1.6290E+01    6.4088E+00    7.4299E+00   
 3.7475E+02    4.4526E+01    5.5023E+01    2.1091E+01    1.7074E+01    1.2527E+01    7.0286E+01    5.0480E+01    1.4417E+01    4.5153E+00    1.6474E+01    6.5106E+00    7.4299E+00   
 3.7533E+02    4.4516E+01    5.5008E+01    2.1183E+01    1.7112E+01    1.2519E+01    7.0272E+01    5.0462E+01    1.4404E+01    4.4949E+00    1.6412E+01    6.4851E+00    7.3729E+00   
 3.7583E+02    4.4525E+01    5.5005E+01    2.1002E+01    1.7206E+01    1.2552E+01    7.0290E+01    5.0463E+01    1.4408E+01    4.4949E+00    1.6412E+01    6.4037E+00    7.3729E+00   
 3.7634E+02    4.4521E+01    5.5035E+01    2.0718E+01    1.7206E+01    1.2590E+01    7.0290E+01    5.0463E+01    1.4410E+01    4.4949E+00    1.6290E+01    6.3833E+00    7.4015E+00   
# Time (s)      T1w (C)       T2w (C)       T1a (C)       T2a (C)       T1r (C)       T2r (C)       T3r (C)       T4r (C)       P1 (bar)      P2 (bar)      Ic (amp)      Qc (l/min)    
 3.7685E+02    4.4521E+01    5.5025E+01    2.0573E+01    1.7220E+01    1.2600E+01    7.0296E+01    5.0465E+01    1.4414E+01    4.5153E+00    1.6453E+01    6.5869E+00    7.3729E+00   
 3.7740E+02    4.4524E+01    5.5017E+01    2.0548E+01    1.7182E+01    1.2563E+01    7.0281E+01    5.0448E+01    1.4403E+01    4.4949E+00    1.6392E+01    6.6073E+00    7.3729E+00   
 3.7791E+02    4.4505E+01    5.5030E+01    2.0548E+01    1.7142E+01    1.2563E+01    7.0276E+01    5.0453E+01    1.4390E+01    4.4949E+00    1.6433E+01    6.4444E+00    7.4299E+00   
 3.7841E+02    4.4523E+01    5.5030E+01    2.0799E+01    1.7152E+01    1.2567E+01    7.0283E+01    5.0443E+01    1.4390E+01    4.4949E+00    1.6392E+01    6.4750E+00    7.3443E+00   
 3.7892E+02    4.4518E+01    5.5027E+01    2.0940E+01    1.7149E+01    1.2577E+01    7.0283E+01    5.0451E+01    1.4414E+01    4.4949E+00    1.6392E+01    6.5055E+00    7.4299E+00   
 3.7950E+02    4.4500E+01    5.5026E+01    2.0546E+01    1.7154E+01    1.2588E+01    7.0299E+01    5.0472E+01    1.4438E+01    4.4949E+00    1.6372E+01    6.5819E+00    7.3729E+00   
 3.8001E+02    4.4500E+01    5.5031E+01    2.0377E+01    1.7154E+01    1.2582E+01    7.0303E+01    5.0472E+01    1.4425E+01    4.5153E+00    1.6453E+01    6.3986E+00    7.4582E+00   
 3.8051E+02    4.4496E+01    5.5010E+01    2.0566E+01    1.7071E+01    1.2566E+01    7.0283E+01    5.0465E+01    1.4402E+01    4.4949E+00    1.6331E+01    6.4953E+00    7.4299E+00   
 3.8102E+02    4.4486E+01    5.5010E+01    2.0566E+01    1.7030E+01    1.2566E+01    7.0275E+01    5.0475E+01    1.4402E+01    4.5153E+00    1.6433E+01    6.3986E+00    7.4299E+00   
 3.8158E+02    4.4466E+01    5.4995E+01    2.0585E+01    1.6879E+01    1.2552E+01    7.0271E+01    5.0486E+01    1.4391E+01    4.4949E+00    1.6290E+01    6.4851E+00    7.3729E+00   
 3.8209E+02    4.4473E+01    5.5005E+01    2.0707E+01    1.6920E+01    1.2571E+01    7.0271E+01    5.0482E+01    1.4393E+01    4.4949E+00    1.6311E+01    6.3884E+00    7.3729E+00   
 3.8260E+02    4.4458E+01    5.4966E+01    2.0820E+01    1.6904E+01    1.2582E+01    7.0252E+01    5.0467E+01    1.4379E+01    4.4949E+00    1.6290E+01    6.3833E+00    7.3729E+00   
 3.8310E+02    4.4448E+01    5.4994E+01    2.0980E+01    1.7086E+01    1.2630E+01    7.0270E+01    5.0451E+01    1.4384E+01    4.4949E+00    1.6392E+01    6.5819E+00    7.3729E+00   
 3.8369E+02    4.4455E+01    5.4982E+01    2.1217E+01    1.7030E+01    1.2627E+01    7.0278E+01    5.0452E+01    1.4381E+01    4.4949E+00    1.6392E+01    6.6073E+00    7.3443E+00   
 3.8419E+02    4.4457E+01    5.5004E+01    2.1217E+01    1.7021E+01    1.2627E+01    7.0274E+01    5.0457E+01    1.4381E+01    4.4949E+00    1.6351E+01    6.5666E+00    7.3729E+00   
 3.8470E+02    4.4455E+01    5.5004E+01    2.1420E+01    1.7180E+01    1.2639E+01    7.0297E+01    5.0455E+01    1.4370E+01    4.4949E+00    1.6311E+01    6.4546E+00    7.3729E+00   
 3.8521E+02    4.4460E+01    5.4996E+01    2.1396E+01    1.7142E+01    1.2653E+01    7.0297E+01    5.0444E+01    1.4375E+01    4.4949E+00    1.6494E+01    6.5360E+00    7.3729E+00   
 3.8576E+02    4.4470E+01    5.5012E+01    2.1299E+01    1.7142E+01    1.2650E+01    7.0299E+01    5.0444E+01    1.4392E+01    4.4949E+00    1.6351E+01    6.5717E+00    7.3729E+00   
 3.8627E+02    4.4470E+01    5.5011E+01    2.1089E+01    1.7145E+01    1.2597E+01    7.0301E+01    5.0442E+01    1.4395E+01    4.4949E+00    1.6372E+01    6.6022E+00    7.3729E+00   
 3.8677E+02    4.4463E+01    5.4996E+01    2.0959E+01    1.7166E+01    1.2597E+01    7.0318E+01    5.0456E+01    1.4395E+01    4.4949E+00    1.6351E+01    6.6073E+00    7.3729E+00   
 3.8728E+02    4.4474E+01    5.4996E+01    2.0959E+01    1.7154E+01    1.2634E+01    7.0335E+01    5.0451E+01    1.4395E+01    4.4949E+00    1.6351E+01    6.4750E+00    7.4299E+00   
 3.8788E+02    4.4469E+01    5.5017E+01    2.0860E+01    1.7080E+01    1.2629E+01    7.0327E+01    5.0432E+01    1.4404E+01    4.4949E+00    1.6351E+01    6.4037E+00    7.3443E+00   
 3.8838E+02    4.4474E+01    5.4996E+01    2.0882E+01    1.7160E+01    1.2586E+01    7.0327E+01    5.0444E+01    1.4402E+01    4.4949E+00    1.6290E+01    6.3935E+00    7.3443E+00   
 3.8889E+02    4.4474E+01    5.5017E+01    2.0910E+01    1.7160E+01    1.2557E+01    7.0334E+01    5.0444E+01    1.4421E+01    4.4949E+00    1.6270E+01    6.3884E+00    7.4015E+00   
 3.8939E+02    4.4479E+01    5.5003E+01    2.0940E+01    1.7185E+01    1.2557E+01    7.0329E+01    5.0447E+01    1.4413E+01    4.5153E+00    1.6474E+01    6.5768E+00    7.4299E+00   
 3.8997E+02    4.4476E+01    5.4998E+01    2.0998E+01    1.7134E+01    1.2576E+01    7.0330E+01    5.0460E+01    1.4442E+01    4.5153E+00    1.6412E+01    6.5513E+00    7.3729E+00   
 3.9048E+02    4.4474E+01    5.4995E+01    2.0998E+01    1.7168E+01    1.2560E+01    7.0308E+01    5.0444E+01    1.4417E+01    4.5153E+00    1.6290E+01    6.4444E+00    7.3729E+00   
 3.9098E+02    4.4463E+01    5.4995E+01    2.1285E+01    1.7291E+01    1.2575E+01    7.0290E+01    5.0439E+01    1.4417E+01    4.5153E+00    1.6372E+01    6.5666E+00    7.3729E+00   
 3.9149E+02    4.4462E+01    5.5000E+01    2.1450E+01    1.7286E+01    1.2556E+01    7.0275E+01    5.0434E+01    1.4421E+01    4.5153E+00    1.6474E+01    6.5360E+00    7.3729E+00   
 3.9206E+02    4.4466E+01    5.5008E+01    2.1366E+01    1.7286E+01    1.2590E+01    7.0297E+01    5.0435E+01    1.4435E+01    4.5153E+00    1.6351E+01    6.5819E+00    7.3729E+00   
# Time (s)      T1w (C)       T2w (C)       T1a (C)       T2a (C)       T1r (C)       T2r (C)       T3r (C)       T4r (C)       P1 (bar)      P2 (bar)      Ic (amp)      Qc (l/min)    
 3.9256E+02    4.4451E+01    5.4997E+01    2.1212E+01    1.7268E+01    1.2602E+01    7.0292E+01    5.0435E+01    1.4438E+01    4.5153E+00    1.6331E+01    6.4800E+00    7.3729E+00   
 3.9307E+02    4.4433E+01    5.4986E+01    2.1152E+01    1.7293E+01    1.2602E+01    7.0290E+01    5.0448E+01    1.4446E+01    4.5153E+00    1.6311E+01    6.3986E+00    7.4015E+00   
 3.9358E+02    4.4444E+01    5.4986E+01    2.1152E+01    1.7314E+01    1.2566E+01    7.0311E+01    5.0438E+01    1.4446E+01    4.5153E+00    1.6453E+01    6.6124E+00    7.3443E+00   
 3.9417E+02    4.4453E+01    5.4990E+01    2.1163E+01    1.7395E+01    1.2532E+01    7.0302E+01    5.0448E+01    1.4451E+01    4.5153E+00    1.6372E+01    6.6124E+00    7.4015E+00   
 3.9468E+02    4.4431E+01    5.4978E+01    2.1179E+01    1.7348E+01    1.2480E+01    7.0302E+01    5.0447E+01    1.4489E+01    4.5153E+00    1.6412E+01    6.4190E+00    7.4015E+00   
 3.9518E+02    4.4431E+01    5.4968E+01    2.1212E+01    1.7348E+01    1.2483E+01    7.0296E+01    5.0447E+01    1.4487E+01    4.5357E+00    1.6453E+01    6.6073E+00    7.3729E+00   
 3.9569E+02    4.4445E+01    5.4976E+01    2.1213E+01    1.7351E+01    1.2494E+01    7.0296E+01    5.0468E+01    1.4508E+01    4.5153E+00    1.6290E+01    6.4546E+00    7.4015E+00   
 3.9626E+02    4.4422E+01    5.4968E+01    2.1069E+01    1.7391E+01    1.2508E+01    7.0297E+01    5.0458E+01    1.4492E+01    4.5153E+00    1.6311E+01    6.3935E+00    7.4582E+00   
 3.9676E+02    4.4433E+01    5.4981E+01    2.1069E+01    1.7308E+01    1.2508E+01    7.0318E+01    5.0471E+01    1.4492E+01    4.5153E+00    1.6331E+01    6.4342E+00    7.3729E+00   
 3.9727E+02    4.4429E+01    5.4981E+01    2.0832E+01    1.7288E+01    1.2545E+01    7.0310E+01    5.0476E+01    1.4505E+01    4.5153E+00    1.6372E+01    6.5564E+00    7.3729E+00   
 3.9778E+02    4.4422E+01    5.4964E+01    2.0587E+01    1.7241E+01    1.2573E+01    7.0296E+01    5.0483E+01    1.4492E+01    4.5153E+00    1.6474E+01    6.4037E+00    7.3729E+00   
 3.9838E+02    4.4419E+01    5.4961E+01    2.0502E+01    1.7230E+01    1.2603E+01    7.0291E+01    5.0454E+01    1.4498E+01    4.5153E+00    1.6351E+01    6.4240E+00    7.4299E+00   
 3.9888E+02    4.4419E+01    5.4946E+01    2.0593E+01    1.7230E+01    1.2666E+01    7.0330E+01    5.0469E+01    1.4516E+01    4.5357E+00    1.6453E+01    6.4088E+00    7.3729E+00   
 3.9939E+02    4.4412E+01    5.4949E+01    2.0624E+01    1.7215E+01    1.2666E+01    7.0306E+01    5.0476E+01    1.4509E+01    4.5153E+00    1.6474E+01    6.4037E+00    7.4015E+00   
 3.9989E+02    4.4394E+01    5.4935E+01    2.0608E+01    1.7196E+01    1.2685E+01    7.0305E+01    5.0463E+01    1.4493E+01    4.5357E+00    1.6474E+01    6.4342E+00    7.4015E+00   
 4.0047E+02    4.4402E+01    5.4961E+01    2.0804E+01    1.7274E+01    1.2683E+01    7.0292E+01    5.0461E+01    1.4492E+01    4.5153E+00    1.6290E+01    6.4037E+00    7.3729E+00   
 4.0097E+02    4.4417E+01    5.4956E+01    2.0816E+01    1.7269E+01    1.2716E+01    7.0292E+01    5.0472E+01    1.4486E+01    4.5153E+00    1.6474E+01    6.5208E+00    7.4015E+00   
 4.0148E+02    4.4417E+01    5.4967E+01    2.0870E+01    1.7269E+01    1.2796E+01    7.0306E+01    5.0487E+01    1.4497E+01    4.5357E+00    1.6514E+01    6.4851E+00    7.3155E+00   
 4.0199E+02    4.4427E+01    5.4974E+01    2.0768E+01    1.7247E+01    1.2888E+01    7.0321E+01    5.0465E+01    1.4510E+01    4.5153E+00    1.6311E+01    6.4444E+00    7.4015E+00   
 4.0255E+02    4.4414E+01    5.4974E+01    2.0628E+01    1.7292E+01    1.2872E+01    7.0317E+01    5.0448E+01    1.4492E+01    4.5153E+00    1.6331E+01    6.4037E+00    7.3443E+00   
 4.0305E+02    4.4415E+01    5.4978E+01    2.0628E+01    1.7220E+01    1.2952E+01    7.0334E+01    5.0453E+01    1.4492E+01    4.5357E+00    1.6351E+01    6.5564E+00    7.4299E+00   
 4.0356E+02    4.4415E+01    5.4978E+01    2.0590E+01    1.7201E+01    1.2896E+01    7.0326E+01    5.0459E+01    1.4493E+01    4.5153E+00    1.6392E+01    6.4393E+00    7.3729E+00   
 4.0407E+02    4.4416E+01    5.4974E+01    2.0590E+01    1.7256E+01    1.2852E+01    7.0326E+01    5.0463E+01    1.4480E+01    4.5153E+00    1.6474E+01    6.5666E+00    7.3443E+00   
 4.0467E+02    4.4376E+01    5.4954E+01    2.0522E+01    1.7099E+01    1.2823E+01    7.0343E+01    5.0469E+01    1.4471E+01    4.5153E+00    1.6392E+01    6.5971E+00    7.3155E+00   
 4.0517E+02    4.4376E+01    5.4955E+01    2.0466E+01    1.7099E+01    1.2841E+01    7.0347E+01    5.0469E+01    1.4472E+01    4.5153E+00    1.6372E+01    6.4240E+00    7.4015E+00   
 4.0568E+02    4.4372E+01    5.4947E+01    2.0422E+01    1.7164E+01    1.2825E+01    7.0337E+01    5.0434E+01    1.4460E+01    4.5153E+00    1.6392E+01    6.6175E+00    7.4015E+00   
 4.0619E+02    4.4377E+01    5.4947E+01    2.0422E+01    1.7129E+01    1.2775E+01    7.0359E+01    5.0456E+01    1.4460E+01    4.5153E+00    1.6474E+01    6.3986E+00    7.3729E+00   
 4.0679E+02    4.4372E+01    5.4954E+01    2.0544E+01    1.6977E+01    1.2723E+01    7.0344E+01    5.0449E+01    1.4443E+01    4.5153E+00    1.6351E+01    6.4088E+00    7.4015E+00   
 4.0730E+02    4.4372E+01    5.4932E+01    2.0623E+01    1.6979E+01    1.2701E+01    7.0370E+01    5.0433E+01    1.4459E+01    4.5153E+00    1.6433E+01    6.4139E+00    7.4015E+00   
 4.0780E+02    4.4392E+01    5.4938E+01    2.0947E+01    1.7096E+01    1.2702E+01    7.0370E+01    5.0458E+01    1.4460E+01    4.5153E+00    1.6474E+01    6.3986E+00    7.4015E+00   
# Time (s)      T1w (C)       T2w (C)       T1a (C)       T2a (C)       T1r (C)       T2r (C)       T3r (C)       T4r (C)       P1 (bar)      P2 (bar)      Ic (amp)      Qc (l/min)    
 4.0831E+02    4.4392E+01    5.4941E+01    2.1032E+01    1.7096E+01    1.2691E+01    7.0373E+01    5.0458E+01    1.4473E+01    4.5153E+00    1.6290E+01    6.4495E+00    7.4015E+00   
 4.0889E+02    4.4372E+01    5.4947E+01    2.0959E+01    1.7105E+01    1.2713E+01    7.0376E+01    5.0451E+01    1.4479E+01    4.5153E+00    1.6351E+01    6.4648E+00    7.3729E+00   
 4.0940E+02    4.4398E+01    5.4944E+01    2.0875E+01    1.7231E+01    1.2713E+01    7.0375E+01    5.0461E+01    1.4467E+01    4.5153E+00    1.6474E+01    6.3986E+00    7.3729E+00   
 4.0990E+02    4.4382E+01    5.4959E+01    2.0891E+01    1.7251E+01    1.2754E+01    7.0391E+01    5.0468E+01    1.4467E+01    4.4949E+00    1.6392E+01    6.6124E+00    7.4299E+00   
 4.1041E+02    4.4397E+01    5.4965E+01    2.0706E+01    1.7275E+01    1.2690E+01    7.0391E+01    5.0474E+01    1.4491E+01    4.4949E+00    1.6351E+01    6.5055E+00    7.3443E+00   
 4.1096E+02    4.4381E+01    5.4949E+01    2.0581E+01    1.7307E+01    1.2566E+01    7.0394E+01    5.0468E+01    1.4504E+01    4.5153E+00    1.6372E+01    6.4088E+00    7.3729E+00   
 4.1146E+02    4.4381E+01    5.4950E+01    2.0709E+01    1.7307E+01    1.2534E+01    7.0419E+01    5.0468E+01    1.4526E+01    4.5153E+00    1.6270E+01    6.5157E+00    7.4015E+00   
 4.1197E+02    4.4371E+01    5.4957E+01    2.0774E+01    1.7261E+01    1.2534E+01    7.0436E+01    5.0475E+01    1.4564E+01    4.4949E+00    1.6372E+01    6.4597E+00    7.3443E+00   
 4.1247E+02    4.4386E+01    5.4955E+01    2.0774E+01    1.7067E+01    1.2482E+01    7.0434E+01    5.0494E+01    1.4564E+01    4.5153E+00    1.6412E+01    6.5819E+00    7.4015E+00   
 4.1305E+02    4.4383E+01    5.4940E+01    2.0787E+01    1.7039E+01    1.2477E+01    7.0467E+01    5.0502E+01    1.4560E+01    4.5153E+00    1.6433E+01    6.4291E+00    7.4015E+00   
 4.1356E+02    4.4370E+01    5.4938E+01    2.0654E+01    1.7246E+01    1.2469E+01    7.0467E+01    5.0504E+01    1.4567E+01    4.4949E+00    1.6372E+01    6.4393E+00    7.4015E+00   
 4.1406E+02    4.4365E+01    5.4945E+01    2.0654E+01    1.7246E+01    1.2459E+01    7.0477E+01    5.0504E+01    1.4594E+01    4.5153E+00    1.6351E+01    6.5615E+00    7.4299E+00   
 4.1457E+02    4.4365E+01    5.4938E+01    2.0751E+01    1.7232E+01    1.2501E+01    7.0467E+01    5.0509E+01    1.4595E+01    4.5153E+00    1.6372E+01    6.5208E+00    7.4015E+00   
 4.1513E+02    4.4388E+01    5.4952E+01    2.0666E+01    1.7330E+01    1.2501E+01    7.0480E+01    5.0531E+01    1.4607E+01    4.5153E+00    1.6392E+01    6.6124E+00    7.3729E+00   
 4.1563E+02    4.4394E+01    5.4938E+01    2.0666E+01    1.7294E+01    1.2523E+01    7.0478E+01    5.0535E+01    1.4598E+01    4.5153E+00    1.6331E+01    6.4037E+00    7.4299E+00   
 4.1614E+02    4.4403E+01    5.4938E+01    2.0695E+01    1.7328E+01    1.2545E+01    7.0483E+01    5.0545E+01    1.4598E+01    4.5153E+00    1.6474E+01    6.4037E+00    7.4015E+00   
 4.1664E+02    4.4411E+01    5.4957E+01    2.0640E+01    1.7228E+01    1.2553E+01    7.0483E+01    5.0562E+01    1.4604E+01    4.5153E+00    1.6453E+01    6.3986E+00    7.3729E+00   
 4.1723E+02    4.4418E+01    5.4976E+01    2.0464E+01    1.7228E+01    1.2606E+01    7.0472E+01    5.0557E+01    1.4616E+01    4.5153E+00    1.6290E+01    6.5564E+00    7.3443E+00   
 4.1774E+02    4.4418E+01    5.4977E+01    2.0487E+01    1.7165E+01    1.2641E+01    7.0498E+01    5.0572E+01    1.4620E+01    4.5153E+00    1.6270E+01    6.4495E+00    7.4015E+00   
 4.1824E+02    4.4417E+01    5.4991E+01    2.0475E+01    1.7122E+01    1.2641E+01    7.0492E+01    5.0567E+01    1.4647E+01    4.5153E+00    1.6433E+01    6.5564E+00    7.4015E+00   
 4.1875E+02    4.4421E+01    5.4967E+01    2.0475E+01    1.7147E+01    1.2624E+01    7.0514E+01    5.0572E+01    1.4647E+01    4.5153E+00    1.6372E+01    6.5360E+00    7.4015E+00   
 4.1932E+02    4.4411E+01    5.4967E+01    2.0442E+01    1.7291E+01    1.2632E+01    7.0501E+01    5.0576E+01    1.4639E+01    4.5357E+00    1.6351E+01    6.4139E+00    7.4015E+00   
 4.1983E+02    4.4429E+01    5.5003E+01    2.0403E+01    1.7359E+01    1.2677E+01    7.0501E+01    5.0590E+01    1.4627E+01    4.5153E+00    1.6412E+01    6.6226E+00    7.3729E+00   
 4.2033E+02    4.4429E+01    5.5005E+01    2.0452E+01    1.7359E+01    1.2704E+01    7.0514E+01    5.0590E+01    1.4632E+01    4.5357E+00    1.6351E+01    6.4393E+00    7.3729E+00   
 4.2084E+02    4.4424E+01    5.4984E+01    2.0448E+01    1.7260E+01    1.2714E+01    7.0507E+01    5.0597E+01    1.4648E+01    4.5153E+00    1.6433E+01    6.4037E+00    7.3729E+00   
 4.2143E+02    4.4412E+01    5.4976E+01    2.0463E+01    1.7296E+01    1.2682E+01    7.0515E+01    5.0599E+01    1.4636E+01    4.5153E+00    1.6331E+01    6.3935E+00    7.4299E+00   
 4.2194E+02    4.4411E+01    5.4982E+01    2.0463E+01    1.7339E+01    1.2666E+01    7.0496E+01    5.0589E+01    1.4625E+01    4.5153E+00    1.6433E+01    6.5411E+00    7.4299E+00   
 4.2244E+02    4.4422E+01    5.4982E+01    2.0530E+01    1.7329E+01    1.2619E+01    7.0488E+01    5.0580E+01    1.4625E+01    4.5153E+00    1.6453E+01    6.4800E+00    7.4582E+00   
 4.2295E+02    4.4413E+01    5.4967E+01    2.0702E+01    1.7194E+01    1.2603E+01    7.0488E+01    5.0590E+01    1.4631E+01    4.5357E+00    1.6270E+01    6.4648E+00    7.3155E+00   
 4.2351E+02    4.4409E+01    5.4980E+01    2.0693E+01    1.7194E+01    1.2597E+01    7.0478E+01    5.0582E+01    1.4639E+01    4.5357E+00    1.6331E+01    6.4037E+00    7.2866E+00   
# Time (s)      T1w (C)       T2w (C)       T1a (C)       T2a (C)       T1r (C)       T2r (C)       T3r (C)       T4r (C)       P1 (bar)      P2 (bar)      Ic (amp)      Qc (l/min)    
 4.2402E+02    4.4409E+01    5.4996E+01    2.0676E+01    1.7306E+01    1.2595E+01    7.0512E+01    5.0582E+01    1.4635E+01    4.5153E+00    1.6392E+01    6.5666E+00    7.4299E+00   
 4.2453E+02    4.4423E+01    5.4980E+01    2.0695E+01    1.7338E+01    1.2595E+01    7.0513E+01    5.0596E+01    1.4647E+01    4.5153E+00    1.6372E+01    6.4037E+00    7.3729E+00   
 4.2504E+02    4.4422E+01    5.4980E+01    2.0711E+01    1.7364E+01    1.2610E+01    7.0532E+01    5.0599E+01    1.4661E+01    4.5153E+00    1.6372E+01    6.5920E+00    7.3729E+00   
 4.2561E+02    4.4419E+01    5.4980E+01    2.0727E+01    1.7242E+01    1.2618E+01    7.0506E+01    5.0607E+01    1.4661E+01    4.5153E+00    1.6270E+01    6.4546E+00    7.4299E+00   
 4.2612E+02    4.4423E+01    5.4980E+01    2.0734E+01    1.7337E+01    1.2648E+01    7.0521E+01    5.0623E+01    1.4667E+01    4.5153E+00    1.6474E+01    6.4088E+00    7.3729E+00   
 4.2663E+02    4.4423E+01    5.4982E+01    2.0697E+01    1.7337E+01    1.2641E+01    7.0547E+01    5.0605E+01    1.4666E+01    4.5153E+00    1.6474E+01    6.4037E+00    7.3729E+00   
 4.2713E+02    4.4419E+01    5.4975E+01    2.0569E+01    1.7398E+01    1.2631E+01    7.0550E+01    5.0620E+01    1.4701E+01    4.5153E+00    1.6412E+01    6.4953E+00    7.4015E+00   
 4.2769E+02    4.4423E+01    5.4993E+01    2.0997E+01    1.7314E+01    1.2647E+01    7.0565E+01    5.0634E+01    1.4693E+01    4.5357E+00    1.6392E+01    6.6124E+00    7.3443E+00   
 4.2819E+02    4.4436E+01    5.4995E+01    2.0997E+01    1.7388E+01    1.2662E+01    7.0558E+01    5.0635E+01    1.4691E+01    4.5357E+00    1.6331E+01    6.4037E+00    7.3443E+00   
 4.2870E+02    4.4418E+01    5.4995E+01    2.1260E+01    1.7337E+01    1.2660E+01    7.0548E+01    5.0629E+01    1.4691E+01    4.5357E+00    1.6290E+01    6.4597E+00    7.4015E+00   
 4.2921E+02    4.4409E+01    5.4973E+01    2.1316E+01    1.7247E+01    1.2652E+01    7.0548E+01    5.0605E+01    1.4705E+01    4.5357E+00    1.6311E+01    6.5259E+00    7.4015E+00   
 4.2979E+02    4.4413E+01    5.4978E+01    2.0978E+01    1.7247E+01    1.2643E+01    7.0552E+01    5.0632E+01    1.4675E+01    4.5153E+00    1.6311E+01    6.4088E+00    7.3729E+00   
 4.3030E+02    4.4413E+01    5.4998E+01    2.0757E+01    1.7254E+01    1.2638E+01    7.0564E+01    5.0632E+01    1.4677E+01    4.5357E+00    1.6290E+01    6.5717E+00    7.3443E+00   
 4.3081E+02    4.4407E+01    5.4981E+01    2.0691E+01    1.7270E+01    1.2638E+01    7.0591E+01    5.0622E+01    1.4676E+01    4.5153E+00    1.6453E+01    6.5055E+00    7.4015E+00   
 4.3132E+02    4.4422E+01    5.4981E+01    2.0691E+01    1.7285E+01    1.2633E+01    7.0578E+01    5.0622E+01    1.4670E+01    4.5357E+00    1.6474E+01    6.4444E+00    7.4299E+00   
 4.3186E+02    4.4425E+01    5.4998E+01    2.0572E+01    1.7189E+01    1.2666E+01    7.0583E+01    5.0603E+01    1.4670E+01    4.5357E+00    1.6392E+01    6.6175E+00    7.4015E+00   
 4.3237E+02    4.4421E+01    5.4999E+01    2.0459E+01    1.7202E+01    1.2693E+01    7.0583E+01    5.0609E+01    1.4672E+01    4.5357E+00    1.6290E+01    6.4750E+00    7.4015E+00   
 4.3288E+02    4.4421E+01    5.4988E+01    2.0392E+01    1.7202E+01    1.2739E+01    7.0590E+01    5.0609E+01    1.4639E+01    4.5357E+00    1.6372E+01    6.5106E+00    7.3729E+00   
 4.3339E+02    4.4430E+01    5.4981E+01    2.0447E+01    1.7233E+01    1.2757E+01    7.0588E+01    5.0596E+01    1.4640E+01    4.5357E+00    1.6372E+01    6.4444E+00    7.4299E+00   
 4.3398E+02    4.4406E+01    5.4965E+01    2.0582E+01    1.7219E+01    1.2757E+01    7.0603E+01    5.0586E+01    1.4640E+01    4.5357E+00    1.6351E+01    6.4037E+00    7.4299E+00   
 4.3448E+02    4.4413E+01    5.4970E+01    2.0582E+01    1.7229E+01    1.2747E+01    7.0596E+01    5.0570E+01    1.4624E+01    4.5153E+00    1.6433E+01    6.5462E+00    7.4015E+00   
 4.3499E+02    4.4394E+01    5.4970E+01    2.0624E+01    1.7244E+01    1.2740E+01    7.0623E+01    5.0593E+01    1.4639E+01    4.5153E+00    1.6474E+01    6.4546E+00    7.4015E+00   
 4.3550E+02    4.4404E+01    5.4975E+01    2.0640E+01    1.7299E+01    1.2701E+01    7.0623E+01    5.0583E+01    1.4636E+01    4.5153E+00    1.6372E+01    6.6226E+00    7.4015E+00   
 4.3605E+02    4.4404E+01    5.4974E+01    2.0692E+01    1.7299E+01    1.2678E+01    7.0619E+01    5.0583E+01    1.4618E+01    4.5357E+00    1.6331E+01    6.6226E+00    7.3729E+00   
 4.3655E+02    4.4401E+01    5.4984E+01    2.0654E+01    1.7343E+01    1.2655E+01    7.0618E+01    5.0583E+01    1.4629E+01    4.5153E+00    1.6372E+01    6.4851E+00    7.4015E+00   
 4.3706E+02    4.4412E+01    5.4987E+01    2.0595E+01    1.7269E+01    1.2655E+01    7.0633E+01    5.0574E+01    1.4611E+01    4.5153E+00    1.6494E+01    6.4291E+00    7.4015E+00   
 4.3757E+02    4.4408E+01    5.4987E+01    2.0595E+01    1.7277E+01    1.2613E+01    7.0629E+01    5.0573E+01    1.4611E+01    4.5153E+00    1.6311E+01    6.4291E+00    7.4299E+00   
 4.3814E+02    4.4403E+01    5.5005E+01    2.0665E+01    1.7390E+01    1.2599E+01    7.0632E+01    5.0575E+01    1.4638E+01    4.5153E+00    1.6331E+01    6.4240E+00    7.3729E+00   
 4.3864E+02    4.4413E+01    5.5005E+01    2.0778E+01    1.7299E+01    1.2582E+01    7.0632E+01    5.0565E+01    1.4626E+01    4.5153E+00    1.6331E+01    6.4037E+00    7.3729E+00   
 4.3915E+02    4.4398E+01    5.4993E+01    2.0898E+01    1.7283E+01    1.2603E+01    7.0633E+01    5.0565E+01    1.4633E+01    4.5357E+00    1.6494E+01    6.4139E+00    7.4015E+00   
# Time (s)      T1w (C)       T2w (C)       T1a (C)       T2a (C)       T1r (C)       T2r (C)       T3r (C)       T4r (C)       P1 (bar)      P2 (bar)      Ic (amp)      Qc (l/min)    
 4.3966E+02    4.4401E+01    5.4998E+01    2.1021E+01    1.7267E+01    1.2603E+01    7.0624E+01    5.0563E+01    1.4623E+01    4.5357E+00    1.6453E+01    6.4699E+00    7.3443E+00   
 4.4024E+02    4.4402E+01    5.4992E+01    2.0941E+01    1.7220E+01    1.2647E+01    7.0614E+01    5.0557E+01    1.4624E+01    4.5153E+00    1.6392E+01    6.4037E+00    7.3729E+00   
 4.4075E+02    4.4395E+01    5.4984E+01    2.0941E+01    1.7259E+01    1.2692E+01    7.0607E+01    5.0551E+01    1.4603E+01    4.5357E+00    1.6412E+01    6.5513E+00    7.3729E+00   
 4.4126E+02    4.4395E+01    5.4984E+01    2.0885E+01    1.7167E+01    1.2707E+01    7.0599E+01    5.0547E+01    1.4603E+01    4.5153E+00    1.6433E+01    6.5768E+00    7.3443E+00   
 4.4177E+02    4.4396E+01    5.4998E+01    2.0801E+01    1.7227E+01    1.2748E+01    7.0599E+01    5.0543E+01    1.4604E+01    4.5357E+00    1.6311E+01    6.4953E+00    7.4015E+00   
 4.4232E+02    4.4381E+01    5.4977E+01    2.0754E+01    1.7211E+01    1.2749E+01    7.0621E+01    5.0543E+01    1.4597E+01    4.5153E+00    1.6412E+01    6.4291E+00    7.4015E+00   
 4.4283E+02    4.4389E+01    5.4980E+01    2.0775E+01    1.7226E+01    1.2766E+01    7.0559E+01    5.0508E+01    1.4568E+01    4.5357E+00    1.6412E+01    6.6328E+00    7.4299E+00   
 4.4334E+02    4.4387E+01    5.4965E+01    2.0782E+01    1.7282E+01    1.2766E+01    7.0580E+01    5.0509E+01    1.4566E+01    4.5357E+00    1.6351E+01    6.3986E+00    7.4299E+00   
 4.4384E+02    4.4399E+01    5.4965E+01    2.0782E+01    1.7163E+01    1.2802E+01    7.0600E+01    5.0499E+01    1.4566E+01    4.5153E+00    1.6494E+01    6.5462E+00    7.4015E+00   
 4.4443E+02    4.4385E+01    5.4975E+01    2.0755E+01    1.7229E+01    1.2809E+01    7.0598E+01    5.0492E+01    1.4570E+01    4.5357E+00    1.6392E+01    6.5666E+00    7.3729E+00   
 4.4494E+02    4.4388E+01    5.4971E+01    2.0680E+01    1.7268E+01    1.2787E+01    7.0598E+01    5.0498E+01    1.4563E+01    4.5153E+00    1.6351E+01    6.4088E+00    7.4015E+00   
 4.4545E+02    4.4388E+01    5.4975E+01    2.0678E+01    1.7268E+01    1.2764E+01    7.0594E+01    5.0498E+01    1.4559E+01    4.5153E+00    1.6453E+01    6.5971E+00    7.4015E+00   
 4.4596E+02    4.4393E+01    5.4977E+01    2.0925E+01    1.7224E+01    1.2764E+01    7.0636E+01    5.0492E+01    1.4560E+01    4.5357E+00    1.6494E+01    6.5513E+00    7.4582E+00   
 4.4652E+02    4.4406E+01    5.4980E+01    2.1397E+01    1.7166E+01    1.2743E+01    7.0619E+01    5.0494E+01    1.4576E+01    4.5357E+00    1.6433E+01    6.6226E+00    7.3443E+00   
 4.4703E+02    4.4399E+01    5.4980E+01    2.1397E+01    1.7204E+01    1.2731E+01    7.0648E+01    5.0480E+01    1.4576E+01    4.5153E+00    1.6514E+01    6.4088E+00    7.3729E+00   
 4.4753E+02    4.4408E+01    5.4984E+01    2.1350E+01    1.7224E+01    1.2748E+01    7.0652E+01    5.0500E+01    1.4577E+01    4.5153E+00    1.6392E+01    6.4495E+00    7.3729E+00   
 4.4804E+02    4.4391E+01    5.4974E+01    2.1067E+01    1.7202E+01    1.2748E+01    7.0652E+01    5.0488E+01    1.4576E+01    4.5153E+00    1.6474E+01    6.5004E+00    7.4015E+00   
 4.4859E+02    4.4391E+01    5.4978E+01    2.1113E+01    1.7202E+01    1.2750E+01    7.0656E+01    5.0488E+01    1.4577E+01    4.5357E+00    1.6433E+01    6.6124E+00    7.4015E+00   
 4.4910E+02    4.4377E+01    5.4974E+01    2.1196E+01    1.7089E+01    1.2785E+01    7.0678E+01    5.0485E+01    1.4573E+01    4.5357E+00    1.6433E+01    6.6277E+00    7.3729E+00   
 4.4961E+02    4.4395E+01    5.4986E+01    2.1033E+01    1.7038E+01    1.2785E+01    7.0673E+01    5.0464E+01    1.4571E+01    4.5357E+00    1.6331E+01    6.4342E+00    7.4015E+00   
 4.5012E+02    4.4397E+01    5.4986E+01    2.1033E+01    1.7160E+01    1.2811E+01    7.0638E+01    5.0466E+01    1.4555E+01    4.5357E+00    1.6311E+01    6.4699E+00    7.3729E+00   
 4.5072E+02    4.4388E+01    5.4976E+01    2.1033E+01    1.7147E+01    1.2840E+01    7.0636E+01    5.0464E+01    1.4565E+01    4.5357E+00    1.6514E+01    6.4648E+00    7.3729E+00   
 4.5123E+02    4.4400E+01    5.4978E+01    2.0843E+01    1.7138E+01    1.2826E+01    7.0622E+01    5.0456E+01    1.4553E+01    4.5357E+00    1.6412E+01    6.5564E+00    7.4015E+00   
 4.5173E+02    4.4400E+01    5.4982E+01    2.0835E+01    1.7138E+01    1.2813E+01    7.0637E+01    5.0456E+01    1.4551E+01    4.5357E+00    1.6351E+01    6.4240E+00    7.3443E+00   
 4.5224E+02    4.4390E+01    5.4970E+01    2.0881E+01    1.7208E+01    1.2797E+01    7.0613E+01    5.0434E+01    1.4539E+01    4.5357E+00    1.6372E+01    6.4037E+00    7.3443E+00   
 4.5279E+02    4.4405E+01    5.4993E+01    2.0941E+01    1.7136E+01    1.2807E+01    7.0623E+01    5.0429E+01    1.4535E+01    4.5357E+00    1.6331E+01    6.5920E+00    7.3729E+00   
 4.5330E+02    4.4415E+01    5.4993E+01    2.0941E+01    1.7144E+01    1.2781E+01    7.0585E+01    5.0411E+01    1.4519E+01    4.5153E+00    1.6412E+01    6.4190E+00    7.3443E+00   
 4.5381E+02    4.4401E+01    5.4985E+01    2.0883E+01    1.7116E+01    1.2770E+01    7.0585E+01    5.0419E+01    1.4532E+01    4.5357E+00    1.6372E+01    6.4037E+00    7.4015E+00   
 4.5432E+02    4.4410E+01    5.4991E+01    2.0860E+01    1.7145E+01    1.2786E+01    7.0590E+01    5.0405E+01    1.4513E+01    4.5153E+00    1.6494E+01    6.4800E+00    7.4015E+00   
 4.5489E+02    4.4410E+01    5.4996E+01    2.0902E+01    1.7145E+01    1.2818E+01    7.0608E+01    5.0405E+01    1.4525E+01    4.5357E+00    1.6514E+01    6.4037E+00    7.3729E+00   
# Time (s)      T1w (C)       T2w (C)       T1a (C)       T2a (C)       T1r (C)       T2r (C)       T3r (C)       T4r (C)       P1 (bar)      P2 (bar)      Ic (amp)      Qc (l/min)    
 4.5540E+02    4.4430E+01    5.4992E+01    2.0898E+01    1.7216E+01    1.2809E+01    7.0605E+01    5.0420E+01    1.4524E+01    4.5357E+00    1.6474E+01    6.5208E+00    7.4015E+00   
 4.5591E+02    4.4422E+01    5.5000E+01    2.0933E+01    1.7254E+01    1.2809E+01    7.0612E+01    5.0414E+01    1.4508E+01    4.5357E+00    1.6331E+01    6.4393E+00    7.4299E+00   
 4.5641E+02    4.4422E+01    5.5000E+01    2.0933E+01    1.7266E+01    1.2848E+01    7.0608E+01    5.0411E+01    1.4508E+01    4.5357E+00    1.6412E+01    6.4240E+00    7.4015E+00   
 4.5701E+02    4.4452E+01    5.5016E+01    2.1198E+01    1.7297E+01    1.2883E+01    7.0616E+01    5.0415E+01    1.4506E+01    4.5357E+00    1.6331E+01    6.4699E+00    7.4015E+00   
 4.5752E+02    4.4448E+01    5.5023E+01    2.1328E+01    1.7429E+01    1.2890E+01    7.0616E+01    5.0426E+01    1.4515E+01    4.5153E+00    1.6412E+01    6.5259E+00    7.4299E+00   
 4.5803E+02    4.4437E+01    5.5015E+01    2.1222E+01    1.7429E+01    1.2944E+01    7.0621E+01    5.0426E+01    1.4505E+01    4.5153E+00    1.6433E+01    6.5920E+00    7.4015E+00   
 4.5854E+02    4.4437E+01    5.5018E+01    2.1187E+01    1.7368E+01    1.2962E+01    7.0645E+01    5.0406E+01    1.4501E+01    4.5153E+00    1.6412E+01    6.5411E+00    7.4015E+00   
 4.5915E+02    4.4406E+01    5.5005E+01    2.1161E+01    1.7281E+01    1.2962E+01    7.0653E+01    5.0418E+01    1.4509E+01    4.5357E+00    1.6392E+01    6.4190E+00    7.3729E+00   
 4.5966E+02    4.4418E+01    5.5020E+01    2.1302E+01    1.7288E+01    1.2896E+01    7.0641E+01    5.0400E+01    1.4508E+01    4.5153E+00    1.6351E+01    6.4291E+00    7.3729E+00   
 4.6017E+02    4.4418E+01    5.5005E+01    2.1286E+01    1.7352E+01    1.2872E+01    7.0639E+01    5.0407E+01    1.4492E+01    4.5153E+00    1.6433E+01    6.4291E+00    7.4015E+00   
 4.6067E+02    4.4415E+01    5.4978E+01    2.1269E+01    1.7386E+01    1.2886E+01    7.0639E+01    5.0416E+01    1.4481E+01    4.5153E+00    1.6392E+01    6.4139E+00    7.3729E+00   
 4.6123E+02    4.4408E+01    5.4981E+01    2.1145E+01    1.7441E+01    1.2912E+01    7.0649E+01    5.0392E+01    1.4486E+01    4.5153E+00    1.6453E+01    6.4037E+00    7.3729E+00   
 4.6174E+02    4.4408E+01    5.4988E+01    2.1093E+01    1.7441E+01    1.2942E+01    7.0650E+01    5.0392E+01    1.4477E+01    4.5153E+00    1.6474E+01    6.5971E+00    7.3729E+00   
 4.6225E+02    4.4389E+01    5.4982E+01    2.1102E+01    1.7319E+01    1.2942E+01    7.0670E+01    5.0385E+01    1.4480E+01    4.5153E+00    1.6412E+01    6.4037E+00    7.3729E+00   
 4.6276E+02    4.4421E+01    5.4981E+01    2.1102E+01    1.7412E+01    1.2880E+01    7.0677E+01    5.0405E+01    1.4484E+01    4.5153E+00    1.6412E+01    6.4393E+00    7.4015E+00   
 4.6332E+02    4.4411E+01    5.4981E+01    2.0878E+01    1.7396E+01    1.2873E+01    7.0655E+01    5.0382E+01    1.4468E+01    4.5153E+00    1.6474E+01    6.3935E+00    7.3729E+00   
 4.6382E+02    4.4428E+01    5.4996E+01    2.0843E+01    1.7362E+01    1.2932E+01    7.0655E+01    5.0379E+01    1.4474E+01    4.5153E+00    1.6331E+01    6.4902E+00    7.4015E+00   
 4.6433E+02    4.4437E+01    5.4985E+01    2.1155E+01    1.7378E+01    1.3039E+01    7.0688E+01    5.0397E+01    1.4495E+01    4.5153E+00    1.6412E+01    6.4750E+00    7.3443E+00   
 4.6484E+02    4.4437E+01    5.5014E+01    2.1239E+01    1.7270E+01    1.3130E+01    7.0695E+01    5.0397E+01    1.4486E+01    4.5153E+00    1.6392E+01    6.5717E+00    7.3155E+00   
 4.6540E+02    4.4466E+01    5.5022E+01    2.1382E+01    1.7297E+01    1.3130E+01    7.0714E+01    5.0408E+01    1.4498E+01    4.5153E+00    1.6494E+01    6.4648E+00    7.3729E+00   
 4.6590E+02    4.4459E+01    5.5020E+01    2.1382E+01    1.7420E+01    1.3208E+01    7.0700E+01    5.0404E+01    1.4509E+01    4.5153E+00    1.6412E+01    6.4088E+00    7.4015E+00   
 4.6641E+02    4.4467E+01    5.5035E+01    2.1204E+01    1.7415E+01    1.3223E+01    7.0681E+01    5.0393E+01    1.4494E+01    4.5153E+00    1.6331E+01    6.5819E+00    7.4015E+00   
 4.6692E+02    4.4459E+01    5.5034E+01    2.1072E+01    1.7476E+01    1.3203E+01    7.0681E+01    5.0391E+01    1.4478E+01    4.5153E+00    1.6494E+01    6.4190E+00    7.4015E+00   
 4.6749E+02    4.4484E+01    5.5054E+01    2.1013E+01    1.7491E+01    1.3219E+01    7.0700E+01    5.0421E+01    1.4520E+01    4.5153E+00    1.6474E+01    6.6175E+00    7.4015E+00   
 4.6799E+02    4.4484E+01    5.5049E+01    2.0914E+01    1.7472E+01    1.3167E+01    7.0682E+01    5.0421E+01    1.4531E+01    4.5153E+00    1.6351E+01    6.4190E+00    7.4015E+00   
 4.6850E+02    4.4471E+01    5.5044E+01    2.0845E+01    1.7534E+01    1.3167E+01    7.0690E+01    5.0426E+01    1.4561E+01    4.5357E+00    1.6514E+01    6.4037E+00    7.4299E+00   
 4.6901E+02    4.4483E+01    5.5044E+01    2.0845E+01    1.7404E+01    1.3072E+01    7.0703E+01    5.0433E+01    1.4561E+01    4.5153E+00    1.6474E+01    6.6277E+00    7.4864E+00   
 4.6959E+02    4.4463E+01    5.5023E+01    2.0880E+01    1.7382E+01    1.3035E+01    7.0690E+01    5.0451E+01    1.4578E+01    4.5153E+00    1.6331E+01    6.4750E+00    7.3729E+00   
 4.7010E+02    4.4443E+01    5.5021E+01    2.0790E+01    1.7325E+01    1.3017E+01    7.0690E+01    5.0467E+01    1.4587E+01    4.5153E+00    1.6474E+01    6.6226E+00    7.3729E+00   
 4.7061E+02    4.4474E+01    5.5017E+01    2.0922E+01    1.7325E+01    1.2967E+01    7.0695E+01    5.0463E+01    1.4606E+01    4.5153E+00    1.6351E+01    6.5920E+00    7.3729E+00   
# Time (s)      T1w (C)       T2w (C)       T1a (C)       T2a (C)       T1r (C)       T2r (C)       T3r (C)       T4r (C)       P1 (bar)      P2 (bar)      Ic (amp)      Qc (l/min)    
 4.7112E+02    4.4459E+01    5.5020E+01    2.1071E+01    1.7333E+01    1.2929E+01    7.0682E+01    5.0448E+01    1.4611E+01    4.5153E+00    1.6494E+01    6.5106E+00    7.4015E+00   
 4.7170E+02    4.4443E+01    5.5006E+01    2.0879E+01    1.7380E+01    1.2929E+01    7.0690E+01    5.0450E+01    1.4626E+01    4.5357E+00    1.6412E+01    6.4190E+00    7.4015E+00   
 4.7221E+02    4.4458E+01    5.5007E+01    2.0879E+01    1.7487E+01    1.2916E+01    7.0692E+01    5.0429E+01    1.4611E+01    4.5357E+00    1.6474E+01    6.5208E+00    7.3443E+00   
 4.7271E+02    4.4449E+01    5.5007E+01    2.0778E+01    1.7497E+01    1.2954E+01    7.0678E+01    5.0443E+01    1.4611E+01    4.5357E+00    1.6331E+01    6.5768E+00    7.4299E+00   
 4.7322E+02    4.4449E+01    5.5001E+01    2.0811E+01    1.7308E+01    1.2960E+01    7.0678E+01    5.0452E+01    1.4626E+01    4.5357E+00    1.6474E+01    6.4291E+00    7.3729E+00   
 4.7377E+02    4.4449E+01    5.5016E+01    2.0804E+01    1.7308E+01    1.3017E+01    7.0685E+01    5.0473E+01    1.4641E+01    4.5357E+00    1.6392E+01    6.4037E+00    7.4015E+00   
 4.7428E+02    4.4449E+01    5.5010E+01    2.0833E+01    1.7393E+01    1.3123E+01    7.0710E+01    5.0488E+01    1.4653E+01    4.5357E+00    1.6453E+01    6.6226E+00    7.4015E+00   
 4.7479E+02    4.4445E+01    5.4997E+01    2.0987E+01    1.7395E+01    1.3123E+01    7.0700E+01    5.0477E+01    1.4642E+01    4.5357E+00    1.6331E+01    6.5462E+00    7.3729E+00   
 4.7530E+02    4.4446E+01    5.5010E+01    2.0987E+01    1.7357E+01    1.3227E+01    7.0700E+01    5.0477E+01    1.4668E+01    4.5357E+00    1.6453E+01    6.6022E+00    7.4015E+00   
 4.7588E+02    4.4460E+01    5.5010E+01    2.1116E+01    1.7379E+01    1.3287E+01    7.0680E+01    5.0477E+01    1.4668E+01    4.5357E+00    1.6331E+01    6.4699E+00    7.4299E+00   
 4.7639E+02    4.4482E+01    5.5011E+01    2.1002E+01    1.7422E+01    1.3404E+01    7.0695E+01    5.0510E+01    1.4694E+01    4.5357E+00    1.6433E+01    6.5869E+00    7.3729E+00   
 4.7689E+02    4.4476E+01    5.5012E+01    2.0756E+01    1.7422E+01    1.3466E+01    7.0722E+01    5.0507E+01    1.4709E+01    4.5357E+00    1.6433E+01    6.5309E+00    7.4582E+00   
 4.7740E+02    4.4476E+01    5.5020E+01    2.0843E+01    1.7412E+01    1.3466E+01    7.0732E+01    5.0507E+01    1.4710E+01    4.5357E+00    1.6494E+01    6.5768E+00    7.4015E+00   
 4.7796E+02    4.4493E+01    5.5023E+01    2.0768E+01    1.7455E+01    1.3500E+01    7.0739E+01    5.0521E+01    1.4714E+01    4.5357E+00    1.6392E+01    6.4342E+00    7.4015E+00   
 4.7847E+02    4.4491E+01    5.5032E+01    2.0768E+01    1.7347E+01    1.3396E+01    7.0716E+01    5.0511E+01    1.4700E+01    4.5357E+00    1.6392E+01    6.4699E+00    7.3729E+00   
 4.7897E+02    4.4479E+01    5.5032E+01    2.0572E+01    1.7392E+01    1.3226E+01    7.0731E+01    5.0522E+01    1.4700E+01    4.5357E+00    1.6514E+01    6.6277E+00    7.3729E+00   
 4.7948E+02    4.4511E+01    5.5030E+01    2.1176E+01    1.7270E+01    1.3115E+01    7.0731E+01    5.0537E+01    1.4724E+01    4.5357E+00    1.6433E+01    6.4088E+00    7.4015E+00   
 4.8006E+02    4.4492E+01    5.5049E+01    2.1150E+01    1.7270E+01    1.3102E+01    7.0740E+01    5.0537E+01    1.4740E+01    4.5357E+00    1.6514E+01    6.6379E+00    7.4015E+00   
 4.8056E+02    4.4492E+01    5.5032E+01    2.0895E+01    1.7438E+01    1.3140E+01    7.0732E+01    5.0523E+01    1.4726E+01    4.5357E+00    1.6351E+01    6.6175E+00    7.4015E+00   
 4.8107E+02    4.4491E+01    5.5048E+01    2.0837E+01    1.7528E+01    1.3140E+01    7.0712E+01    5.0529E+01    1.4734E+01    4.5357E+00    1.6433E+01    6.4037E+00    7.3729E+00   
 4.8158E+02    4.4479E+01    5.5036E+01    2.0837E+01    1.7522E+01    1.3213E+01    7.0743E+01    5.0542E+01    1.4750E+01    4.5357E+00    1.6494E+01    6.4139E+00    7.4015E+00   
 4.8220E+02    4.4465E+01    5.5036E+01    2.0943E+01    1.7447E+01    1.3211E+01    7.0750E+01    5.0562E+01    1.4772E+01    4.5357E+00    1.6412E+01    6.4902E+00    7.4299E+00   
 4.8271E+02    4.4478E+01    5.5039E+01    2.0984E+01    1.7293E+01    1.3165E+01    7.0750E+01    5.0574E+01    1.4779E+01    4.5357E+00    1.6474E+01    6.4190E+00    7.3729E+00   
 4.8322E+02    4.4453E+01    5.5030E+01    2.0950E+01    1.7277E+01    1.3220E+01    7.0799E+01    5.0589E+01    1.4781E+01    4.5561E+00    1.6433E+01    6.4750E+00    7.4015E+00   
 4.8373E+02    4.4453E+01    5.5030E+01    2.0969E+01    1.7504E+01    1.3186E+01    7.0797E+01    5.0589E+01    1.4824E+01    4.5357E+00    1.6535E+01    6.4953E+00    7.3729E+00   
 4.8428E+02    4.4470E+01    5.5038E+01    2.0984E+01    1.7520E+01    1.3202E+01    7.0808E+01    5.0611E+01    1.4818E+01    4.5357E+00    1.6535E+01    6.6073E+00    7.4299E+00   
 4.8479E+02    4.4466E+01    5.5037E+01    2.0984E+01    1.7522E+01    1.3169E+01    7.0803E+01    5.0609E+01    1.4837E+01    4.5357E+00    1.6433E+01    6.4342E+00    7.4015E+00   
 4.8529E+02    4.4468E+01    5.5037E+01    2.0912E+01    1.7488E+01    1.3128E+01    7.0793E+01    5.0622E+01    1.4837E+01    4.5561E+00    1.6412E+01    6.4190E+00    7.4015E+00   
 4.8581E+02    4.4480E+01    5.5051E+01    2.0855E+01    1.7515E+01    1.3059E+01    7.0793E+01    5.0629E+01    1.4852E+01    4.5561E+00    1.6351E+01    6.4597E+00    7.3443E+00   
 4.8639E+02    4.4500E+01    5.5066E+01    2.0973E+01    1.7541E+01    1.3042E+01    7.0822E+01    5.0616E+01    1.4860E+01    4.5357E+00    1.6351E+01    6.4902E+00    7.3443E+00   
# Time (s)      T1w (C)       T2w (C)       T1a (C)       T2a (C)       T1r (C)       T2r (C)       T3r (C)       T4r (C)       P1 (bar)      P2 (bar)      Ic (amp)      Qc (l/min)    
 4.8689E+02    4.4500E+01    5.5060E+01    2.0934E+01    1.7541E+01    1.3084E+01    7.0826E+01    5.0616E+01    1.4851E+01    4.5561E+00    1.6453E+01    6.4139E+00    7.3443E+00   
 4.8741E+02    4.4509E+01    5.5058E+01    2.0914E+01    1.7516E+01    1.3084E+01    7.0833E+01    5.0630E+01    1.4865E+01    4.5561E+00    1.6433E+01    6.5259E+00    7.4299E+00   
 4.8791E+02    4.4512E+01    5.5067E+01    2.0914E+01    1.7589E+01    1.3104E+01    7.0832E+01    5.0630E+01    1.4906E+01    4.5561E+00    1.6535E+01    6.5768E+00    7.4015E+00   
 4.8850E+02    4.4499E+01    5.5073E+01    2.0930E+01    1.7606E+01    1.3102E+01    7.0839E+01    5.0642E+01    1.4906E+01    4.5561E+00    1.6474E+01    6.4393E+00    7.3729E+00   
 4.8900E+02    4.4511E+01    5.5073E+01    2.1139E+01    1.7467E+01    1.3079E+01    7.0839E+01    5.0640E+01    1.4902E+01    4.5561E+00    1.6351E+01    6.4546E+00    7.3729E+00   
 4.8951E+02    4.4506E+01    5.5071E+01    2.1265E+01    1.7483E+01    1.3056E+01    7.0833E+01    5.0653E+01    1.4904E+01    4.5561E+00    1.6535E+01    6.6429E+00    7.3729E+00   
 4.9002E+02    4.4506E+01    5.5087E+01    2.1252E+01    1.7499E+01    1.3049E+01    7.0842E+01    5.0653E+01    1.4926E+01    4.5561E+00    1.6453E+01    6.4240E+00    7.4299E+00   
 4.9060E+02    4.4541E+01    5.5095E+01    2.1136E+01    1.7425E+01    1.3049E+01    7.0846E+01    5.0656E+01    1.4929E+01    4.5561E+00    1.6535E+01    6.5666E+00    7.4299E+00   
 4.9111E+02    4.4535E+01    5.5096E+01    2.1101E+01    1.7366E+01    1.3046E+01    7.0853E+01    5.0659E+01    1.4938E+01    4.5765E+00    1.6535E+01    6.6175E+00    7.4015E+00   
 4.9162E+02    4.4528E+01    5.5081E+01    2.1085E+01    1.7393E+01    1.3057E+01    7.0861E+01    5.0661E+01    1.4938E+01    4.5561E+00    1.6433E+01    6.4342E+00    7.4015E+00   
 4.9213E+02    4.4502E+01    5.5060E+01    2.1095E+01    1.7337E+01    1.3054E+01    7.0861E+01    5.0661E+01    1.4931E+01    4.5561E+00    1.6372E+01    6.4190E+00    7.3443E+00   
 4.9273E+02    4.4500E+01    5.5070E+01    2.1177E+01    1.7417E+01    1.3058E+01    7.0839E+01    5.0652E+01    1.4933E+01    4.5561E+00    1.6494E+01    6.4546E+00    7.3443E+00   
 4.9323E+02    4.4515E+01    5.5068E+01    2.1315E+01    1.7417E+01    1.3024E+01    7.0839E+01    5.0652E+01    1.4950E+01    4.5561E+00    1.6412E+01    6.4139E+00    7.4299E+00   
 4.9375E+02    4.4515E+01    5.5076E+01    2.1292E+01    1.7406E+01    1.3024E+01    7.0849E+01    5.0676E+01    1.4952E+01    4.5561E+00    1.6474E+01    6.4342E+00    7.4299E+00   
 4.9425E+02    4.4499E+01    5.5077E+01    2.1184E+01    1.7481E+01    1.3019E+01    7.0835E+01    5.0641E+01    1.4946E+01    4.5561E+00    1.6555E+01    6.6073E+00    7.3729E+00   
 4.9483E+02    4.4510E+01    5.5077E+01    2.1184E+01    1.7460E+01    1.2962E+01    7.0830E+01    5.0673E+01    1.4947E+01    4.5357E+00    1.6433E+01    6.5869E+00    7.4015E+00   
 4.9533E+02    4.4529E+01    5.5091E+01    2.1030E+01    1.7568E+01    1.2946E+01    7.0838E+01    5.0677E+01    1.4963E+01    4.5561E+00    1.6392E+01    6.5717E+00    7.4582E+00   
 4.9584E+02    4.4517E+01    5.5097E+01    2.0872E+01    1.7587E+01    1.2903E+01    7.0838E+01    5.0672E+01    1.4956E+01    4.5561E+00    1.6372E+01    6.5004E+00    7.3729E+00   
 4.9635E+02    4.4525E+01    5.5109E+01    2.0857E+01    1.7603E+01    1.2927E+01    7.0835E+01    5.0672E+01    1.4977E+01    4.5561E+00    1.6555E+01    6.6277E+00    7.4015E+00   
 4.9694E+02    4.4525E+01    5.5116E+01    2.0930E+01    1.7650E+01    1.2947E+01    7.0849E+01    5.0669E+01    1.4955E+01    4.5561E+00    1.6535E+01    6.4190E+00    7.4299E+00   
 4.9745E+02    4.4564E+01    5.5134E+01    2.1075E+01    1.7637E+01    1.2962E+01    7.0877E+01    5.0679E+01    1.4968E+01    4.5561E+00    1.6433E+01    6.6429E+00    7.3729E+00   
 4.9796E+02    4.4562E+01    5.5116E+01    2.1075E+01    1.7523E+01    1.2992E+01    7.0870E+01    5.0688E+01    1.4979E+01    4.5561E+00    1.6494E+01    6.4597E+00    7.3443E+00   
 4.9847E+02    4.4551E+01    5.5116E+01    2.1171E+01    1.7594E+01    1.3008E+01    7.0878E+01    5.0703E+01    1.4979E+01    4.5561E+00    1.6392E+01    6.4190E+00    7.3729E+00   
 4.9907E+02    4.4570E+01    5.5142E+01    2.0998E+01    1.7666E+01    1.2975E+01    7.0908E+01    5.0682E+01    1.4959E+01    4.5357E+00    1.6372E+01    6.6073E+00    7.3443E+00   
 4.9957E+02    4.4547E+01    5.5113E+01    2.0824E+01    1.7650E+01    1.2932E+01    7.0894E+01    5.0678E+01    1.4941E+01    4.5357E+00    1.6372E+01    6.5208E+00    7.3729E+00   
 5.0008E+02    4.4547E+01    5.5128E+01    2.0737E+01    1.7640E+01    1.2866E+01    7.0880E+01    5.0678E+01    1.4938E+01    4.5561E+00    1.6474E+01    6.6328E+00    7.3729E+00   
 5.0059E+02    4.4551E+01    5.5114E+01    2.0699E+01    1.7585E+01    1.2866E+01    7.0890E+01    5.0682E+01    1.4942E+01    4.5561E+00    1.6514E+01    6.5971E+00    7.4015E+00   
 5.0118E+02    4.4555E+01    5.5122E+01    2.0659E+01    1.7461E+01    1.2844E+01    7.0889E+01    5.0670E+01    1.4942E+01    4.5561E+00    1.6453E+01    6.6226E+00    7.3729E+00   
 5.0169E+02    4.4538E+01    5.5107E+01    2.0643E+01    1.7554E+01    1.2843E+01    7.0865E+01    5.0656E+01    1.4926E+01    4.5561E+00    1.6494E+01    6.5157E+00    7.4299E+00   
 5.0219E+02    4.4538E+01    5.5107E+01    2.0571E+01    1.7482E+01    1.2884E+01    7.0865E+01    5.0661E+01    1.4925E+01    4.5765E+00    1.6392E+01    6.4444E+00    7.4299E+00   
# Time (s)      T1w (C)       T2w (C)       T1a (C)       T2a (C)       T1r (C)       T2r (C)       T3r (C)       T4r (C)       P1 (bar)      P2 (bar)      Ic (amp)      Qc (l/min)    
 5.0270E+02    4.4530E+01    5.5107E+01    2.0674E+01    1.7466E+01    1.2919E+01    7.0870E+01    5.0654E+01    1.4879E+01    4.5561E+00    1.6494E+01    6.6175E+00    7.4299E+00   
 5.0327E+02    4.4513E+01    5.5101E+01    2.0750E+01    1.7282E+01    1.2932E+01    7.0867E+01    5.0654E+01    1.4880E+01    4.5561E+00    1.6535E+01    6.4953E+00    7.4015E+00   
 5.0378E+02    4.4513E+01    5.5104E+01    2.0809E+01    1.7292E+01    1.2932E+01    7.0874E+01    5.0656E+01    1.4879E+01    4.5561E+00    1.6494E+01    6.6022E+00    7.4015E+00   
 5.0429E+02    4.4521E+01    5.5122E+01    2.1030E+01    1.7210E+01    1.2937E+01    7.0884E+01    5.0639E+01    1.4874E+01    4.5561E+00    1.6372E+01    6.5513E+00    7.4299E+00   
 5.0480E+02    4.4524E+01    5.5108E+01    2.1014E+01    1.7231E+01    1.2897E+01    7.0881E+01    5.0660E+01    1.4874E+01    4.5561E+00    1.6392E+01    6.4648E+00    7.3729E+00   
 5.0536E+02    4.4531E+01    5.5103E+01    2.0975E+01    1.7367E+01    1.2843E+01    7.0881E+01    5.0658E+01    1.4853E+01    4.5561E+00    1.6453E+01    6.5055E+00    7.3729E+00   
 5.0587E+02    4.4530E+01    5.5118E+01    2.1069E+01    1.7229E+01    1.2830E+01    7.0896E+01    5.0659E+01    1.4852E+01    4.5561E+00    1.6555E+01    6.4597E+00    7.3729E+00   
 5.0637E+02    4.4530E+01    5.5124E+01    2.1188E+01    1.7229E+01    1.2812E+01    7.0902E+01    5.0659E+01    1.4850E+01    4.5561E+00    1.6494E+01    6.5717E+00    7.3729E+00   
 5.0688E+02    4.4519E+01    5.5111E+01    2.1035E+01    1.7248E+01    1.2812E+01    7.0886E+01    5.0646E+01    1.4852E+01    4.5561E+00    1.6392E+01    6.5615E+00    7.3443E+00   
 5.0747E+02    4.4532E+01    5.5107E+01    2.0912E+01    1.7163E+01    1.2840E+01    7.0886E+01    5.0642E+01    1.4858E+01    4.5561E+00    1.6555E+01    6.5564E+00    7.3729E+00   
 5.0798E+02    4.4522E+01    5.5106E+01    2.0912E+01    1.7243E+01    1.2820E+01    7.0892E+01    5.0642E+01    1.4858E+01    4.5561E+00    1.6494E+01    6.5004E+00    7.4015E+00   
 5.0849E+02    4.4529E+01    5.5106E+01    2.0999E+01    1.7297E+01    1.2843E+01    7.0892E+01    5.0623E+01    1.4853E+01    4.5561E+00    1.6453E+01    6.6175E+00    7.4299E+00   
 5.0899E+02    4.4528E+01    5.5104E+01    2.1033E+01    1.7355E+01    1.2899E+01    7.0857E+01    5.0626E+01    1.4834E+01    4.5561E+00    1.6514E+01    6.5259E+00    7.3729E+00   
 5.0958E+02    4.4531E+01    5.5117E+01    2.1006E+01    1.7355E+01    1.2896E+01    7.0880E+01    5.0626E+01    1.4823E+01    4.5561E+00    1.6474E+01    6.4546E+00    7.4015E+00   
 5.1009E+02    4.4531E+01    5.5138E+01    2.0991E+01    1.7401E+01    1.2888E+01    7.0892E+01    5.0632E+01    1.4832E+01    4.5561E+00    1.6453E+01    6.4342E+00    7.3729E+00   
 5.1060E+02    4.4525E+01    5.5130E+01    2.0995E+01    1.7383E+01    1.2888E+01    7.0887E+01    5.0630E+01    1.4832E+01    4.5561E+00    1.6575E+01    6.4291E+00    7.4015E+00   
 5.1111E+02    4.4546E+01    5.5130E+01    2.0995E+01    1.7273E+01    1.2841E+01    7.0881E+01    5.0617E+01    1.4832E+01    4.5561E+00    1.6514E+01    6.6175E+00    7.4015E+00   
 5.1169E+02    4.4512E+01    5.5120E+01    2.0970E+01    1.7348E+01    1.2766E+01    7.0867E+01    5.0599E+01    1.4820E+01    4.5561E+00    1.6392E+01    6.4597E+00    7.4299E+00   
 5.1219E+02    4.4509E+01    5.5124E+01    2.0975E+01    1.7357E+01    1.2773E+01    7.0867E+01    5.0586E+01    1.4815E+01    4.5561E+00    1.6412E+01    6.6277E+00    7.4015E+00   
 5.1270E+02    4.4511E+01    5.5116E+01    2.0979E+01    1.7357E+01    1.2762E+01    7.0859E+01    5.0571E+01    1.4796E+01    4.5561E+00    1.6494E+01    6.6531E+00    7.3729E+00   
 5.1321E+02    4.4511E+01    5.5107E+01    2.1163E+01    1.7211E+01    1.2762E+01    7.0887E+01    5.0570E+01    1.4797E+01    4.5561E+00    1.6392E+01    6.4597E+00    7.3443E+00   
 5.1378E+02    4.4526E+01    5.5106E+01    2.1215E+01    1.7186E+01    1.2776E+01    7.0879E+01    5.0572E+01    1.4796E+01    4.5561E+00    1.6514E+01    6.5360E+00    7.3729E+00   
 5.1428E+02    4.4531E+01    5.5114E+01    2.1215E+01    1.7261E+01    1.2764E+01    7.0864E+01    5.0581E+01    1.4796E+01    4.5561E+00    1.6494E+01    6.4902E+00    7.4015E+00   
 5.1479E+02    4.4537E+01    5.5114E+01    2.1150E+01    1.7299E+01    1.2775E+01    7.0829E+01    5.0556E+01    1.4779E+01    4.5765E+00    1.6412E+01    6.5004E+00    7.4299E+00   
 5.1530E+02    4.4540E+01    5.5120E+01    2.1049E+01    1.7299E+01    1.2772E+01    7.0829E+01    5.0545E+01    1.4772E+01    4.5561E+00    1.6514E+01    6.6582E+00    7.4015E+00   
 5.1588E+02    4.4549E+01    5.5145E+01    2.1079E+01    1.7495E+01    1.2805E+01    7.0882E+01    5.0560E+01    1.4772E+01    4.5561E+00    1.6596E+01    6.6531E+00    7.3729E+00   
 5.1639E+02    4.4549E+01    5.5141E+01    2.0983E+01    1.7458E+01    1.2825E+01    7.0853E+01    5.0574E+01    1.4774E+01    4.5561E+00    1.6575E+01    6.4546E+00    7.4299E+00   
 5.1689E+02    4.4566E+01    5.5144E+01    2.0912E+01    1.7417E+01    1.2825E+01    7.0854E+01    5.0561E+01    1.4767E+01    4.5561E+00    1.6494E+01    6.4699E+00    7.4015E+00   
 5.1740E+02    4.4554E+01    5.5144E+01    2.0912E+01    1.7376E+01    1.2817E+01    7.0851E+01    5.0554E+01    1.4752E+01    4.5561E+00    1.6494E+01    6.5869E+00    7.3729E+00   
 5.1797E+02    4.4529E+01    5.5129E+01    2.0812E+01    1.7305E+01    1.2821E+01    7.0856E+01    5.0543E+01    1.4746E+01    4.5561E+00    1.6514E+01    6.6073E+00    7.4015E+00   
# Time (s)      T1w (C)       T2w (C)       T1a (C)       T2a (C)       T1r (C)       T2r (C)       T3r (C)       T4r (C)       P1 (bar)      P2 (bar)      Ic (amp)      Qc (l/min)    
 5.1847E+02    4.4528E+01    5.5138E+01    2.0755E+01    1.7452E+01    1.2825E+01    7.0856E+01    5.0536E+01    1.4735E+01    4.5561E+00    1.6412E+01    6.6531E+00    7.4015E+00   
 5.1898E+02    4.4526E+01    5.5141E+01    2.0705E+01    1.7452E+01    1.2852E+01    7.0864E+01    5.0536E+01    1.4707E+01    4.5561E+00    1.6494E+01    6.4291E+00    7.4299E+00   
 5.1949E+02    4.4526E+01    5.5143E+01    2.0759E+01    1.7510E+01    1.2836E+01    7.0839E+01    5.0531E+01    1.4680E+01    4.5357E+00    1.6535E+01    6.6480E+00    7.4015E+00   
 5.2005E+02    4.4535E+01    5.5147E+01    2.0924E+01    1.7598E+01    1.2859E+01    7.0863E+01    5.0523E+01    1.4691E+01    4.5561E+00    1.6453E+01    6.6175E+00    7.4299E+00   
 5.2056E+02    4.4524E+01    5.5123E+01    2.0908E+01    1.7475E+01    1.2869E+01    7.0866E+01    5.0525E+01    1.4675E+01    4.5561E+00    1.6412E+01    6.6531E+00    7.3729E+00   
 5.2107E+02    4.4535E+01    5.5123E+01    2.0843E+01    1.7517E+01    1.2878E+01    7.0850E+01    5.0509E+01    1.4640E+01    4.5561E+00    1.6494E+01    6.4851E+00    7.4015E+00   
 5.2157E+02    4.4561E+01    5.5155E+01    2.0610E+01    1.7533E+01    1.2855E+01    7.0850E+01    5.0498E+01    1.4641E+01    4.5357E+00    1.6412E+01    6.5971E+00    7.3443E+00   
 5.2213E+02    4.4565E+01    5.5168E+01    2.0479E+01    1.7482E+01    1.2849E+01    7.0871E+01    5.0498E+01    1.4649E+01    4.5561E+00    1.6555E+01    6.6277E+00    7.4015E+00   
 5.2263E+02    4.4550E+01    5.5146E+01    2.0693E+01    1.7546E+01    1.2849E+01    7.0874E+01    5.0512E+01    1.4640E+01    4.5357E+00    1.6555E+01    6.6531E+00    7.4015E+00   
 5.2314E+02    4.4573E+01    5.5147E+01    2.0693E+01    1.7504E+01    1.2832E+01    7.0881E+01    5.0498E+01    1.4647E+01    4.5357E+00    1.6514E+01    6.4648E+00    7.4299E+00   
 5.2365E+02    4.4556E+01    5.5147E+01    2.0867E+01    1.7506E+01    1.2814E+01    7.0878E+01    5.0468E+01    1.4631E+01    4.5357E+00    1.6494E+01    6.4342E+00    7.3729E+00   
 5.2422E+02    4.4556E+01    5.5159E+01    2.0973E+01    1.7485E+01    1.2808E+01    7.0878E+01    5.0481E+01    1.4621E+01    4.5561E+00    1.6494E+01    6.5157E+00    7.3443E+00   
 5.2473E+02    4.4573E+01    5.5171E+01    2.1082E+01    1.7501E+01    1.2809E+01    7.0858E+01    5.0464E+01    1.4602E+01    4.5561E+00    1.6453E+01    6.5819E+00    7.4015E+00   
 5.2524E+02    4.4573E+01    5.5168E+01    2.1056E+01    1.7477E+01    1.2836E+01    7.0860E+01    5.0464E+01    1.4585E+01    4.5561E+00    1.6412E+01    6.6379E+00    7.4015E+00   
 5.2575E+02    4.4560E+01    5.5157E+01    2.1113E+01    1.7423E+01    1.2820E+01    7.0848E+01    5.0445E+01    1.4581E+01    4.5357E+00    1.6535E+01    6.6531E+00    7.3443E+00   
 5.2633E+02    4.4550E+01    5.5161E+01    2.1309E+01    1.7517E+01    1.2862E+01    7.0854E+01    5.0441E+01    1.4576E+01    4.5357E+00    1.6596E+01    6.5564E+00    7.4015E+00   
 5.2684E+02    4.4566E+01    5.5172E+01    2.1325E+01    1.7492E+01    1.2873E+01    7.0852E+01    5.0441E+01    1.4576E+01    4.5561E+00    1.6412E+01    6.6379E+00    7.4299E+00   
 5.2735E+02    4.4585E+01    5.5172E+01    2.1334E+01    1.7422E+01    1.2900E+01    7.0852E+01    5.0444E+01    1.4581E+01    4.5357E+00    1.6433E+01    6.6480E+00    7.4299E+00   
 5.2786E+02    4.4567E+01    5.5136E+01    2.1241E+01    1.7406E+01    1.2943E+01    7.0874E+01    5.0447E+01    1.4580E+01    4.5357E+00    1.6453E+01    6.4597E+00    7.3729E+00   
 5.2841E+02    4.4559E+01    5.5162E+01    2.1144E+01    1.7370E+01    1.2962E+01    7.0904E+01    5.0447E+01    1.4576E+01    4.5561E+00    1.6433E+01    6.5666E+00    7.4299E+00   
 5.2892E+02    4.4544E+01    5.5147E+01    2.1088E+01    1.7410E+01    1.2962E+01    7.0898E+01    5.0477E+01    1.4587E+01    4.5357E+00    1.6474E+01    6.4953E+00    7.4015E+00   
 5.2943E+02    4.4553E+01    5.5143E+01    2.1088E+01    1.7233E+01    1.2980E+01    7.0907E+01    5.0451E+01    1.4599E+01    4.5357E+00    1.6412E+01    6.5564E+00    7.4015E+00   
 5.2994E+02    4.4548E+01    5.5143E+01    2.1179E+01    1.7367E+01    1.2928E+01    7.0894E+01    5.0456E+01    1.4599E+01    4.5357E+00    1.6575E+01    6.4291E+00    7.3729E+00   
 5.3051E+02    4.4553E+01    5.5141E+01    2.1272E+01    1.7318E+01    1.2886E+01    7.0888E+01    5.0465E+01    1.4576E+01    4.5357E+00    1.6555E+01    6.6379E+00    7.3729E+00   
 5.3102E+02    4.4537E+01    5.5143E+01    2.1269E+01    1.7205E+01    1.2927E+01    7.0888E+01    5.0468E+01    1.4600E+01    4.5561E+00    1.6453E+01    6.6429E+00    7.4015E+00   
 5.3153E+02    4.4537E+01    5.5137E+01    2.1086E+01    1.7205E+01    1.2961E+01    7.0880E+01    5.0453E+01    1.4574E+01    4.5561E+00    1.6575E+01    6.4597E+00    7.4299E+00   
 5.3204E+02    4.4543E+01    5.5150E+01    2.1415E+01    1.7452E+01    1.2961E+01    7.0886E+01    5.0444E+01    1.4578E+01    4.5561E+00    1.6596E+01    6.6277E+00    7.4015E+00   
 5.3262E+02    4.4556E+01    5.5147E+01    2.1206E+01    1.7455E+01    1.3066E+01    7.0914E+01    5.0467E+01    1.4583E+01    4.5561E+00    1.6555E+01    6.4800E+00    7.3729E+00   
 5.3313E+02    4.4568E+01    5.5140E+01    2.1206E+01    1.7342E+01    1.3156E+01    7.0893E+01    5.0466E+01    1.4583E+01    4.5357E+00    1.6433E+01    6.4393E+00    7.4015E+00   
 5.3363E+02    4.4577E+01    5.5154E+01    2.1273E+01    1.7266E+01    1.3253E+01    7.0893E+01    5.0475E+01    1.4587E+01    4.5561E+00    1.6616E+01    6.5819E+00    7.4299E+00   
# Time (s)      T1w (C)       T2w (C)       T1a (C)       T2a (C)       T1r (C)       T2r (C)       T3r (C)       T4r (C)       P1 (bar)      P2 (bar)      Ic (amp)      Qc (l/min)    
 5.3414E+02    4.4574E+01    5.5160E+01    2.1331E+01    1.7266E+01    1.3292E+01    7.0919E+01    5.0474E+01    1.4595E+01    4.5357E+00    1.6453E+01    6.6328E+00    7.3729E+00   
 5.3473E+02    4.4622E+01    5.5180E+01    2.1321E+01    1.7500E+01    1.3345E+01    7.0905E+01    5.0474E+01    1.4608E+01    4.5357E+00    1.6514E+01    6.4851E+00    7.4015E+00   
 5.3523E+02    4.4622E+01    5.5183E+01    2.1314E+01    1.7382E+01    1.3382E+01    7.0909E+01    5.0478E+01    1.4615E+01    4.5357E+00    1.6514E+01    6.5309E+00    7.4015E+00   
 5.3574E+02    4.4606E+01    5.5186E+01    2.1070E+01    1.7470E+01    1.3382E+01    7.0929E+01    5.0486E+01    1.4639E+01    4.5357E+00    1.6433E+01    6.4342E+00    7.4015E+00   
 5.3625E+02    4.4598E+01    5.5207E+01    2.1070E+01    1.7281E+01    1.3328E+01    7.0941E+01    5.0473E+01    1.4639E+01    4.5561E+00    1.6494E+01    6.4342E+00    7.4015E+00   
 5.3683E+02    4.4611E+01    5.5207E+01    2.0935E+01    1.7398E+01    1.3155E+01    7.0935E+01    5.0475E+01    1.4644E+01    4.5357E+00    1.6494E+01    6.4750E+00    7.4015E+00   
 5.3735E+02    4.4612E+01    5.5190E+01    2.0890E+01    1.7465E+01    1.3034E+01    7.0935E+01    5.0496E+01    1.4680E+01    4.5357E+00    1.6494E+01    6.5157E+00    7.3729E+00   
 5.3786E+02    4.4584E+01    5.5182E+01    2.0759E+01    1.7450E+01    1.3033E+01    7.0918E+01    5.0496E+01    1.4686E+01    4.5561E+00    1.6474E+01    6.4444E+00    7.4299E+00   
 5.3838E+02    4.4584E+01    5.5173E+01    2.0692E+01    1.7588E+01    1.3109E+01    7.0940E+01    5.0492E+01    1.4719E+01    4.5561E+00    1.6453E+01    6.6277E+00    7.3729E+00   
 5.3893E+02    4.4589E+01    5.5184E+01    2.0767E+01    1.7507E+01    1.3125E+01    7.0955E+01    5.0507E+01    1.4728E+01    4.5561E+00    1.6433E+01    6.4851E+00    7.3443E+00   
 5.3944E+02    4.4600E+01    5.5181E+01    2.0767E+01    1.7500E+01    1.3166E+01    7.0970E+01    5.0507E+01    1.4728E+01    4.5561E+00    1.6412E+01    6.4444E+00    7.3729E+00   
 5.3995E+02    4.4623E+01    5.5196E+01    2.0828E+01    1.7545E+01    1.3213E+01    7.0973E+01    5.0563E+01    1.4773E+01    4.5357E+00    1.6474E+01    6.5309E+00    7.4582E+00   
 5.4046E+02    4.4620E+01    5.5196E+01    2.0848E+01    1.7516E+01    1.3289E+01    7.0973E+01    5.0564E+01    1.4782E+01    4.5357E+00    1.6494E+01    6.6226E+00    7.4015E+00   
 5.4107E+02    4.4644E+01    5.5233E+01    2.0958E+01    1.7458E+01    1.3403E+01    7.0976E+01    5.0591E+01    1.4801E+01    4.5561E+00    1.6514E+01    6.4851E+00    7.3729E+00   
 5.4157E+02    4.4644E+01    5.5205E+01    2.1033E+01    1.7458E+01    1.3492E+01    7.0996E+01    5.0606E+01    1.4812E+01    4.5561E+00    1.6474E+01    6.5309E+00    7.4582E+00   
 5.4209E+02    4.4662E+01    5.5224E+01    2.1184E+01    1.7467E+01    1.3508E+01    7.1015E+01    5.0607E+01    1.4809E+01    4.5561E+00    1.6474E+01    6.5920E+00    7.4015E+00   
 5.4259E+02    4.4658E+01    5.5229E+01    2.1184E+01    1.7536E+01    1.3641E+01    7.0996E+01    5.0615E+01    1.4809E+01    4.5561E+00    1.6535E+01    6.4393E+00    7.3729E+00   
 5.4316E+02    4.4652E+01    5.5229E+01    2.1287E+01    1.7651E+01    1.3693E+01    7.1008E+01    5.0614E+01    1.4826E+01    4.5561E+00    1.6596E+01    6.4546E+00    7.4299E+00   
 5.4367E+02    4.4664E+01    5.5240E+01    2.1218E+01    1.7409E+01    1.3754E+01    7.1008E+01    5.0631E+01    1.4824E+01    4.5357E+00    1.6575E+01    6.5564E+00    7.3729E+00   
 5.4418E+02    4.4660E+01    5.5249E+01    2.1230E+01    1.7409E+01    1.3762E+01    7.1005E+01    5.0656E+01    1.4864E+01    4.5357E+00    1.6555E+01    6.4851E+00    7.4299E+00   
 5.4469E+02    4.4660E+01    5.5224E+01    2.1165E+01    1.7556E+01    1.3728E+01    7.0998E+01    5.0656E+01    1.4894E+01    4.5357E+00    1.6474E+01    6.5666E+00    7.3729E+00   
 5.4528E+02    4.4675E+01    5.5251E+01    2.1184E+01    1.7481E+01    1.3728E+01    7.1018E+01    5.0663E+01    1.4900E+01    4.5561E+00    1.6616E+01    6.4342E+00    7.4299E+00   
 5.4579E+02    4.4668E+01    5.5254E+01    2.1234E+01    1.7362E+01    1.3698E+01    7.1034E+01    5.0685E+01    1.4918E+01    4.5561E+00    1.6575E+01    6.4291E+00    7.3729E+00   
 5.4630E+02    4.4660E+01    5.5254E+01    2.1234E+01    1.7514E+01    1.3705E+01    7.1047E+01    5.0694E+01    1.4918E+01    4.5561E+00    1.6392E+01    6.4953E+00    7.4299E+00   
 5.4681E+02    4.4666E+01    5.5233E+01    2.1101E+01    1.7658E+01    1.3726E+01    7.1047E+01    5.0698E+01    1.4944E+01    4.5561E+00    1.6514E+01    6.5564E+00    7.4299E+00   
 5.4737E+02    4.4698E+01    5.5234E+01    2.0976E+01    1.7603E+01    1.3723E+01    7.1049E+01    5.0715E+01    1.4961E+01    4.5561E+00    1.6514E+01    6.6480E+00    7.3729E+00   
 5.4788E+02    4.4698E+01    5.5220E+01    2.0979E+01    1.7603E+01    1.3665E+01    7.1062E+01    5.0715E+01    1.4964E+01    4.5561E+00    1.6494E+01    6.6429E+00    7.4015E+00   
 5.4839E+02    4.4683E+01    5.5231E+01    2.0853E+01    1.7599E+01    1.3665E+01    7.1060E+01    5.0726E+01    1.4986E+01    4.5561E+00    1.6494E+01    6.4444E+00    7.3729E+00   
 5.4891E+02    4.4690E+01    5.5228E+01    2.0853E+01    1.7617E+01    1.3685E+01    7.1062E+01    5.0751E+01    1.5000E+01    4.5561E+00    1.6412E+01    6.5717E+00    7.3729E+00   
 5.4949E+02    4.4690E+01    5.5231E+01    2.0941E+01    1.7567E+01    1.3685E+01    7.1071E+01    5.0744E+01    1.5000E+01    4.5561E+00    1.6433E+01    6.4444E+00    7.3729E+00   
# Time (s)      T1w (C)       T2w (C)       T1a (C)       T2a (C)       T1r (C)       T2r (C)       T3r (C)       T4r (C)       P1 (bar)      P2 (bar)      Ic (amp)      Qc (l/min)    
 5.5000E+02    4.4689E+01    5.5231E+01    2.1019E+01    1.7561E+01    1.3649E+01    7.1086E+01    5.0766E+01    1.5025E+01    4.5561E+00    1.6596E+01    6.4902E+00    7.4299E+00   
 5.5051E+02    4.4706E+01    5.5211E+01    2.1014E+01    1.7640E+01    1.3507E+01    7.1086E+01    5.0786E+01    1.5036E+01    4.5561E+00    1.6412E+01    6.5513E+00    7.3155E+00   
 5.5101E+02    4.4706E+01    5.5233E+01    2.0957E+01    1.7640E+01    1.3424E+01    7.1085E+01    5.0801E+01    1.5077E+01    4.5561E+00    1.6453E+01    6.4291E+00    7.4582E+00   
 5.5160E+02    4.4712E+01    5.5207E+01    2.1005E+01    1.7619E+01    1.3412E+01    7.1070E+01    5.0809E+01    1.5107E+01    4.5561E+00    1.6514E+01    6.5004E+00    7.3443E+00   
 5.5210E+02    4.4719E+01    5.5229E+01    2.0987E+01    1.7522E+01    1.3412E+01    7.1078E+01    5.0822E+01    1.5124E+01    4.5765E+00    1.6474E+01    6.5971E+00    7.4864E+00   
 5.5261E+02    4.4712E+01    5.5221E+01    2.0987E+01    1.7632E+01    1.3350E+01    7.1092E+01    5.0834E+01    1.5124E+01    4.5765E+00    1.6555E+01    6.5869E+00    7.4299E+00   
 5.5312E+02    4.4697E+01    5.5221E+01    2.0922E+01    1.7606E+01    1.3228E+01    7.1092E+01    5.0856E+01    1.5148E+01    4.5561E+00    1.6412E+01    6.5055E+00    7.4015E+00   
 5.5368E+02    4.4690E+01    5.5233E+01    2.0908E+01    1.7648E+01    1.3152E+01    7.1085E+01    5.0881E+01    1.5173E+01    4.5765E+00    1.6514E+01    6.6175E+00    7.3729E+00   
 5.5418E+02    4.4697E+01    5.5210E+01    2.0977E+01    1.7633E+01    1.3128E+01    7.1101E+01    5.0881E+01    1.5196E+01    4.5765E+00    1.6494E+01    6.4393E+00    7.4015E+00   
 5.5469E+02    4.4697E+01    5.5211E+01    2.0880E+01    1.7526E+01    1.3128E+01    7.1093E+01    5.0878E+01    1.5201E+01    4.5765E+00    1.6596E+01    6.4851E+00    7.3443E+00   
 5.5520E+02    4.4680E+01    5.5201E+01    2.1005E+01    1.7530E+01    1.3089E+01    7.1098E+01    5.0907E+01    1.5230E+01    4.5765E+00    1.6433E+01    6.5309E+00    7.3729E+00   
 5.5579E+02    4.4697E+01    5.5208E+01    2.1005E+01    1.7457E+01    1.3133E+01    7.1114E+01    5.0944E+01    1.5246E+01    4.5969E+00    1.6555E+01    6.5971E+00    7.3729E+00   
 5.5629E+02    4.4689E+01    5.5208E+01    2.1100E+01    1.7605E+01    1.3166E+01    7.1128E+01    5.0963E+01    1.5263E+01    4.5765E+00    1.6514E+01    6.5360E+00    7.4299E+00   
 5.5680E+02    4.4683E+01    5.5221E+01    2.1162E+01    1.7570E+01    1.3196E+01    7.1142E+01    5.0974E+01    1.5265E+01    4.5765E+00    1.6555E+01    6.6328E+00    7.3729E+00   
 5.5731E+02    4.4683E+01    5.5193E+01    2.1132E+01    1.7570E+01    1.3194E+01    7.1158E+01    5.0974E+01    1.5276E+01    4.5765E+00    1.6433E+01    6.6582E+00    7.4299E+00   
 5.5786E+02    4.4705E+01    5.5223E+01    2.1298E+01    1.7544E+01    1.3194E+01    7.1143E+01    5.0970E+01    1.5281E+01    4.5765E+00    1.6596E+01    6.4393E+00    7.4015E+00   
 5.5837E+02    4.4710E+01    5.5226E+01    2.1256E+01    1.7615E+01    1.3171E+01    7.1141E+01    5.0993E+01    1.5322E+01    4.5765E+00    1.6494E+01    6.4546E+00    7.3729E+00   
 5.5888E+02    4.4738E+01    5.5240E+01    2.1271E+01    1.7719E+01    1.3182E+01    7.1160E+01    5.1007E+01    1.5338E+01    4.5765E+00    1.6616E+01    6.6226E+00    7.3729E+00   
 5.5938E+02    4.4741E+01    5.5243E+01    2.1378E+01    1.7690E+01    1.3128E+01    7.1160E+01    5.1011E+01    1.5338E+01    4.5969E+00    1.6555E+01    6.6175E+00    7.3443E+00   
 5.5997E+02    4.4742E+01    5.5257E+01    2.1323E+01    1.7783E+01    1.3076E+01    7.1155E+01    5.1028E+01    1.5335E+01    4.5969E+00    1.6514E+01    6.4393E+00    7.3443E+00   
 5.6048E+02    4.4753E+01    5.5268E+01    2.1315E+01    1.7783E+01    1.3069E+01    7.1159E+01    5.1028E+01    1.5322E+01    4.5969E+00    1.6555E+01    6.4546E+00    7.4015E+00   
 5.6099E+02    4.4768E+01    5.5274E+01    2.1286E+01    1.7779E+01    1.3069E+01    7.1139E+01    5.1020E+01    1.5316E+01    4.5969E+00    1.6596E+01    6.5462E+00    7.4015E+00   
 5.6150E+02    4.4769E+01    5.5270E+01    2.1283E+01    1.7814E+01    1.3091E+01    7.1159E+01    5.1027E+01    1.5293E+01    4.5765E+00    1.6616E+01    6.6328E+00    7.4015E+00   
 5.6207E+02    4.4767E+01    5.5282E+01    2.1299E+01    1.7860E+01    1.3108E+01    7.1162E+01    5.1019E+01    1.5293E+01    4.5765E+00    1.6636E+01    6.6684E+00    7.3729E+00   
 5.6258E+02    4.4776E+01    5.5282E+01    2.1196E+01    1.7944E+01    1.3083E+01    7.1192E+01    5.1025E+01    1.5272E+01    4.5969E+00    1.6453E+01    6.6328E+00    7.3729E+00   
 5.6309E+02    4.4751E+01    5.5270E+01    2.1261E+01    1.7794E+01    1.3036E+01    7.1178E+01    5.1009E+01    1.5245E+01    4.5969E+00    1.6616E+01    6.6837E+00    7.4015E+00   
 5.6360E+02    4.4751E+01    5.5289E+01    2.1352E+01    1.7794E+01    1.3065E+01    7.1177E+01    5.1009E+01    1.5225E+01    4.5765E+00    1.6514E+01    6.6735E+00    7.3729E+00   
 5.6417E+02    4.4751E+01    5.5274E+01    2.1412E+01    1.7821E+01    1.3080E+01    7.1169E+01    5.0999E+01    1.5198E+01    4.5969E+00    1.6474E+01    6.4546E+00    7.4015E+00   
 5.6468E+02    4.4763E+01    5.5281E+01    2.1498E+01    1.7847E+01    1.3080E+01    7.1165E+01    5.0995E+01    1.5189E+01    4.5765E+00    1.6453E+01    6.4953E+00    7.4299E+00   
 5.6519E+02    4.4754E+01    5.5289E+01    2.1498E+01    1.7750E+01    1.3041E+01    7.1156E+01    5.0984E+01    1.5189E+01    4.5765E+00    1.6514E+01    6.6226E+00    7.4015E+00   
# Time (s)      T1w (C)       T2w (C)       T1a (C)       T2a (C)       T1r (C)       T2r (C)       T3r (C)       T4r (C)       P1 (bar)      P2 (bar)      Ic (amp)      Qc (l/min)    
 5.6570E+02    4.4752E+01    5.5289E+01    2.1611E+01    1.7652E+01    1.3001E+01    7.1156E+01    5.0970E+01    1.5189E+01    4.5765E+00    1.6535E+01    6.5920E+00    7.4299E+00   
 5.6631E+02    4.4751E+01    5.5264E+01    2.1580E+01    1.7741E+01    1.2983E+01    7.1153E+01    5.0971E+01    1.5176E+01    4.5969E+00    1.6555E+01    6.5717E+00    7.4299E+00   
 5.6682E+02    4.4741E+01    5.5297E+01    2.1677E+01    1.7655E+01    1.2995E+01    7.1145E+01    5.0957E+01    1.5135E+01    4.5969E+00    1.6555E+01    6.6226E+00    7.4015E+00   
 5.6733E+02    4.4741E+01    5.5300E+01    2.1575E+01    1.7655E+01    1.3004E+01    7.1130E+01    5.0957E+01    1.5130E+01    4.5969E+00    1.6677E+01    6.6277E+00    7.3443E+00   
 5.6784E+02    4.4749E+01    5.5307E+01    2.1525E+01    1.7642E+01    1.3004E+01    7.1142E+01    5.0934E+01    1.5119E+01    4.5765E+00    1.6535E+01    6.5564E+00    7.3729E+00   
 5.6839E+02    4.4761E+01    5.5323E+01    2.1525E+01    1.7711E+01    1.3044E+01    7.1153E+01    5.0929E+01    1.5119E+01    4.5765E+00    1.6535E+01    6.5666E+00    7.4015E+00   
 5.6890E+02    4.4757E+01    5.5323E+01    2.1911E+01    1.7609E+01    1.3023E+01    7.1129E+01    5.0912E+01    1.5094E+01    4.5561E+00    1.6596E+01    6.5004E+00    7.3729E+00   
 5.6941E+02    4.4771E+01    5.5319E+01    2.1872E+01    1.7669E+01    1.3032E+01    7.1129E+01    5.0911E+01    1.5078E+01    4.5765E+00    1.6657E+01    6.4546E+00    7.4015E+00   
 5.6992E+02    4.4762E+01    5.5328E+01    2.1740E+01    1.7669E+01    1.2993E+01    7.1113E+01    5.0896E+01    1.5064E+01    4.5765E+00    1.6575E+01    6.6786E+00    7.3729E+00   
 5.7047E+02    4.4762E+01    5.5325E+01    2.1339E+01    1.7638E+01    1.3014E+01    7.1135E+01    5.0875E+01    1.5054E+01    4.5765E+00    1.6474E+01    6.4546E+00    7.3729E+00   
 5.7098E+02    4.4772E+01    5.5343E+01    2.1143E+01    1.7675E+01    1.3014E+01    7.1131E+01    5.0865E+01    1.5048E+01    4.5969E+00    1.6494E+01    6.4495E+00    7.3729E+00   
 5.7149E+02    4.4784E+01    5.5349E+01    2.1143E+01    1.7700E+01    1.3017E+01    7.1129E+01    5.0868E+01    1.5048E+01    4.5765E+00    1.6575E+01    6.6633E+00    7.4015E+00   
 5.7200E+02    4.4763E+01    5.5334E+01    2.1016E+01    1.7727E+01    1.2976E+01    7.1114E+01    5.0845E+01    1.5033E+01    4.5765E+00    1.6514E+01    6.4597E+00    7.3729E+00   
 5.7257E+02    4.4761E+01    5.5336E+01    2.1235E+01    1.7598E+01    1.2938E+01    7.1127E+01    5.0827E+01    1.5024E+01    4.5765E+00    1.6575E+01    6.6073E+00    7.4015E+00   
 5.7307E+02    4.4756E+01    5.5335E+01    2.1280E+01    1.7582E+01    1.2935E+01    7.1132E+01    5.0827E+01    1.5046E+01    4.5765E+00    1.6596E+01    6.6124E+00    7.3443E+00   
 5.7358E+02    4.4756E+01    5.5317E+01    2.1245E+01    1.7705E+01    1.2920E+01    7.1133E+01    5.0825E+01    1.5022E+01    4.5969E+00    1.6494E+01    6.5157E+00    7.4015E+00   
 5.7409E+02    4.4759E+01    5.5356E+01    2.1139E+01    1.7740E+01    1.2920E+01    7.1129E+01    5.0809E+01    1.5020E+01    4.5765E+00    1.6677E+01    6.4648E+00    7.3729E+00   
 5.7465E+02    4.4751E+01    5.5339E+01    2.1139E+01    1.7740E+01    1.2927E+01    7.1147E+01    5.0810E+01    1.5020E+01    4.5765E+00    1.6677E+01    6.4648E+00    7.3729E+00   
 5.7516E+02    4.4729E+01    5.5325E+01    2.0987E+01    1.7653E+01    1.2989E+01    7.1135E+01    5.0804E+01    1.5018E+01    4.5969E+00    1.6616E+01    6.6073E+00    7.4015E+00   
 5.7566E+02    4.4735E+01    5.5295E+01    2.0931E+01    1.7583E+01    1.3012E+01    7.1135E+01    5.0792E+01    1.5006E+01    4.5969E+00    1.6677E+01    6.4648E+00    7.4015E+00   
 5.7617E+02    4.4735E+01    5.5347E+01    2.0816E+01    1.7583E+01    1.3029E+01    7.1145E+01    5.0792E+01    1.4999E+01    4.5765E+00    1.6514E+01    6.4648E+00    7.3729E+00   
 5.7675E+02    4.4738E+01    5.5344E+01    2.0767E+01    1.7620E+01    1.3026E+01    7.1150E+01    5.0779E+01    1.4962E+01    4.5765E+00    1.6514E+01    6.6684E+00    7.4015E+00   
 5.7726E+02    4.4752E+01    5.5330E+01    2.0775E+01    1.7556E+01    1.3026E+01    7.1148E+01    5.0775E+01    1.4946E+01    4.5765E+00    1.6575E+01    6.5920E+00    7.3729E+00   
 5.7777E+02    4.4745E+01    5.5334E+01    2.0775E+01    1.7573E+01    1.3013E+01    7.1138E+01    5.0762E+01    1.4946E+01    4.5765E+00    1.6677E+01    6.4597E+00    7.4299E+00   
 5.7828E+02    4.4753E+01    5.5334E+01    2.0846E+01    1.7622E+01    1.2997E+01    7.1138E+01    5.0760E+01    1.4946E+01    4.5765E+00    1.6514E+01    6.5259E+00    7.4299E+00   
 5.7883E+02    4.4740E+01    5.5350E+01    2.0985E+01    1.7613E+01    1.2919E+01    7.1154E+01    5.0745E+01    1.4943E+01    4.5765E+00    1.6514E+01    6.6328E+00    7.4299E+00   
 5.7934E+02    4.4743E+01    5.5347E+01    2.1163E+01    1.7613E+01    1.2870E+01    7.1123E+01    5.0745E+01    1.4908E+01    4.5765E+00    1.6535E+01    6.6277E+00    7.3155E+00   
 5.7985E+02    4.4743E+01    5.5361E+01    2.1325E+01    1.7617E+01    1.2870E+01    7.1124E+01    5.0744E+01    1.4932E+01    4.5561E+00    1.6596E+01    6.4648E+00    7.3729E+00   
 5.8036E+02    4.4734E+01    5.5360E+01    2.1180E+01    1.7728E+01    1.2838E+01    7.1147E+01    5.0747E+01    1.4916E+01    4.5765E+00    1.6555E+01    6.4953E+00    7.3729E+00   
 5.8094E+02    4.4720E+01    5.5345E+01    2.1180E+01    1.7608E+01    1.2828E+01    7.1149E+01    5.0732E+01    1.4916E+01    4.5765E+00    1.6494E+01    6.5564E+00    7.4015E+00   
# Time (s)      T1w (C)       T2w (C)       T1a (C)       T2a (C)       T1r (C)       T2r (C)       T3r (C)       T4r (C)       P1 (bar)      P2 (bar)      Ic (amp)      Qc (l/min)    
 5.8145E+02    4.4728E+01    5.5345E+01    2.0960E+01    1.7598E+01    1.2865E+01    7.1145E+01    5.0740E+01    1.4904E+01    4.5765E+00    1.6514E+01    6.6429E+00    7.3729E+00   
 5.8196E+02    4.4725E+01    5.5357E+01    2.0874E+01    1.7623E+01    1.2908E+01    7.1145E+01    5.0737E+01    1.4886E+01    4.5765E+00    1.6657E+01    6.5615E+00    7.4015E+00   
 5.8247E+02    4.4717E+01    5.5360E+01    2.0856E+01    1.7623E+01    1.2939E+01    7.1144E+01    5.0737E+01    1.4870E+01    4.5765E+00    1.6596E+01    6.4597E+00    7.4299E+00   
 5.8302E+02    4.4717E+01    5.5341E+01    2.0850E+01    1.7601E+01    1.2940E+01    7.1133E+01    5.0719E+01    1.4863E+01    4.5561E+00    1.6697E+01    6.5717E+00    7.3729E+00   
 5.8353E+02    4.4700E+01    5.5346E+01    2.0849E+01    1.7606E+01    1.2940E+01    7.1132E+01    5.0715E+01    1.4831E+01    4.5561E+00    1.6636E+01    6.6735E+00    7.3729E+00   
 5.8404E+02    4.4711E+01    5.5350E+01    2.0849E+01    1.7571E+01    1.2901E+01    7.1116E+01    5.0684E+01    1.4815E+01    4.5561E+00    1.6535E+01    6.4851E+00    7.3443E+00   
 5.8455E+02    4.4719E+01    5.5350E+01    2.0783E+01    1.7630E+01    1.2820E+01    7.1116E+01    5.0679E+01    1.4804E+01    4.5765E+00    1.6657E+01    6.4699E+00    7.3729E+00   
 5.8513E+02    4.4720E+01    5.5350E+01    2.0752E+01    1.7595E+01    1.2799E+01    7.1140E+01    5.0661E+01    1.4823E+01    4.5561E+00    1.6677E+01    6.6277E+00    7.3729E+00   
 5.8564E+02    4.4719E+01    5.5343E+01    2.0726E+01    1.7595E+01    1.2838E+01    7.1139E+01    5.0661E+01    1.4809E+01    4.5765E+00    1.6535E+01    6.6837E+00    7.3729E+00   
 5.8615E+02    4.4733E+01    5.5363E+01    2.0788E+01    1.7553E+01    1.2838E+01    7.1143E+01    5.0678E+01    1.4799E+01    4.5765E+00    1.6636E+01    6.5055E+00    7.3443E+00   
 5.8665E+02    4.4716E+01    5.5347E+01    2.0821E+01    1.7617E+01    1.2864E+01    7.1130E+01    5.0669E+01    1.4795E+01    4.5765E+00    1.6596E+01    6.4648E+00    7.4015E+00   
 5.8724E+02    4.4740E+01    5.5365E+01    2.0836E+01    1.7579E+01    1.2913E+01    7.1160E+01    5.0689E+01    1.4795E+01    4.5765E+00    1.6535E+01    6.5055E+00    7.3443E+00   
 5.8774E+02    4.4732E+01    5.5365E+01    2.0868E+01    1.7588E+01    1.2947E+01    7.1168E+01    5.0675E+01    1.4795E+01    4.5561E+00    1.6697E+01    6.6429E+00    7.4015E+00   
 5.8825E+02    4.4726E+01    5.5363E+01    2.0868E+01    1.7643E+01    1.3019E+01    7.1182E+01    5.0694E+01    1.4806E+01    4.5765E+00    1.6616E+01    6.4699E+00    7.3729E+00   
 5.8877E+02    4.4713E+01    5.5365E+01    2.0839E+01    1.7643E+01    1.3018E+01    7.1195E+01    5.0694E+01    1.4808E+01    4.5561E+00    1.6596E+01    6.6022E+00    7.3443E+00   
 5.8935E+02    4.4728E+01    5.5377E+01    2.0797E+01    1.7538E+01    1.2993E+01    7.1188E+01    5.0696E+01    1.4799E+01    4.5561E+00    1.6514E+01    6.4648E+00    7.4299E+00   
 5.8987E+02    4.4726E+01    5.5388E+01    2.0796E+01    1.7564E+01    1.2993E+01    7.1186E+01    5.0703E+01    1.4805E+01    4.5765E+00    1.6575E+01    6.5920E+00    7.4015E+00   
 5.9039E+02    4.4739E+01    5.5374E+01    2.0796E+01    1.7637E+01    1.3023E+01    7.1183E+01    5.0702E+01    1.4805E+01    4.5765E+00    1.6677E+01    6.4597E+00    7.4299E+00   
 5.9090E+02    4.4714E+01    5.5374E+01    2.0845E+01    1.7589E+01    1.3007E+01    7.1168E+01    5.0701E+01    1.4793E+01    4.5765E+00    1.6677E+01    6.6480E+00    7.3443E+00   
 5.9143E+02    4.4720E+01    5.5365E+01    2.0856E+01    1.7532E+01    1.3022E+01    7.1168E+01    5.0702E+01    1.4800E+01    4.5765E+00    1.6596E+01    6.6633E+00    7.4299E+00   
 5.9195E+02    4.4711E+01    5.5378E+01    2.0784E+01    1.7532E+01    1.3057E+01    7.1165E+01    5.0702E+01    1.4802E+01    4.5765E+00    1.6514E+01    6.5309E+00    7.4015E+00   
 5.9247E+02    4.4726E+01    5.5394E+01    2.0806E+01    1.7615E+01    1.3138E+01    7.1162E+01    5.0708E+01    1.4794E+01    4.5765E+00    1.6718E+01    6.5869E+00    7.3443E+00   
 5.9298E+02    4.4732E+01    5.5392E+01    2.0721E+01    1.7633E+01    1.3138E+01    7.1143E+01    5.0713E+01    1.4775E+01    4.5765E+00    1.6657E+01    6.6837E+00    7.3729E+00   
 5.9352E+02    4.4727E+01    5.5379E+01    2.0721E+01    1.7591E+01    1.3214E+01    7.1144E+01    5.0704E+01    1.4775E+01    4.5765E+00    1.6535E+01    6.5869E+00    7.4015E+00   
 5.9404E+02    4.4719E+01    5.5393E+01    2.0734E+01    1.7571E+01    1.3171E+01    7.1181E+01    5.0717E+01    1.4781E+01    4.5765E+00    1.6677E+01    6.5208E+00    7.3729E+00   
 5.9455E+02    4.4731E+01    5.5411E+01    2.0906E+01    1.7570E+01    1.3181E+01    7.1181E+01    5.0713E+01    1.4793E+01    4.5561E+00    1.6596E+01    6.6379E+00    7.3443E+00   
 5.9507E+02    4.4749E+01    5.5419E+01    2.1034E+01    1.7586E+01    1.3206E+01    7.1174E+01    5.0713E+01    1.4789E+01    4.5765E+00    1.6555E+01    6.4597E+00    7.4015E+00   
 5.9560E+02    4.4749E+01    5.5412E+01    2.1080E+01    1.7551E+01    1.3170E+01    7.1154E+01    5.0715E+01    1.4792E+01    4.5561E+00    1.6514E+01    6.4546E+00    7.4299E+00   
 5.9612E+02    4.4766E+01    5.5422E+01    2.1013E+01    1.7565E+01    1.3170E+01    7.1159E+01    5.0720E+01    1.4781E+01    4.5561E+00    1.6697E+01    6.5717E+00    7.3729E+00   
 5.9663E+02    4.4756E+01    5.5428E+01    2.1013E+01    1.7578E+01    1.3060E+01    7.1138E+01    5.0726E+01    1.4781E+01    4.5561E+00    1.6677E+01    6.5055E+00    7.4015E+00   
# Time (s)      T1w (C)       T2w (C)       T1a (C)       T2a (C)       T1r (C)       T2r (C)       T3r (C)       T4r (C)       P1 (bar)      P2 (bar)      Ic (amp)      Qc (l/min)    
 5.9715E+02    4.4783E+01    5.5442E+01    2.0956E+01    1.7734E+01    1.2997E+01    7.1153E+01    5.0720E+01    1.4770E+01    4.5561E+00    1.6575E+01    6.4800E+00    7.3729E+00   
 5.9769E+02    4.4805E+01    5.5433E+01    2.1060E+01    1.7629E+01    1.3003E+01    7.1153E+01    5.0733E+01    1.4781E+01    4.5561E+00    1.6514E+01    6.6480E+00    7.3729E+00   
 5.9821E+02    4.4786E+01    5.5439E+01    2.1062E+01    1.7629E+01    1.3046E+01    7.1149E+01    5.0733E+01    1.4779E+01    4.5561E+00    1.6514E+01    6.6786E+00    7.3443E+00   
 5.9873E+02    4.4786E+01    5.5418E+01    2.0952E+01    1.7620E+01    1.3096E+01    7.1149E+01    5.0730E+01    1.4756E+01    4.5561E+00    1.6616E+01    6.6837E+00    7.4582E+00   
 5.9924E+02    4.4775E+01    5.5441E+01    2.0741E+01    1.7560E+01    1.3112E+01    7.1190E+01    5.0747E+01    1.4776E+01    4.5561E+00    1.6616E+01    6.6633E+00    7.4015E+00   
 5.9980E+02    4.4797E+01    5.5437E+01    2.0741E+01    1.7590E+01    1.3173E+01    7.1191E+01    5.0761E+01    1.4776E+01    4.5561E+00    1.6514E+01    6.6786E+00    7.4015E+00   
 6.0032E+02    4.4789E+01    5.5437E+01    2.0687E+01    1.7594E+01    1.3219E+01    7.1201E+01    5.0774E+01    1.4785E+01    4.5561E+00    1.6514E+01    6.6531E+00    7.4299E+00   
 6.0084E+02    4.4789E+01    5.5461E+01    2.0647E+01    1.7495E+01    1.3251E+01    7.1201E+01    5.0796E+01    1.4788E+01    4.5561E+00    1.6697E+01    6.5717E+00    7.3729E+00   
 6.0135E+02    4.4783E+01    5.5441E+01    2.0813E+01    1.7495E+01    1.3278E+01    7.1205E+01    5.0796E+01    1.4793E+01    4.5561E+00    1.6575E+01    6.5259E+00    7.3729E+00   
 6.0191E+02    4.4783E+01    5.5437E+01    2.0862E+01    1.7487E+01    1.3262E+01    7.1205E+01    5.0813E+01    1.4822E+01    4.5561E+00    1.6575E+01    6.4750E+00    7.3443E+00   
 6.0242E+02    4.4784E+01    5.5423E+01    2.0905E+01    1.7619E+01    1.3278E+01    7.1208E+01    5.0833E+01    1.4845E+01    4.5561E+00    1.6616E+01    6.4902E+00    7.4015E+00   
 6.0295E+02    4.4781E+01    5.5437E+01    2.0905E+01    1.7588E+01    1.3241E+01    7.1225E+01    5.0845E+01    1.4845E+01    4.5561E+00    1.6535E+01    6.5513E+00    7.3443E+00   
 6.0346E+02    4.4796E+01    5.5452E+01    2.1017E+01    1.7492E+01    1.3150E+01    7.1223E+01    5.0854E+01    1.4866E+01    4.5561E+00    1.6494E+01    6.6735E+00    7.3443E+00   
 6.0399E+02    4.4789E+01    5.5443E+01    2.0976E+01    1.7517E+01    1.3114E+01    7.1223E+01    5.0862E+01    1.4884E+01    4.5561E+00    1.6514E+01    6.5717E+00    7.4015E+00   
 6.0450E+02    4.4806E+01    5.5445E+01    2.0939E+01    1.7533E+01    1.3127E+01    7.1224E+01    5.0862E+01    1.4909E+01    4.5561E+00    1.6596E+01    6.5004E+00    7.4299E+00   
 6.0502E+02    4.4806E+01    5.5448E+01    2.0830E+01    1.7564E+01    1.3105E+01    7.1249E+01    5.0857E+01    1.4922E+01    4.5561E+00    1.6596E+01    6.4699E+00    7.4015E+00   
 6.0554E+02    4.4812E+01    5.5455E+01    2.0694E+01    1.7531E+01    1.3121E+01    7.1268E+01    5.0890E+01    1.4943E+01    4.5561E+00    1.6616E+01    6.5462E+00    7.3729E+00   
 6.0608E+02    4.4801E+01    5.5442E+01    2.0694E+01    1.7533E+01    1.3131E+01    7.1251E+01    5.0897E+01    1.4943E+01    4.5561E+00    1.6677E+01    6.6888E+00    7.3729E+00   
 6.0659E+02    4.4826E+01    5.5457E+01    2.0600E+01    1.7571E+01    1.3149E+01    7.1255E+01    5.0905E+01    1.4933E+01    4.5561E+00    1.6535E+01    6.6379E+00    7.3443E+00   
 6.0711E+02    4.4844E+01    5.5457E+01    2.0540E+01    1.7609E+01    1.3156E+01    7.1255E+01    5.0917E+01    1.4957E+01    4.5561E+00    1.6677E+01    6.6837E+00    7.4299E+00   
 6.0763E+02    4.4823E+01    5.5440E+01    2.0582E+01    1.7594E+01    1.3138E+01    7.1247E+01    5.0917E+01    1.4945E+01    4.5561E+00    1.6555E+01    6.6124E+00    7.3729E+00   
 6.0816E+02    4.4808E+01    5.5419E+01    2.0596E+01    1.7451E+01    1.3106E+01    7.1245E+01    5.0908E+01    1.4954E+01    4.5561E+00    1.6514E+01    6.4546E+00    7.3443E+00   
 6.0868E+02    4.4816E+01    5.5441E+01    2.0677E+01    1.7448E+01    1.3106E+01    7.1251E+01    5.0932E+01    1.4951E+01    4.5561E+00    1.6535E+01    6.6429E+00    7.4015E+00   
 6.0919E+02    4.4830E+01    5.5435E+01    2.0692E+01    1.7558E+01    1.3102E+01    7.1261E+01    5.0941E+01    1.4951E+01    4.5561E+00    1.6636E+01    6.5615E+00    7.3729E+00   
 6.0971E+02    4.4838E+01    5.5435E+01    2.0887E+01    1.7640E+01    1.3031E+01    7.1261E+01    5.0947E+01    1.4979E+01    4.5357E+00    1.6535E+01    6.6175E+00    7.4299E+00   
 6.1027E+02    4.4811E+01    5.5419E+01    2.0845E+01    1.7572E+01    1.3042E+01    7.1277E+01    5.0968E+01    1.4980E+01    4.5561E+00    1.6535E+01    6.6786E+00    7.3443E+00   
 6.1079E+02    4.4823E+01    5.5433E+01    2.1082E+01    1.7572E+01    1.3040E+01    7.1277E+01    5.0968E+01    1.4989E+01    4.5561E+00    1.6555E+01    6.5208E+00    7.3729E+00   
 6.1130E+02    4.4838E+01    5.5431E+01    2.1008E+01    1.7588E+01    1.3040E+01    7.1290E+01    5.0981E+01    1.5013E+01    4.5561E+00    1.6575E+01    6.6735E+00    7.3443E+00   
 6.1182E+02    4.4832E+01    5.5441E+01    2.1025E+01    1.7545E+01    1.3048E+01    7.1297E+01    5.0989E+01    1.5003E+01    4.5561E+00    1.6535E+01    6.6582E+00    7.3443E+00   
 6.1235E+02    4.4840E+01    5.5450E+01    2.1041E+01    1.7677E+01    1.3035E+01    7.1304E+01    5.1009E+01    1.5003E+01    4.5561E+00    1.6514E+01    6.4750E+00    7.4299E+00   
# Time (s)      T1w (C)       T2w (C)       T1a (C)       T2a (C)       T1r (C)       T2r (C)       T3r (C)       T4r (C)       P1 (bar)      P2 (bar)      Ic (amp)      Qc (l/min)    
 6.1287E+02    4.4848E+01    5.5450E+01    2.0835E+01    1.7759E+01    1.3037E+01    7.1304E+01    5.1005E+01    1.5000E+01    4.5561E+00    1.6575E+01    6.5259E+00    7.3729E+00   
 6.1338E+02    4.4862E+01    5.5445E+01    2.0773E+01    1.7663E+01    1.3011E+01    7.1307E+01    5.1031E+01    1.5022E+01    4.5561E+00    1.6494E+01    6.4597E+00    7.4015E+00   
 6.1390E+02    4.4862E+01    5.5455E+01    2.0845E+01    1.7663E+01    1.3013E+01    7.1316E+01    5.1031E+01    1.5012E+01    4.5561E+00    1.6575E+01    6.6684E+00    7.4015E+00   
 6.1446E+02    4.4875E+01    5.5454E+01    2.0878E+01    1.7654E+01    1.3021E+01    7.1314E+01    5.1035E+01    1.5028E+01    4.5561E+00    1.6657E+01    6.6837E+00    7.4299E+00   
 6.1498E+02    4.4879E+01    5.5470E+01    2.0871E+01    1.7656E+01    1.3021E+01    7.1307E+01    5.1041E+01    1.5041E+01    4.5561E+00    1.6494E+01    6.5055E+00    7.3443E+00   
 6.1549E+02    4.4873E+01    5.5466E+01    2.0871E+01    1.7633E+01    1.3088E+01    7.1315E+01    5.1072E+01    1.5041E+01    4.5765E+00    1.6596E+01    6.5462E+00    7.4015E+00   
 6.1601E+02    4.4864E+01    5.5466E+01    2.1032E+01    1.7661E+01    1.3144E+01    7.1315E+01    5.1068E+01    1.5023E+01    4.5765E+00    1.6636E+01    6.6837E+00    7.4015E+00   
 6.1654E+02    4.4844E+01    5.5445E+01    2.1338E+01    1.7628E+01    1.3148E+01    7.1302E+01    5.1070E+01    1.5024E+01    4.5765E+00    1.6514E+01    6.5615E+00    7.4015E+00   
 6.1706E+02    4.4844E+01    5.5430E+01    2.1280E+01    1.7628E+01    1.3120E+01    7.1301E+01    5.1070E+01    1.5054E+01    4.5561E+00    1.6616E+01    6.6073E+00    7.3443E+00   
 6.1758E+02    4.4833E+01    5.5430E+01    2.1203E+01    1.7634E+01    1.3120E+01    7.1301E+01    5.1087E+01    1.5054E+01    4.5765E+00    1.6494E+01    6.5157E+00    7.3729E+00   
 6.1809E+02    4.4832E+01    5.5440E+01    2.1245E+01    1.7750E+01    1.3085E+01    7.1299E+01    5.1090E+01    1.5050E+01    4.5765E+00    1.6575E+01    6.6175E+00    7.3443E+00   
 6.1864E+02    4.4841E+01    5.5443E+01    2.1245E+01    1.7727E+01    1.3053E+01    7.1317E+01    5.1078E+01    1.5050E+01    4.5561E+00    1.6616E+01    6.6480E+00    7.3729E+00   
 6.1916E+02    4.4839E+01    5.5443E+01    2.1337E+01    1.7799E+01    1.3012E+01    7.1308E+01    5.1097E+01    1.5069E+01    4.5765E+00    1.6616E+01    6.6786E+00    7.4299E+00   
 6.1968E+02    4.4848E+01    5.5438E+01    2.1397E+01    1.7809E+01    1.2985E+01    7.1308E+01    5.1092E+01    1.5075E+01    4.5561E+00    1.6555E+01    6.6786E+00    7.4015E+00   
 6.2019E+02    4.4848E+01    5.5451E+01    2.1359E+01    1.7809E+01    1.2965E+01    7.1300E+01    5.1092E+01    1.5086E+01    4.5765E+00    1.6555E+01    6.6735E+00    7.3443E+00   
 6.2074E+02    4.4855E+01    5.5456E+01    2.1330E+01    1.7797E+01    1.2965E+01    7.1308E+01    5.1102E+01    1.5094E+01    4.5765E+00    1.6575E+01    6.4648E+00    7.4015E+00   
 6.2126E+02    4.4861E+01    5.5454E+01    2.1233E+01    1.7876E+01    1.2953E+01    7.1315E+01    5.1096E+01    1.5110E+01    4.5765E+00    1.6596E+01    6.5309E+00    7.4299E+00   
 6.2178E+02    4.4850E+01    5.5457E+01    2.1233E+01    1.7763E+01    1.2967E+01    7.1321E+01    5.1092E+01    1.5110E+01    4.5765E+00    1.6575E+01    6.6531E+00    7.3155E+00   
 6.2229E+02    4.4853E+01    5.5457E+01    2.1209E+01    1.7732E+01    1.2991E+01    7.1321E+01    5.1103E+01    1.5111E+01    4.5765E+00    1.6657E+01    6.5564E+00    7.4015E+00   
 6.2283E+02    4.4850E+01    5.5471E+01    2.1254E+01    1.7750E+01    1.3011E+01    7.1322E+01    5.1100E+01    1.5111E+01    4.5765E+00    1.6535E+01    6.6582E+00    7.3729E+00   
 6.2334E+02    4.4855E+01    5.5449E+01    2.1419E+01    1.7750E+01    1.2978E+01    7.1341E+01    5.1100E+01    1.5110E+01    4.5765E+00    1.6575E+01    6.6379E+00    7.3443E+00   
 6.2386E+02    4.4855E+01    5.5463E+01    2.1456E+01    1.7844E+01    1.2978E+01    7.1326E+01    5.1097E+01    1.5112E+01    4.5765E+00    1.6514E+01    6.6939E+00    7.3729E+00   
 6.2438E+02    4.4873E+01    5.5462E+01    2.1494E+01    1.7770E+01    1.3013E+01    7.1332E+01    5.1105E+01    1.5135E+01    4.5765E+00    1.6596E+01    6.5564E+00    7.4015E+00   
 6.2492E+02    4.4841E+01    5.5460E+01    2.1494E+01    1.7818E+01    1.3038E+01    7.1336E+01    5.1112E+01    1.5135E+01    4.5765E+00    1.6677E+01    6.4750E+00    7.4299E+00   
 6.2544E+02    4.4880E+01    5.5474E+01    2.1481E+01    1.7762E+01    1.3025E+01    7.1336E+01    5.1127E+01    1.5136E+01    4.5765E+00    1.6616E+01    6.4699E+00    7.3729E+00   
 6.2595E+02    4.4882E+01    5.5489E+01    2.1324E+01    1.7827E+01    1.3018E+01    7.1341E+01    5.1106E+01    1.5143E+01    4.5765E+00    1.6636E+01    6.4648E+00    7.3729E+00   
 6.2647E+02    4.4882E+01    5.5480E+01    2.1190E+01    1.7827E+01    1.3024E+01    7.1338E+01    5.1120E+01    1.5139E+01    4.5765E+00    1.6514E+01    6.6633E+00    7.3729E+00   
 6.2702E+02    4.4880E+01    5.5493E+01    2.1177E+01    1.7848E+01    1.3024E+01    7.1337E+01    5.1135E+01    1.5151E+01    4.5765E+00    1.6535E+01    6.6786E+00    7.3729E+00   
 6.2753E+02    4.4877E+01    5.5476E+01    2.1211E+01    1.7807E+01    1.3056E+01    7.1338E+01    5.1151E+01    1.5175E+01    4.5765E+00    1.6575E+01    6.5208E+00    7.3729E+00   
 6.2805E+02    4.4876E+01    5.5492E+01    2.1211E+01    1.7877E+01    1.3046E+01    7.1344E+01    5.1147E+01    1.5175E+01    4.5765E+00    1.6514E+01    6.6735E+00    7.4015E+00   
# Time (s)      T1w (C)       T2w (C)       T1a (C)       T2a (C)       T1r (C)       T2r (C)       T3r (C)       T4r (C)       P1 (bar)      P2 (bar)      Ic (amp)      Qc (l/min)    
 6.2857E+02    4.4883E+01    5.5492E+01    2.1343E+01    1.7895E+01    1.3023E+01    7.1344E+01    5.1146E+01    1.5166E+01    4.5765E+00    1.6535E+01    6.6888E+00    7.3729E+00   
 6.2910E+02    4.4882E+01    5.5497E+01    2.1469E+01    1.7882E+01    1.2973E+01    7.1317E+01    5.1151E+01    1.5159E+01    4.5561E+00    1.6677E+01    6.6633E+00    7.4015E+00   
 6.2961E+02    4.4867E+01    5.5471E+01    2.1487E+01    1.7866E+01    1.2984E+01    7.1339E+01    5.1166E+01    1.5184E+01    4.5561E+00    1.6596E+01    6.4648E+00    7.4015E+00   
 6.3013E+02    4.4865E+01    5.5481E+01    2.1588E+01    1.7952E+01    1.2984E+01    7.1328E+01    5.1177E+01    1.5193E+01    4.5765E+00    1.6514E+01    6.4699E+00    7.3729E+00   
 6.3065E+02    4.4868E+01    5.5460E+01    2.1495E+01    1.7962E+01    1.2961E+01    7.1332E+01    5.1166E+01    1.5170E+01    4.5561E+00    1.6697E+01    6.6939E+00    7.4015E+00   
 6.3120E+02    4.4849E+01    5.5460E+01    2.1495E+01    1.7961E+01    1.2973E+01    7.1325E+01    5.1160E+01    1.5170E+01    4.5765E+00    1.6697E+01    6.4851E+00    7.3729E+00   
 6.3172E+02    4.4872E+01    5.5477E+01    2.1510E+01    1.7956E+01    1.3003E+01    7.1311E+01    5.1153E+01    1.5167E+01    4.5765E+00    1.6657E+01    6.5819E+00    7.4299E+00   
 6.3223E+02    4.4874E+01    5.5471E+01    2.1537E+01    1.7990E+01    1.3054E+01    7.1313E+01    5.1135E+01    1.5174E+01    4.5765E+00    1.6575E+01    6.4902E+00    7.4015E+00   
 6.3275E+02    4.4859E+01    5.5473E+01    2.1555E+01    1.7974E+01    1.3054E+01    7.1310E+01    5.1135E+01    1.5150E+01    4.5765E+00    1.6697E+01    6.6888E+00    7.3729E+00   
 6.3328E+02    4.4856E+01    5.5479E+01    2.1671E+01    1.7920E+01    1.3054E+01    7.1313E+01    5.1137E+01    1.5152E+01    4.5765E+00    1.6657E+01    6.5920E+00    7.4015E+00   
 6.3380E+02    4.4877E+01    5.5490E+01    2.1572E+01    1.7913E+01    1.3015E+01    7.1301E+01    5.1123E+01    1.5131E+01    4.5765E+00    1.6657E+01    6.4699E+00    7.3443E+00   
 6.3432E+02    4.4871E+01    5.5490E+01    2.1572E+01    1.7811E+01    1.2968E+01    7.1322E+01    5.1129E+01    1.5131E+01    4.5765E+00    1.6636E+01    6.4648E+00    7.3729E+00   
 6.3484E+02    4.4868E+01    5.5475E+01    2.1577E+01    1.7860E+01    1.2932E+01    7.1322E+01    5.1115E+01    1.5148E+01    4.5765E+00    1.6697E+01    6.4902E+00    7.3443E+00   
 6.3539E+02    4.4870E+01    5.5480E+01    2.1467E+01    1.7819E+01    1.2884E+01    7.1305E+01    5.1113E+01    1.5119E+01    4.5561E+00    1.6616E+01    6.6735E+00    7.3443E+00   
 6.3591E+02    4.4870E+01    5.5473E+01    2.1408E+01    1.7819E+01    1.2869E+01    7.1308E+01    5.1113E+01    1.5113E+01    4.5765E+00    1.6555E+01    6.4902E+00    7.3155E+00   
 6.3643E+02    4.4878E+01    5.5492E+01    2.1302E+01    1.7760E+01    1.2837E+01    7.1279E+01    5.1081E+01    1.5080E+01    4.5765E+00    1.6555E+01    6.5564E+00    7.4582E+00   
 6.3695E+02    4.4870E+01    5.5492E+01    2.1128E+01    1.7802E+01    1.2856E+01    7.1287E+01    5.1060E+01    1.5092E+01    4.5765E+00    1.6535E+01    6.4750E+00    7.4015E+00   
 6.3747E+02    4.4870E+01    5.5492E+01    2.1128E+01    1.7819E+01    1.2859E+01    7.1256E+01    5.1056E+01    1.5076E+01    4.5765E+00    1.6677E+01    6.4699E+00    7.3443E+00   
 6.3799E+02    4.4897E+01    5.5479E+01    2.1182E+01    1.7868E+01    1.2865E+01    7.1256E+01    5.1048E+01    1.5078E+01    4.5765E+00    1.6596E+01    6.5920E+00    7.4015E+00   
 6.3851E+02    4.4881E+01    5.5478E+01    2.1252E+01    1.7794E+01    1.2852E+01    7.1243E+01    5.1045E+01    1.5046E+01    4.5969E+00    1.6657E+01    6.6888E+00    7.3443E+00   
 6.3903E+02    4.4881E+01    5.5506E+01    2.1150E+01    1.7794E+01    1.2838E+01    7.1255E+01    5.1045E+01    1.5034E+01    4.5969E+00    1.6535E+01    6.4546E+00    7.4015E+00   
 6.3958E+02    4.4890E+01    5.5492E+01    2.1152E+01    1.7819E+01    1.2838E+01    7.1261E+01    5.1038E+01    1.5035E+01    4.5969E+00    1.6616E+01    6.5564E+00    7.3729E+00   
 6.4010E+02    4.4897E+01    5.5485E+01    2.1226E+01    1.7822E+01    1.2855E+01    7.1247E+01    5.1026E+01    1.5016E+01    4.5765E+00    1.6596E+01    6.6786E+00    7.3155E+00   
 6.4062E+02    4.4905E+01    5.5485E+01    2.1226E+01    1.7772E+01    1.2862E+01    7.1250E+01    5.1012E+01    1.5016E+01    4.5765E+00    1.6677E+01    6.5513E+00    7.3729E+00   
 6.4113E+02    4.4893E+01    5.5495E+01    2.1346E+01    1.7897E+01    1.2881E+01    7.1250E+01    5.1016E+01    1.4999E+01    4.5765E+00    1.6636E+01    6.6226E+00    7.3729E+00   
 6.4168E+02    4.4892E+01    5.5484E+01    2.1363E+01    1.7853E+01    1.2886E+01    7.1260E+01    5.1022E+01    1.5011E+01    4.5765E+00    1.6555E+01    6.5309E+00    7.3729E+00   
 6.4220E+02    4.4892E+01    5.5489E+01    2.1233E+01    1.7853E+01    1.2853E+01    7.1225E+01    5.1022E+01    1.5022E+01    4.5765E+00    1.6555E+01    6.6888E+00    7.3155E+00   
 6.4272E+02    4.4884E+01    5.5489E+01    2.1218E+01    1.7934E+01    1.2853E+01    7.1235E+01    5.1027E+01    1.5002E+01    4.5765E+00    1.6677E+01    6.4800E+00    7.3443E+00   
 6.4324E+02    4.4877E+01    5.5480E+01    2.1310E+01    1.7834E+01    1.2810E+01    7.1247E+01    5.1011E+01    1.5010E+01    4.5765E+00    1.6596E+01    6.4699E+00    7.3443E+00   
 6.4379E+02    4.4875E+01    5.5484E+01    2.1294E+01    1.7769E+01    1.2812E+01    7.1251E+01    5.1009E+01    1.4994E+01    4.5765E+00    1.6718E+01    6.5971E+00    7.4299E+00   
# Time (s)      T1w (C)       T2w (C)       T1a (C)       T2a (C)       T1r (C)       T2r (C)       T3r (C)       T4r (C)       P1 (bar)      P2 (bar)      Ic (amp)      Qc (l/min)    
 6.4431E+02    4.4862E+01    5.5484E+01    2.1407E+01    1.7674E+01    1.2834E+01    7.1251E+01    5.1009E+01    1.4994E+01    4.5765E+00    1.6718E+01    6.6226E+00    7.4299E+00   
 6.4483E+02    4.4878E+01    5.5493E+01    2.1473E+01    1.7781E+01    1.2886E+01    7.1266E+01    5.1022E+01    1.5015E+01    4.5969E+00    1.6738E+01    6.6582E+00    7.3443E+00   
 6.4535E+02    4.4866E+01    5.5480E+01    2.1502E+01    1.7781E+01    1.2918E+01    7.1246E+01    5.1022E+01    1.5022E+01    4.5765E+00    1.6616E+01    6.4750E+00    7.3729E+00   
 6.4587E+02    4.4866E+01    5.5473E+01    2.1438E+01    1.7757E+01    1.2918E+01    7.1255E+01    5.1017E+01    1.5016E+01    4.5765E+00    1.6657E+01    6.4800E+00    7.4015E+00   
 6.4639E+02    4.4872E+01    5.5478E+01    2.1422E+01    1.7714E+01    1.2958E+01    7.1261E+01    5.1011E+01    1.5009E+01    4.5765E+00    1.6738E+01    6.5462E+00    7.3729E+00   
 6.4691E+02    4.4868E+01    5.5490E+01    2.1422E+01    1.7708E+01    1.2972E+01    7.1261E+01    5.1003E+01    1.5009E+01    4.5765E+00    1.6677E+01    6.6277E+00    7.4299E+00   
 6.4743E+02    4.4882E+01    5.5490E+01    2.1308E+01    1.7824E+01    1.2979E+01    7.1275E+01    5.1014E+01    1.5026E+01    4.5765E+00    1.6555E+01    6.5869E+00    7.4015E+00   
 6.4799E+02    4.4889E+01    5.5498E+01    2.1303E+01    1.7866E+01    1.2947E+01    7.1283E+01    5.1028E+01    1.5022E+01    4.5765E+00    1.6636E+01    6.4800E+00    7.3729E+00   
 6.4850E+02    4.4876E+01    5.5484E+01    2.1236E+01    1.7850E+01    1.2925E+01    7.1279E+01    5.1028E+01    1.4994E+01    4.5765E+00    1.6636E+01    6.4851E+00    7.3443E+00   
 6.4902E+02    4.4876E+01    5.5486E+01    2.1278E+01    1.7812E+01    1.2891E+01    7.1289E+01    5.1002E+01    1.4990E+01    4.5765E+00    1.6555E+01    6.5462E+00    7.4015E+00   
 6.4954E+02    4.4883E+01    5.5481E+01    2.1235E+01    1.7832E+01    1.2891E+01    7.1276E+01    5.1001E+01    1.4976E+01    4.5765E+00    1.6718E+01    6.6735E+00    7.3729E+00   
 6.5010E+02    4.4897E+01    5.5499E+01    2.1235E+01    1.7800E+01    1.2919E+01    7.1246E+01    5.1007E+01    1.4992E+01    4.5765E+00    1.6555E+01    6.4800E+00    7.4015E+00   
 6.5061E+02    4.4867E+01    5.5485E+01    2.1181E+01    1.7725E+01    1.2962E+01    7.1268E+01    5.1008E+01    1.5008E+01    4.5969E+00    1.6555E+01    6.5157E+00    7.3729E+00   
 6.5113E+02    4.4867E+01    5.5492E+01    2.1209E+01    1.7737E+01    1.2981E+01    7.1268E+01    5.0988E+01    1.4972E+01    4.5765E+00    1.6657E+01    6.4800E+00    7.4015E+00   
 6.5165E+02    4.4865E+01    5.5464E+01    2.1209E+01    1.7722E+01    1.2982E+01    7.1256E+01    5.0988E+01    1.4959E+01    4.5765E+00    1.6697E+01    6.4851E+00    7.3729E+00   
 6.5217E+02    4.4865E+01    5.5468E+01    2.1314E+01    1.7765E+01    1.2939E+01    7.1260E+01    5.1000E+01    1.4965E+01    4.5765E+00    1.6636E+01    6.5615E+00    7.3443E+00   
 6.5269E+02    4.4864E+01    5.5475E+01    2.1273E+01    1.7593E+01    1.2923E+01    7.1245E+01    5.0978E+01    1.4944E+01    4.5765E+00    1.6535E+01    6.4800E+00    7.4299E+00   
 6.5321E+02    4.4870E+01    5.5480E+01    2.1273E+01    1.7636E+01    1.2901E+01    7.1242E+01    5.0963E+01    1.4942E+01    4.5765E+00    1.6738E+01    6.5309E+00    7.4015E+00   
 6.5373E+02    4.4865E+01    5.5480E+01    2.1195E+01    1.7668E+01    1.2891E+01    7.1242E+01    5.0970E+01    1.4942E+01    4.5765E+00    1.6575E+01    6.4953E+00    7.4015E+00   
 6.5428E+02    4.4884E+01    5.5471E+01    2.1171E+01    1.7831E+01    1.2876E+01    7.1255E+01    5.0967E+01    1.4942E+01    4.5561E+00    1.6616E+01    6.6837E+00    7.3443E+00   
 6.5480E+02    4.4877E+01    5.5502E+01    2.1283E+01    1.7725E+01    1.2928E+01    7.1235E+01    5.0969E+01    1.4939E+01    4.5765E+00    1.6596E+01    6.4851E+00    7.2286E+00   
 6.5532E+02    4.4877E+01    5.5493E+01    2.1245E+01    1.7725E+01    1.2918E+01    7.1249E+01    5.0969E+01    1.4940E+01    4.5765E+00    1.6718E+01    6.6124E+00    7.2286E+00   
 6.5584E+02    4.4879E+01    5.5490E+01    2.1121E+01    1.7711E+01    1.2918E+01    7.1270E+01    5.0981E+01    1.4914E+01    4.7193E+00    1.6270E+01    1.5470E+00    7.1993E+00   
 6.5639E+02    4.4874E+01    5.5505E+01    2.1127E+01    1.7679E+01    1.2965E+01    7.1225E+01    5.0973E+01    1.4838E+01    5.3723E+00    1.5802E+01    1.6235E-01    7.2286E+00   
 6.5691E+02    4.4894E+01    5.5505E+01    2.1127E+01    1.7680E+01    1.4125E+01    7.1163E+01    5.0896E+01    1.4853E+01    5.1070E+00    1.5496E+01    6.0533E-02    7.3729E+00   
 6.5743E+02    4.4877E+01    5.5507E+01    2.1129E+01    1.7620E+01    1.4618E+01    7.1163E+01    5.0742E+01    1.4873E+01    5.1070E+00    1.5170E+01    4.5260E-02    7.4299E+00   
 6.5795E+02    4.4891E+01    5.5479E+01    2.1066E+01    1.7640E+01    1.4774E+01    7.1056E+01    5.0610E+01    1.4942E+01    5.1274E+00    1.4906E+01    4.0170E-02    7.3729E+00   
 6.5847E+02    4.4891E+01    5.5323E+01    2.0991E+01    1.7640E+01    1.4871E+01    7.0959E+01    5.0610E+01    1.5013E+01    5.1478E+00    1.4682E+01    4.0170E-02    7.4015E+00   
 6.5899E+02    4.4884E+01    5.5097E+01    2.1005E+01    1.7706E+01    1.4871E+01    7.0862E+01    5.0482E+01    1.5116E+01    5.1478E+00    1.4499E+01    4.0170E-02    7.4299E+00   
 6.5951E+02    4.4882E+01    5.4776E+01    2.1005E+01    1.7698E+01    1.5004E+01    7.0759E+01    5.0343E+01    1.5116E+01    5.1682E+00    1.4356E+01    4.0170E-02    7.4015E+00   
# Time (s)      T1w (C)       T2w (C)       T1a (C)       T2a (C)       T1r (C)       T2r (C)       T3r (C)       T4r (C)       P1 (bar)      P2 (bar)      Ic (amp)      Qc (l/min)    
 6.6002E+02    4.4869E+01    5.4776E+01    2.1035E+01    1.7795E+01    1.5081E+01    7.0675E+01    5.0225E+01    1.5236E+01    5.1886E+00    1.4356E+01    4.0170E-02    7.3729E+00   
 6.6058E+02    4.4898E+01    5.4396E+01    2.1152E+01    1.7758E+01    1.5180E+01    7.0675E+01    5.0143E+01    1.5328E+01    5.1886E+00    1.4865E+01    4.0170E-02    7.3729E+00   
 6.6110E+02    4.4904E+01    5.3960E+01    2.1152E+01    1.7829E+01    1.5251E+01    7.0578E+01    5.0049E+01    1.5428E+01    5.2090E+00    1.4906E+01    4.0170E-02    7.3443E+00   
 6.6161E+02    4.4904E+01    5.3568E+01    2.1198E+01    1.7829E+01    1.5362E+01    7.0514E+01    5.0064E+01    1.5542E+01    5.2090E+00    1.4845E+01    4.0170E-02    7.3443E+00   
 6.6213E+02    4.4898E+01    5.3178E+01    2.1160E+01    1.7765E+01    1.5362E+01    7.0429E+01    4.9983E+01    1.5614E+01    5.2294E+00    1.4743E+01    4.0170E-02    7.3729E+00   
 6.6265E+02    4.4918E+01    5.2896E+01    2.1175E+01    1.7740E+01    1.5441E+01    7.0350E+01    4.9914E+01    1.5692E+01    5.2498E+00    1.4641E+01    4.0170E-02    7.4015E+00   
 6.6317E+02    4.4912E+01    5.2896E+01    2.1139E+01    1.7746E+01    1.5519E+01    7.0350E+01    4.9839E+01    1.5692E+01    5.2498E+00    1.4539E+01    4.0170E-02    7.4582E+00   
 6.6369E+02    4.4927E+01    5.2718E+01    2.1123E+01    1.7929E+01    1.5613E+01    7.0275E+01    4.9795E+01    1.5782E+01    5.2498E+00    1.4438E+01    4.0170E-02    7.3729E+00   
 6.6421E+02    4.4928E+01    5.2556E+01    2.1112E+01    1.7929E+01    1.5654E+01    7.0193E+01    4.9731E+01    1.5837E+01    5.2702E+00    1.4336E+01    4.0170E-02    7.4299E+00   
 6.6477E+02    4.4943E+01    5.2362E+01    2.1093E+01    1.7921E+01    1.5743E+01    7.0123E+01    4.9746E+01    1.5920E+01    5.2702E+00    1.4254E+01    4.0170E-02    7.3155E+00   
 6.6528E+02    4.4948E+01    5.2103E+01    2.1090E+01    1.8014E+01    1.5743E+01    7.0035E+01    4.9683E+01    1.5996E+01    5.2906E+00    1.4173E+01    4.0170E-02    7.3443E+00   
 6.6581E+02    4.4981E+01    5.1861E+01    2.1104E+01    1.8071E+01    1.5831E+01    6.9946E+01    4.9644E+01    1.6057E+01    5.2906E+00    1.4112E+01    4.0170E-02    7.3729E+00   
 6.6632E+02    4.4984E+01    5.1861E+01    2.1104E+01    1.8132E+01    1.5890E+01    6.9847E+01    4.9588E+01    1.6057E+01    5.2906E+00    1.4030E+01    4.0170E-02    7.3729E+00   
 6.6685E+02    4.5002E+01    5.1639E+01    2.1106E+01    1.8046E+01    1.5988E+01    6.9875E+01    4.9565E+01    1.6151E+01    5.3111E+00    1.3969E+01    4.0170E-02    7.4015E+00   
 6.6736E+02    4.5000E+01    5.1460E+01    2.1116E+01    1.8046E+01    1.6043E+01    6.9817E+01    4.9523E+01    1.6197E+01    5.3111E+00    1.3929E+01    4.0170E-02    7.3443E+00   
 6.6788E+02    4.5015E+01    5.1277E+01    2.1151E+01    1.8234E+01    1.6043E+01    6.9745E+01    4.9523E+01    1.6240E+01    5.3111E+00    1.3867E+01    4.0170E-02    7.3729E+00   
 6.6840E+02    4.5012E+01    5.1116E+01    2.1186E+01    1.8325E+01    1.6075E+01    6.9647E+01    4.9476E+01    1.6309E+01    5.3111E+00    1.3827E+01    4.0170E-02    7.4015E+00   
 6.6896E+02    4.5025E+01    5.0946E+01    2.1202E+01    1.8269E+01    1.6117E+01    6.9578E+01    4.9438E+01    1.6343E+01    5.3315E+00    1.3786E+01    4.0170E-02    7.4015E+00   
 6.6948E+02    4.5023E+01    5.0946E+01    2.1202E+01    1.8362E+01    1.6177E+01    6.9478E+01    4.9381E+01    1.6343E+01    5.3315E+00    1.3745E+01    4.0170E-02    7.4015E+00   
 6.7000E+02    4.5027E+01    5.0765E+01    2.1191E+01    1.8429E+01    1.6244E+01    6.9492E+01    4.9341E+01    1.6401E+01    5.3519E+00    1.3705E+01    4.0170E-02    7.4864E+00   
 6.7051E+02    4.5019E+01    5.0664E+01    2.1233E+01    1.8264E+01    1.6285E+01    6.9428E+01    4.9312E+01    1.6444E+01    5.3519E+00    1.3664E+01    4.0170E-02    7.4864E+00   
 6.7104E+02    4.5019E+01    5.0421E+01    2.1240E+01    1.8264E+01    1.6285E+01    6.9315E+01    4.9312E+01    1.6482E+01    5.3519E+00    1.3623E+01    4.0170E-02    7.5982E+00   
 6.7156E+02    4.5020E+01    5.0240E+01    2.1256E+01    1.8306E+01    1.6326E+01    6.9239E+01    4.9253E+01    1.6514E+01    5.3519E+00    1.3582E+01    4.0170E-02    7.7357E+00   
 6.7208E+02    4.5020E+01    5.0089E+01    2.1256E+01    1.8379E+01    1.6373E+01    6.9182E+01    4.9230E+01    1.6556E+01    5.3723E+00    1.3521E+01    4.0170E-02    7.6259E+00   
 6.7259E+02    4.5010E+01    5.0089E+01    2.1283E+01    1.8442E+01    1.6407E+01    6.9182E+01    4.9190E+01    1.6556E+01    5.3723E+00    1.3481E+01    4.0170E-02    7.4582E+00   
 6.7314E+02    4.5044E+01    4.9928E+01    2.1303E+01    1.8608E+01    1.6456E+01    6.9118E+01    4.9172E+01    1.6595E+01    5.3723E+00    1.3440E+01    4.0170E-02    7.4015E+00   
 6.7365E+02    4.5051E+01    4.9751E+01    2.1278E+01    1.8608E+01    1.6493E+01    6.9036E+01    4.9131E+01    1.6625E+01    5.3723E+00    1.3399E+01    4.0170E-02    7.3729E+00   
 6.7417E+02    4.5051E+01    4.9616E+01    2.1270E+01    1.8664E+01    1.6493E+01    6.8951E+01    4.9131E+01    1.6656E+01    5.3723E+00    1.3358E+01    4.0170E-02    7.4582E+00   
 6.7469E+02    4.5060E+01    4.9488E+01    2.1249E+01    1.8639E+01    1.6536E+01    6.8872E+01    4.9077E+01    1.6697E+01    5.3723E+00    1.3318E+01    4.0170E-02    7.4015E+00   
 6.7524E+02    4.5056E+01    4.9348E+01    2.1207E+01    1.8671E+01    1.6558E+01    6.8789E+01    4.9050E+01    1.6711E+01    5.3927E+00    1.3257E+01    4.0170E-02    7.4299E+00   
# Time (s)      T1w (C)       T2w (C)       T1a (C)       T2a (C)       T1r (C)       T2r (C)       T3r (C)       T4r (C)       P1 (bar)      P2 (bar)      Ic (amp)      Qc (l/min)    
 6.7576E+02    4.5065E+01    4.9348E+01    2.1207E+01    1.8717E+01    1.6603E+01    6.8717E+01    4.8998E+01    1.6711E+01    5.3723E+00    1.3216E+01    4.0170E-02    7.4015E+00   
 6.7628E+02    4.5056E+01    4.9212E+01    2.1198E+01    1.8675E+01    1.6603E+01    6.8717E+01    4.8953E+01    1.6736E+01    5.3927E+00    1.3196E+01    4.0170E-02    7.4015E+00   
 6.7680E+02    4.5049E+01    4.9064E+01    2.1185E+01    1.8669E+01    1.6630E+01    6.8646E+01    4.8925E+01    1.6776E+01    5.3927E+00    1.3155E+01    4.0170E-02    7.3443E+00   
 6.7733E+02    4.5049E+01    4.8959E+01    2.1220E+01    1.8669E+01    1.6630E+01    6.8556E+01    4.8925E+01    1.6814E+01    5.3927E+00    1.3114E+01    4.0170E-02    7.3443E+00   
 6.7785E+02    4.5056E+01    4.8852E+01    2.1247E+01    1.8794E+01    1.6665E+01    6.8506E+01    4.8891E+01    1.6834E+01    5.3927E+00    1.3073E+01    4.0170E-02    7.4015E+00   
 6.7837E+02    4.5049E+01    4.8704E+01    2.1247E+01    1.8835E+01    1.6702E+01    6.8434E+01    4.8850E+01    1.6876E+01    5.3927E+00    1.3053E+01    4.0170E-02    7.4299E+00   
 6.7888E+02    4.5056E+01    4.8704E+01    2.1240E+01    1.8863E+01    1.6725E+01    6.8448E+01    4.8824E+01    1.6892E+01    5.3927E+00    1.3012E+01    4.0170E-02    7.3443E+00   
 6.7942E+02    4.5059E+01    4.8608E+01    2.1221E+01    1.8966E+01    1.6753E+01    6.8376E+01    4.8786E+01    1.6909E+01    5.4131E+00    1.2972E+01    4.0170E-02    7.4015E+00   
 6.7994E+02    4.5078E+01    4.8507E+01    2.1210E+01    1.8982E+01    1.6802E+01    6.8292E+01    4.8801E+01    1.6928E+01    5.4131E+00    1.2951E+01    4.0170E-02    7.4015E+00   
 6.8046E+02    4.5078E+01    4.8390E+01    2.1246E+01    1.9046E+01    1.6802E+01    6.8233E+01    4.8770E+01    1.6945E+01    5.4131E+00    1.2931E+01    4.0170E-02    7.3443E+00   
 6.8098E+02    4.5070E+01    4.8295E+01    2.1231E+01    1.9009E+01    1.6813E+01    6.8155E+01    4.8732E+01    1.6990E+01    5.4131E+00    1.2890E+01    4.0170E-02    7.3443E+00   
 6.8154E+02    4.5093E+01    4.8195E+01    2.1204E+01    1.9101E+01    1.6840E+01    6.8089E+01    4.8703E+01    1.7004E+01    5.4131E+00    1.2870E+01    4.0170E-02    7.4015E+00   
 6.8206E+02    4.5078E+01    4.8210E+01    2.1220E+01    1.9110E+01    1.6854E+01    6.8008E+01    4.8665E+01    1.7004E+01    5.4131E+00    1.2849E+01    4.0170E-02    7.4015E+00   
 6.8258E+02    4.5086E+01    4.8102E+01    2.1206E+01    1.9181E+01    1.6873E+01    6.8008E+01    4.8610E+01    1.7009E+01    5.4335E+00    1.2829E+01    4.0170E-02    7.3729E+00   
 6.8310E+02    4.5090E+01    4.8021E+01    2.1269E+01    1.9356E+01    1.6884E+01    6.7927E+01    4.8578E+01    1.7032E+01    5.4131E+00    1.2788E+01    4.0170E-02    7.3155E+00   
 6.8362E+02    4.5090E+01    4.7923E+01    2.1258E+01    1.9356E+01    1.6906E+01    6.7854E+01    4.8578E+01    1.7042E+01    5.4335E+00    1.2768E+01    4.0170E-02    7.4015E+00   
 6.8414E+02    4.5094E+01    4.7846E+01    2.1208E+01    1.9427E+01    1.6906E+01    6.7775E+01    4.8536E+01    1.7052E+01    5.4335E+00    1.2748E+01    4.0170E-02    7.3443E+00   
 6.8465E+02    4.5104E+01    4.7753E+01    2.1208E+01    1.9335E+01    1.6919E+01    6.7703E+01    4.8518E+01    1.7067E+01    5.4335E+00    1.2727E+01    4.0170E-02    7.4299E+00   
 6.8517E+02    4.5098E+01    4.7753E+01    2.1201E+01    1.9380E+01    1.6931E+01    6.7703E+01    4.8476E+01    1.7067E+01    5.4335E+00    1.2707E+01    4.0170E-02    7.3443E+00   
 6.8572E+02    4.5107E+01    4.7665E+01    2.1199E+01    1.9434E+01    1.6957E+01    6.7643E+01    4.8433E+01    1.7099E+01    5.4335E+00    1.2687E+01    4.0170E-02    7.3729E+00   
 6.8624E+02    4.5102E+01    4.7608E+01    2.1177E+01    1.9592E+01    1.6939E+01    6.7547E+01    4.8396E+01    1.7106E+01    5.4335E+00    1.2666E+01    4.0170E-02    7.4015E+00   
 6.8676E+02    4.5102E+01    4.7507E+01    2.1131E+01    1.9592E+01    1.6961E+01    6.7478E+01    4.8396E+01    1.7122E+01    5.4335E+00    1.2646E+01    4.0170E-02    7.3729E+00   
 6.8728E+02    4.5106E+01    4.7434E+01    2.1122E+01    1.9548E+01    1.6961E+01    6.7403E+01    4.8333E+01    1.7143E+01    5.4335E+00    1.2625E+01    4.0170E-02    7.3729E+00   
 6.8780E+02    4.5093E+01    4.7383E+01    2.1122E+01    1.9699E+01    1.6959E+01    6.7329E+01    4.8295E+01    1.7138E+01    5.4539E+00    1.2605E+01    4.0170E-02    7.3729E+00   
 6.8832E+02    4.5111E+01    4.7383E+01    2.1139E+01    1.9698E+01    1.6973E+01    6.7329E+01    4.8239E+01    1.7138E+01    5.4539E+00    1.2605E+01    4.0170E-02    7.3729E+00   
 6.8884E+02    4.5100E+01    4.7313E+01    2.1179E+01    1.9676E+01    1.6994E+01    6.7248E+01    4.8212E+01    1.7140E+01    5.4335E+00    1.2585E+01    4.0170E-02    7.3729E+00   
 6.8936E+02    4.5104E+01    4.7232E+01    2.1154E+01    1.9676E+01    1.7018E+01    6.7176E+01    4.8212E+01    1.7157E+01    5.4539E+00    1.2564E+01    4.0170E-02    7.3729E+00   
 6.8991E+02    4.5104E+01    4.7187E+01    2.1116E+01    1.9756E+01    1.7002E+01    6.7106E+01    4.8154E+01    1.7152E+01    5.4539E+00    1.2544E+01    4.0170E-02    7.3729E+00   
 6.9042E+02    4.5106E+01    4.7121E+01    2.1121E+01    1.9870E+01    1.7002E+01    6.7029E+01    4.8122E+01    1.7159E+01    5.4539E+00    1.2544E+01    4.0170E-02    7.4015E+00   
 6.9094E+02    4.5098E+01    4.7069E+01    2.1121E+01    1.9955E+01    1.6981E+01    6.6931E+01    4.8062E+01    1.7151E+01    5.4539E+00    1.2524E+01    4.0170E-02    7.3443E+00   
# Time (s)      T1w (C)       T2w (C)       T1a (C)       T2a (C)       T1r (C)       T2r (C)       T3r (C)       T4r (C)       P1 (bar)      P2 (bar)      Ic (amp)      Qc (l/min)    
 6.9146E+02    4.5101E+01    4.7069E+01    2.1127E+01    2.0056E+01    1.7003E+01    6.6854E+01    4.8014E+01    1.7151E+01    5.4539E+00    1.2503E+01    4.0170E-02    7.3729E+00   
 6.9199E+02    4.5112E+01    4.6999E+01    2.1121E+01    2.0065E+01    1.7040E+01    6.6869E+01    4.7993E+01    1.7168E+01    5.4539E+00    1.2483E+01    4.0170E-02    7.3729E+00   
 6.9251E+02    4.5104E+01    4.6949E+01    2.1138E+01    2.0065E+01    1.7033E+01    6.6787E+01    4.7940E+01    1.7197E+01    5.4539E+00    1.2483E+01    4.0170E-02    7.3155E+00   
 6.9303E+02    4.5104E+01    4.6889E+01    2.1120E+01    2.0065E+01    1.7033E+01    6.6723E+01    4.7940E+01    1.7190E+01    5.4539E+00    1.2463E+01    4.0170E-02    7.3443E+00   
 6.9355E+02    4.5101E+01    4.6834E+01    2.1067E+01    2.0089E+01    1.7033E+01    6.6654E+01    4.7898E+01    1.7199E+01    5.4539E+00    1.2442E+01    4.0170E-02    7.4015E+00   
 6.9410E+02    4.5107E+01    4.6801E+01    2.1043E+01    2.0118E+01    1.7059E+01    6.6600E+01    4.7886E+01    1.7230E+01    5.4539E+00    1.2442E+01    4.0170E-02    7.4015E+00   
 6.9462E+02    4.5113E+01    4.6801E+01    2.1043E+01    2.0218E+01    1.7085E+01    6.6600E+01    4.7836E+01    1.7230E+01    5.4539E+00    1.2422E+01    4.0170E-02    7.3729E+00   
 6.9514E+02    4.5116E+01    4.6755E+01    2.1018E+01    2.0314E+01    1.7100E+01    6.6531E+01    4.7799E+01    1.7253E+01    5.4539E+00    1.2402E+01    4.0170E-02    7.3729E+00   
 6.9566E+02    4.5105E+01    4.6717E+01    2.1023E+01    2.0314E+01    1.7098E+01    6.6463E+01    4.7760E+01    1.7251E+01    5.4743E+00    1.2402E+01    4.0170E-02    7.4015E+00   
 6.9620E+02    4.5105E+01    4.6660E+01    2.1008E+01    2.0265E+01    1.7112E+01    6.6394E+01    4.7760E+01    1.7244E+01    5.4743E+00    1.2381E+01    4.0170E-02    7.3443E+00   
 6.9672E+02    4.5110E+01    4.6607E+01    2.1005E+01    2.0391E+01    1.7112E+01    6.6338E+01    4.7726E+01    1.7263E+01    5.4743E+00    1.2381E+01    4.0170E-02    7.4015E+00   
 6.9725E+02    4.5092E+01    4.6584E+01    2.1006E+01    2.0322E+01    1.7125E+01    6.6251E+01    4.7666E+01    1.7270E+01    5.4743E+00    1.2381E+01    4.0170E-02    7.3443E+00   
 6.9777E+02    4.5100E+01    4.6584E+01    2.1006E+01    2.0441E+01    1.7138E+01    6.6179E+01    4.7632E+01    1.7270E+01    5.4743E+00    1.2361E+01    4.0170E-02    7.3729E+00   
 6.9829E+02    4.5090E+01    4.6542E+01    2.0974E+01    2.0615E+01    1.7140E+01    6.6165E+01    4.7571E+01    1.7272E+01    5.4743E+00    1.2361E+01    4.0170E-02    7.3443E+00   
 6.9881E+02    4.5084E+01    4.6505E+01    2.0949E+01    2.0553E+01    1.7130E+01    6.6098E+01    4.7535E+01    1.7282E+01    5.4743E+00    1.2340E+01    4.0170E-02    7.4015E+00   
 6.9933E+02    4.5084E+01    4.6466E+01    2.0983E+01    2.0553E+01    1.7130E+01    6.6037E+01    4.7535E+01    1.7266E+01    5.4743E+00    1.2340E+01    4.0170E-02    7.3729E+00   
 6.9985E+02    4.5089E+01    4.6441E+01    2.1002E+01    2.0632E+01    1.7130E+01    6.5964E+01    4.7497E+01    1.7290E+01    5.4743E+00    1.2320E+01    4.0170E-02    7.3443E+00   
 7.0037E+02    4.5078E+01    4.6399E+01    2.1025E+01    2.0877E+01    1.7147E+01    6.5881E+01    4.7470E+01    1.7299E+01    5.4743E+00    1.2300E+01    4.0170E-02    7.4015E+00   
 7.0089E+02    4.5074E+01    4.6399E+01    2.1025E+01    2.0801E+01    1.7143E+01    6.5881E+01    4.7398E+01    1.7299E+01    5.4743E+00    1.2279E+01    4.0170E-02    7.4299E+00   
 7.0141E+02    4.5068E+01    4.6361E+01    2.1023E+01    2.0804E+01    1.7151E+01    6.5816E+01    4.7354E+01    1.7290E+01    5.4743E+00    1.2279E+01    4.0170E-02    7.4015E+00   
 7.0193E+02    4.5075E+01    4.6348E+01    2.0981E+01    2.0804E+01    1.7151E+01    6.5760E+01    4.7354E+01    1.7302E+01    5.4743E+00    1.2259E+01    4.0170E-02    7.4582E+00   
 7.0246E+02    4.5075E+01    4.6297E+01    2.0960E+01    2.0733E+01    1.7151E+01    6.5684E+01    4.7319E+01    1.7299E+01    5.4743E+00    1.2259E+01    4.0170E-02    7.4015E+00   
 7.0298E+02    4.5053E+01    4.6275E+01    2.0947E+01    2.0729E+01    1.7144E+01    6.5623E+01    4.7269E+01    1.7303E+01    5.4743E+00    1.2259E+01    4.0170E-02    7.3729E+00   
 7.0350E+02    4.5051E+01    4.6220E+01    2.0947E+01    2.0638E+01    1.7174E+01    6.5545E+01    4.7208E+01    1.7317E+01    5.4743E+00    1.2239E+01    4.0170E-02    7.4015E+00   
 7.0402E+02    4.5026E+01    4.6220E+01    2.0966E+01    2.0633E+01    1.7164E+01    6.5545E+01    4.7178E+01    1.7317E+01    5.4743E+00    1.2239E+01    4.0170E-02    7.4015E+00   
 7.0454E+02    4.5031E+01    4.6189E+01    2.0966E+01    2.0764E+01    1.7173E+01    6.5481E+01    4.7132E+01    1.7316E+01    5.4947E+00    1.2218E+01    4.0170E-02    7.3443E+00   
 7.0506E+02    4.5016E+01    4.6162E+01    2.0971E+01    2.0764E+01    1.7194E+01    6.5416E+01    4.7083E+01    1.7312E+01    5.4947E+00    1.2198E+01    4.0170E-02    7.3729E+00   
 7.0558E+02    4.5016E+01    4.6139E+01    2.0950E+01    2.0844E+01    1.7194E+01    6.5347E+01    4.7083E+01    1.7326E+01    5.4947E+00    1.2198E+01    4.0170E-02    7.3729E+00   
 7.0610E+02    4.5006E+01    4.6093E+01    2.0930E+01    2.0758E+01    1.7205E+01    6.5287E+01    4.7056E+01    1.7350E+01    5.4947E+00    1.2178E+01    4.0170E-02    7.3729E+00   
 7.0663E+02    4.5007E+01    4.6059E+01    2.0930E+01    2.0811E+01    1.7211E+01    6.5218E+01    4.7021E+01    1.7350E+01    5.4947E+00    1.2178E+01    4.0170E-02    7.4015E+00   
# Time (s)      T1w (C)       T2w (C)       T1a (C)       T2a (C)       T1r (C)       T2r (C)       T3r (C)       T4r (C)       P1 (bar)      P2 (bar)      Ic (amp)      Qc (l/min)    
 7.0715E+02    4.5008E+01    4.6059E+01    2.0976E+01    2.0654E+01    1.7212E+01    6.5218E+01    4.6962E+01    1.7359E+01    5.4947E+00    1.2178E+01    4.0170E-02    7.3729E+00   
 7.0767E+02    4.4992E+01    4.6039E+01    2.1000E+01    2.0738E+01    1.7225E+01    6.5157E+01    4.6917E+01    1.7363E+01    5.4947E+00    1.2178E+01    4.0170E-02    7.3155E+00   
 7.0819E+02    4.4982E+01    4.6004E+01    2.1027E+01    2.0738E+01    1.7204E+01    6.5082E+01    4.6917E+01    1.7380E+01    5.4947E+00    1.2157E+01    4.0170E-02    7.4015E+00   
 7.0871E+02    4.4982E+01    4.5966E+01    2.1051E+01    2.0846E+01    1.7204E+01    6.5015E+01    4.6882E+01    1.7380E+01    5.4947E+00    1.2137E+01    4.0170E-02    7.3443E+00   
 7.0923E+02    4.4947E+01    4.5931E+01    2.1016E+01    2.0757E+01    1.7218E+01    6.4964E+01    4.6830E+01    1.7362E+01    5.4947E+00    1.2137E+01    4.0170E-02    7.3443E+00   
 7.0975E+02    4.4923E+01    4.5917E+01    2.1016E+01    2.0931E+01    1.7230E+01    6.4893E+01    4.6781E+01    1.7362E+01    5.4947E+00    1.2137E+01    4.0170E-02    7.3729E+00   
 7.1027E+02    4.4927E+01    4.5917E+01    2.0983E+01    2.0743E+01    1.7230E+01    6.4893E+01    4.6732E+01    1.7388E+01    5.4947E+00    1.2116E+01    4.0170E-02    7.3729E+00   
 7.1080E+02    4.4905E+01    4.5881E+01    2.0970E+01    2.0935E+01    1.7228E+01    6.4812E+01    4.6696E+01    1.7383E+01    5.4947E+00    1.2116E+01    4.0170E-02    7.4015E+00   
 7.1132E+02    4.4905E+01    4.5862E+01    2.0950E+01    2.0935E+01    1.7256E+01    6.4772E+01    4.6711E+01    1.7389E+01    5.4947E+00    1.2116E+01    4.0170E-02    7.3729E+00   
 7.1184E+02    4.4893E+01    4.5823E+01    2.0962E+01    2.0673E+01    1.7256E+01    6.4699E+01    4.6662E+01    1.7404E+01    5.4947E+00    1.2096E+01    4.0170E-02    7.3729E+00   
 7.1236E+02    4.4896E+01    4.5797E+01    2.0976E+01    2.0807E+01    1.7249E+01    6.4639E+01    4.6604E+01    1.7398E+01    5.4947E+00    1.2096E+01    4.0170E-02    7.4015E+00   
 7.1288E+02    4.4887E+01    4.5780E+01    2.0976E+01    2.0741E+01    1.7259E+01    6.4568E+01    4.6562E+01    1.7398E+01    5.4947E+00    1.2096E+01    4.0170E-02    7.4015E+00   
 7.1340E+02    4.4898E+01    4.5780E+01    2.0958E+01    2.0958E+01    1.7260E+01    6.4568E+01    4.6512E+01    1.7389E+01    5.5151E+00    1.2076E+01    4.0170E-02    7.3729E+00   
 7.1392E+02    4.4872E+01    4.5749E+01    2.0939E+01    2.1021E+01    1.7267E+01    6.4505E+01    4.6487E+01    1.7404E+01    5.4947E+00    1.2076E+01    4.0170E-02    7.3443E+00   
 7.1444E+02    4.4872E+01    4.5730E+01    2.0945E+01    2.1021E+01    1.7275E+01    6.4454E+01    4.6502E+01    1.7440E+01    5.5151E+00    1.2076E+01    4.0170E-02    7.4015E+00   
 7.1497E+02    4.4860E+01    4.5698E+01    2.0928E+01    2.0967E+01    1.7275E+01    6.4381E+01    4.6451E+01    1.7435E+01    5.4947E+00    1.2055E+01    4.0170E-02    7.3155E+00   
 7.1549E+02    4.4862E+01    4.5674E+01    2.0911E+01    2.0907E+01    1.7281E+01    6.4333E+01    4.6406E+01    1.7415E+01    5.4947E+00    1.2055E+01    4.0170E-02    7.4015E+00   
 7.1601E+02    4.4839E+01    4.5674E+01    2.0927E+01    2.0908E+01    1.7297E+01    6.4280E+01    4.6379E+01    1.7431E+01    5.4947E+00    1.2055E+01    4.0170E-02    7.3443E+00   
 7.1652E+02    4.4866E+01    4.5671E+01    2.0880E+01    2.0969E+01    1.7310E+01    6.4280E+01    4.6331E+01    1.7453E+01    5.5151E+00    1.2035E+01    4.0170E-02    7.3443E+00   
 7.1705E+02    4.4857E+01    4.5649E+01    2.0797E+01    2.0952E+01    1.7321E+01    6.4227E+01    4.6282E+01    1.7468E+01    5.5151E+00    1.2035E+01    4.0170E-02    7.3443E+00   
 7.1757E+02    4.4857E+01    4.5611E+01    2.0736E+01    2.0952E+01    1.7323E+01    6.4160E+01    4.6282E+01    1.7477E+01    5.5151E+00    1.2035E+01    4.0170E-02    7.3443E+00   
 7.1810E+02    4.4870E+01    4.5622E+01    2.0833E+01    2.0948E+01    1.7323E+01    6.4096E+01    4.6251E+01    1.7485E+01    5.5151E+00    1.2035E+01    4.0170E-02    7.4299E+00   
 7.1862E+02    4.4873E+01    4.5590E+01    2.0906E+01    2.0962E+01    1.7324E+01    6.4035E+01    4.6200E+01    1.7476E+01    5.5151E+00    1.2015E+01    4.0170E-02    7.3729E+00   
 7.1914E+02    4.4862E+01    4.5605E+01    2.0922E+01    2.0868E+01    1.7337E+01    6.3979E+01    4.6162E+01    1.7476E+01    5.5151E+00    1.2015E+01    4.0170E-02    7.4015E+00   
 7.1966E+02    4.4855E+01    4.5603E+01    2.0927E+01    2.0841E+01    1.7340E+01    6.3979E+01    4.6116E+01    1.7494E+01    5.5151E+00    1.2015E+01    4.0170E-02    7.3443E+00   
 7.2018E+02    4.4851E+01    4.5564E+01    2.1005E+01    2.0858E+01    1.7330E+01    6.3919E+01    4.6116E+01    1.7497E+01    5.5151E+00    1.2015E+01    4.0170E-02    7.3729E+00   
 7.2070E+02    4.4851E+01    4.5555E+01    2.1069E+01    2.0858E+01    1.7330E+01    6.3870E+01    4.6076E+01    1.7482E+01    5.5151E+00    1.1994E+01    4.0170E-02    7.4015E+00   
 7.2122E+02    4.4829E+01    4.5526E+01    2.1088E+01    2.0950E+01    1.7330E+01    6.3797E+01    4.6030E+01    1.7479E+01    5.5151E+00    1.1994E+01    4.0170E-02    7.3729E+00   
 7.2174E+02    4.4827E+01    4.5507E+01    2.1088E+01    2.1010E+01    1.7335E+01    6.3738E+01    4.5999E+01    1.7492E+01    5.5151E+00    1.1994E+01    4.0170E-02    7.4015E+00   
 7.2226E+02    4.4778E+01    4.5507E+01    2.1118E+01    2.1022E+01    1.7347E+01    6.3738E+01    4.5936E+01    1.7492E+01    5.5151E+00    1.1994E+01    4.0170E-02    7.3729E+00   
# Time (s)      T1w (C)       T2w (C)       T1a (C)       T2a (C)       T1r (C)       T2r (C)       T3r (C)       T4r (C)       P1 (bar)      P2 (bar)      Ic (amp)      Qc (l/min)    
 7.2278E+02    4.4747E+01    4.5488E+01    2.1164E+01    2.1103E+01    1.7340E+01    6.3677E+01    4.5902E+01    1.7500E+01    5.5151E+00    1.1974E+01    4.0170E-02    7.3729E+00   
 7.2334E+02    4.4722E+01    4.5470E+01    2.1123E+01    2.1038E+01    1.7355E+01    6.3603E+01    4.5842E+01    1.7508E+01    5.5151E+00    1.1974E+01    4.0170E-02    7.3729E+00   
 7.2386E+02    4.4722E+01    4.5459E+01    2.1037E+01    2.1038E+01    1.7355E+01    6.3568E+01    4.5842E+01    1.7504E+01    5.5151E+00    1.1974E+01    4.0170E-02    7.3729E+00   
 7.2438E+02    4.4704E+01    4.5440E+01    2.1017E+01    2.0991E+01    1.7362E+01    6.3495E+01    4.5822E+01    1.7520E+01    5.5151E+00    1.1974E+01    4.0170E-02    7.3443E+00   
 7.2490E+02    4.4683E+01    4.5429E+01    2.0977E+01    2.0998E+01    1.7365E+01    6.3426E+01    4.5771E+01    1.7509E+01    5.5151E+00    1.1954E+01    4.0170E-02    7.4015E+00   
 7.2543E+02    4.4672E+01    4.5429E+01    2.0977E+01    2.1018E+01    1.7361E+01    6.3426E+01    4.5725E+01    1.7509E+01    5.5151E+00    1.1954E+01    4.0170E-02    7.3443E+00   
 7.2595E+02    4.4668E+01    4.5420E+01    2.0950E+01    2.1005E+01    1.7385E+01    6.3372E+01    4.5680E+01    1.7524E+01    5.5151E+00    1.1954E+01    4.0170E-02    7.4015E+00   
 7.2647E+02    4.4659E+01    4.5387E+01    2.0904E+01    2.0921E+01    1.7380E+01    6.3313E+01    4.5665E+01    1.7550E+01    5.5151E+00    1.1933E+01    4.0170E-02    7.3443E+00   
 7.2699E+02    4.4659E+01    4.5383E+01    2.0926E+01    2.0921E+01    1.7380E+01    6.3255E+01    4.5665E+01    1.7527E+01    5.5151E+00    1.1933E+01    4.0170E-02    7.3443E+00   
 7.2751E+02    4.4645E+01    4.5373E+01    2.0902E+01    2.0886E+01    1.7416E+01    6.3221E+01    4.5636E+01    1.7557E+01    5.5151E+00    1.1933E+01    4.0170E-02    7.4299E+00   
 7.2803E+02    4.4652E+01    4.5356E+01    2.0902E+01    2.0847E+01    1.7410E+01    6.3144E+01    4.5587E+01    1.7557E+01    5.5151E+00    1.1933E+01    4.0170E-02    7.4299E+00   
 7.2856E+02    4.4651E+01    4.5356E+01    2.0912E+01    2.0909E+01    1.7418E+01    6.3159E+01    4.5575E+01    1.7580E+01    5.5151E+00    1.1913E+01    4.0170E-02    7.3729E+00   
 7.2907E+02    4.4625E+01    4.5319E+01    2.0892E+01    2.0898E+01    1.7435E+01    6.3125E+01    4.5538E+01    1.7602E+01    5.5151E+00    1.1913E+01    4.0170E-02    7.4015E+00   
 7.2960E+02    4.4619E+01    4.5309E+01    2.0856E+01    2.0940E+01    1.7447E+01    6.3063E+01    4.5538E+01    1.7594E+01    5.5355E+00    1.1893E+01    4.0170E-02    7.4299E+00   
 7.3012E+02    4.4619E+01    4.5296E+01    2.0777E+01    2.0940E+01    1.7447E+01    6.3007E+01    4.5492E+01    1.7611E+01    5.5151E+00    1.1913E+01    4.0170E-02    7.3729E+00   
 7.3064E+02    4.4596E+01    4.5283E+01    2.0737E+01    2.0996E+01    1.7455E+01    6.2938E+01    4.5451E+01    1.7595E+01    5.5355E+00    1.1913E+01    4.0170E-02    7.3443E+00   
 7.3116E+02    4.4585E+01    4.5244E+01    2.0737E+01    2.0912E+01    1.7444E+01    6.2878E+01    4.5413E+01    1.7601E+01    5.5151E+00    1.1893E+01    4.0170E-02    7.3729E+00   
 7.3168E+02    4.4573E+01    4.5244E+01    2.0763E+01    2.0951E+01    1.7453E+01    6.2878E+01    4.5364E+01    1.7601E+01    5.5355E+00    1.1893E+01    4.0170E-02    7.3729E+00   
 7.3220E+02    4.4601E+01    4.5228E+01    2.0809E+01    2.0967E+01    1.7451E+01    6.2827E+01    4.5314E+01    1.7610E+01    5.5355E+00    1.1893E+01    4.0170E-02    7.3443E+00   
 7.3272E+02    4.4588E+01    4.5232E+01    2.0752E+01    2.0967E+01    1.7445E+01    6.2754E+01    4.5314E+01    1.7601E+01    5.5355E+00    1.1872E+01    4.0170E-02    7.4582E+00   
 7.3324E+02    4.4588E+01    4.5187E+01    2.0750E+01    2.0846E+01    1.7461E+01    6.2720E+01    4.5284E+01    1.7630E+01    5.5355E+00    1.1872E+01    4.0170E-02    7.4015E+00   
 7.3377E+02    4.4582E+01    4.5170E+01    2.0727E+01    2.0855E+01    1.7469E+01    6.2672E+01    4.5252E+01    1.7625E+01    5.5355E+00    1.1872E+01    3.5079E-02    7.4015E+00   
 7.3429E+02    4.4584E+01    4.5159E+01    2.0727E+01    2.0824E+01    1.7469E+01    6.2614E+01    4.5227E+01    1.7640E+01    5.5355E+00    1.1872E+01    4.0170E-02    7.3729E+00   
 7.3481E+02    4.4571E+01    4.5159E+01    2.0719E+01    2.0853E+01    1.7483E+01    6.2614E+01    4.5177E+01    1.7642E+01    5.5355E+00    1.1852E+01    4.0170E-02    7.4015E+00   
 7.3533E+02    4.4547E+01    4.5150E+01    2.0726E+01    2.0797E+01    1.7505E+01    6.2561E+01    4.5141E+01    1.7657E+01    5.5355E+00    1.1872E+01    4.0170E-02    7.3443E+00   
 7.3587E+02    4.4528E+01    4.5139E+01    2.0680E+01    2.0728E+01    1.7512E+01    6.2497E+01    4.5141E+01    1.7657E+01    5.5355E+00    1.1852E+01    4.0170E-02    7.3443E+00   
 7.3639E+02    4.4528E+01    4.5110E+01    2.0654E+01    2.0728E+01    1.7528E+01    6.2468E+01    4.5116E+01    1.7671E+01    5.5355E+00    1.1852E+01    4.0170E-02    7.3443E+00   
 7.3691E+02    4.4493E+01    4.5082E+01    2.0630E+01    2.0670E+01    1.7529E+01    6.2393E+01    4.5057E+01    1.7680E+01    5.5355E+00    1.1852E+01    4.0170E-02    7.3729E+00   
 7.3743E+02    4.4476E+01    4.5079E+01    2.0646E+01    2.0629E+01    1.7541E+01    6.2360E+01    4.5020E+01    1.7680E+01    5.5355E+00    1.1852E+01    4.0170E-02    7.4015E+00   
 7.3795E+02    4.4464E+01    4.5079E+01    2.0694E+01    2.0632E+01    1.7521E+01    6.2360E+01    4.4977E+01    1.7690E+01    5.5355E+00    1.1831E+01    4.0170E-02    7.3729E+00   
# Time (s)      T1w (C)       T2w (C)       T1a (C)       T2a (C)       T1r (C)       T2r (C)       T3r (C)       T4r (C)       P1 (bar)      P2 (bar)      Ic (amp)      Qc (l/min)    
 7.3847E+02    4.4463E+01    4.5062E+01    2.0731E+01    2.0584E+01    1.7542E+01    6.2288E+01    4.4949E+01    1.7693E+01    5.5355E+00    1.1831E+01    4.0170E-02    7.3443E+00   
 7.3899E+02    4.4448E+01    4.5050E+01    2.0702E+01    2.0584E+01    1.7523E+01    6.2240E+01    4.4949E+01    1.7684E+01    5.5355E+00    1.1831E+01    4.0170E-02    7.3443E+00   
 7.3951E+02    4.4463E+01    4.5047E+01    2.0748E+01    2.0654E+01    1.7523E+01    6.2171E+01    4.4919E+01    1.7688E+01    5.5355E+00    1.1831E+01    4.0170E-02    7.4015E+00   
 7.4007E+02    4.4450E+01    4.5042E+01    2.0758E+01    2.0714E+01    1.7508E+01    6.2111E+01    4.4876E+01    1.7689E+01    5.5355E+00    1.1811E+01    4.0170E-02    7.3729E+00   
 7.4059E+02    4.4439E+01    4.5006E+01    2.0758E+01    2.0780E+01    1.7525E+01    6.2064E+01    4.4819E+01    1.7689E+01    5.5355E+00    1.1831E+01    4.0170E-02    7.4015E+00   
 7.4111E+02    4.4436E+01    4.5006E+01    2.0692E+01    2.0855E+01    1.7523E+01    6.2064E+01    4.4786E+01    1.7693E+01    5.5355E+00    1.1811E+01    3.5079E-02    7.3729E+00   
 7.4163E+02    4.4428E+01    4.5007E+01    2.0679E+01    2.0864E+01    1.7518E+01    6.1995E+01    4.4729E+01    1.7699E+01    5.5355E+00    1.1811E+01    4.0170E-02    7.3443E+00   
 7.4215E+02    4.4401E+01    4.4980E+01    2.0686E+01    2.0864E+01    1.7522E+01    6.1936E+01    4.4729E+01    1.7691E+01    5.5355E+00    1.1811E+01    4.0170E-02    7.4015E+00   
 7.4267E+02    4.4416E+01    4.4985E+01    2.0722E+01    2.0862E+01    1.7537E+01    6.1891E+01    4.4697E+01    1.7704E+01    5.5355E+00    1.1811E+01    4.0170E-02    7.4015E+00   
 7.4319E+02    4.4430E+01    4.4950E+01    2.0727E+01    2.0846E+01    1.7544E+01    6.1840E+01    4.4666E+01    1.7729E+01    5.5559E+00    1.1791E+01    4.0170E-02    7.3729E+00   
 7.4371E+02    4.4419E+01    4.4951E+01    2.0727E+01    2.0833E+01    1.7568E+01    6.1789E+01    4.4620E+01    1.7729E+01    5.5355E+00    1.1791E+01    4.0170E-02    7.3729E+00   
 7.4426E+02    4.4415E+01    4.4951E+01    2.0678E+01    2.0838E+01    1.7563E+01    6.1789E+01    4.4580E+01    1.7723E+01    5.5355E+00    1.1791E+01    4.0170E-02    7.3443E+00   
 7.4478E+02    4.4404E+01    4.4924E+01    2.0700E+01    2.0838E+01    1.7566E+01    6.1745E+01    4.4543E+01    1.7729E+01    5.5559E+00    1.1791E+01    4.0170E-02    7.3729E+00   
 7.4530E+02    4.4390E+01    4.4917E+01    2.0679E+01    2.0838E+01    1.7560E+01    6.1680E+01    4.4543E+01    1.7731E+01    5.5559E+00    1.1770E+01    4.0170E-02    7.3155E+00   
 7.4583E+02    4.4390E+01    4.4899E+01    2.0686E+01    2.0897E+01    1.7560E+01    6.1624E+01    4.4491E+01    1.7739E+01    5.5355E+00    1.1770E+01    4.0170E-02    7.4015E+00   
 7.4635E+02    4.4395E+01    4.4874E+01    2.0732E+01    2.0856E+01    1.7540E+01    6.1545E+01    4.4443E+01    1.7713E+01    5.5559E+00    1.1770E+01    4.0170E-02    7.4015E+00   
 7.4687E+02    4.4386E+01    4.4863E+01    2.0732E+01    2.0926E+01    1.7533E+01    6.1489E+01    4.4378E+01    1.7713E+01    5.5559E+00    1.1770E+01    4.0170E-02    7.3729E+00   
 7.4739E+02    4.4380E+01    4.4863E+01    2.0710E+01    2.0935E+01    1.7538E+01    6.1475E+01    4.4344E+01    1.7699E+01    5.5559E+00    1.1770E+01    4.0170E-02    7.4015E+00   
 7.4791E+02    4.4384E+01    4.4847E+01    2.0688E+01    2.0938E+01    1.7542E+01    6.1423E+01    4.4289E+01    1.7701E+01    5.5559E+00    1.1750E+01    4.0170E-02    7.4015E+00   
 7.4845E+02    4.4376E+01    4.4833E+01    2.0645E+01    2.0892E+01    1.7545E+01    6.1354E+01    4.4289E+01    1.7713E+01    5.5355E+00    1.1750E+01    4.0170E-02    7.3729E+00   
 7.4897E+02    4.4376E+01    4.4815E+01    2.0627E+01    2.0892E+01    1.7545E+01    6.1308E+01    4.4251E+01    1.7715E+01    5.5559E+00    1.1750E+01    4.0170E-02    7.3729E+00   
 7.4950E+02    4.4376E+01    4.4805E+01    2.0616E+01    2.0999E+01    1.7535E+01    6.1249E+01    4.4229E+01    1.7706E+01    5.5559E+00    1.1750E+01    4.0170E-02    7.3729E+00   
 7.5002E+02    4.4378E+01    4.4786E+01    2.0616E+01    2.1006E+01    1.7551E+01    6.1190E+01    4.4159E+01    1.7706E+01    5.5559E+00    1.1750E+01    4.0170E-02    7.4015E+00   
 7.5054E+02    4.4362E+01    4.4786E+01    2.0614E+01    2.0996E+01    1.7535E+01    6.1190E+01    4.4136E+01    1.7711E+01    5.5559E+00    1.1750E+01    4.0170E-02    7.3729E+00   
 7.5106E+02    4.4335E+01    4.4767E+01    2.0603E+01    2.0962E+01    1.7540E+01    6.1145E+01    4.4087E+01    1.7709E+01    5.5559E+00    1.1750E+01    4.0170E-02    7.4015E+00   
 7.5158E+02    4.4298E+01    4.4748E+01    2.0565E+01    2.0946E+01    1.7523E+01    6.1074E+01    4.4087E+01    1.7698E+01    5.5559E+00    1.1730E+01    4.0170E-02    7.4015E+00   
 7.5210E+02    4.4298E+01    4.4732E+01    2.0564E+01    2.1020E+01    1.7523E+01    6.1026E+01    4.4037E+01    1.7710E+01    5.5559E+00    1.1730E+01    4.0170E-02    7.4299E+00   
 7.5264E+02    4.4270E+01    4.4722E+01    2.0522E+01    2.1070E+01    1.7560E+01    6.0993E+01    4.4007E+01    1.7729E+01    5.5559E+00    1.1730E+01    4.0170E-02    7.4015E+00   
 7.5316E+02    4.4244E+01    4.4698E+01    2.0499E+01    2.1084E+01    1.7560E+01    6.0935E+01    4.3971E+01    1.7729E+01    5.5559E+00    1.1730E+01    4.0170E-02    7.3729E+00   
 7.5368E+02    4.4224E+01    4.4698E+01    2.0499E+01    2.1074E+01    1.7574E+01    6.0935E+01    4.3932E+01    1.7731E+01    5.5559E+00    1.1730E+01    4.0170E-02    7.3443E+00   
# Time (s)      T1w (C)       T2w (C)       T1a (C)       T2a (C)       T1r (C)       T2r (C)       T3r (C)       T4r (C)       P1 (bar)      P2 (bar)      Ic (amp)      Qc (l/min)    
 7.5420E+02    4.4225E+01    4.4694E+01    2.0475E+01    2.1105E+01    1.7574E+01    6.0873E+01    4.3887E+01    1.7732E+01    5.5559E+00    1.1709E+01    4.0170E-02    7.3729E+00   
 7.5475E+02    4.4187E+01    4.4662E+01    2.0466E+01    2.1098E+01    1.7567E+01    6.0825E+01    4.3887E+01    1.7743E+01    5.5559E+00    1.1709E+01    4.0170E-02    7.3729E+00   
 7.5527E+02    4.4187E+01    4.4660E+01    2.0523E+01    2.1098E+01    1.7567E+01    6.0776E+01    4.3840E+01    1.7732E+01    5.5559E+00    1.1709E+01    4.0170E-02    7.3443E+00   
 7.5579E+02    4.4183E+01    4.4638E+01    2.0599E+01    2.1090E+01    1.7560E+01    6.0724E+01    4.3791E+01    1.7744E+01    5.5559E+00    1.1709E+01    4.0170E-02    7.4015E+00   
 7.5631E+02    4.4149E+01    4.4631E+01    2.0599E+01    2.1092E+01    1.7546E+01    6.0647E+01    4.3725E+01    1.7729E+01    5.5559E+00    1.1709E+01    3.5079E-02    7.3729E+00   
 7.5684E+02    4.4142E+01    4.4631E+01    2.0654E+01    2.1106E+01    1.7549E+01    6.0647E+01    4.3698E+01    1.7724E+01    5.5559E+00    1.1689E+01    4.0170E-02    7.3729E+00   
 7.5736E+02    4.4106E+01    4.4603E+01    2.0698E+01    2.1151E+01    1.7554E+01    6.0586E+01    4.3650E+01    1.7734E+01    5.5559E+00    1.1689E+01    4.0170E-02    7.4015E+00   
 7.5788E+02    4.4086E+01    4.4600E+01    2.0747E+01    2.1151E+01    1.7546E+01    6.0533E+01    4.3650E+01    1.7734E+01    5.5559E+00    1.1689E+01    4.0170E-02    7.3729E+00   
 7.5840E+02    4.4086E+01    4.4591E+01    2.0751E+01    2.1151E+01    1.7546E+01    6.0492E+01    4.3617E+01    1.7721E+01    5.5559E+00    1.1689E+01    4.0170E-02    7.3443E+00   
 7.5893E+02    4.4096E+01    4.4572E+01    2.0723E+01    2.1188E+01    1.7564E+01    6.0419E+01    4.3571E+01    1.7721E+01    5.5559E+00    1.1689E+01    4.0170E-02    7.4015E+00   
 7.5945E+02    4.4084E+01    4.4587E+01    2.0738E+01    2.1229E+01    1.7561E+01    6.0371E+01    4.3546E+01    1.7721E+01    5.5559E+00    1.1689E+01    4.0170E-02    7.3443E+00   
 7.5998E+02    4.4065E+01    4.4587E+01    2.0740E+01    2.1116E+01    1.7558E+01    6.0371E+01    4.3489E+01    1.7748E+01    5.5559E+00    1.1689E+01    4.0170E-02    7.3443E+00   
 7.6050E+02    4.4030E+01    4.4552E+01    2.0751E+01    2.1022E+01    1.7558E+01    6.0316E+01    4.3458E+01    1.7748E+01    5.5559E+00    1.1669E+01    4.0170E-02    7.3729E+00   
 7.6102E+02    4.4019E+01    4.4532E+01    2.0756E+01    2.1090E+01    1.7561E+01    6.0272E+01    4.3458E+01    1.7735E+01    5.5559E+00    1.1669E+01    4.0170E-02    7.3443E+00   
 7.6154E+02    4.4019E+01    4.4512E+01    2.0742E+01    2.1090E+01    1.7561E+01    6.0221E+01    4.3412E+01    1.7748E+01    5.5559E+00    1.1669E+01    4.0170E-02    7.4299E+00   
 7.6206E+02    4.4023E+01    4.4495E+01    2.0746E+01    2.1112E+01    1.7568E+01    6.0163E+01    4.3391E+01    1.7756E+01    5.5559E+00    1.1669E+01    3.5079E-02    7.3729E+00   
 7.6258E+02    4.4046E+01    4.4490E+01    2.0761E+01    2.1138E+01    1.7561E+01    6.0108E+01    4.3351E+01    1.7756E+01    5.5559E+00    1.1669E+01    4.0170E-02    7.4015E+00   
 7.6310E+02    4.4039E+01    4.4490E+01    2.0761E+01    2.1124E+01    1.7574E+01    6.0108E+01    4.3303E+01    1.7744E+01    5.5559E+00    1.1648E+01    4.0170E-02    7.4015E+00   
 7.6362E+02    4.4045E+01    4.4495E+01    2.0767E+01    2.1194E+01    1.7586E+01    6.0071E+01    4.3281E+01    1.7764E+01    5.5559E+00    1.1648E+01    4.0170E-02    7.3729E+00   
 7.6414E+02    4.4049E+01    4.4474E+01    2.0788E+01    2.1194E+01    1.7582E+01    6.0013E+01    4.3281E+01    1.7794E+01    5.5559E+00    1.1648E+01    4.0170E-02    7.3443E+00   
 7.6466E+02    4.4064E+01    4.4475E+01    2.0844E+01    2.1257E+01    1.7598E+01    5.9973E+01    4.3245E+01    1.7794E+01    5.5559E+00    1.1648E+01    4.0170E-02    7.3443E+00   
 7.6522E+02    4.4045E+01    4.4455E+01    2.0851E+01    2.1172E+01    1.7606E+01    5.9921E+01    4.3208E+01    1.7795E+01    5.5559E+00    1.1648E+01    4.0170E-02    7.3155E+00   
 7.6574E+02    4.4041E+01    4.4450E+01    2.0851E+01    2.1103E+01    1.7614E+01    5.9889E+01    4.3195E+01    1.7810E+01    5.5559E+00    1.1648E+01    4.0170E-02    7.3729E+00   
 7.6626E+02    4.4014E+01    4.4450E+01    2.0858E+01    2.1091E+01    1.7622E+01    5.9889E+01    4.3140E+01    1.7835E+01    5.5559E+00    1.1628E+01    4.0170E-02    7.3443E+00   
 7.6678E+02    4.3999E+01    4.4427E+01    2.0857E+01    2.1122E+01    1.7624E+01    5.9842E+01    4.3098E+01    1.7819E+01    5.5763E+00    1.1628E+01    4.0170E-02    7.4582E+00   
 7.6731E+02    4.3951E+01    4.4406E+01    2.0866E+01    2.1172E+01    1.7628E+01    5.9781E+01    4.3098E+01    1.7831E+01    5.5763E+00    1.1648E+01    4.0170E-02    7.3443E+00   
 7.6783E+02    4.3951E+01    4.4400E+01    2.0865E+01    2.1172E+01    1.7628E+01    5.9723E+01    4.3061E+01    1.7821E+01    5.5559E+00    1.1628E+01    4.0170E-02    7.3729E+00   
 7.6835E+02    4.3910E+01    4.4366E+01    2.0853E+01    2.1205E+01    1.7624E+01    5.9662E+01    4.3023E+01    1.7842E+01    5.5763E+00    1.1607E+01    4.0170E-02    7.4015E+00   
 7.6887E+02    4.3852E+01    4.4365E+01    2.0840E+01    2.1349E+01    1.7591E+01    5.9608E+01    4.2973E+01    1.7826E+01    5.5763E+00    1.1628E+01    4.0170E-02    7.3443E+00   
 7.6939E+02    4.3816E+01    4.4365E+01    2.0840E+01    2.1281E+01    1.7604E+01    5.9608E+01    4.2941E+01    1.7810E+01    5.5763E+00    1.1607E+01    4.0170E-02    7.3729E+00   
# Time (s)      T1w (C)       T2w (C)       T1a (C)       T2a (C)       T1r (C)       T2r (C)       T3r (C)       T4r (C)       P1 (bar)      P2 (bar)      Ic (amp)      Qc (l/min)    
 7.6992E+02    4.3801E+01    4.4353E+01    2.0847E+01    2.1244E+01    1.7607E+01    5.9551E+01    4.2901E+01    1.7840E+01    5.5763E+00    1.1607E+01    4.0170E-02    7.3443E+00   
 7.7044E+02    4.3781E+01    4.4339E+01    2.0838E+01    2.1244E+01    1.7627E+01    5.9519E+01    4.2916E+01    1.7853E+01    5.5559E+00    1.1607E+01    4.0170E-02    7.3443E+00   
 7.7096E+02    4.3781E+01    4.4335E+01    2.0817E+01    2.1250E+01    1.7627E+01    5.9460E+01    4.2862E+01    1.7850E+01    5.5763E+00    1.1607E+01    4.0170E-02    7.4015E+00   
 7.7148E+02    4.3761E+01    4.4306E+01    2.0832E+01    2.1306E+01    1.7631E+01    5.9421E+01    4.2841E+01    1.7870E+01    5.5763E+00    1.1607E+01    4.0170E-02    7.3443E+00   
 7.7200E+02    4.3731E+01    4.4285E+01    2.0832E+01    2.1225E+01    1.7640E+01    5.9367E+01    4.2801E+01    1.7870E+01    5.5763E+00    1.1607E+01    4.0170E-02    7.4015E+00   
 7.7252E+02    4.3706E+01    4.4285E+01    2.0859E+01    2.1153E+01    1.7650E+01    5.9381E+01    4.2762E+01    1.7884E+01    5.5763E+00    1.1607E+01    4.0170E-02    7.3729E+00   
 7.7304E+02    4.3689E+01    4.4282E+01    2.0817E+01    2.1201E+01    1.7650E+01    5.9334E+01    4.2726E+01    1.7889E+01    5.5763E+00    1.1587E+01    4.0170E-02    7.3155E+00   
 7.7357E+02    4.3654E+01    4.4267E+01    2.0810E+01    2.1201E+01    1.7659E+01    5.9280E+01    4.2726E+01    1.7899E+01    5.5763E+00    1.1587E+01    4.0170E-02    7.4299E+00   
 7.7409E+02    4.3654E+01    4.4266E+01    2.0859E+01    2.1265E+01    1.7659E+01    5.9224E+01    4.2696E+01    1.7927E+01    5.5763E+00    1.1587E+01    4.0170E-02    7.3729E+00   
 7.7461E+02    4.3622E+01    4.4243E+01    2.0853E+01    2.1168E+01    1.7664E+01    5.9183E+01    4.2655E+01    1.7909E+01    5.5763E+00    1.1587E+01    4.0170E-02    7.3443E+00   
 7.7513E+02    4.3606E+01    4.4232E+01    2.0853E+01    2.1047E+01    1.7639E+01    5.9123E+01    4.2620E+01    1.7909E+01    5.5763E+00    1.1567E+01    4.0170E-02    7.4015E+00   
 7.7567E+02    4.3602E+01    4.4232E+01    2.0882E+01    2.0985E+01    1.7649E+01    5.9123E+01    4.2592E+01    1.7902E+01    5.5763E+00    1.1567E+01    4.0170E-02    7.3729E+00   
 7.7619E+02    4.3599E+01    4.4200E+01    2.0857E+01    2.0969E+01    1.7675E+01    5.9073E+01    4.2542E+01    1.7911E+01    5.5763E+00    1.1567E+01    4.0170E-02    7.4299E+00   
 7.7671E+02    4.3591E+01    4.4198E+01    2.0877E+01    2.0969E+01    1.7666E+01    5.9023E+01    4.2542E+01    1.7913E+01    5.5763E+00    1.1567E+01    4.0170E-02    7.3155E+00   
 7.7723E+02    4.3591E+01    4.4152E+01    2.0857E+01    2.1012E+01    1.7666E+01    5.8966E+01    4.2503E+01    1.7931E+01    5.5763E+00    1.1546E+01    4.0170E-02    7.3155E+00   
 7.7776E+02    4.3580E+01    4.4154E+01    2.0835E+01    2.1045E+01    1.7678E+01    5.8923E+01    4.2468E+01    1.7939E+01    5.5763E+00    1.1546E+01    4.0170E-02    7.3443E+00   
 7.7828E+02    4.3580E+01    4.4127E+01    2.0835E+01    2.1104E+01    1.7679E+01    5.8872E+01    4.2444E+01    1.7939E+01    5.5763E+00    1.1546E+01    4.0170E-02    7.3155E+00   
 7.7880E+02    4.3575E+01    4.4142E+01    2.0845E+01    2.1122E+01    1.7672E+01    5.8872E+01    4.2399E+01    1.7937E+01    5.5763E+00    1.1546E+01    4.0170E-02    7.3443E+00   
 7.7932E+02    4.3573E+01    4.4105E+01    2.0856E+01    2.1093E+01    1.7672E+01    5.8805E+01    4.2356E+01    1.7928E+01    5.5763E+00    1.1546E+01    4.0170E-02    7.3155E+00   
 7.7986E+02    4.3564E+01    4.4098E+01    2.0861E+01    2.1093E+01    1.7680E+01    5.8770E+01    4.2356E+01    1.7941E+01    5.5763E+00    1.1546E+01    4.0170E-02    7.3443E+00   
 7.8039E+02    4.3564E+01    4.4072E+01    2.0865E+01    2.1138E+01    1.7680E+01    5.8719E+01    4.2315E+01    1.7951E+01    5.5763E+00    1.1526E+01    4.0170E-02    7.4015E+00   
 7.8091E+02    4.3542E+01    4.4074E+01    2.0858E+01    2.1181E+01    1.7682E+01    5.8691E+01    4.2306E+01    1.7965E+01    5.5763E+00    1.1526E+01    4.0170E-02    7.3443E+00   
 7.8143E+02    4.3533E+01    4.4030E+01    2.0858E+01    2.1209E+01    1.7693E+01    5.8628E+01    4.2263E+01    1.7965E+01    5.5763E+00    1.1526E+01    4.0170E-02    7.3729E+00   
 7.8199E+02    4.3534E+01    4.4045E+01    2.0876E+01    2.1237E+01    1.7703E+01    5.8642E+01    4.2227E+01    1.7997E+01    5.5763E+00    1.1526E+01    4.0170E-02    7.3443E+00   
 7.8251E+02    4.3529E+01    4.4036E+01    2.0873E+01    2.1313E+01    1.7713E+01    5.8607E+01    4.2182E+01    1.7992E+01    5.5763E+00    1.1506E+01    4.0170E-02    7.3729E+00   
 7.8303E+02    4.3509E+01    4.4018E+01    2.0887E+01    2.1343E+01    1.7719E+01    5.8552E+01    4.2182E+01    1.8012E+01    5.5763E+00    1.1526E+01    4.0170E-02    7.4015E+00   
 7.8355E+02    4.3509E+01    4.4005E+01    2.0901E+01    2.1359E+01    1.7735E+01    5.8504E+01    4.2175E+01    1.8018E+01    5.5763E+00    1.1506E+01    4.0170E-02    7.3729E+00   
 7.8408E+02    4.3548E+01    4.3993E+01    2.0880E+01    2.1338E+01    1.7731E+01    5.8463E+01    4.2136E+01    1.8026E+01    5.5967E+00    1.1506E+01    4.0170E-02    7.3729E+00   
 7.8460E+02    4.3545E+01    4.3986E+01    2.0895E+01    2.1288E+01    1.7749E+01    5.8417E+01    4.2086E+01    1.8026E+01    5.5763E+00    1.1506E+01    4.0170E-02    7.3729E+00   
 7.8512E+02    4.3570E+01    4.3986E+01    2.0874E+01    2.1312E+01    1.7748E+01    5.8417E+01    4.2055E+01    1.8021E+01    5.5967E+00    1.1485E+01    4.0170E-02    7.3443E+00   
# Time (s)      T1w (C)       T2w (C)       T1a (C)       T2a (C)       T1r (C)       T2r (C)       T3r (C)       T4r (C)       P1 (bar)      P2 (bar)      Ic (amp)      Qc (l/min)    
 7.8564E+02    4.3565E+01    4.3983E+01    2.0894E+01    2.1273E+01    1.7746E+01    5.8360E+01    4.2026E+01    1.8025E+01    5.5763E+00    1.1506E+01    4.0170E-02    7.3729E+00   
 7.8617E+02    4.3538E+01    4.3955E+01    2.0916E+01    2.1273E+01    1.7738E+01    5.8325E+01    4.2026E+01    1.8048E+01    5.5763E+00    1.1506E+01    4.0170E-02    7.3729E+00   
 7.8669E+02    4.3553E+01    4.3962E+01    2.0896E+01    2.1290E+01    1.7754E+01    5.8277E+01    4.1998E+01    1.8077E+01    5.5967E+00    1.1485E+01    4.0170E-02    7.3155E+00   
 7.8722E+02    4.3534E+01    4.3937E+01    2.0878E+01    2.1326E+01    1.7767E+01    5.8217E+01    4.1951E+01    1.8073E+01    5.5967E+00    1.1485E+01    4.0170E-02    7.3443E+00   
 7.8774E+02    4.3515E+01    4.3921E+01    2.0878E+01    2.1365E+01    1.7775E+01    5.8198E+01    4.1934E+01    1.8089E+01    5.5967E+00    1.1485E+01    4.0170E-02    7.3729E+00   
 7.8826E+02    4.3495E+01    4.3921E+01    2.0826E+01    2.1331E+01    1.7787E+01    5.8198E+01    4.1885E+01    1.8088E+01    5.5967E+00    1.1485E+01    4.0170E-02    7.4015E+00   
 7.8878E+02    4.3475E+01    4.3905E+01    2.0798E+01    2.1282E+01    1.7806E+01    5.8148E+01    4.1873E+01    1.8115E+01    5.5967E+00    1.1485E+01    4.0170E-02    7.3443E+00   
 7.8930E+02    4.3498E+01    4.3896E+01    2.0727E+01    2.1282E+01    1.7807E+01    5.8114E+01    4.1873E+01    1.8119E+01    5.5967E+00    1.1465E+01    4.0170E-02    7.4299E+00   
 7.8982E+02    4.3498E+01    4.3890E+01    2.0700E+01    2.1326E+01    1.7823E+01    5.8070E+01    4.1848E+01    1.8142E+01    5.5967E+00    1.1465E+01    4.0170E-02    7.3443E+00   
 7.9035E+02    4.3468E+01    4.3863E+01    2.0670E+01    2.1339E+01    1.7823E+01    5.8048E+01    4.1805E+01    1.8140E+01    5.5763E+00    1.1465E+01    4.0170E-02    7.4015E+00   
 7.9087E+02    4.3451E+01    4.3843E+01    2.0670E+01    2.1371E+01    1.7836E+01    5.8000E+01    4.1783E+01    1.8156E+01    5.5967E+00    1.1465E+01    4.0170E-02    7.3729E+00   
 7.9140E+02    4.3435E+01    4.3843E+01    2.0651E+01    2.1300E+01    1.7868E+01    5.8000E+01    4.1746E+01    1.8164E+01    5.5967E+00    1.1465E+01    4.0170E-02    7.3443E+00   
 7.9192E+02    4.3431E+01    4.3834E+01    2.0667E+01    2.1323E+01    1.7835E+01    5.7943E+01    4.1704E+01    1.8191E+01    5.5967E+00    1.1465E+01    4.0170E-02    7.3729E+00   
 7.9244E+02    4.3384E+01    4.3830E+01    2.0638E+01    2.1323E+01    1.7848E+01    5.7896E+01    4.1704E+01    1.8197E+01    5.5967E+00    1.1465E+01    4.0170E-02    7.3729E+00   
 7.9296E+02    4.3384E+01    4.3812E+01    2.0683E+01    2.1332E+01    1.7848E+01    5.7842E+01    4.1676E+01    1.8194E+01    5.5967E+00    1.1445E+01    4.0170E-02    7.3729E+00   
 7.9348E+02    4.3348E+01    4.3800E+01    2.0731E+01    2.1346E+01    1.7850E+01    5.7793E+01    4.1629E+01    1.8203E+01    5.5967E+00    1.1445E+01    4.0170E-02    7.3729E+00   
 7.9400E+02    4.3312E+01    4.3791E+01    2.0731E+01    2.1351E+01    1.7856E+01    5.7752E+01    4.1598E+01    1.8203E+01    5.5967E+00    1.1445E+01    4.0170E-02    7.3155E+00   
 7.9454E+02    4.3303E+01    4.3791E+01    2.0718E+01    2.1369E+01    1.7851E+01    5.7752E+01    4.1579E+01    1.8203E+01    5.5967E+00    1.1445E+01    4.0170E-02    7.3729E+00   
 7.9506E+02    4.3284E+01    4.3780E+01    2.0703E+01    2.1379E+01    1.7881E+01    5.7683E+01    4.1512E+01    1.8210E+01    5.5967E+00    1.1445E+01    4.0170E-02    7.3155E+00   
 7.9558E+02    4.3284E+01    4.3758E+01    2.0669E+01    2.1379E+01    1.7866E+01    5.7644E+01    4.1512E+01    1.8218E+01    5.5967E+00    1.1445E+01    4.0170E-02    7.3729E+00   
 7.9610E+02    4.3299E+01    4.3779E+01    2.0651E+01    2.1394E+01    1.7866E+01    5.7603E+01    4.1488E+01    1.8235E+01    5.5967E+00    1.1424E+01    4.0170E-02    7.4015E+00   
 7.9663E+02    4.3290E+01    4.3746E+01    2.0610E+01    2.1419E+01    1.7895E+01    5.7555E+01    4.1461E+01    1.8245E+01    5.5967E+00    1.1424E+01    4.0170E-02    7.3729E+00   
 7.9715E+02    4.3298E+01    4.3744E+01    2.0610E+01    2.1420E+01    1.7905E+01    5.7516E+01    4.1429E+01    1.8245E+01    5.5967E+00    1.1424E+01    4.0170E-02    7.3729E+00   
 7.9767E+02    4.3327E+01    4.3759E+01    2.0669E+01    2.1438E+01    1.7884E+01    5.7516E+01    4.1383E+01    1.8246E+01    5.5967E+00    1.1424E+01    4.0170E-02    7.3729E+00   
 7.9820E+02    4.3344E+01    4.3739E+01    2.0682E+01    2.1468E+01    1.7897E+01    5.7454E+01    4.1348E+01    1.8261E+01    5.5967E+00    1.1424E+01    4.0170E-02    7.3443E+00   
 7.9874E+02    4.3341E+01    4.3714E+01    2.0703E+01    2.1468E+01    1.7920E+01    5.7413E+01    4.1363E+01    1.8282E+01    5.5967E+00    1.1404E+01    4.0170E-02    7.4015E+00   
 7.9926E+02    4.3341E+01    4.3732E+01    2.0673E+01    2.1448E+01    1.7920E+01    5.7382E+01    4.1328E+01    1.8279E+01    5.5967E+00    1.1404E+01    4.0170E-02    7.2866E+00   
 7.9978E+02    4.3341E+01    4.3703E+01    2.0718E+01    2.1440E+01    1.7928E+01    5.7344E+01    4.1293E+01    1.8308E+01    5.5967E+00    1.1404E+01    4.0170E-02    7.3443E+00   
 8.0030E+02    4.3304E+01    4.3670E+01    2.0718E+01    2.1453E+01    1.7941E+01    5.7290E+01    4.1270E+01    1.8308E+01    5.5967E+00    1.1404E+01    4.0170E-02    7.3155E+00   
 8.0083E+02    4.3307E+01    4.3670E+01    2.0717E+01    2.1433E+01    1.7939E+01    5.7290E+01    4.1227E+01    1.8322E+01    5.5967E+00    1.1404E+01    4.0170E-02    7.3443E+00   
# Time (s)      T1w (C)       T2w (C)       T1a (C)       T2a (C)       T1r (C)       T2r (C)       T3r (C)       T4r (C)       P1 (bar)      P2 (bar)      Ic (amp)      Qc (l/min)    
 8.0136E+02    4.3276E+01    4.3672E+01    2.0737E+01    2.1449E+01    1.7946E+01    5.7255E+01    4.1188E+01    1.8323E+01    5.5967E+00    1.1404E+01    4.0170E-02    7.3729E+00   
 8.0188E+02    4.3260E+01    4.3663E+01    2.0752E+01    2.1449E+01    1.7963E+01    5.7216E+01    4.1203E+01    1.8344E+01    5.5967E+00    1.1404E+01    4.0170E-02    7.3443E+00   
 8.0240E+02    4.3260E+01    4.3635E+01    2.0789E+01    2.1373E+01    1.7963E+01    5.7180E+01    4.1169E+01    1.8359E+01    5.5967E+00    1.1404E+01    4.0170E-02    7.3443E+00   
 8.0292E+02    4.3246E+01    4.3627E+01    2.0822E+01    2.1271E+01    1.7977E+01    5.7125E+01    4.1125E+01    1.8378E+01    5.5967E+00    1.1384E+01    4.0170E-02    7.3443E+00   
 8.0345E+02    4.3248E+01    4.3614E+01    2.0822E+01    2.1258E+01    1.7981E+01    5.7085E+01    4.1100E+01    1.8378E+01    5.5967E+00    1.1384E+01    4.0170E-02    7.4299E+00   
 8.0397E+02    4.3237E+01    4.3614E+01    2.0862E+01    2.1307E+01    1.7975E+01    5.7085E+01    4.1063E+01    1.8372E+01    5.6171E+00    1.1384E+01    4.0170E-02    7.3155E+00   
 8.0449E+02    4.3246E+01    4.3594E+01    2.0877E+01    2.1340E+01    1.7979E+01    5.7042E+01    4.1038E+01    1.8379E+01    5.5967E+00    1.1384E+01    4.0170E-02    7.3729E+00   
 8.0503E+02    4.3255E+01    4.3597E+01    2.0951E+01    2.1355E+01    1.7988E+01    5.6998E+01    4.1038E+01    1.8378E+01    5.6171E+00    1.1384E+01    4.0170E-02    7.3155E+00   
 8.0555E+02    4.3255E+01    4.3581E+01    2.0978E+01    2.1358E+01    1.7988E+01    5.6959E+01    4.0984E+01    1.8391E+01    5.6171E+00    1.1384E+01    4.0170E-02    7.3155E+00   
 8.0607E+02    4.3269E+01    4.3577E+01    2.1071E+01    2.1301E+01    1.7993E+01    5.6897E+01    4.0959E+01    1.8403E+01    5.5967E+00    1.1384E+01    4.0170E-02    7.3155E+00   
 8.0659E+02    4.3254E+01    4.3556E+01    2.1071E+01    2.1305E+01    1.8007E+01    5.6859E+01    4.0906E+01    1.8403E+01    5.6171E+00    1.1384E+01    4.0170E-02    7.3729E+00   
 8.0715E+02    4.3252E+01    4.3556E+01    2.1131E+01    2.1377E+01    1.8003E+01    5.6859E+01    4.0886E+01    1.8388E+01    5.6171E+00    1.1363E+01    4.0170E-02    7.3729E+00   
 8.0767E+02    4.3235E+01    4.3565E+01    2.1149E+01    2.1415E+01    1.8003E+01    5.6808E+01    4.0850E+01    1.8406E+01    5.6171E+00    1.1363E+01    4.0170E-02    7.3729E+00   
 8.0819E+02    4.3224E+01    4.3561E+01    2.1186E+01    2.1383E+01    1.8006E+01    5.6757E+01    4.0812E+01    1.8410E+01    5.6171E+00    1.1363E+01    4.0170E-02    7.3443E+00   
 8.0871E+02    4.3224E+01    4.3557E+01    2.1188E+01    2.1383E+01    1.8006E+01    5.6727E+01    4.0812E+01    1.8426E+01    5.6171E+00    1.1363E+01    4.0170E-02    7.3729E+00   
 8.0925E+02    4.3217E+01    4.3534E+01    2.1204E+01    2.1315E+01    1.8020E+01    5.6669E+01    4.0779E+01    1.8409E+01    5.6171E+00    1.1363E+01    4.0170E-02    7.3729E+00   
 8.0977E+02    4.3195E+01    4.3522E+01    2.1189E+01    2.1292E+01    1.7993E+01    5.6599E+01    4.0726E+01    1.8417E+01    5.6171E+00    1.1363E+01    4.0170E-02    7.3729E+00   
 8.1029E+02    4.3192E+01    4.3522E+01    2.1189E+01    2.1354E+01    1.7990E+01    5.6599E+01    4.0692E+01    1.8417E+01    5.6171E+00    1.1363E+01    4.0170E-02    7.4299E+00   
 8.1081E+02    4.3203E+01    4.3523E+01    2.1198E+01    2.1351E+01    1.8024E+01    5.6578E+01    4.0650E+01    1.8424E+01    5.6171E+00    1.1343E+01    4.0170E-02    7.3443E+00   
 8.1133E+02    4.3174E+01    4.3497E+01    2.1168E+01    2.1335E+01    1.8014E+01    5.6528E+01    4.0650E+01    1.8432E+01    5.6171E+00    1.1363E+01    4.0170E-02    7.4015E+00   
 8.1186E+02    4.3174E+01    4.3486E+01    2.1174E+01    2.1335E+01    1.7998E+01    5.6462E+01    4.0614E+01    1.8420E+01    5.6171E+00    1.1343E+01    4.0170E-02    7.3729E+00   
 8.1238E+02    4.3139E+01    4.3493E+01    2.1168E+01    2.1329E+01    1.8002E+01    5.6423E+01    4.0575E+01    1.8418E+01    5.6171E+00    1.1343E+01    4.0170E-02    7.3729E+00   
 8.1290E+02    4.3118E+01    4.3455E+01    2.1168E+01    2.1317E+01    1.8014E+01    5.6363E+01    4.0536E+01    1.8418E+01    5.6171E+00    1.1343E+01    4.0170E-02    7.4015E+00   
 8.1343E+02    4.3100E+01    4.3455E+01    2.1142E+01    2.1294E+01    1.8015E+01    5.6363E+01    4.0502E+01    1.8433E+01    5.6171E+00    1.1343E+01    4.0170E-02    7.3443E+00   
 8.1395E+02    4.3080E+01    4.3454E+01    2.1090E+01    2.1397E+01    1.8034E+01    5.6347E+01    4.0492E+01    1.8453E+01    5.6171E+00    1.1343E+01    4.0170E-02    7.3443E+00   
 8.1447E+02    4.3057E+01    4.3444E+01    2.1058E+01    2.1442E+01    1.8042E+01    5.6314E+01    4.0492E+01    1.8440E+01    5.6171E+00    1.1343E+01    4.0170E-02    7.3443E+00   
 8.1499E+02    4.3057E+01    4.3443E+01    2.1018E+01    2.1442E+01    1.8042E+01    5.6250E+01    4.0446E+01    1.8452E+01    5.6171E+00    1.1322E+01    4.0170E-02    7.4299E+00   
 8.1551E+02    4.3056E+01    4.3434E+01    2.1044E+01    2.1426E+01    1.8061E+01    5.6212E+01    4.0404E+01    1.8464E+01    5.6171E+00    1.1322E+01    4.0170E-02    7.3443E+00   
 8.1604E+02    4.3032E+01    4.3435E+01    2.1044E+01    2.1372E+01    1.8060E+01    5.6163E+01    4.0356E+01    1.8464E+01    5.6171E+00    1.1343E+01    4.0170E-02    7.3443E+00   
 8.1656E+02    4.3014E+01    4.3435E+01    2.0993E+01    2.1347E+01    1.8065E+01    5.6163E+01    4.0332E+01    1.8470E+01    5.6171E+00    1.1322E+01    4.0170E-02    7.3443E+00   
# Time (s)      T1w (C)       T2w (C)       T1a (C)       T2a (C)       T1r (C)       T2r (C)       T3r (C)       T4r (C)       P1 (bar)      P2 (bar)      Ic (amp)      Qc (l/min)    
 8.1708E+02    4.2999E+01    4.3391E+01    2.0987E+01    2.1312E+01    1.8088E+01    5.6107E+01    4.0304E+01    1.8478E+01    5.6171E+00    1.1322E+01    4.0170E-02    7.2577E+00   
 8.1761E+02    4.2999E+01    4.3394E+01    2.0931E+01    2.1312E+01    1.8089E+01    5.6057E+01    4.0304E+01    1.8464E+01    5.6171E+00    1.1322E+01    4.0170E-02    7.3155E+00   
 8.1813E+02    4.2999E+01    4.3389E+01    2.0909E+01    2.1318E+01    1.8089E+01    5.6016E+01    4.0261E+01    1.8465E+01    5.6171E+00    1.1302E+01    4.0170E-02    7.3443E+00   
 8.1865E+02    4.2987E+01    4.3374E+01    2.0922E+01    2.1272E+01    1.8088E+01    5.5963E+01    4.0223E+01    1.8485E+01    5.6375E+00    1.0569E+01    2.6059E+00    7.3729E+00   
 8.1917E+02    4.2964E+01    4.3363E+01    2.0922E+01    2.1258E+01    1.8193E+01    5.5882E+01    4.0198E+01    1.8485E+01    6.0864E+00    9.0828E+00    3.0641E+00    7.4015E+00   
 8.1970E+02    4.2953E+01    4.3363E+01    2.0893E+01    2.1238E+01    1.9830E+01    5.5882E+01    4.0166E+01    1.8667E+01    6.4333E+00    7.7187E+00    3.1150E+00    7.3443E+00   
 8.2022E+02    4.2921E+01    4.3351E+01    2.0921E+01    2.1240E+01    2.1478E+01    5.5804E+01    4.0134E+01    1.8987E+01    7.0862E+00    7.8002E+00    3.1048E+00    7.3443E+00   
 8.2074E+02    4.2897E+01    4.3325E+01    2.0920E+01    2.1240E+01    2.4852E+01    5.5721E+01    4.0134E+01    1.9328E+01    7.9636E+00    8.2277E+00    3.1048E+00    7.3729E+00   
 8.2127E+02    4.2897E+01    4.3299E+01    2.0935E+01    2.1342E+01    2.4852E+01    5.5680E+01    4.0099E+01    1.9684E+01    8.4330E+00    8.4110E+00    3.1150E+00    7.4015E+00   
 8.2179E+02    4.2888E+01    4.3155E+01    2.0976E+01    2.1272E+01    2.7727E+01    5.5612E+01    4.0073E+01    2.0033E+01    8.5554E+00    8.5738E+00    3.1201E+00    7.3443E+00   
 8.2231E+02    4.2871E+01    4.2848E+01    2.0976E+01    2.1330E+01    2.9247E+01    5.5762E+01    4.0020E+01    2.0033E+01    8.5554E+00    8.5535E+00    3.0692E+00    7.4015E+00   
 8.2284E+02    4.2860E+01    4.2848E+01    2.0960E+01    2.1434E+01    2.9951E+01    5.5762E+01    3.9990E+01    2.0444E+01    8.5146E+00    8.5128E+00    3.0794E+00    7.3443E+00   
 8.2336E+02    4.2859E+01    4.2396E+01    2.0967E+01    2.1499E+01    3.0224E+01    5.5949E+01    3.9969E+01    2.0890E+01    8.4330E+00    8.4110E+00    3.0845E+00    7.4015E+00   
 8.2388E+02    4.2832E+01    4.1863E+01    2.1004E+01    2.1499E+01    3.0190E+01    5.5954E+01    3.9969E+01    2.1324E+01    8.3309E+00    8.3295E+00    3.1201E+00    7.3729E+00   
 8.2441E+02    4.2832E+01    4.1343E+01    2.1054E+01    2.1453E+01    3.0190E+01    5.5885E+01    3.9940E+01    2.1772E+01    8.2289E+00    8.2277E+00    3.1150E+00    7.4015E+00   
 8.2493E+02    4.2840E+01    4.0859E+01    2.1076E+01    2.1366E+01    3.0065E+01    5.5768E+01    3.9902E+01    2.2190E+01    8.1473E+00    8.1259E+00    3.0743E+00    7.3155E+00   
 8.2545E+02    4.2825E+01    4.0437E+01    2.1076E+01    2.1297E+01    2.9939E+01    5.5604E+01    3.9872E+01    2.2190E+01    8.0453E+00    8.0445E+00    3.1201E+00    7.3729E+00   
 8.2597E+02    4.2819E+01    4.0437E+01    2.1133E+01    2.1385E+01    2.9810E+01    5.5604E+01    3.9824E+01    2.2646E+01    7.9840E+00    7.9630E+00    3.0845E+00    7.3729E+00   
 8.2649E+02    4.2785E+01    4.0040E+01    2.1220E+01    2.1440E+01    2.9693E+01    5.5416E+01    3.9798E+01    2.3052E+01    7.9024E+00    7.9020E+00    3.1048E+00    7.4015E+00   
 8.2701E+02    4.2773E+01    3.9634E+01    2.1339E+01    2.1440E+01    2.9586E+01    5.5226E+01    3.9798E+01    2.3451E+01    7.8412E+00    7.8409E+00    3.1252E+00    7.3443E+00   
 8.2754E+02    4.2773E+01    3.9240E+01    2.1308E+01    2.1456E+01    2.9586E+01    5.5035E+01    3.9776E+01    2.3822E+01    7.7800E+00    7.7798E+00    3.1201E+00    7.3729E+00   
 8.2807E+02    4.2751E+01    3.8882E+01    2.1335E+01    2.1498E+01    2.9478E+01    5.4834E+01    3.9735E+01    2.4212E+01    7.7188E+00    7.7187E+00    3.0845E+00    7.3155E+00   
 8.2859E+02    4.2700E+01    3.8570E+01    2.1335E+01    2.1454E+01    2.9417E+01    5.4654E+01    3.9699E+01    2.4212E+01    7.6576E+00    7.6780E+00    3.0692E+00    7.3443E+00   
 8.2911E+02    4.2673E+01    3.8570E+01    2.1300E+01    2.1422E+01    2.9332E+01    5.4654E+01    3.9661E+01    2.4536E+01    7.6372E+00    7.6373E+00    3.0947E+00    7.3729E+00   
 8.2963E+02    4.2638E+01    3.8267E+01    2.1300E+01    2.1583E+01    2.9255E+01    5.4481E+01    3.9638E+01    2.4865E+01    7.5964E+00    7.5966E+00    3.0743E+00    7.4015E+00   
 8.3016E+02    4.2624E+01    3.8043E+01    2.1287E+01    2.1583E+01    2.9193E+01    5.4306E+01    3.9638E+01    2.5141E+01    7.5556E+00    7.5762E+00    3.0794E+00    7.4015E+00   
 8.3068E+02    4.2624E+01    3.7880E+01    2.1290E+01    2.1648E+01    2.9193E+01    5.4146E+01    3.9611E+01    2.5381E+01    7.5351E+00    7.5558E+00    3.0692E+00    7.3443E+00   
 8.3120E+02    4.2624E+01    3.7742E+01    2.1291E+01    2.1609E+01    2.9118E+01    5.4034E+01    3.9551E+01    2.5580E+01    7.5147E+00    7.5355E+00    3.0845E+00    7.3729E+00   
 8.3173E+02    4.2603E+01    3.7638E+01    2.1291E+01    2.1643E+01    2.9070E+01    5.3920E+01    3.9540E+01    2.5580E+01    7.5147E+00    7.5355E+00    3.0743E+00    7.3443E+00   
 8.3226E+02    4.2603E+01    3.7638E+01    2.1359E+01    2.1666E+01    2.9012E+01    5.3920E+01    3.9494E+01    2.5780E+01    7.4943E+00    7.5151E+00    3.1099E+00    7.3729E+00   
# Time (s)      T1w (C)       T2w (C)       T1a (C)       T2a (C)       T1r (C)       T2r (C)       T3r (C)       T4r (C)       P1 (bar)      P2 (bar)      Ic (amp)      Qc (l/min)    
 8.3278E+02    4.2600E+01    3.7586E+01    2.1367E+01    2.1631E+01    2.8963E+01    5.3824E+01    3.9478E+01    2.5943E+01    7.4943E+00    7.5151E+00    3.0896E+00    7.3443E+00   
 8.3330E+02    4.2603E+01    3.7573E+01    2.1371E+01    2.1631E+01    2.8923E+01    5.3769E+01    3.9493E+01    2.6102E+01    7.4943E+00    7.5151E+00    3.1201E+00    7.4015E+00   
 8.3383E+02    4.2603E+01    3.7580E+01    2.1375E+01    2.1643E+01    2.8923E+01    5.3687E+01    3.9439E+01    2.6262E+01    7.4739E+00    7.4948E+00    3.0896E+00    7.3729E+00   
 8.3435E+02    4.2589E+01    3.7653E+01    2.1362E+01    2.1654E+01    2.8897E+01    5.3631E+01    3.9435E+01    2.6428E+01    7.4739E+00    7.5151E+00    3.0845E+00    7.4015E+00   
 8.3487E+02    4.2593E+01    3.7717E+01    2.1362E+01    2.1678E+01    2.8844E+01    5.3588E+01    3.9390E+01    2.6428E+01    7.4943E+00    7.5151E+00    3.0794E+00    7.4015E+00   
 8.3539E+02    4.2584E+01    3.7717E+01    2.1339E+01    2.1730E+01    2.8799E+01    5.3588E+01    3.9357E+01    2.6542E+01    7.4943E+00    7.5151E+00    3.1099E+00    7.3155E+00   
 8.3591E+02    4.2594E+01    3.7812E+01    2.1352E+01    2.1697E+01    2.8749E+01    5.3514E+01    3.9337E+01    2.6645E+01    7.4943E+00    7.5151E+00    3.0896E+00    7.3729E+00   
 8.3645E+02    4.2584E+01    3.7949E+01    2.1413E+01    2.1697E+01    2.8704E+01    5.3465E+01    3.9337E+01    2.6736E+01    7.4943E+00    7.5151E+00    3.1201E+00    7.3443E+00   
 8.3697E+02    4.2584E+01    3.8059E+01    2.1400E+01    2.1636E+01    2.8704E+01    5.3428E+01    3.9305E+01    2.6822E+01    7.4943E+00    7.5151E+00    3.1048E+00    7.4015E+00   
 8.3749E+02    4.2591E+01    3.8216E+01    2.1443E+01    2.1696E+01    2.8672E+01    5.3379E+01    3.9272E+01    2.6890E+01    7.4943E+00    7.5151E+00    3.0947E+00    7.4015E+00   
 8.3801E+02    4.2589E+01    3.8420E+01    2.1458E+01    2.1675E+01    2.8645E+01    5.3314E+01    3.9237E+01    2.6890E+01    7.5147E+00    7.5355E+00    3.1252E+00    7.3443E+00   
 8.3854E+02    4.2590E+01    3.8420E+01    2.1455E+01    2.1671E+01    2.8623E+01    5.3314E+01    3.9200E+01    2.6966E+01    7.5147E+00    7.5355E+00    3.1150E+00    7.3443E+00   
 8.3906E+02    4.2600E+01    3.8580E+01    2.1526E+01    2.1690E+01    2.8634E+01    5.3260E+01    3.9177E+01    2.7068E+01    7.5147E+00    7.5355E+00    3.0692E+00    7.3155E+00   
 8.3959E+02    4.2569E+01    3.8755E+01    2.1494E+01    2.1690E+01    2.8613E+01    5.3231E+01    3.9177E+01    2.7119E+01    7.5147E+00    7.5558E+00    3.0692E+00    7.3729E+00   
 8.4011E+02    4.2554E+01    3.8933E+01    2.1445E+01    2.1646E+01    2.8643E+01    5.3201E+01    3.9192E+01    2.7199E+01    7.5147E+00    7.5558E+00    3.0794E+00    7.3443E+00   
 8.4063E+02    4.2542E+01    3.9119E+01    2.1422E+01    2.1608E+01    2.8626E+01    5.3143E+01    3.9162E+01    2.7251E+01    7.5351E+00    7.5558E+00    3.1048E+00    7.3729E+00   
 8.4115E+02    4.2509E+01    3.9303E+01    2.1422E+01    2.1624E+01    2.8639E+01    5.3120E+01    3.9134E+01    2.7266E+01    7.5351E+00    7.5558E+00    3.0692E+00    7.3443E+00   
 8.4167E+02    4.2469E+01    3.9303E+01    2.1422E+01    2.1661E+01    2.8630E+01    5.3120E+01    3.9096E+01    2.7308E+01    7.5351E+00    7.5558E+00    3.1048E+00    7.3443E+00   
 8.4219E+02    4.2453E+01    3.9483E+01    2.1421E+01    2.1689E+01    2.8629E+01    5.3061E+01    3.9081E+01    2.7338E+01    7.5556E+00    7.5558E+00    3.0845E+00    7.3729E+00   
 8.4272E+02    4.2421E+01    3.9642E+01    2.1443E+01    2.1689E+01    2.8629E+01    5.3022E+01    3.9081E+01    2.7366E+01    7.5351E+00    7.5762E+00    3.1201E+00    7.4015E+00   
 8.4324E+02    4.2421E+01    3.9758E+01    2.1447E+01    2.1707E+01    2.8644E+01    5.2985E+01    3.9067E+01    2.7425E+01    7.5556E+00    7.5762E+00    3.1099E+00    7.3729E+00   
 8.4377E+02    4.2394E+01    3.9895E+01    2.1492E+01    2.1715E+01    2.8634E+01    5.2946E+01    3.9026E+01    2.7447E+01    7.5556E+00    7.5762E+00    3.0743E+00    7.3155E+00   
 8.4429E+02    4.2377E+01    4.0024E+01    2.1507E+01    2.1730E+01    2.8650E+01    5.2890E+01    3.9013E+01    2.7447E+01    7.5556E+00    7.5762E+00    3.0896E+00    7.3155E+00   
 8.4482E+02    4.2368E+01    4.0024E+01    2.1523E+01    2.1770E+01    2.8634E+01    5.2890E+01    3.8973E+01    2.7458E+01    7.5556E+00    7.5762E+00    3.0896E+00    7.3443E+00   
 8.4534E+02    4.2355E+01    4.0133E+01    2.1651E+01    2.1805E+01    2.8638E+01    5.2831E+01    3.8939E+01    2.7502E+01    7.5556E+00    7.5966E+00    3.0641E+00    7.3155E+00   
 8.4586E+02    4.2334E+01    4.0236E+01    2.1730E+01    2.1805E+01    2.8647E+01    5.2795E+01    3.8939E+01    2.7516E+01    7.5556E+00    7.5966E+00    3.0896E+00    7.3155E+00   
 8.4638E+02    4.2334E+01    4.0305E+01    2.1698E+01    2.1756E+01    2.8663E+01    5.2773E+01    3.8945E+01    2.7570E+01    7.5760E+00    7.5966E+00    3.0794E+00    7.3155E+00   
 8.4691E+02    4.2315E+01    4.0372E+01    2.1707E+01    2.1778E+01    2.8644E+01    5.2734E+01    3.8903E+01    2.7580E+01    7.5760E+00    7.5966E+00    3.1048E+00    7.3443E+00   
 8.4743E+02    4.2324E+01    4.0435E+01    2.1707E+01    2.1736E+01    2.8644E+01    5.2681E+01    3.8869E+01    2.7580E+01    7.5760E+00    7.5966E+00    3.0641E+00    7.3443E+00   
 8.4795E+02    4.2314E+01    4.0435E+01    2.1786E+01    2.1709E+01    2.8645E+01    5.2681E+01    3.8842E+01    2.7608E+01    7.5760E+00    7.5966E+00    3.0743E+00    7.3443E+00   
# Time (s)      T1w (C)       T2w (C)       T1a (C)       T2a (C)       T1r (C)       T2r (C)       T3r (C)       T4r (C)       P1 (bar)      P2 (bar)      Ic (amp)      Qc (l/min)    
 8.4847E+02    4.2333E+01    4.0503E+01    2.1819E+01    2.1694E+01    2.8619E+01    5.2637E+01    3.8809E+01    2.7633E+01    7.5760E+00    7.6169E+00    3.0896E+00    7.3729E+00   
 8.4900E+02    4.2309E+01    4.0553E+01    2.1795E+01    2.1694E+01    2.8623E+01    5.2584E+01    3.8809E+01    2.7651E+01    7.5760E+00    7.5966E+00    3.1252E+00    7.2866E+00   
 8.4952E+02    4.2309E+01    4.0589E+01    2.1730E+01    2.1673E+01    2.8623E+01    5.2554E+01    3.8769E+01    2.7682E+01    7.5964E+00    7.6169E+00    3.0896E+00    7.3443E+00   
 8.5005E+02    4.2329E+01    4.0628E+01    2.1720E+01    2.1658E+01    2.8634E+01    5.2511E+01    3.8773E+01    2.7725E+01    7.5964E+00    7.6169E+00    3.1252E+00    7.4015E+00   
 8.5057E+02    4.2325E+01    4.0651E+01    2.1720E+01    2.1654E+01    2.8646E+01    5.2470E+01    3.8747E+01    2.7725E+01    7.5964E+00    7.6169E+00    3.1252E+00    7.3155E+00   
 8.5109E+02    4.2318E+01    4.0651E+01    2.1709E+01    2.1680E+01    2.8651E+01    5.2485E+01    3.8732E+01    2.7750E+01    7.5964E+00    7.6169E+00    3.0845E+00    7.3729E+00   
 8.5161E+02    4.2312E+01    4.0708E+01    2.1731E+01    2.1686E+01    2.8622E+01    5.2454E+01    3.8704E+01    2.7778E+01    7.5964E+00    7.6169E+00    3.0743E+00    7.3729E+00   
 8.5213E+02    4.2286E+01    4.0715E+01    2.1761E+01    2.1686E+01    2.8642E+01    5.2406E+01    3.8719E+01    2.7821E+01    7.5964E+00    7.6169E+00    3.1099E+00    7.3443E+00   
 8.5266E+02    4.2286E+01    4.0757E+01    2.1808E+01    2.1702E+01    2.8642E+01    5.2377E+01    3.8698E+01    2.7830E+01    7.6168E+00    7.6373E+00    3.1201E+00    7.3443E+00   
 8.5319E+02    4.2285E+01    4.0764E+01    2.1795E+01    2.1748E+01    2.8663E+01    5.2350E+01    3.8675E+01    2.7887E+01    7.6168E+00    7.6373E+00    3.1252E+00    7.3155E+00   
 8.5371E+02    4.2213E+01    4.0781E+01    2.1795E+01    2.1735E+01    2.8654E+01    5.2302E+01    3.8648E+01    2.7887E+01    7.6168E+00    7.6373E+00    3.1201E+00    7.3729E+00   
 8.5423E+02    4.2198E+01    4.0796E+01    2.1778E+01    2.1718E+01    2.8658E+01    5.2302E+01    3.8611E+01    2.7909E+01    7.6168E+00    7.6373E+00    3.1252E+00    7.3729E+00   
 8.5476E+02    4.2180E+01    4.0824E+01    2.1738E+01    2.1756E+01    2.8650E+01    5.2257E+01    3.8589E+01    2.7925E+01    7.6168E+00    7.6373E+00    3.1150E+00    7.3729E+00   
 8.5528E+02    4.2165E+01    4.0836E+01    2.1777E+01    2.1771E+01    2.8627E+01    5.2212E+01    3.8589E+01    2.7964E+01    7.6168E+00    7.6373E+00    3.1150E+00    7.3443E+00   
 8.5580E+02    4.2165E+01    4.0859E+01    2.1817E+01    2.1792E+01    2.8627E+01    5.2162E+01    3.8575E+01    2.7999E+01    7.6168E+00    7.6373E+00    3.1150E+00    7.3443E+00   
 8.5632E+02    4.2137E+01    4.0880E+01    2.1808E+01    2.1809E+01    2.8633E+01    5.2155E+01    3.8540E+01    2.8003E+01    7.6168E+00    7.6373E+00    3.0641E+00    7.3443E+00   
 8.5685E+02    4.2100E+01    4.0882E+01    2.1808E+01    2.1834E+01    2.8622E+01    5.2113E+01    3.8654E+01    2.8003E+01    7.6168E+00    7.6373E+00    3.0743E+00    7.4015E+00   
 8.5737E+02    4.2083E+01    4.0867E+01    2.1748E+01    2.1850E+01    2.8629E+01    5.2113E+01    3.8784E+01    2.8025E+01    7.6168E+00    7.6576E+00    3.0947E+00    7.3729E+00   
 8.5789E+02    4.2075E+01    4.0901E+01    2.1697E+01    2.1910E+01    2.8611E+01    5.2065E+01    3.8769E+01    2.8046E+01    7.6168E+00    7.6576E+00    3.1150E+00    7.3155E+00   
 8.5842E+02    4.2080E+01    4.0900E+01    2.1693E+01    2.1910E+01    2.8617E+01    5.2019E+01    3.8769E+01    2.8077E+01    7.6372E+00    7.6576E+00    3.0641E+00    7.3443E+00   
 8.5894E+02    4.2080E+01    4.0931E+01    2.1862E+01    2.1944E+01    2.8617E+01    5.1969E+01    3.8749E+01    2.8077E+01    7.6372E+00    7.6576E+00    3.1048E+00    7.3729E+00   
 8.5947E+02    4.2063E+01    4.0908E+01    2.1862E+01    2.1971E+01    2.8609E+01    5.1938E+01    3.8716E+01    2.8104E+01    7.6372E+00    7.6576E+00    3.0947E+00    7.3155E+00   
 8.5999E+02    4.2046E+01    4.0936E+01    2.1862E+01    2.1979E+01    2.8610E+01    5.1900E+01    3.8679E+01    2.8104E+01    7.6372E+00    7.6576E+00    3.0794E+00    7.3443E+00   
 8.6051E+02    4.2057E+01    4.0951E+01    2.1844E+01    2.1990E+01    2.8612E+01    5.1915E+01    3.8673E+01    2.8142E+01    7.6372E+00    7.6576E+00    3.1150E+00    7.3443E+00   
 8.6103E+02    4.2036E+01    4.0981E+01    2.1919E+01    2.1967E+01    2.8605E+01    5.1877E+01    3.8653E+01    2.8158E+01    7.6372E+00    7.6780E+00    3.0743E+00    7.3443E+00   
 8.6157E+02    4.2025E+01    4.1008E+01    2.1922E+01    2.1982E+01    2.8599E+01    5.1845E+01    3.8653E+01    2.8166E+01    7.6372E+00    7.6576E+00    3.1150E+00    7.4015E+00   
 8.6209E+02    4.2025E+01    4.1013E+01    2.1913E+01    2.1951E+01    2.8599E+01    5.1802E+01    3.8640E+01    2.8174E+01    7.6372E+00    7.6576E+00    3.1201E+00    7.3155E+00   
 8.6261E+02    4.2043E+01    4.1009E+01    2.1917E+01    2.1964E+01    2.8600E+01    5.1782E+01    3.8615E+01    2.8196E+01    7.6372E+00    7.6576E+00    3.0845E+00    7.3729E+00   
 8.6313E+02    4.2026E+01    4.1027E+01    2.1917E+01    2.1886E+01    2.8598E+01    5.1721E+01    3.8592E+01    2.8196E+01    7.6372E+00    7.6576E+00    3.1201E+00    7.3443E+00   
 8.6365E+02    4.2041E+01    4.1042E+01    2.1894E+01    2.1831E+01    2.8586E+01    5.1721E+01    3.8576E+01    2.8204E+01    7.6372E+00    7.6780E+00    3.0794E+00    7.3155E+00   
# Time (s)      T1w (C)       T2w (C)       T1a (C)       T2a (C)       T1r (C)       T2r (C)       T3r (C)       T4r (C)       P1 (bar)      P2 (bar)      Ic (amp)      Qc (l/min)    
 8.6418E+02    4.2034E+01    4.1033E+01    2.1847E+01    2.1986E+01    2.8587E+01    5.1694E+01    3.8531E+01    2.8229E+01    7.6372E+00    7.6780E+00    3.1150E+00    7.3729E+00   
 8.6470E+02    4.2034E+01    4.1033E+01    2.1858E+01    2.1986E+01    2.8579E+01    5.1648E+01    3.8531E+01    2.8225E+01    7.6576E+00    7.6576E+00    3.0947E+00    7.3443E+00   
 8.6523E+02    4.2041E+01    4.1044E+01    2.1821E+01    2.2054E+01    2.8579E+01    5.1604E+01    3.8494E+01    2.8261E+01    7.6576E+00    7.6780E+00    3.0794E+00    7.3729E+00   
 8.6575E+02    4.2033E+01    4.1040E+01    2.1811E+01    2.2008E+01    2.8577E+01    5.1591E+01    3.8466E+01    2.8255E+01    7.6372E+00    7.6780E+00    3.1048E+00    7.3729E+00   
 8.6627E+02    4.2036E+01    4.1049E+01    2.1811E+01    2.1980E+01    2.8592E+01    5.1553E+01    3.8463E+01    2.8271E+01    7.6576E+00    7.6780E+00    3.0947E+00    7.3155E+00   
 8.6680E+02    4.2026E+01    4.1049E+01    2.1806E+01    2.1851E+01    2.8591E+01    5.1553E+01    3.8416E+01    2.8292E+01    7.6576E+00    7.6780E+00    3.0590E+00    7.3729E+00   
 8.6732E+02    4.2007E+01    4.1053E+01    2.1829E+01    2.1937E+01    2.8598E+01    5.1524E+01    3.8399E+01    2.8303E+01    7.6576E+00    7.6780E+00    3.1201E+00    7.2866E+00   
 8.6784E+02    4.1967E+01    4.1061E+01    2.1848E+01    2.1937E+01    2.8589E+01    5.1482E+01    3.8399E+01    2.8301E+01    7.6576E+00    7.6780E+00    3.0794E+00    7.3443E+00   
 8.6836E+02    4.1967E+01    4.1075E+01    2.1883E+01    2.2050E+01    2.8574E+01    5.1433E+01    3.8355E+01    2.8326E+01    7.6576E+00    7.6780E+00    3.1201E+00    7.3729E+00   
 8.6888E+02    4.1958E+01    4.1077E+01    2.1900E+01    2.2145E+01    2.8561E+01    5.1398E+01    3.8334E+01    2.8323E+01    7.6576E+00    7.6780E+00    3.0692E+00    7.4015E+00   
 8.6941E+02    4.1914E+01    4.1062E+01    2.1885E+01    2.2060E+01    2.8557E+01    5.1368E+01    3.8284E+01    2.8323E+01    7.6576E+00    7.6780E+00    3.0590E+00    7.3155E+00   
 8.6993E+02    4.1890E+01    4.1062E+01    2.1852E+01    2.2060E+01    2.8559E+01    5.1368E+01    3.8264E+01    2.8335E+01    7.6576E+00    7.6780E+00    3.0743E+00    7.3155E+00   
 8.7045E+02    4.1871E+01    4.1071E+01    2.1853E+01    2.2018E+01    2.8539E+01    5.1313E+01    3.8224E+01    2.8323E+01    7.6576E+00    7.6780E+00    3.1201E+00    7.3729E+00   
 8.7098E+02    4.1871E+01    4.1084E+01    2.1900E+01    2.2018E+01    2.8536E+01    5.1267E+01    3.8224E+01    2.8328E+01    7.6576E+00    7.6780E+00    3.0743E+00    7.3443E+00   
 8.7150E+02    4.1880E+01    4.1087E+01    2.1882E+01    2.1982E+01    2.8520E+01    5.1222E+01    3.8169E+01    2.8340E+01    7.6576E+00    7.6780E+00    3.0641E+00    7.3443E+00   
 8.7202E+02    4.1853E+01    4.1094E+01    2.1880E+01    2.1986E+01    2.8514E+01    5.1175E+01    3.8155E+01    2.8332E+01    7.6576E+00    7.6780E+00    3.0845E+00    7.3443E+00   
 8.7254E+02    4.1858E+01    4.1109E+01    2.1880E+01    2.2009E+01    2.8509E+01    5.1154E+01    3.8127E+01    2.8332E+01    7.6576E+00    7.6780E+00    3.1150E+00    7.3443E+00   
 8.7307E+02    4.1830E+01    4.1109E+01    2.1844E+01    2.2048E+01    2.8506E+01    5.1154E+01    3.8085E+01    2.8327E+01    7.6576E+00    7.6780E+00    3.0743E+00    7.4299E+00   
 8.7359E+02    4.1797E+01    4.1113E+01    2.1841E+01    2.2085E+01    2.8510E+01    5.1117E+01    3.8093E+01    2.8357E+01    7.6576E+00    7.6780E+00    3.1048E+00    7.3729E+00   
 8.7411E+02    4.1797E+01    4.1131E+01    2.1887E+01    2.2085E+01    2.8519E+01    5.1081E+01    3.8093E+01    2.8374E+01    7.6576E+00    7.6780E+00    3.1201E+00    7.4015E+00   
 8.7463E+02    4.1759E+01    4.1133E+01    2.1925E+01    2.2097E+01    2.8534E+01    5.1071E+01    3.8079E+01    2.8387E+01    7.6576E+00    7.6780E+00    3.1150E+00    7.4015E+00   
 8.7516E+02    4.1719E+01    4.1147E+01    2.1973E+01    2.2190E+01    2.8522E+01    5.1028E+01    3.8037E+01    2.8395E+01    7.6576E+00    7.6780E+00    3.1150E+00    7.3729E+00   
 8.7568E+02    4.1679E+01    4.1147E+01    2.1973E+01    2.2228E+01    2.8528E+01    5.0992E+01    3.8014E+01    2.8395E+01    7.6576E+00    7.6780E+00    3.1099E+00    7.4015E+00   
 8.7621E+02    4.1651E+01    4.1162E+01    2.2074E+01    2.2168E+01    2.8522E+01    5.0992E+01    3.7982E+01    2.8390E+01    7.6576E+00    7.6984E+00    3.1659E+00    7.3729E+00   
 8.7673E+02    4.1624E+01    4.1149E+01    2.2104E+01    2.2184E+01    2.8509E+01    5.0953E+01    3.7948E+01    2.8406E+01    7.6780E+00    7.6984E+00    3.1354E+00    7.3729E+00   
 8.7725E+02    4.1624E+01    4.1154E+01    2.2079E+01    2.2184E+01    2.8509E+01    5.0928E+01    3.7948E+01    2.8412E+01    7.6780E+00    7.6984E+00    3.1507E+00    7.3729E+00   
 8.7777E+02    4.1616E+01    4.1151E+01    2.2059E+01    2.2181E+01    2.8509E+01    5.0894E+01    3.7934E+01    2.8412E+01    7.6576E+00    7.6984E+00    3.1201E+00    7.3729E+00   
 8.7830E+02    4.1622E+01    4.1143E+01    2.1995E+01    2.2191E+01    2.8505E+01    5.0852E+01    3.7902E+01    2.8409E+01    7.6780E+00    7.6984E+00    3.1201E+00    7.3443E+00   
 8.7882E+02    4.1619E+01    4.1145E+01    2.1995E+01    2.2166E+01    2.8501E+01    5.0806E+01    3.7853E+01    2.8409E+01    7.6780E+00    7.6984E+00    3.1608E+00    7.3155E+00   
 8.7935E+02    4.1622E+01    4.1145E+01    2.1965E+01    2.2305E+01    2.8502E+01    5.0806E+01    3.7843E+01    2.8421E+01    7.6780E+00    7.6984E+00    3.1099E+00    7.4015E+00   
# Time (s)      T1w (C)       T2w (C)       T1a (C)       T2a (C)       T1r (C)       T2r (C)       T3r (C)       T4r (C)       P1 (bar)      P2 (bar)      Ic (amp)      Qc (l/min)    
 8.7987E+02    4.1612E+01    4.1153E+01    2.1960E+01    2.2299E+01    2.8502E+01    5.0777E+01    3.7826E+01    2.8429E+01    7.6780E+00    7.6984E+00    3.1608E+00    7.3155E+00   
 8.8040E+02    4.1612E+01    4.1153E+01    2.1949E+01    2.2299E+01    2.8500E+01    5.0752E+01    3.7841E+01    2.8440E+01    7.6780E+00    7.6984E+00    3.1252E+00    7.3729E+00   
 8.8092E+02    4.1597E+01    4.1145E+01    2.1967E+01    2.2258E+01    2.8500E+01    5.0725E+01    3.7790E+01    2.8370E+01    7.6576E+00    7.6984E+00    3.1303E+00    7.4015E+00   
 8.8144E+02    4.1592E+01    4.1129E+01    2.1916E+01    2.2242E+01    2.8500E+01    5.0680E+01    3.7780E+01    2.8315E+01    7.6576E+00    7.6984E+00    3.1150E+00    7.3443E+00   
 8.8197E+02    4.1557E+01    4.1131E+01    2.1916E+01    2.2238E+01    2.8501E+01    5.0639E+01    3.7742E+01    2.8315E+01    7.6576E+00    7.6984E+00    3.1456E+00    7.3443E+00   
 8.8249E+02    4.1533E+01    4.1131E+01    2.1891E+01    2.2216E+01    2.8473E+01    5.0625E+01    3.7699E+01    2.8342E+01    7.6576E+00    7.6780E+00    3.1557E+00    7.3729E+00   
 8.8301E+02    4.1524E+01    4.1115E+01    2.1900E+01    2.2181E+01    2.8474E+01    5.0595E+01    3.7680E+01    2.8342E+01    7.6780E+00    7.6984E+00    3.1456E+00    7.3729E+00   
 8.8354E+02    4.1509E+01    4.1082E+01    2.2032E+01    2.2165E+01    2.8465E+01    5.0562E+01    3.7680E+01    2.8363E+01    7.6780E+00    7.6984E+00    3.1659E+00    7.3155E+00   
 8.8406E+02    4.1494E+01    4.1068E+01    2.2025E+01    2.2159E+01    2.8465E+01    5.0521E+01    3.7649E+01    2.8371E+01    7.6576E+00    7.6984E+00    3.1659E+00    7.3729E+00   
 8.8458E+02    4.1479E+01    4.1068E+01    2.1955E+01    2.2121E+01    2.8462E+01    5.0488E+01    3.7610E+01    2.8392E+01    7.6780E+00    7.6984E+00    3.1048E+00    7.3155E+00   
 8.8511E+02    4.1463E+01    4.1033E+01    2.1955E+01    2.2138E+01    2.8486E+01    5.0458E+01    3.7600E+01    2.8392E+01    7.6780E+00    7.6780E+00    3.1048E+00    7.4015E+00   
 8.8563E+02    4.1452E+01    4.1018E+01    2.1922E+01    2.2144E+01    2.8447E+01    5.0443E+01    3.7543E+01    2.8376E+01    7.6780E+00    7.6984E+00    3.1048E+00    7.3729E+00   
 8.8615E+02    4.1441E+01    4.1002E+01    2.1847E+01    2.2112E+01    2.8448E+01    5.0395E+01    3.7523E+01    2.8382E+01    7.6780E+00    7.6984E+00    3.1659E+00    7.4015E+00   
 8.8668E+02    4.1441E+01    4.1007E+01    2.1791E+01    2.2112E+01    2.8469E+01    5.0366E+01    3.7538E+01    2.8424E+01    7.6780E+00    7.6984E+00    3.1303E+00    7.3443E+00   
 8.8720E+02    4.1409E+01    4.0992E+01    2.1806E+01    2.2120E+01    2.8469E+01    5.0343E+01    3.7520E+01    2.8430E+01    7.6780E+00    7.6984E+00    3.1252E+00    7.3729E+00   
 8.8772E+02    4.1407E+01    4.1004E+01    2.1760E+01    2.2105E+01    2.8445E+01    5.0300E+01    3.7494E+01    2.8438E+01    7.6780E+00    7.6984E+00    3.1608E+00    7.3729E+00   
 8.8824E+02    4.1380E+01    4.1004E+01    2.1760E+01    2.2128E+01    2.8453E+01    5.0269E+01    3.7453E+01    2.8438E+01    7.6780E+00    7.6984E+00    3.1659E+00    7.3729E+00   
 8.8877E+02    4.1322E+01    4.0977E+01    2.1814E+01    2.2116E+01    2.8437E+01    5.0269E+01    3.7431E+01    2.8446E+01    7.6780E+00    7.6984E+00    3.1048E+00    7.3729E+00   
 8.8929E+02    4.1317E+01    4.0971E+01    2.1826E+01    2.2113E+01    2.8441E+01    5.0217E+01    3.7400E+01    2.8451E+01    7.6780E+00    7.6984E+00    3.1099E+00    7.3729E+00   
 8.8982E+02    4.1332E+01    4.0982E+01    2.1821E+01    2.2128E+01    2.8434E+01    5.0179E+01    3.7400E+01    2.8451E+01    7.6780E+00    7.6984E+00    3.1608E+00    7.4015E+00   
 8.9034E+02    4.1297E+01    4.0974E+01    2.1798E+01    2.2076E+01    2.8434E+01    5.0144E+01    3.7401E+01    2.8462E+01    7.6780E+00    7.6984E+00    3.1608E+00    7.3155E+00   
 8.9087E+02    4.1293E+01    4.0954E+01    2.1864E+01    2.2089E+01    2.8431E+01    5.0130E+01    3.7359E+01    2.8461E+01    7.6780E+00    7.6984E+00    3.1252E+00    7.4015E+00   
 8.9139E+02    4.1282E+01    4.0954E+01    2.1864E+01    2.2110E+01    2.8441E+01    5.0084E+01    3.7371E+01    2.8476E+01    7.6780E+00    7.6984E+00    3.1303E+00    7.4015E+00   
 8.9191E+02    4.1266E+01    4.0954E+01    2.1908E+01    2.2123E+01    2.8432E+01    5.0084E+01    3.7329E+01    2.8482E+01    7.6780E+00    7.6984E+00    3.1150E+00    7.3443E+00   
 8.9244E+02    4.1283E+01    4.0958E+01    2.1943E+01    2.2175E+01    2.8412E+01    5.0067E+01    3.7309E+01    2.8479E+01    7.6780E+00    7.6984E+00    3.1150E+00    7.2866E+00   
 8.9296E+02    4.1283E+01    4.0951E+01    2.1982E+01    2.2175E+01    2.8424E+01    5.0022E+01    3.7309E+01    2.8432E+01    7.6780E+00    7.6984E+00    3.1608E+00    7.3729E+00   
 8.9348E+02    4.1274E+01    4.0945E+01    2.2043E+01    2.2219E+01    2.8440E+01    5.0007E+01    3.7299E+01    2.8496E+01    7.6780E+00    7.6984E+00    3.1659E+00    7.3443E+00   
 8.9401E+02    4.1269E+01    4.0935E+01    2.2064E+01    2.2227E+01    2.8428E+01    4.9955E+01    3.7278E+01    2.8497E+01    7.6780E+00    7.6984E+00    3.1557E+00    7.3729E+00   
 8.9453E+02    4.1243E+01    4.0908E+01    2.2064E+01    2.2271E+01    2.8432E+01    4.9925E+01    3.7254E+01    2.8497E+01    7.6780E+00    7.6984E+00    3.1456E+00    7.3443E+00   
 8.9505E+02    4.1222E+01    4.0908E+01    2.2090E+01    2.2275E+01    2.8443E+01    4.9925E+01    3.7223E+01    2.8507E+01    7.6780E+00    7.6984E+00    3.1608E+00    7.2866E+00   
# Time (s)      T1w (C)       T2w (C)       T1a (C)       T2a (C)       T1r (C)       T2r (C)       T3r (C)       T4r (C)       P1 (bar)      P2 (bar)      Ic (amp)      Qc (l/min)    
 8.9558E+02    4.1208E+01    4.0907E+01    2.2128E+01    2.2265E+01    2.8439E+01    4.9896E+01    3.7202E+01    2.8520E+01    7.6780E+00    7.6984E+00    3.1608E+00    7.3729E+00   
 8.9610E+02    4.1208E+01    4.0916E+01    2.2174E+01    2.2265E+01    2.8427E+01    4.9845E+01    3.7202E+01    2.8525E+01    7.6780E+00    7.6984E+00    3.1557E+00    7.3729E+00   
 8.9663E+02    4.1171E+01    4.0899E+01    2.2185E+01    2.2272E+01    2.8427E+01    4.9829E+01    3.7176E+01    2.8530E+01    7.6780E+00    7.6984E+00    3.1659E+00    7.3729E+00   
 8.9715E+02    4.1169E+01    4.0875E+01    2.2208E+01    2.2263E+01    2.8414E+01    4.9792E+01    3.7135E+01    2.8529E+01    7.6780E+00    7.6984E+00    3.1150E+00    7.4015E+00   
 8.9768E+02    4.1178E+01    4.0865E+01    2.2208E+01    2.2294E+01    2.8419E+01    4.9757E+01    3.7125E+01    2.8529E+01    7.6780E+00    7.6984E+00    3.1456E+00    7.4015E+00   
 8.9820E+02    4.1180E+01    4.0865E+01    2.2257E+01    2.2293E+01    2.8414E+01    4.9757E+01    3.7113E+01    2.8525E+01    7.6780E+00    7.6984E+00    3.1557E+00    7.3443E+00   
 8.9872E+02    4.1142E+01    4.0852E+01    2.2259E+01    2.2264E+01    2.8426E+01    4.9737E+01    3.7101E+01    2.8550E+01    7.6780E+00    7.6984E+00    3.1048E+00    7.3729E+00   
 8.9925E+02    4.1111E+01    4.0838E+01    2.2248E+01    2.2264E+01    2.8432E+01    4.9698E+01    3.7101E+01    2.8553E+01    7.6780E+00    7.6984E+00    3.1099E+00    7.4015E+00   
 8.9977E+02    4.1111E+01    4.0825E+01    2.2300E+01    2.2260E+01    2.8447E+01    4.9671E+01    3.7088E+01    2.8576E+01    7.6780E+00    7.6984E+00    3.1507E+00    7.4015E+00   
 9.0029E+02    4.1096E+01    4.0813E+01    2.2445E+01    2.2289E+01    2.8446E+01    4.9640E+01    3.7050E+01    2.8585E+01    7.6780E+00    7.6984E+00    3.1608E+00    7.3443E+00   
 9.0082E+02    4.1084E+01    4.0823E+01    2.2460E+01    2.2245E+01    2.8443E+01    4.9605E+01    3.7049E+01    2.8585E+01    7.6780E+00    7.6984E+00    3.1303E+00    7.3729E+00   
 9.0135E+02    4.1068E+01    4.0823E+01    2.2487E+01    2.2146E+01    2.8431E+01    4.9605E+01    3.7011E+01    2.8589E+01    7.6780E+00    7.6984E+00    3.1456E+00    7.3729E+00   
 9.0187E+02    4.1061E+01    4.0803E+01    2.2479E+01    2.2128E+01    2.8457E+01    4.9586E+01    3.6995E+01    2.8594E+01    7.6780E+00    7.6984E+00    3.1354E+00    7.3443E+00   
 9.0239E+02    4.1061E+01    4.0795E+01    2.2382E+01    2.2128E+01    2.8467E+01    4.9546E+01    3.6995E+01    2.8589E+01    7.6780E+00    7.6984E+00    3.1659E+00    7.3729E+00   
 9.0292E+02    4.1059E+01    4.0793E+01    2.2364E+01    2.2064E+01    2.8467E+01    4.9533E+01    3.6994E+01    2.8590E+01    7.6984E+00    7.7187E+00    3.1608E+00    7.3729E+00   
 9.0344E+02    4.1045E+01    4.0781E+01    2.2242E+01    2.2065E+01    2.8471E+01    4.9482E+01    3.6963E+01    2.8598E+01    7.6780E+00    7.7187E+00    3.1710E+00    7.3443E+00   
 9.0396E+02    4.1054E+01    4.0771E+01    2.2257E+01    2.2039E+01    2.8445E+01    4.9429E+01    3.6925E+01    2.8598E+01    7.6984E+00    7.6984E+00    3.1252E+00    7.3443E+00   
 9.0449E+02    4.1057E+01    4.0771E+01    2.2165E+01    2.2063E+01    2.8448E+01    4.9444E+01    3.6921E+01    2.8623E+01    7.6780E+00    7.7187E+00    3.1303E+00    7.3729E+00   
 9.0501E+02    4.1038E+01    4.0756E+01    2.2084E+01    2.1960E+01    2.8457E+01    4.9441E+01    3.6886E+01    2.8620E+01    7.6780E+00    7.6984E+00    3.1608E+00    7.3443E+00   
 9.0553E+02    4.1060E+01    4.0743E+01    2.2000E+01    2.1976E+01    2.8490E+01    4.9388E+01    3.6886E+01    2.8624E+01    7.6780E+00    7.7187E+00    3.1710E+00    7.3443E+00   
 9.0606E+02    4.1060E+01    4.0735E+01    2.1980E+01    2.1903E+01    2.8490E+01    4.9360E+01    3.6868E+01    2.8610E+01    7.6780E+00    7.6984E+00    3.1252E+00    7.3443E+00   
 9.0659E+02    4.1063E+01    4.0743E+01    2.1970E+01    2.1933E+01    2.8468E+01    4.9332E+01    3.6848E+01    2.8616E+01    7.6780E+00    7.7187E+00    3.1659E+00    7.4015E+00   
 9.0711E+02    4.1072E+01    4.0740E+01    2.1970E+01    2.1915E+01    2.8473E+01    4.9285E+01    3.6831E+01    2.8616E+01    7.6984E+00    7.7187E+00    3.1303E+00    7.3155E+00   
 9.0763E+02    4.1061E+01    4.0740E+01    2.1914E+01    2.1959E+01    2.8468E+01    4.9285E+01    3.6803E+01    2.8612E+01    7.6780E+00    7.7187E+00    3.1608E+00    7.3155E+00   
 9.0816E+02    4.1041E+01    4.0731E+01    2.1905E+01    2.1859E+01    2.8485E+01    4.9265E+01    3.6784E+01    2.8620E+01    7.6984E+00    7.6984E+00    3.1659E+00    7.3729E+00   
 9.0868E+02    4.1006E+01    4.0720E+01    2.1787E+01    2.1875E+01    2.8497E+01    4.9230E+01    3.6799E+01    2.8642E+01    7.6780E+00    7.7187E+00    3.1150E+00    7.3155E+00   
 9.0920E+02    4.1006E+01    4.0703E+01    2.1919E+01    2.1956E+01    2.8497E+01    4.9207E+01    3.6786E+01    2.8628E+01    7.6984E+00    7.7187E+00    3.1354E+00    7.3729E+00   
 9.0973E+02    4.0942E+01    4.0698E+01    2.2140E+01    2.1969E+01    2.8498E+01    4.9187E+01    3.6766E+01    2.8656E+01    7.6780E+00    7.7187E+00    3.1608E+00    7.3729E+00   
 9.1025E+02    4.0923E+01    4.0694E+01    2.2140E+01    2.1949E+01    2.8475E+01    4.9136E+01    3.6731E+01    2.8656E+01    7.6984E+00    7.7187E+00    3.1252E+00    7.3155E+00   
 9.1077E+02    4.0905E+01    4.0694E+01    2.2311E+01    2.1891E+01    2.8501E+01    4.9151E+01    3.6725E+01    2.8658E+01    7.6984E+00    7.7187E+00    3.1201E+00    7.3443E+00   
# Time (s)      T1w (C)       T2w (C)       T1a (C)       T2a (C)       T1r (C)       T2r (C)       T3r (C)       T4r (C)       P1 (bar)      P2 (bar)      Ic (amp)      Qc (l/min)    
 9.1130E+02    4.0888E+01    4.0670E+01    2.2370E+01    2.1907E+01    2.8508E+01    4.9131E+01    3.6725E+01    2.8651E+01    7.6984E+00    7.7187E+00    3.1150E+00    7.3443E+00   
 9.1183E+02    4.0876E+01    4.0660E+01    2.2415E+01    2.1907E+01    2.8519E+01    4.9092E+01    3.6728E+01    2.8695E+01    7.6984E+00    7.7187E+00    3.1507E+00    7.3443E+00   
 9.1235E+02    4.0876E+01    4.0650E+01    2.2433E+01    2.1956E+01    2.8519E+01    4.9056E+01    3.6694E+01    2.8688E+01    7.6984E+00    7.7187E+00    3.1557E+00    7.3443E+00   
 9.1288E+02    4.0864E+01    4.0644E+01    2.2492E+01    2.2015E+01    2.8523E+01    4.9032E+01    3.6675E+01    2.8680E+01    7.6984E+00    7.7187E+00    3.1201E+00    7.3443E+00   
 9.1340E+02    4.0831E+01    4.0639E+01    2.2492E+01    2.1975E+01    2.8530E+01    4.8991E+01    3.6655E+01    2.8680E+01    7.6984E+00    7.7187E+00    3.1303E+00    7.3729E+00   
 9.1392E+02    4.0796E+01    4.0639E+01    2.2444E+01    2.2040E+01    2.8537E+01    4.9006E+01    3.6648E+01    2.8699E+01    7.6984E+00    7.7187E+00    3.1507E+00    7.3729E+00   
 9.1445E+02    4.0813E+01    4.0627E+01    2.2233E+01    2.2021E+01    2.8534E+01    4.8988E+01    3.6620E+01    2.8694E+01    7.6984E+00    7.7187E+00    3.1659E+00    7.2866E+00   
 9.1497E+02    4.0781E+01    4.0624E+01    2.2071E+01    2.2021E+01    2.8529E+01    4.8957E+01    3.6620E+01    2.8688E+01    7.6984E+00    7.7187E+00    3.1456E+00    7.3729E+00   
 9.1549E+02    4.0781E+01    4.0629E+01    2.2026E+01    2.2018E+01    2.8529E+01    4.8909E+01    3.6612E+01    2.8701E+01    7.6984E+00    7.7187E+00    3.1201E+00    7.3729E+00   
 9.1602E+02    4.0772E+01    4.0616E+01    2.2032E+01    2.2000E+01    2.8537E+01    4.8882E+01    3.6583E+01    2.8709E+01    7.6984E+00    7.7187E+00    3.1557E+00    7.2866E+00   
 9.1654E+02    4.0774E+01    4.0600E+01    2.2032E+01    2.1966E+01    2.8524E+01    4.8874E+01    3.6570E+01    2.8709E+01    7.6984E+00    7.7187E+00    3.1659E+00    7.3443E+00   
 9.1706E+02    4.0790E+01    4.0616E+01    2.2033E+01    2.2023E+01    2.8546E+01    4.8874E+01    3.6540E+01    2.8698E+01    7.6984E+00    7.7187E+00    3.1099E+00    7.3443E+00   
 9.1759E+02    4.0790E+01    4.0595E+01    2.1908E+01    2.2000E+01    2.8520E+01    4.8828E+01    3.6506E+01    2.8705E+01    7.6984E+00    7.7187E+00    3.1303E+00    7.4015E+00   
 9.1811E+02    4.0789E+01    4.0575E+01    2.1845E+01    2.2000E+01    2.8521E+01    4.8797E+01    3.6506E+01    2.8710E+01    7.6984E+00    7.7187E+00    3.1456E+00    7.3155E+00   
 9.1863E+02    4.0789E+01    4.0594E+01    2.1860E+01    2.2034E+01    2.8521E+01    4.8765E+01    3.6493E+01    2.8702E+01    7.6984E+00    7.7187E+00    3.1659E+00    7.3155E+00   
 9.1916E+02    4.0796E+01    4.0560E+01    2.1864E+01    2.2048E+01    2.8513E+01    4.8720E+01    3.6473E+01    2.8709E+01    7.6984E+00    7.7187E+00    3.1048E+00    7.2866E+00   
 9.1968E+02    4.0789E+01    4.0550E+01    2.1864E+01    2.2012E+01    2.8542E+01    4.8722E+01    3.6466E+01    2.8724E+01    7.6984E+00    7.7187E+00    3.1201E+00    7.3729E+00   
 9.2021E+02    4.0749E+01    4.0550E+01    2.1798E+01    2.1982E+01    2.8549E+01    4.8722E+01    3.6450E+01    2.8716E+01    7.6984E+00    7.7187E+00    3.1608E+00    7.3155E+00   
 9.2073E+02    4.0716E+01    4.0500E+01    2.1751E+01    2.1986E+01    2.8552E+01    4.8672E+01    3.6425E+01    2.8712E+01    7.6984E+00    7.7187E+00    3.1608E+00    7.3443E+00   
 9.2125E+02    4.0696E+01    4.0497E+01    2.1757E+01    2.1986E+01    2.8546E+01    4.8643E+01    3.6425E+01    2.8713E+01    7.6984E+00    7.7187E+00    3.1048E+00    7.3443E+00   
 9.2178E+02    4.0696E+01    4.0478E+01    2.1820E+01    2.1958E+01    2.8562E+01    4.8627E+01    3.6412E+01    2.8710E+01    7.6984E+00    7.7187E+00    3.1303E+00    7.3155E+00   
 9.2231E+02    4.0682E+01    4.0469E+01    2.1901E+01    2.1969E+01    2.8574E+01    4.8601E+01    3.6401E+01    2.8733E+01    7.6984E+00    7.7187E+00    3.0896E+00    7.3443E+00   
 9.2283E+02    4.0670E+01    4.0434E+01    2.1886E+01    2.1953E+01    2.8579E+01    4.8550E+01    3.6369E+01    2.8733E+01    7.6984E+00    7.7187E+00    3.0947E+00    7.2866E+00   
 9.2336E+02    4.0664E+01    4.0434E+01    2.1994E+01    2.3000E+01    2.8577E+01    4.8550E+01    3.6352E+01    2.8735E+01    7.6984E+00    7.7187E+00    3.0947E+00    7.3729E+00   
 9.2388E+02    4.0661E+01    4.0430E+01    2.1936E+01    2.4538E+01    2.8574E+01    4.8523E+01    3.6321E+01    2.8730E+01    7.6984E+00    7.7187E+00    3.0896E+00    7.3729E+00   
 9.2440E+02    4.0666E+01    4.0404E+01    2.1795E+01    2.4538E+01    2.8574E+01    4.8484E+01    3.6321E+01    2.8710E+01    7.6780E+00    7.6984E+00    3.1048E+00    7.3155E+00   
 9.2493E+02    4.0666E+01    4.0422E+01    2.1836E+01    2.6337E+01    2.8560E+01    4.8468E+01    3.6295E+01    2.8671E+01    7.6576E+00    7.6780E+00    3.1252E+00    7.3729E+00   
 9.2545E+02    4.0644E+01    4.0402E+01    2.1594E+01    2.7121E+01    2.8545E+01    4.8443E+01    3.6269E+01    2.8600E+01    7.6372E+00    7.6576E+00    3.1914E+00    7.3729E+00   
 9.2598E+02    4.0623E+01    4.0384E+01    2.1594E+01    2.7336E+01    2.8521E+01    4.8440E+01    3.6208E+01    2.8584E+01    7.5964E+00    7.6169E+00    3.1150E+00    7.3729E+00   
 9.2650E+02    4.0626E+01    4.0384E+01    2.1548E+01    2.7345E+01    2.8506E+01    4.8440E+01    3.6174E+01    2.8452E+01    7.5760E+00    7.5966E+00    3.1354E+00    7.3443E+00   
# Time (s)      T1w (C)       T2w (C)       T1a (C)       T2a (C)       T1r (C)       T2r (C)       T3r (C)       T4r (C)       P1 (bar)      P2 (bar)      Ic (amp)      Qc (l/min)    
 9.2702E+02    4.0620E+01    4.0374E+01    2.1643E+01    2.7248E+01    2.8512E+01    4.8434E+01    3.6141E+01    2.8353E+01    7.5351E+00    7.5355E+00    3.0845E+00    7.3443E+00   
 9.2755E+02    4.0613E+01    4.0384E+01    2.1949E+01    2.7248E+01    2.8470E+01    4.8442E+01    3.6141E+01    2.8340E+01    7.4943E+00    7.5151E+00    3.0845E+00    7.3729E+00   
 9.2808E+02    4.0598E+01    4.0351E+01    2.2163E+01    2.7153E+01    2.8455E+01    4.8436E+01    3.6084E+01    2.8300E+01    7.4739E+00    7.4744E+00    3.1150E+00    7.3443E+00   
 9.2860E+02    4.0607E+01    4.0363E+01    2.2075E+01    2.7036E+01    2.8449E+01    4.8426E+01    3.6017E+01    2.8246E+01    7.4331E+00    7.4540E+00    3.0743E+00    7.3443E+00   
 9.2912E+02    4.0605E+01    4.0366E+01    2.2075E+01    2.6873E+01    2.8422E+01    4.8426E+01    3.5987E+01    2.8246E+01    7.3923E+00    7.4133E+00    3.0641E+00    7.3443E+00   
 9.2965E+02    4.0593E+01    4.0366E+01    2.2114E+01    2.6776E+01    2.8406E+01    4.8442E+01    3.5928E+01    2.8204E+01    7.3719E+00    7.3930E+00    3.1252E+00    7.3443E+00   
 9.3017E+02    4.0586E+01    4.0345E+01    2.1985E+01    2.6634E+01    2.8379E+01    4.8465E+01    3.5899E+01    2.8199E+01    7.3515E+00    7.3522E+00    3.1099E+00    7.3729E+00   
 9.3069E+02    4.0582E+01    4.0333E+01    2.2220E+01    2.6634E+01    2.8379E+01    4.8440E+01    3.5883E+01    2.8142E+01    7.3107E+00    7.3319E+00    3.0845E+00    7.4015E+00   
 9.3122E+02    4.0567E+01    4.0324E+01    2.2124E+01    2.6491E+01    2.8354E+01    4.8448E+01    3.5829E+01    2.8150E+01    7.2903E+00    7.3115E+00    3.1150E+00    7.3155E+00   
 9.3174E+02    4.0536E+01    4.0298E+01    2.1999E+01    2.6384E+01    2.8317E+01    4.8444E+01    3.5762E+01    2.8126E+01    7.2699E+00    7.2912E+00    3.1252E+00    7.3729E+00   
 9.3227E+02    4.0528E+01    4.0295E+01    2.1999E+01    2.6238E+01    2.8300E+01    4.8444E+01    3.5722E+01    2.8126E+01    7.2291E+00    7.2504E+00    3.0896E+00    7.3729E+00   
 9.3280E+02    4.0513E+01    4.0280E+01    2.2061E+01    2.6126E+01    2.8311E+01    4.8449E+01    3.5678E+01    2.8133E+01    7.2291E+00    7.2301E+00    3.1252E+00    7.3443E+00   
 9.3332E+02    4.0515E+01    4.0267E+01    2.2268E+01    2.6025E+01    2.8299E+01    4.8441E+01    3.5625E+01    2.8095E+01    7.2087E+00    7.2097E+00    3.0743E+00    7.3729E+00   
 9.3384E+02    4.0505E+01    4.0252E+01    2.2188E+01    2.6009E+01    2.8284E+01    4.8431E+01    3.5610E+01    2.8077E+01    7.1679E+00    7.1894E+00    3.0997E+00    7.3443E+00   
 9.3437E+02    4.0505E+01    4.0243E+01    2.2009E+01    2.5912E+01    2.8306E+01    4.8434E+01    3.5573E+01    2.8064E+01    7.1475E+00    7.1690E+00    3.1150E+00    7.3155E+00   
 9.3489E+02    4.0488E+01    4.0217E+01    2.1859E+01    2.5788E+01    2.8317E+01    4.8421E+01    3.5522E+01    2.8030E+01    7.1475E+00    7.1486E+00    3.1252E+00    7.3443E+00   
 9.3542E+02    4.0469E+01    4.0225E+01    2.1859E+01    2.5703E+01    2.8334E+01    4.8420E+01    3.5478E+01    2.8030E+01    7.1271E+00    7.1283E+00    3.0794E+00    7.3155E+00   
 9.3594E+02    4.0461E+01    4.0225E+01    2.2017E+01    2.5636E+01    2.8332E+01    4.8390E+01    3.5412E+01    2.7975E+01    7.1067E+00    7.1283E+00    3.0743E+00    7.3729E+00   
 9.3646E+02    4.0442E+01    4.0220E+01    2.2176E+01    2.5596E+01    2.8359E+01    4.8382E+01    3.5356E+01    2.7945E+01    7.0862E+00    7.0876E+00    3.1048E+00    7.3443E+00   
 9.3699E+02    4.0405E+01    4.0190E+01    2.2282E+01    2.5580E+01    2.8344E+01    4.8366E+01    3.5340E+01    2.7907E+01    7.0658E+00    7.0876E+00    3.0794E+00    7.3443E+00   
 9.3751E+02    4.0405E+01    4.0189E+01    2.2208E+01    2.5497E+01    2.8357E+01    4.8345E+01    3.5291E+01    2.7895E+01    7.0454E+00    7.0672E+00    3.1201E+00    7.3443E+00   
 9.3804E+02    4.0421E+01    4.0196E+01    2.2194E+01    2.5431E+01    2.8359E+01    4.8337E+01    3.5221E+01    2.7846E+01    7.0454E+00    7.0468E+00    3.0692E+00    7.3729E+00   
 9.3856E+02    4.0440E+01    4.0214E+01    2.2194E+01    2.5370E+01    2.8379E+01    4.8314E+01    3.5171E+01    2.7846E+01    7.0250E+00    7.0468E+00    3.0692E+00    7.3155E+00   
 9.3909E+02    4.0440E+01    4.0229E+01    2.2248E+01    2.5324E+01    2.8390E+01    4.8314E+01    3.5142E+01    2.7812E+01    7.0046E+00    7.0265E+00    3.1201E+00    7.3443E+00   
 9.3961E+02    4.0422E+01    4.0236E+01    2.2215E+01    2.5229E+01    2.8409E+01    4.8285E+01    3.5104E+01    2.7797E+01    7.0046E+00    7.0061E+00    3.1201E+00    7.3443E+00   
 9.4014E+02    4.0397E+01    4.0243E+01    2.2321E+01    2.5229E+01    2.8409E+01    4.8295E+01    3.5104E+01    2.7758E+01    6.9842E+00    6.9858E+00    3.0997E+00    7.3443E+00   
 9.4066E+02    4.0397E+01    4.0233E+01    2.2264E+01    2.5196E+01    2.8430E+01    4.8272E+01    3.5039E+01    2.7735E+01    6.9638E+00    6.9858E+00    6.2204E+00    7.3155E+00   
 9.4118E+02    4.0391E+01    4.0236E+01    2.2362E+01    2.5138E+01    2.8460E+01    4.8277E+01    3.4995E+01    2.7708E+01    6.9638E+00    6.9858E+00    6.1542E+00    7.3729E+00   
 9.4171E+02    4.0360E+01    4.0237E+01    2.2362E+01    2.5074E+01    2.8479E+01    4.8253E+01    3.4942E+01    2.7708E+01    6.9434E+00    6.9654E+00    6.1593E+00    7.3729E+00   
 9.4223E+02    4.0325E+01    4.0222E+01    2.2357E+01    2.5021E+01    2.8502E+01    4.8253E+01    3.4916E+01    2.7684E+01    6.9434E+00    6.9450E+00    6.2000E+00    7.3443E+00   
# Time (s)      T1w (C)       T2w (C)       T1a (C)       T2a (C)       T1r (C)       T2r (C)       T3r (C)       T4r (C)       P1 (bar)      P2 (bar)      Ic (amp)      Qc (l/min)    
 9.4276E+02    4.0314E+01    4.0226E+01    2.2210E+01    2.4978E+01    2.8523E+01    4.8236E+01    3.4871E+01    2.7640E+01    6.5965E+00    8.2277E+00    4.5404E+00    7.3443E+00   
 9.4328E+02    4.0297E+01    4.0212E+01    2.2232E+01    2.4963E+01    2.8508E+01    4.8349E+01    3.4856E+01    2.7612E+01    6.4741E+00    8.8792E+00    5.1666E+00    7.3155E+00   
 9.4380E+02    4.0297E+01    4.0208E+01    2.2310E+01    2.4921E+01    2.8962E+01    4.8722E+01    3.4791E+01    2.7165E+01    6.3721E+00    9.6529E+00    5.3753E+00    7.3443E+00   
 9.4433E+02    4.0274E+01    4.0174E+01    2.2113E+01    2.4833E+01    2.9250E+01    4.9029E+01    3.4320E+01    2.6505E+01    6.2905E+00    1.0406E+01    5.3753E+00    7.3155E+00   
 9.4485E+02    4.0269E+01    4.0192E+01    2.2113E+01    2.4660E+01    2.9099E+01    4.9014E+01    3.4222E+01    2.6489E+01    6.1884E+00    1.0997E+01    5.5077E+00    7.3155E+00   
 9.4538E+02    4.0239E+01    4.0192E+01    2.2227E+01    2.4478E+01    2.8550E+01    4.9407E+01    3.4810E+01    2.5906E+01    6.1272E+00    1.1363E+01    5.6961E+00    7.3155E+00   
 9.4590E+02    4.0234E+01    4.0250E+01    2.2145E+01    2.4331E+01    2.7323E+01    4.9900E+01    3.5203E+01    2.5444E+01    6.0048E+00    1.1607E+01    5.7368E+00    7.3443E+00   
 9.4642E+02    4.0216E+01    4.0275E+01    2.2081E+01    2.4139E+01    2.4362E+01    5.0390E+01    3.5203E+01    2.5030E+01    5.8620E+00    1.1791E+01    5.6553E+00    7.3155E+00   
 9.4695E+02    4.0216E+01    4.0354E+01    2.2044E+01    2.4139E+01    2.4346E+01    5.0867E+01    3.5515E+01    2.4714E+01    5.8212E+00    1.1933E+01    5.6655E+00    7.4015E+00   
 9.4747E+02    4.0212E+01    4.0555E+01    2.2178E+01    2.3937E+01    2.2974E+01    5.1358E+01    3.5650E+01    2.4434E+01    5.8212E+00    1.2198E+01    5.7521E+00    7.3155E+00   
 9.4800E+02    4.0231E+01    4.0881E+01    2.2178E+01    2.3763E+01    2.2303E+01    5.1816E+01    3.5662E+01    2.4419E+01    5.8008E+00    1.2279E+01    5.7011E+00    7.3443E+00   
 9.4853E+02    4.0233E+01    4.0881E+01    2.2183E+01    2.3644E+01    2.1925E+01    5.1816E+01    3.5642E+01    2.4163E+01    5.7600E+00    1.2422E+01    5.7317E+00    7.3443E+00   
 9.4905E+02    4.0251E+01    4.1304E+01    2.1909E+01    2.3446E+01    2.1623E+01    5.2248E+01    3.5454E+01    2.3940E+01    5.7191E+00    1.2585E+01    5.8335E+00    7.3443E+00   
 9.4958E+02    4.0230E+01    4.1740E+01    2.2121E+01    2.3289E+01    2.1396E+01    5.2628E+01    3.5454E+01    2.3702E+01    5.7191E+00    1.2707E+01    5.7521E+00    7.3443E+00   
 9.5010E+02    4.0215E+01    4.2176E+01    2.2479E+01    2.3274E+01    2.1380E+01    5.2972E+01    3.5039E+01    2.3468E+01    5.6783E+00    1.2748E+01    5.8081E+00    7.3443E+00   
 9.5063E+02    4.0214E+01    4.2579E+01    2.2480E+01    2.3164E+01    2.1145E+01    5.3311E+01    3.4532E+01    2.3230E+01    5.6579E+00    1.2849E+01    5.9557E+00    7.3729E+00   
 9.5115E+02    4.0202E+01    4.3027E+01    2.2480E+01    2.3035E+01    2.0957E+01    5.3326E+01    3.3998E+01    2.3246E+01    5.6375E+00    1.2972E+01    5.9659E+00    7.3155E+00   
 9.5167E+02    4.0151E+01    4.3027E+01    2.2513E+01    2.2909E+01    2.0753E+01    5.3622E+01    3.3469E+01    2.3012E+01    5.6171E+00    1.3053E+01    5.8335E+00    7.3155E+00   
 9.5220E+02    4.0134E+01    4.3486E+01    2.2319E+01    2.2698E+01    2.0505E+01    5.3909E+01    3.2943E+01    2.2759E+01    5.5763E+00    1.3175E+01    5.9404E+00    7.3155E+00   
 9.5272E+02    4.0102E+01    4.3952E+01    2.2168E+01    2.2552E+01    2.0306E+01    5.4180E+01    3.2943E+01    2.2525E+01    5.5559E+00    1.3277E+01    5.9455E+00    7.3443E+00   
 9.5325E+02    4.0087E+01    4.4387E+01    2.2277E+01    2.2537E+01    2.0290E+01    5.4434E+01    3.2452E+01    2.2291E+01    5.4947E+00    1.3257E+01    5.9659E+00    7.3729E+00   
 9.5378E+02    4.0047E+01    4.4796E+01    2.2327E+01    2.2431E+01    2.0033E+01    5.4698E+01    3.2026E+01    2.2079E+01    5.4335E+00    1.3399E+01    5.9150E+00    7.3443E+00   
 9.5430E+02    4.0023E+01    4.5166E+01    2.2311E+01    2.2198E+01    1.9758E+01    5.4938E+01    3.1658E+01    2.2095E+01    5.3927E+00    1.3440E+01    5.9099E+00    7.3443E+00   
 9.5483E+02    4.0017E+01    4.5166E+01    2.2432E+01    2.2056E+01    1.9509E+01    5.4938E+01    3.1337E+01    2.1895E+01    5.3927E+00    1.3440E+01    6.0371E+00    7.3729E+00   
 9.5535E+02    4.0019E+01    4.5503E+01    2.2366E+01    2.1941E+01    1.9331E+01    5.5189E+01    3.1049E+01    2.1704E+01    5.3723E+00    1.3521E+01    6.0473E+00    7.3155E+00   
 9.5588E+02    4.0007E+01    4.5798E+01    2.2481E+01    2.1798E+01    1.9133E+01    5.5438E+01    3.1049E+01    2.1511E+01    5.3519E+00    1.3562E+01    5.8895E+00    7.3155E+00   
 9.5640E+02    4.0007E+01    4.6127E+01    2.2134E+01    2.1798E+01    1.9149E+01    5.5673E+01    3.0831E+01    2.1336E+01    5.3315E+00    1.3562E+01    5.8946E+00    7.3443E+00   
 9.5692E+02    4.0011E+01    4.6365E+01    2.1979E+01    2.1696E+01    1.8990E+01    5.5920E+01    3.0645E+01    2.1176E+01    5.3315E+00    1.3664E+01    5.9150E+00    7.3443E+00   
 9.5745E+02    4.0002E+01    4.6609E+01    2.1888E+01    2.1538E+01    1.8845E+01    5.6142E+01    3.0474E+01    2.1006E+01    5.3111E+00    1.3643E+01    6.0931E+00    7.3443E+00   
 9.5797E+02    4.0009E+01    4.6624E+01    2.1904E+01    2.1466E+01    1.8702E+01    5.6142E+01    3.0337E+01    2.1006E+01    5.2906E+00    1.3786E+01    6.0677E+00    7.3443E+00   
# Time (s)      T1w (C)       T2w (C)       T1a (C)       T2a (C)       T1r (C)       T2r (C)       T3r (C)       T4r (C)       P1 (bar)      P2 (bar)      Ic (amp)      Qc (l/min)    
 9.5850E+02    3.9990E+01    4.6868E+01    2.1900E+01    2.1364E+01    1.8540E+01    5.6349E+01    3.0227E+01    2.0840E+01    5.2702E+00    1.3806E+01    5.9201E+00    7.3443E+00   
 9.5903E+02    3.9996E+01    4.7060E+01    2.2126E+01    2.1213E+01    1.8381E+01    5.6549E+01    3.0212E+01    2.0663E+01    5.2498E+00    1.3786E+01    5.9251E+00    7.3443E+00   
 9.5955E+02    3.9996E+01    4.7230E+01    2.2024E+01    2.1213E+01    1.8381E+01    5.6727E+01    3.0128E+01    2.0482E+01    5.2498E+00    1.3827E+01    5.9353E+00    7.3443E+00   
 9.6008E+02    3.9973E+01    4.7380E+01    2.1731E+01    2.1098E+01    1.8216E+01    5.6920E+01    3.0045E+01    2.0326E+01    5.2294E+00    1.3908E+01    6.0270E+00    7.3729E+00   
 9.6060E+02    3.9951E+01    4.7529E+01    2.1636E+01    2.1084E+01    1.8081E+01    5.7098E+01    2.9981E+01    2.0169E+01    5.2090E+00    1.3929E+01    6.1339E+00    7.3155E+00   
 9.6112E+02    3.9964E+01    4.7544E+01    2.1652E+01    2.0919E+01    1.7964E+01    5.7098E+01    2.9947E+01    2.0169E+01    5.2090E+00    1.3990E+01    5.9557E+00    7.3729E+00   
 9.6165E+02    3.9959E+01    4.7736E+01    2.1502E+01    2.0852E+01    1.7827E+01    5.7260E+01    2.9898E+01    2.0020E+01    5.1886E+00    1.3969E+01    6.1440E+00    7.3729E+00   
 9.6217E+02    3.9931E+01    4.7846E+01    2.1469E+01    2.0701E+01    1.7703E+01    5.7430E+01    2.9866E+01    1.9864E+01    5.1886E+00    1.4112E+01    6.1440E+00    7.3155E+00   
 9.6270E+02    3.9931E+01    4.7985E+01    2.1492E+01    2.0701E+01    1.7703E+01    5.7591E+01    2.9866E+01    1.9719E+01    5.1682E+00    1.4112E+01    6.1542E+00    7.3155E+00   
 9.6322E+02    3.9926E+01    4.8094E+01    2.1713E+01    2.0664E+01    1.7627E+01    5.7773E+01    2.9863E+01    1.9580E+01    5.1682E+00    1.4152E+01    6.1135E+00    7.3729E+00   
 9.6375E+02    3.9928E+01    4.8230E+01    2.1949E+01    2.0685E+01    1.7523E+01    5.7924E+01    2.9824E+01    1.9445E+01    5.1478E+00    1.4132E+01    6.0270E+00    7.4015E+00   
 9.6428E+02    3.9892E+01    4.8215E+01    2.1933E+01    2.0482E+01    1.7389E+01    5.7924E+01    2.9821E+01    1.9445E+01    5.1274E+00    1.4091E+01    6.1033E+00    7.3729E+00   
 9.6480E+02    3.9912E+01    4.8340E+01    2.1910E+01    2.0436E+01    1.7260E+01    5.8072E+01    2.9816E+01    1.9301E+01    5.1070E+00    1.4152E+01    6.1084E+00    7.3443E+00   
 9.6532E+02    3.9900E+01    4.8450E+01    2.1896E+01    2.0248E+01    1.7129E+01    5.8226E+01    2.9797E+01    1.9158E+01    5.0866E+00    1.4132E+01    5.9811E+00    7.3443E+00   
 9.6585E+02    3.9900E+01    4.8532E+01    2.2389E+01    2.0248E+01    1.7129E+01    5.8379E+01    2.9797E+01    1.9010E+01    5.0662E+00    1.4254E+01    5.9913E+00    7.3443E+00   
 9.6637E+02    3.9873E+01    4.8623E+01    2.2293E+01    2.0220E+01    1.7016E+01    5.8493E+01    2.9814E+01    1.8904E+01    5.0458E+00    1.4275E+01    6.0473E+00    7.3443E+00   
 9.6690E+02    3.9833E+01    4.8716E+01    2.2119E+01    2.0053E+01    1.6865E+01    5.8612E+01    2.9818E+01    1.8757E+01    5.0254E+00    1.4193E+01    6.1644E+00    7.3443E+00   
 9.6742E+02    3.9803E+01    4.8731E+01    2.2135E+01    2.0027E+01    1.6738E+01    5.8612E+01    2.9852E+01    1.8757E+01    5.0254E+00    1.4254E+01    6.1186E+00    7.3155E+00   
 9.6795E+02    3.9757E+01    4.8834E+01    2.2173E+01    2.0094E+01    1.6621E+01    5.8731E+01    2.9891E+01    1.8641E+01    5.0050E+00    1.4295E+01    5.9862E+00    7.3729E+00   
 9.6847E+02    3.9736E+01    4.8921E+01    2.2042E+01    2.0043E+01    1.6478E+01    5.8876E+01    2.9891E+01    1.8529E+01    5.0050E+00    1.4295E+01    6.0575E+00    7.3443E+00   
 9.6900E+02    3.9736E+01    4.9003E+01    2.2165E+01    2.0043E+01    1.6478E+01    5.8994E+01    2.9938E+01    1.8407E+01    4.9642E+00    1.4254E+01    6.1440E+00    7.3443E+00   
 9.6952E+02    3.9713E+01    4.9065E+01    2.2282E+01    1.9941E+01    1.6357E+01    5.9141E+01    3.0033E+01    1.8327E+01    4.9642E+00    1.4275E+01    6.1644E+00    7.3443E+00   
 9.7005E+02    3.9698E+01    4.9136E+01    2.2483E+01    1.9825E+01    1.6226E+01    5.9242E+01    3.0130E+01    1.8183E+01    4.9642E+00    1.4397E+01    6.1593E+00    7.3729E+00   
 9.7057E+02    3.9694E+01    4.9151E+01    2.2483E+01    1.9791E+01    1.6123E+01    5.9242E+01    3.0307E+01    1.8183E+01    4.9642E+00    1.4356E+01    6.0015E+00    7.3729E+00   
 9.7110E+02    3.9704E+01    4.9242E+01    2.2673E+01    1.9810E+01    1.6019E+01    5.9374E+01    3.0517E+01    1.8089E+01    4.9438E+00    1.4336E+01    6.0015E+00    7.3443E+00   
 9.7162E+02    3.9712E+01    4.9299E+01    2.2698E+01    1.9581E+01    1.5891E+01    5.9490E+01    3.0763E+01    1.7992E+01    4.9234E+00    1.4397E+01    6.1950E+00    7.3729E+00   
 9.7215E+02    3.9727E+01    4.9354E+01    2.2458E+01    1.9597E+01    1.5891E+01    5.9612E+01    3.0763E+01    1.7930E+01    4.8826E+00    1.4376E+01    6.1237E+00    7.3443E+00   
 9.7267E+02    3.9750E+01    4.9417E+01    2.2130E+01    1.9693E+01    1.5735E+01    5.9700E+01    3.1041E+01    1.7851E+01    4.8622E+00    1.4356E+01    5.9862E+00    7.3443E+00   
 9.7320E+02    3.9753E+01    4.9465E+01    2.1916E+01    1.9560E+01    1.5588E+01    5.9826E+01    3.1381E+01    1.7786E+01    4.8417E+00    1.4438E+01    5.9862E+00    7.4015E+00   
 9.7372E+02    3.9770E+01    4.9465E+01    2.1916E+01    1.9529E+01    1.5448E+01    5.9826E+01    3.1753E+01    1.7786E+01    4.8213E+00    1.4458E+01    6.1797E+00    7.3155E+00   
# Time (s)      T1w (C)       T2w (C)       T1a (C)       T2a (C)       T1r (C)       T2r (C)       T3r (C)       T4r (C)       P1 (bar)      P2 (bar)      Ic (amp)      Qc (l/min)    
 9.7424E+02    3.9754E+01    4.9507E+01    2.1748E+01    1.9418E+01    1.5337E+01    5.9934E+01    3.2186E+01    1.7771E+01    4.8213E+00    1.4376E+01    6.1797E+00    7.3443E+00   
 9.7477E+02    3.9768E+01    4.9574E+01    2.1633E+01    1.9350E+01    1.5320E+01    6.0049E+01    3.2608E+01    1.7727E+01    4.8213E+00    1.4376E+01    5.9913E+00    7.3443E+00   
 9.7530E+02    3.9768E+01    4.9592E+01    2.1672E+01    1.9350E+01    1.5320E+01    6.0149E+01    3.2608E+01    1.7688E+01    4.8213E+00    1.4458E+01    6.0219E+00    7.3729E+00   
 9.7583E+02    3.9766E+01    4.9647E+01    2.1760E+01    1.9272E+01    1.5278E+01    6.0242E+01    3.3093E+01    1.7644E+01    4.8213E+00    1.4356E+01    6.0219E+00    7.3443E+00   
 9.7635E+02    3.9752E+01    4.9649E+01    2.1771E+01    1.9312E+01    1.5253E+01    6.0318E+01    3.3574E+01    1.7581E+01    4.8213E+00    1.4397E+01    6.1593E+00    7.3155E+00   
 9.7688E+02    3.9773E+01    4.9649E+01    2.1771E+01    1.9181E+01    1.5243E+01    6.0318E+01    3.4082E+01    1.7581E+01    4.8009E+00    1.4438E+01    6.0015E+00    7.4015E+00   
 9.7740E+02    3.9778E+01    4.9692E+01    2.1655E+01    1.9120E+01    1.5153E+01    6.0385E+01    3.4570E+01    1.7532E+01    4.8213E+00    1.4438E+01    6.1339E+00    7.3729E+00   
 9.7792E+02    3.9775E+01    4.9707E+01    2.1519E+01    1.9160E+01    1.5117E+01    6.0460E+01    3.5081E+01    1.7484E+01    4.8213E+00    1.4438E+01    6.1491E+00    7.2866E+00   
 9.7845E+02    3.9760E+01    4.9717E+01    2.1495E+01    1.9144E+01    1.5101E+01    6.0539E+01    3.5065E+01    1.7432E+01    4.8009E+00    1.4478E+01    6.1542E+00    7.3729E+00   
 9.7897E+02    3.9756E+01    4.9744E+01    2.1401E+01    1.9036E+01    1.5038E+01    6.0623E+01    3.5566E+01    1.7402E+01    4.8009E+00    1.4519E+01    6.1390E+00    7.3443E+00   
 9.7950E+02    3.9742E+01    4.9761E+01    2.1146E+01    1.9047E+01    1.4951E+01    6.0700E+01    3.6030E+01    1.7348E+01    4.8009E+00    1.4417E+01    6.0168E+00    7.3729E+00   
 9.8002E+02    3.9734E+01    4.9801E+01    2.1146E+01    1.9011E+01    1.4885E+01    6.0700E+01    3.6490E+01    1.7348E+01    4.8009E+00    1.4580E+01    6.1033E+00    7.3729E+00   
 9.8055E+02    3.9721E+01    4.9801E+01    2.1170E+01    1.9073E+01    1.4836E+01    6.0778E+01    3.6962E+01    1.7300E+01    4.8009E+00    1.4499E+01    6.2102E+00    7.3443E+00   
 9.8107E+02    3.9697E+01    4.9826E+01    2.1385E+01    1.8850E+01    1.4771E+01    6.0832E+01    3.7400E+01    1.7265E+01    4.8009E+00    1.4519E+01    6.0677E+00    7.3443E+00   
 9.8160E+02    3.9697E+01    4.9870E+01    2.1560E+01    1.8850E+01    1.4755E+01    6.0878E+01    3.7385E+01    1.7220E+01    4.7805E+00    1.4539E+01    6.0168E+00    7.3729E+00   
 9.8212E+02    3.9688E+01    4.9885E+01    2.1494E+01    1.8923E+01    1.4718E+01    6.0952E+01    3.7811E+01    1.7180E+01    4.7805E+00    1.4560E+01    6.0677E+00    7.3443E+00   
 9.8265E+02    3.9675E+01    4.9919E+01    2.1498E+01    1.8913E+01    1.4683E+01    6.1042E+01    3.8203E+01    1.7160E+01    4.7805E+00    1.4580E+01    6.0575E+00    7.4015E+00   
 9.8317E+02    3.9665E+01    4.9919E+01    2.1498E+01    1.8955E+01    1.4682E+01    6.1042E+01    3.8605E+01    1.7160E+01    4.7601E+00    1.4499E+01    6.1288E+00    7.3155E+00   
 9.8370E+02    3.9633E+01    4.9948E+01    2.1684E+01    1.8894E+01    1.4657E+01    6.1103E+01    3.8959E+01    1.7122E+01    4.7601E+00    1.4641E+01    6.0270E+00    7.3443E+00   
 9.8422E+02    3.9668E+01    4.9999E+01    2.1824E+01    1.8802E+01    1.4648E+01    6.1157E+01    3.9290E+01    1.7077E+01    4.7397E+00    1.4560E+01    6.0219E+00    7.3729E+00   
 9.8475E+02    3.9668E+01    5.0012E+01    2.1751E+01    1.8802E+01    1.4648E+01    6.1208E+01    3.9290E+01    1.7070E+01    4.7397E+00    1.4641E+01    6.0321E+00    7.3729E+00   
 9.8528E+02    3.9653E+01    5.0037E+01    2.1889E+01    1.8800E+01    1.4566E+01    6.1290E+01    3.9607E+01    1.7047E+01    4.7397E+00    1.4641E+01    6.1695E+00    7.3155E+00   
 9.8580E+02    3.9655E+01    5.0069E+01    2.1861E+01    1.8811E+01    1.4558E+01    6.1372E+01    3.9921E+01    1.7017E+01    4.7397E+00    1.4600E+01    6.2102E+00    7.3155E+00   
 9.8633E+02    3.9642E+01    5.0094E+01    2.1861E+01    1.8919E+01    1.4516E+01    6.1343E+01    4.0199E+01    1.6985E+01    4.7397E+00    1.4661E+01    6.0982E+00    7.3729E+00   
 9.8685E+02    3.9639E+01    5.0094E+01    2.2070E+01    1.8899E+01    1.4498E+01    6.1390E+01    4.0466E+01    1.6974E+01    4.7397E+00    1.4661E+01    6.0270E+00    7.3155E+00   
 9.8738E+02    3.9646E+01    5.0117E+01    2.2053E+01    1.8733E+01    1.4509E+01    6.1444E+01    4.0709E+01    1.6926E+01    4.7397E+00    1.4621E+01    6.1899E+00    7.3155E+00   
 9.8790E+02    3.9646E+01    5.0139E+01    2.2013E+01    1.8733E+01    1.4509E+01    6.1499E+01    4.0709E+01    1.6891E+01    4.7397E+00    1.4580E+01    6.0728E+00    7.4015E+00   
 9.8843E+02    3.9629E+01    5.0169E+01    2.1921E+01    1.8675E+01    1.4483E+01    6.1537E+01    4.0940E+01    1.6838E+01    5.3519E+00    1.4112E+01    4.2707E-01    7.3729E+00   
 9.8895E+02    3.9613E+01    5.0167E+01    2.1841E+01    1.8735E+01    1.4643E+01    6.1489E+01    4.1109E+01    1.6754E+01    5.3927E+00    1.3806E+01    8.0896E-02    7.3729E+00   
 9.8948E+02    3.9610E+01    5.0188E+01    2.1841E+01    1.8580E+01    1.5818E+01    6.1489E+01    4.1100E+01    1.6754E+01    5.3723E+00    1.3562E+01    5.0351E-02    7.3729E+00   
# Time (s)      T1w (C)       T2w (C)       T1a (C)       T2a (C)       T1r (C)       T2r (C)       T3r (C)       T4r (C)       P1 (bar)      P2 (bar)      Ic (amp)      Qc (l/min)    
 9.9000E+02    3.9598E+01    5.0188E+01    2.1516E+01    1.8779E+01    1.6112E+01    6.1401E+01    4.1048E+01    1.6753E+01    5.3723E+00    1.3338E+01    4.0170E-02    7.3729E+00   
 9.9053E+02    3.9607E+01    5.0171E+01    2.1366E+01    1.8757E+01    1.6304E+01    6.1338E+01    4.1004E+01    1.6802E+01    5.3927E+00    1.3114E+01    4.0170E-02    7.4015E+00   
 9.9106E+02    3.9601E+01    5.0015E+01    2.1201E+01    1.8757E+01    1.6425E+01    6.1259E+01    4.1004E+01    1.6847E+01    5.4131E+00    1.2911E+01    4.0170E-02    7.4015E+00   
 9.9158E+02    3.9601E+01    4.9772E+01    2.1123E+01    1.8852E+01    1.6441E+01    6.1190E+01    4.0970E+01    1.6936E+01    5.4131E+00    1.2748E+01    4.0170E-02    7.4299E+00   
 9.9211E+02    3.9583E+01    4.9463E+01    2.1129E+01    1.8967E+01    1.6563E+01    6.1133E+01    4.0911E+01    1.6986E+01    5.4335E+00    1.2585E+01    4.0170E-02    7.3729E+00   
 9.9263E+02    3.9599E+01    4.9113E+01    2.1144E+01    1.8997E+01    1.6664E+01    6.1050E+01    4.0860E+01    1.6986E+01    5.4335E+00    1.2442E+01    4.0170E-02    7.3729E+00   
 9.9316E+02    3.9586E+01    4.9113E+01    2.1131E+01    1.9103E+01    1.6734E+01    6.1050E+01    4.0838E+01    1.7055E+01    5.4539E+00    1.2300E+01    4.0170E-02    7.3729E+00   
 9.9368E+02    3.9560E+01    4.8732E+01    2.1192E+01    1.9047E+01    1.6821E+01    6.0969E+01    4.0792E+01    1.7125E+01    5.4539E+00    1.2178E+01    4.0170E-02    7.4299E+00   
 9.9421E+02    3.9592E+01    4.8352E+01    2.1249E+01    1.9082E+01    1.6851E+01    6.0911E+01    4.0807E+01    1.7180E+01    5.4743E+00    1.2076E+01    4.0170E-02    7.3729E+00   
 9.9473E+02    3.9607E+01    4.7963E+01    2.1353E+01    1.9098E+01    1.6867E+01    6.0821E+01    4.0779E+01    1.7252E+01    5.4743E+00    1.1974E+01    4.0170E-02    7.3729E+00   
 9.9526E+02    3.9588E+01    4.7587E+01    2.1328E+01    1.9024E+01    1.6940E+01    6.0768E+01    4.0742E+01    1.7306E+01    5.4743E+00    1.1893E+01    4.0170E-02    7.3443E+00   
 9.9579E+02    3.9603E+01    4.7171E+01    2.1269E+01    1.9264E+01    1.6975E+01    6.0692E+01    4.0718E+01    1.7306E+01    5.4743E+00    1.2116E+01    4.0170E-02    7.3729E+00   
 9.9631E+02    3.9600E+01    4.7171E+01    2.1269E+01    1.9266E+01    1.7068E+01    6.0706E+01    4.0705E+01    1.7368E+01    5.4947E+00    1.2055E+01    4.0170E-02    7.3729E+00   
 9.9684E+02    3.9613E+01    4.6740E+01    2.1278E+01    1.9375E+01    1.7106E+01    6.0639E+01    4.0668E+01    1.7409E+01    5.4947E+00    1.1954E+01    4.0170E-02    7.4015E+00   
 9.9736E+02    3.9649E+01    4.6321E+01    2.1320E+01    1.9483E+01    1.7177E+01    6.0587E+01    4.0683E+01    1.7446E+01    5.4947E+00    1.1852E+01    4.0170E-02    7.4015E+00   
 9.9789E+02    3.9649E+01    4.5900E+01    2.1365E+01    1.9483E+01    1.7177E+01    6.0532E+01    4.0679E+01    1.7486E+01    5.5151E+00    1.1770E+01    4.0170E-02    7.3443E+00   
 9.9841E+02    3.9653E+01    4.5602E+01    2.1347E+01    1.9356E+01    1.7206E+01    6.0459E+01    4.0651E+01    1.7515E+01    5.5151E+00    1.1689E+01    4.0170E-02    7.3443E+00   
 9.9894E+02    3.9672E+01    4.5349E+01    2.1351E+01    1.9254E+01    1.7257E+01    6.0401E+01    4.0633E+01    1.7555E+01    5.5151E+00    1.1607E+01    4.0170E-02    7.3729E+00   
 9.9946E+02    3.9678E+01    4.5364E+01    2.1366E+01    1.9322E+01    1.7277E+01    6.0401E+01    4.0621E+01    1.7555E+01    5.5151E+00    1.1546E+01    4.0170E-02    7.3729E+00   
 9.9999E+02    3.9691E+01    4.5105E+01    2.1386E+01    1.9421E+01    1.7314E+01    6.0336E+01    4.0609E+01    1.7569E+01    5.5151E+00    1.1465E+01    4.0170E-02    7.3729E+00   
 1.0005E+03    3.9691E+01    4.4860E+01    2.1387E+01    1.9381E+01    1.7325E+01    6.0256E+01    4.0603E+01    1.7598E+01    5.5151E+00    1.1424E+01    4.0170E-02    7.3729E+00   
 1.0010E+03    3.9691E+01    4.4570E+01    2.1418E+01    1.9381E+01    1.7325E+01    6.0207E+01    4.0603E+01    1.7644E+01    5.5355E+00    1.1363E+01    4.0170E-02    7.3729E+00   
 1.0016E+03    3.9717E+01    4.4341E+01    2.1459E+01    1.9424E+01    1.7373E+01    6.0145E+01    4.0565E+01    1.7664E+01    5.5355E+00    1.1322E+01    4.0170E-02    7.3443E+00   
 1.0021E+03    3.9735E+01    4.4119E+01    2.1448E+01    1.9520E+01    1.7411E+01    6.0083E+01    4.0559E+01    1.7664E+01    5.5355E+00    1.1282E+01    4.0170E-02    7.4015E+00   
 1.0026E+03    3.9731E+01    4.4119E+01    2.1448E+01    1.9622E+01    1.7423E+01    6.0083E+01    4.0533E+01    1.7690E+01    5.5355E+00    1.1221E+01    4.0170E-02    7.3443E+00   
 1.0031E+03    3.9727E+01    4.3933E+01    2.1490E+01    1.9689E+01    1.7447E+01    6.0029E+01    4.0516E+01    1.7700E+01    5.5355E+00    1.1180E+01    4.0170E-02    7.3729E+00   
 1.0037E+03    3.9733E+01    4.3760E+01    2.1502E+01    1.9750E+01    1.7463E+01    5.9965E+01    4.0499E+01    1.7738E+01    5.5559E+00    1.1160E+01    4.0170E-02    7.4015E+00   
 1.0042E+03    3.9733E+01    4.3559E+01    2.1525E+01    1.9750E+01    1.7463E+01    5.9891E+01    4.0499E+01    1.7755E+01    5.5559E+00    1.1119E+01    4.0170E-02    7.4015E+00   
 1.0047E+03    3.9744E+01    4.3369E+01    2.1498E+01    1.9785E+01    1.7485E+01    5.9812E+01    4.0483E+01    1.7770E+01    5.5559E+00    1.1078E+01    4.0170E-02    7.4015E+00   
 1.0052E+03    3.9763E+01    4.3181E+01    2.1452E+01    1.9850E+01    1.7526E+01    5.9775E+01    4.0476E+01    1.7794E+01    5.5559E+00    1.1037E+01    4.0170E-02    7.3729E+00   
# Time (s)      T1w (C)       T2w (C)       T1a (C)       T2a (C)       T1r (C)       T2r (C)       T3r (C)       T4r (C)       P1 (bar)      P2 (bar)      Ic (amp)      Qc (l/min)    
 1.0058E+03    3.9769E+01    4.3181E+01    2.1452E+01    1.9869E+01    1.7531E+01    5.9775E+01    4.0442E+01    1.7794E+01    5.5559E+00    1.1017E+01    4.0170E-02    7.4015E+00   
 1.0063E+03    3.9769E+01    4.3020E+01    2.1436E+01    2.0051E+01    1.7557E+01    5.9698E+01    4.0433E+01    1.7802E+01    5.5559E+00    1.0976E+01    4.0170E-02    7.3443E+00   
 1.0068E+03    3.9770E+01    4.2837E+01    2.1415E+01    2.0102E+01    1.7566E+01    5.9635E+01    4.0434E+01    1.7824E+01    5.5763E+00    1.0956E+01    4.0170E-02    7.3443E+00   
 1.0074E+03    3.9770E+01    4.2676E+01    2.1396E+01    2.0102E+01    1.7566E+01    5.9565E+01    4.0434E+01    1.7837E+01    5.5559E+00    1.0936E+01    4.0170E-02    7.2866E+00   
 1.0079E+03    3.9757E+01    4.2547E+01    2.1399E+01    2.0204E+01    1.7581E+01    5.9519E+01    4.0413E+01    1.7863E+01    5.5559E+00    1.0915E+01    4.0170E-02    7.4015E+00   
 1.0084E+03    3.9777E+01    4.2410E+01    2.1362E+01    2.0162E+01    1.7590E+01    5.9457E+01    4.0396E+01    1.7882E+01    5.5763E+00    1.0895E+01    4.0170E-02    7.4015E+00   
 1.0089E+03    3.9780E+01    4.2410E+01    2.1362E+01    2.0355E+01    1.7627E+01    5.9457E+01    4.0374E+01    1.7882E+01    5.5763E+00    1.0854E+01    4.0170E-02    7.4015E+00   
 1.0095E+03    3.9782E+01    4.2305E+01    2.1350E+01    2.0368E+01    1.7644E+01    5.9410E+01    4.0369E+01    1.7911E+01    5.5763E+00    1.0834E+01    4.0170E-02    7.3155E+00   
 1.0100E+03    3.9795E+01    4.2188E+01    2.1346E+01    2.0331E+01    1.7678E+01    5.9329E+01    4.0354E+01    1.7927E+01    5.5763E+00    1.0813E+01    4.0170E-02    7.3443E+00   
 1.0105E+03    3.9795E+01    4.2065E+01    2.1299E+01    2.0331E+01    1.7694E+01    5.9299E+01    4.0369E+01    1.7965E+01    5.5763E+00    1.0813E+01    4.0170E-02    7.3729E+00   
 1.0110E+03    3.9786E+01    4.1955E+01    2.1248E+01    2.0162E+01    1.7687E+01    5.9230E+01    4.0372E+01    1.7967E+01    5.5763E+00    1.0793E+01    4.0170E-02    7.4015E+00   
 1.0116E+03    3.9811E+01    4.1867E+01    2.1237E+01    2.0278E+01    1.7694E+01    5.9193E+01    4.0353E+01    1.7972E+01    5.5763E+00    1.0773E+01    4.0170E-02    7.3729E+00   
 1.0121E+03    3.9819E+01    4.1867E+01    2.1237E+01    2.0273E+01    1.7721E+01    5.9193E+01    4.0313E+01    1.7972E+01    5.5763E+00    1.0793E+01    4.0170E-02    7.3729E+00   
 1.0126E+03    3.9827E+01    4.1789E+01    2.1231E+01    2.0345E+01    1.7735E+01    5.9124E+01    4.0326E+01    1.8013E+01    5.5763E+00    1.0793E+01    4.0170E-02    7.3443E+00   
 1.0131E+03    3.9837E+01    4.1711E+01    2.1253E+01    2.0356E+01    1.7754E+01    5.9074E+01    4.0305E+01    1.8010E+01    5.5763E+00    1.0773E+01    4.0170E-02    7.3729E+00   
 1.0137E+03    3.9837E+01    4.1626E+01    2.1251E+01    2.0356E+01    1.7738E+01    5.8989E+01    4.0290E+01    1.8021E+01    5.5763E+00    1.0752E+01    4.0170E-02    7.3443E+00   
 1.0142E+03    3.9826E+01    4.1577E+01    2.1234E+01    2.0307E+01    1.7764E+01    5.8913E+01    4.0278E+01    1.8022E+01    5.5763E+00    1.0732E+01    4.0170E-02    7.3443E+00   
 1.0147E+03    3.9814E+01    4.1504E+01    2.1234E+01    2.0402E+01    1.7755E+01    5.8863E+01    4.0269E+01    1.8034E+01    5.5967E+00    1.0732E+01    3.5079E-02    7.3155E+00   
 1.0152E+03    3.9823E+01    4.1451E+01    2.1234E+01    2.0533E+01    1.7776E+01    5.8863E+01    4.0244E+01    1.8034E+01    5.5967E+00    1.0712E+01    4.0170E-02    7.3729E+00   
 1.0158E+03    3.9807E+01    4.1436E+01    2.1204E+01    2.0590E+01    1.7809E+01    5.8826E+01    4.0233E+01    1.8054E+01    5.5967E+00    1.0691E+01    4.0170E-02    7.3443E+00   
 1.0163E+03    3.9803E+01    4.1375E+01    2.1206E+01    2.0562E+01    1.7798E+01    5.8750E+01    4.0216E+01    1.8065E+01    5.5967E+00    1.0671E+01    4.0170E-02    7.3443E+00   
 1.0168E+03    3.9796E+01    4.1344E+01    2.1233E+01    2.0562E+01    1.7798E+01    5.8697E+01    4.0216E+01    1.8082E+01    5.5967E+00    1.0671E+01    4.0170E-02    7.3155E+00   
 1.0173E+03    3.9796E+01    4.1268E+01    2.1231E+01    2.0632E+01    1.7805E+01    5.8637E+01    4.0205E+01    1.8103E+01    5.5967E+00    1.0671E+01    4.0170E-02    7.3729E+00   
 1.0179E+03    3.9816E+01    4.1231E+01    2.1234E+01    2.0692E+01    1.7827E+01    5.8587E+01    4.0195E+01    1.8121E+01    5.5967E+00    1.0651E+01    4.0170E-02    7.3155E+00   
 1.0184E+03    3.9825E+01    4.1176E+01    2.1234E+01    2.0785E+01    1.7832E+01    5.8534E+01    4.0193E+01    1.8121E+01    5.5967E+00    1.0630E+01    4.0170E-02    7.4015E+00   
 1.0189E+03    3.9820E+01    4.1176E+01    2.1201E+01    2.0853E+01    1.7841E+01    5.8534E+01    4.0162E+01    1.8126E+01    5.5967E+00    1.0630E+01    4.0170E-02    7.3729E+00   
 1.0194E+03    3.9848E+01    4.1159E+01    2.1141E+01    2.0970E+01    1.7856E+01    5.8450E+01    4.0133E+01    1.8125E+01    5.5967E+00    1.0610E+01    4.0170E-02    7.3155E+00   
 1.0200E+03    3.9839E+01    4.1114E+01    2.1174E+01    2.0970E+01    1.7859E+01    5.8418E+01    4.0133E+01    1.8139E+01    5.5967E+00    1.0610E+01    4.0170E-02    7.3443E+00   
 1.0205E+03    3.9839E+01    4.1076E+01    2.1170E+01    2.1041E+01    1.7859E+01    5.8356E+01    4.0118E+01    1.8156E+01    5.5967E+00    1.0589E+01    4.0170E-02    7.4015E+00   
 1.0210E+03    3.9847E+01    4.1023E+01    2.1181E+01    2.1070E+01    1.7857E+01    5.8280E+01    4.0100E+01    1.8159E+01    5.5967E+00    1.0589E+01    4.0170E-02    7.3443E+00   
# Time (s)      T1w (C)       T2w (C)       T1a (C)       T2a (C)       T1r (C)       T2r (C)       T3r (C)       T4r (C)       P1 (bar)      P2 (bar)      Ic (amp)      Qc (l/min)    
 1.0215E+03    3.9867E+01    4.0977E+01    2.1181E+01    2.1040E+01    1.7894E+01    5.8233E+01    4.0086E+01    1.8175E+01    5.5967E+00    1.0569E+01    4.0170E-02    7.3729E+00   
 1.0221E+03    3.9875E+01    4.0977E+01    2.1192E+01    2.1070E+01    1.7900E+01    5.8233E+01    4.0072E+01    1.8181E+01    5.5967E+00    1.0569E+01    4.0170E-02    7.4015E+00   
 1.0226E+03    3.9881E+01    4.0931E+01    2.1205E+01    2.1100E+01    1.7881E+01    5.8179E+01    4.0055E+01    1.8197E+01    5.6171E+00    1.0549E+01    4.0170E-02    7.3729E+00   
 1.0231E+03    3.9947E+01    4.0906E+01    2.1184E+01    2.1100E+01    1.7900E+01    5.8119E+01    4.0055E+01    1.8193E+01    5.6171E+00    1.0549E+01    4.0170E-02    7.5145E+00   
 1.0237E+03    3.9947E+01    4.0847E+01    2.1192E+01    2.1240E+01    1.7900E+01    5.8047E+01    4.0039E+01    1.8188E+01    5.6171E+00    1.0528E+01    4.0170E-02    7.3729E+00   
 1.0242E+03    3.9885E+01    4.0813E+01    2.1179E+01    2.1295E+01    1.7903E+01    5.7988E+01    4.0008E+01    1.8206E+01    5.6171E+00    1.0528E+01    4.0170E-02    7.3443E+00   
 1.0247E+03    3.9897E+01    4.0801E+01    2.1195E+01    2.1399E+01    1.7924E+01    5.7937E+01    4.0001E+01    1.8221E+01    5.6171E+00    1.0508E+01    4.0170E-02    7.3443E+00   
 1.0252E+03    3.9895E+01    4.0801E+01    2.1209E+01    2.1394E+01    1.7943E+01    5.7937E+01    3.9974E+01    1.8224E+01    5.6171E+00    1.0508E+01    4.0170E-02    7.3729E+00   
 1.0258E+03    3.9930E+01    4.0777E+01    2.1252E+01    2.1462E+01    1.7951E+01    5.7882E+01    3.9952E+01    1.8237E+01    5.6171E+00    1.0508E+01    4.0170E-02    7.3155E+00   
 1.0263E+03    3.9925E+01    4.0742E+01    2.1261E+01    2.1548E+01    1.7936E+01    5.7824E+01    3.9952E+01    1.8250E+01    5.6171E+00    1.0488E+01    4.0170E-02    7.3443E+00   
 1.0268E+03    3.9940E+01    4.0713E+01    2.1301E+01    2.1564E+01    1.7952E+01    5.7779E+01    3.9937E+01    1.8264E+01    5.6171E+00    1.0488E+01    4.0170E-02    7.3729E+00   
 1.0273E+03    3.9916E+01    4.0705E+01    2.1288E+01    2.1639E+01    1.7959E+01    5.7711E+01    3.9931E+01    1.8288E+01    5.6171E+00    1.0488E+01    4.0170E-02    7.3443E+00   
 1.0279E+03    3.9926E+01    4.0655E+01    2.1295E+01    2.1620E+01    1.7997E+01    5.7662E+01    3.9907E+01    1.8302E+01    5.6171E+00    1.0467E+01    4.0170E-02    7.2866E+00   
 1.0284E+03    3.9926E+01    4.0655E+01    2.1295E+01    2.1601E+01    1.7977E+01    5.7662E+01    3.9885E+01    1.8302E+01    5.6171E+00    1.0467E+01    4.0170E-02    7.4015E+00   
 1.0289E+03    3.9926E+01    4.0645E+01    2.1301E+01    2.1592E+01    1.7991E+01    5.7616E+01    3.9851E+01    1.8283E+01    5.6171E+00    1.0467E+01    4.0170E-02    7.4299E+00   
 1.0294E+03    3.9938E+01    4.0600E+01    2.1283E+01    2.1585E+01    1.7995E+01    5.7540E+01    3.9837E+01    1.8282E+01    5.6171E+00    1.0467E+01    4.0170E-02    7.3443E+00   
 1.0300E+03    3.9938E+01    4.0574E+01    2.1280E+01    2.1585E+01    1.7995E+01    5.7477E+01    3.9837E+01    1.8291E+01    5.6171E+00    1.0447E+01    4.0170E-02    7.4299E+00   
 1.0305E+03    3.9921E+01    4.0550E+01    2.1283E+01    2.1576E+01    1.7994E+01    5.7417E+01    3.9799E+01    1.8300E+01    5.6171E+00    1.0447E+01    4.0170E-02    7.3729E+00   
 1.0310E+03    3.9937E+01    4.0521E+01    2.1282E+01    2.1700E+01    1.8015E+01    5.7370E+01    3.9784E+01    1.8311E+01    5.6171E+00    1.0447E+01    4.0170E-02    7.3729E+00   
 1.0315E+03    3.9933E+01    4.0521E+01    2.1282E+01    2.1687E+01    1.8027E+01    5.7385E+01    3.9763E+01    1.8326E+01    5.6171E+00    1.0447E+01    4.0170E-02    7.3155E+00   
 1.0321E+03    3.9941E+01    4.0511E+01    2.1248E+01    2.1738E+01    1.8027E+01    5.7298E+01    3.9741E+01    1.8338E+01    5.6375E+00    1.0447E+01    4.0170E-02    7.3443E+00   
 1.0326E+03    3.9941E+01    4.0482E+01    2.1235E+01    2.1737E+01    1.8051E+01    5.7279E+01    3.9746E+01    1.8359E+01    5.6375E+00    1.0427E+01    4.0170E-02    7.3155E+00   
 1.0331E+03    3.9941E+01    4.0458E+01    2.1209E+01    2.1737E+01    1.8051E+01    5.7207E+01    3.9746E+01    1.8370E+01    5.6375E+00    1.0427E+01    4.0170E-02    7.3443E+00   
 1.0337E+03    3.9925E+01    4.0434E+01    2.1193E+01    2.1833E+01    1.8049E+01    5.7149E+01    3.9724E+01    1.8382E+01    5.6375E+00    1.0427E+01    4.0170E-02    7.4299E+00   
 1.0342E+03    3.9934E+01    4.0416E+01    2.1173E+01    2.1697E+01    1.8063E+01    5.7094E+01    3.9689E+01    1.8383E+01    5.6375E+00    1.0427E+01    4.0170E-02    7.3729E+00   
 1.0347E+03    3.9917E+01    4.0408E+01    2.1173E+01    2.1766E+01    1.8084E+01    5.7108E+01    3.9683E+01    1.8399E+01    5.6171E+00    1.0427E+01    4.0170E-02    7.3155E+00   
 1.0352E+03    3.9902E+01    4.0408E+01    2.1151E+01    2.1896E+01    1.8075E+01    5.7061E+01    3.9669E+01    1.8410E+01    5.6375E+00    1.0427E+01    4.0170E-02    7.3729E+00   
 1.0358E+03    3.9900E+01    4.0390E+01    2.1101E+01    2.1814E+01    1.8081E+01    5.6999E+01    3.9635E+01    1.8410E+01    5.6375E+00    1.0406E+01    4.0170E-02    7.3443E+00   
 1.0363E+03    3.9891E+01    4.0373E+01    2.1097E+01    2.1814E+01    1.8081E+01    5.6932E+01    3.9635E+01    1.8416E+01    5.6375E+00    1.0406E+01    4.0170E-02    7.3443E+00   
 1.0368E+03    3.9891E+01    4.0344E+01    2.1128E+01    2.1835E+01    1.8076E+01    5.6882E+01    3.9609E+01    1.8421E+01    5.6375E+00    1.0406E+01    4.0170E-02    7.3729E+00   
# Time (s)      T1w (C)       T2w (C)       T1a (C)       T2a (C)       T1r (C)       T2r (C)       T3r (C)       T4r (C)       P1 (bar)      P2 (bar)      Ic (amp)      Qc (l/min)    
 1.0373E+03    3.9876E+01    4.0346E+01    2.1094E+01    2.1850E+01    1.8093E+01    5.6822E+01    3.9587E+01    1.8424E+01    5.6375E+00    1.0406E+01    4.0170E-02    7.3729E+00   
 1.0379E+03    3.9872E+01    4.0337E+01    2.1094E+01    2.1836E+01    1.8077E+01    5.6822E+01    3.9579E+01    1.8424E+01    5.6375E+00    1.0406E+01    4.0170E-02    7.3729E+00   
 1.0384E+03    3.9845E+01    4.0337E+01    2.1090E+01    2.1972E+01    1.8097E+01    5.6756E+01    3.9549E+01    1.8438E+01    5.6375E+00    1.0406E+01    4.0170E-02    7.3729E+00   
 1.0389E+03    3.9836E+01    4.0321E+01    2.1100E+01    2.2282E+01    1.8097E+01    5.6701E+01    3.9533E+01    1.8432E+01    5.6375E+00    1.0406E+01    4.0170E-02    7.3443E+00   
 1.0394E+03    3.9834E+01    4.0318E+01    2.1087E+01    2.2282E+01    1.8097E+01    5.6630E+01    3.9533E+01    1.8417E+01    5.6375E+00    1.0386E+01    4.0170E-02    7.3443E+00   
 1.0400E+03    3.9834E+01    4.0299E+01    2.1082E+01    2.2308E+01    1.8096E+01    5.6585E+01    3.9475E+01    1.8455E+01    5.6375E+00    1.0386E+01    4.0170E-02    7.3729E+00   
 1.0405E+03    3.9830E+01    4.0288E+01    2.1067E+01    2.2146E+01    1.8093E+01    5.6522E+01    3.9452E+01    1.8438E+01    5.6375E+00    1.0386E+01    4.0170E-02    7.3443E+00   
 1.0410E+03    3.9824E+01    4.0282E+01    2.1083E+01    2.2167E+01    1.8097E+01    5.6522E+01    3.9430E+01    1.8438E+01    5.6375E+00    1.0386E+01    4.0170E-02    7.3443E+00   
 1.0415E+03    3.9840E+01    4.0282E+01    2.1087E+01    2.2197E+01    1.8097E+01    5.6477E+01    3.9416E+01    1.8460E+01    5.6375E+00    1.0386E+01    4.0170E-02    7.3729E+00   
 1.0421E+03    3.9820E+01    4.0276E+01    2.1079E+01    2.2050E+01    1.8104E+01    5.6417E+01    3.9374E+01    1.8451E+01    5.6375E+00    1.0386E+01    4.0170E-02    7.3729E+00   
 1.0426E+03    3.9793E+01    4.0260E+01    2.1107E+01    2.2050E+01    1.8104E+01    5.6351E+01    3.9374E+01    1.8431E+01    5.6375E+00    1.0386E+01    4.0170E-02    7.3443E+00   
 1.0431E+03    3.9793E+01    4.0255E+01    2.1136E+01    2.2063E+01    1.8087E+01    5.6294E+01    3.9344E+01    1.8445E+01    5.6375E+00    1.0366E+01    4.0170E-02    7.3443E+00   
 1.0437E+03    3.9802E+01    4.0245E+01    2.1139E+01    2.2159E+01    1.8109E+01    5.6254E+01    3.9318E+01    1.8449E+01    5.6375E+00    1.0366E+01    4.0170E-02    7.4015E+00   
 1.0442E+03    3.9774E+01    4.0232E+01    2.1139E+01    2.2349E+01    1.8112E+01    5.6254E+01    3.9278E+01    1.8449E+01    5.6579E+00    1.0366E+01    4.0170E-02    7.3729E+00   
 1.0447E+03    3.9748E+01    4.0217E+01    2.1135E+01    2.2358E+01    1.8106E+01    5.6179E+01    3.9272E+01    1.8451E+01    5.6375E+00    1.0366E+01    4.0170E-02    7.3729E+00   
 1.0452E+03    3.9739E+01    4.0210E+01    2.1176E+01    2.2624E+01    1.8095E+01    5.6120E+01    3.9242E+01    1.8468E+01    5.6375E+00    1.0366E+01    4.0170E-02    7.3443E+00   
 1.0458E+03    3.9730E+01    4.0196E+01    2.1199E+01    2.2640E+01    1.8095E+01    5.6071E+01    3.9242E+01    1.8468E+01    5.6375E+00    1.0366E+01    4.0170E-02    7.3155E+00   
 1.0463E+03    3.9730E+01    4.0206E+01    2.1206E+01    2.2450E+01    1.8113E+01    5.6009E+01    3.9221E+01    1.8457E+01    5.6375E+00    1.0345E+01    4.0170E-02    7.3729E+00   
 1.0468E+03    3.9716E+01    4.0169E+01    2.1218E+01    2.2600E+01    1.8117E+01    5.5955E+01    3.9187E+01    1.8473E+01    5.6375E+00    1.0366E+01    4.0170E-02    7.2866E+00   
 1.0473E+03    3.9710E+01    4.0174E+01    2.1218E+01    2.2495E+01    1.8117E+01    5.5885E+01    3.9168E+01    1.8460E+01    5.6375E+00    1.0345E+01    4.0170E-02    7.3729E+00   
 1.0479E+03    3.9707E+01    4.0174E+01    2.1215E+01    2.2385E+01    1.8126E+01    5.5885E+01    3.9140E+01    1.8460E+01    5.6579E+00    1.0345E+01    4.0170E-02    7.3155E+00   
 1.0484E+03    3.9699E+01    4.0164E+01    2.1229E+01    2.2291E+01    1.8121E+01    5.5851E+01    3.9115E+01    1.8470E+01    5.6375E+00    1.0345E+01    4.0170E-02    7.3729E+00   
 1.0489E+03    3.9699E+01    4.0150E+01    2.1255E+01    2.2260E+01    1.8122E+01    5.5784E+01    3.9091E+01    1.8492E+01    5.6375E+00    1.0345E+01    4.0170E-02    7.3443E+00   
 1.0494E+03    3.9699E+01    4.0129E+01    2.1243E+01    2.2260E+01    1.8122E+01    5.5723E+01    3.9091E+01    1.8485E+01    5.6375E+00    1.0345E+01    4.0170E-02    7.3443E+00   
 1.0500E+03    3.9704E+01    4.0126E+01    2.1238E+01    2.2211E+01    1.8127E+01    5.5664E+01    3.9062E+01    1.8475E+01    5.6579E+00    1.0325E+01    4.0170E-02    7.4015E+00   
 1.0505E+03    3.9693E+01    4.0103E+01    2.1229E+01    2.2182E+01    1.8124E+01    5.5608E+01    3.9028E+01    1.8485E+01    5.6579E+00    1.0325E+01    4.0170E-02    7.3729E+00   
 1.0510E+03    3.9659E+01    4.0088E+01    2.1214E+01    2.2061E+01    1.8124E+01    5.5608E+01    3.9006E+01    1.8485E+01    5.6579E+00    1.0325E+01    4.0170E-02    7.4015E+00   
 1.0516E+03    3.9643E+01    4.0051E+01    2.1211E+01    2.2015E+01    1.8136E+01    5.5551E+01    3.8981E+01    1.8481E+01    5.6375E+00    1.0325E+01    4.0170E-02    7.3443E+00   
 1.0521E+03    3.9641E+01    4.0059E+01    2.1205E+01    2.1918E+01    1.8131E+01    5.5507E+01    3.8957E+01    1.8466E+01    5.6579E+00    1.0325E+01    4.0170E-02    7.3729E+00   
 1.0526E+03    3.9641E+01    4.0053E+01    2.1205E+01    2.1918E+01    1.8131E+01    5.5444E+01    3.8957E+01    1.8470E+01    5.6375E+00    1.0325E+01    4.0170E-02    7.4015E+00   
# Time (s)      T1w (C)       T2w (C)       T1a (C)       T2a (C)       T1r (C)       T2r (C)       T3r (C)       T4r (C)       P1 (bar)      P2 (bar)      Ic (amp)      Qc (l/min)    
 1.0531E+03    3.9627E+01    4.0035E+01    2.1218E+01    2.1944E+01    1.8129E+01    5.5393E+01    3.8938E+01    1.8480E+01    5.6579E+00    1.0325E+01    3.5079E-02    7.3443E+00   
 1.0537E+03    3.9609E+01    4.0022E+01    2.1195E+01    2.1988E+01    1.8141E+01    5.5329E+01    3.8894E+01    1.8480E+01    5.6579E+00    1.0325E+01    4.0170E-02    7.3155E+00   
 1.0542E+03    3.9603E+01    4.0022E+01    2.1195E+01    2.2072E+01    1.8123E+01    5.5329E+01    3.8855E+01    1.8480E+01    5.6579E+00    1.0304E+01    4.0170E-02    7.3443E+00   
 1.0547E+03    3.9599E+01    4.0004E+01    2.1195E+01    2.1995E+01    1.8144E+01    5.5285E+01    3.8817E+01    1.8494E+01    5.6375E+00    1.0304E+01    4.0170E-02    7.3443E+00   
 1.0552E+03    3.9587E+01    3.9981E+01    2.1180E+01    2.1954E+01    1.8140E+01    5.5212E+01    3.8804E+01    1.8485E+01    5.6579E+00    1.0304E+01    4.0170E-02    7.3155E+00   
 1.0558E+03    3.9587E+01    4.0000E+01    2.1156E+01    2.1954E+01    1.8140E+01    5.5165E+01    3.8804E+01    1.8483E+01    5.6579E+00    1.0304E+01    4.0170E-02    7.4015E+00   
 1.0563E+03    3.9553E+01    3.9977E+01    2.1134E+01    2.1917E+01    1.8157E+01    5.5122E+01    3.8764E+01    1.8473E+01    5.6579E+00    1.0304E+01    4.0170E-02    7.3443E+00   
 1.0568E+03    3.9526E+01    3.9945E+01    2.1134E+01    2.1920E+01    1.8144E+01    5.5057E+01    3.8724E+01    1.8475E+01    5.6579E+00    1.0304E+01    4.0170E-02    7.3155E+00   
 1.0573E+03    3.9499E+01    3.9935E+01    2.1134E+01    2.1987E+01    1.8148E+01    5.5057E+01    3.8714E+01    1.8475E+01    5.6579E+00    1.0284E+01    4.0170E-02    7.2866E+00   
 1.0579E+03    3.9474E+01    3.9935E+01    2.1139E+01    2.1951E+01    1.8158E+01    5.4991E+01    3.8685E+01    1.8496E+01    5.6579E+00    1.0284E+01    4.0170E-02    7.3443E+00   
 1.0584E+03    3.9469E+01    3.9922E+01    2.1157E+01    2.1886E+01    1.8141E+01    5.4944E+01    3.8645E+01    1.8486E+01    5.6579E+00    1.0284E+01    4.0170E-02    7.3443E+00   
 1.0589E+03    3.9464E+01    3.9913E+01    2.1180E+01    2.1901E+01    1.8141E+01    5.4891E+01    3.8645E+01    1.8482E+01    5.6579E+00    1.0284E+01    4.0170E-02    7.3443E+00   
 1.0595E+03    3.9464E+01    3.9909E+01    2.1174E+01    2.1865E+01    1.8151E+01    5.4842E+01    3.8629E+01    1.8495E+01    5.6579E+00    1.0264E+01    4.0170E-02    7.3729E+00   
 1.0600E+03    3.9457E+01    3.9892E+01    2.1168E+01    2.1832E+01    1.8141E+01    5.4779E+01    3.8597E+01    1.8480E+01    5.6579E+00    1.0284E+01    4.0170E-02    7.3155E+00   
 1.0605E+03    3.9448E+01    3.9872E+01    2.1168E+01    2.1822E+01    1.8163E+01    5.4779E+01    3.8577E+01    1.8480E+01    5.6579E+00    1.0284E+01    4.0170E-02    7.4299E+00   
 1.0610E+03    3.9466E+01    3.9887E+01    2.1173E+01    2.1815E+01    1.8156E+01    5.4736E+01    3.8546E+01    1.8498E+01    5.6579E+00    1.0264E+01    4.0170E-02    7.3729E+00   
 1.0616E+03    3.9464E+01    3.9877E+01    2.1170E+01    2.1798E+01    1.8164E+01    5.4688E+01    3.8509E+01    1.8486E+01    5.6579E+00    1.0264E+01    4.0170E-02    7.3443E+00   
 1.0621E+03    3.9455E+01    3.9867E+01    2.1152E+01    2.1798E+01    1.8164E+01    5.4624E+01    3.8509E+01    1.8508E+01    5.6579E+00    1.0264E+01    4.0170E-02    7.3729E+00   
 1.0626E+03    3.9455E+01    3.9850E+01    2.1123E+01    2.1782E+01    1.8161E+01    5.4562E+01    3.8486E+01    1.8502E+01    5.6579E+00    1.0264E+01    4.0170E-02    7.3443E+00   
 1.0631E+03    3.9464E+01    3.9821E+01    2.1131E+01    2.1723E+01    1.8158E+01    5.4515E+01    3.8467E+01    1.8494E+01    5.6579E+00    1.0264E+01    4.0170E-02    7.3155E+00   
 1.0637E+03    3.9438E+01    3.9830E+01    2.1131E+01    2.1701E+01    1.8165E+01    5.4515E+01    3.8437E+01    1.8494E+01    5.6579E+00    1.0264E+01    4.0170E-02    7.3155E+00   
 1.0642E+03    3.9433E+01    3.9815E+01    2.1106E+01    2.1714E+01    1.8162E+01    5.4456E+01    3.8406E+01    1.8498E+01    5.6579E+00    1.0264E+01    4.0170E-02    7.3443E+00   
 1.0647E+03    3.9423E+01    3.9791E+01    2.1085E+01    2.1684E+01    1.8156E+01    5.4391E+01    3.8379E+01    1.8498E+01    5.6579E+00    1.0264E+01    4.0170E-02    7.3443E+00   
 1.0653E+03    3.9405E+01    3.9768E+01    2.1059E+01    2.1663E+01    1.8156E+01    5.4339E+01    3.8358E+01    1.8505E+01    5.6579E+00    1.0243E+01    4.0170E-02    7.3729E+00   
 1.0658E+03    3.9405E+01    3.9768E+01    2.1068E+01    2.1663E+01    1.8169E+01    5.4301E+01    3.8358E+01    1.8514E+01    5.6579E+00    1.0243E+01    4.0170E-02    7.3443E+00   
 1.0663E+03    3.9370E+01    3.9753E+01    2.1067E+01    2.1652E+01    1.8162E+01    5.4255E+01    3.8330E+01    1.8512E+01    5.6579E+00    1.0243E+01    4.0170E-02    7.4015E+00   
 1.0668E+03    3.9352E+01    3.9741E+01    2.1085E+01    2.1645E+01    1.8160E+01    5.4182E+01    3.8295E+01    1.8519E+01    5.6579E+00    1.0243E+01    4.0170E-02    7.3155E+00   
 1.0674E+03    3.9326E+01    3.9741E+01    2.1085E+01    2.1639E+01    1.8150E+01    5.4182E+01    3.8274E+01    1.8519E+01    5.6579E+00    1.0243E+01    4.0170E-02    7.3443E+00   
 1.0679E+03    3.9333E+01    3.9718E+01    2.1101E+01    2.1671E+01    1.8189E+01    5.4134E+01    3.8261E+01    1.8505E+01    5.6579E+00    1.0243E+01    4.0170E-02    7.3443E+00   
 1.0684E+03    3.9306E+01    3.9707E+01    2.1085E+01    2.1670E+01    1.8189E+01    5.4082E+01    3.8241E+01    1.8513E+01    5.6579E+00    1.0243E+01    4.0170E-02    7.3443E+00   
# Time (s)      T1w (C)       T2w (C)       T1a (C)       T2a (C)       T1r (C)       T2r (C)       T3r (C)       T4r (C)       P1 (bar)      P2 (bar)      Ic (amp)      Qc (l/min)    
 1.0689E+03    3.9306E+01    3.9700E+01    2.1100E+01    2.1670E+01    1.8155E+01    5.4039E+01    3.8241E+01    1.8517E+01    5.6579E+00    1.0243E+01    4.0170E-02    7.3443E+00   
 1.0695E+03    3.9313E+01    3.9667E+01    2.1094E+01    2.1658E+01    1.8163E+01    5.3981E+01    3.8192E+01    1.8515E+01    5.6579E+00    1.0223E+01    4.0170E-02    7.3729E+00   
 1.0700E+03    3.9301E+01    3.9684E+01    2.1109E+01    2.1682E+01    1.8172E+01    5.3936E+01    3.8177E+01    1.8516E+01    5.6579E+00    1.0223E+01    4.0170E-02    7.3729E+00   
 1.0705E+03    3.9293E+01    3.9684E+01    2.1109E+01    2.1675E+01    1.8186E+01    5.3936E+01    3.8155E+01    1.8516E+01    5.6579E+00    1.0223E+01    4.0170E-02    7.3443E+00   
 1.0710E+03    3.9275E+01    3.9684E+01    2.1107E+01    2.1644E+01    1.8163E+01    5.3871E+01    3.8130E+01    1.8533E+01    5.6579E+00    1.0223E+01    4.0170E-02    7.3155E+00   
 1.0717E+03    3.9265E+01    3.9658E+01    2.1119E+01    2.1678E+01    1.8185E+01    5.3819E+01    3.8091E+01    1.8533E+01    5.6579E+00    1.0223E+01    4.0170E-02    7.3729E+00   
 1.0722E+03    3.9231E+01    3.9638E+01    2.1086E+01    2.1680E+01    1.8248E+01    5.3764E+01    3.8065E+01    1.8516E+01    5.6579E+00    1.0203E+01    4.0170E-02    7.3155E+00   
 1.0728E+03    3.9219E+01    3.9628E+01    2.1056E+01    2.1680E+01    1.8248E+01    5.3717E+01    3.8065E+01    1.8545E+01    5.6579E+00    1.0223E+01    4.0170E-02    7.3443E+00   
 1.0733E+03    3.9219E+01    3.9624E+01    2.1052E+01    2.1705E+01    1.8186E+01    5.3684E+01    3.8061E+01    1.8552E+01    5.6579E+00    1.0203E+01    4.0170E-02    7.3443E+00   
 1.0738E+03    3.9207E+01    3.9618E+01    2.1028E+01    2.1726E+01    1.8191E+01    5.3640E+01    3.8051E+01    1.8557E+01    5.6579E+00    1.0203E+01    4.0170E-02    7.4015E+00   
 1.0743E+03    3.9198E+01    3.9591E+01    2.1028E+01    2.1728E+01    1.8190E+01    5.3640E+01    3.8003E+01    1.8557E+01    5.6783E+00    1.0203E+01    4.0170E-02    7.4015E+00   
 1.0749E+03    3.9193E+01    3.9591E+01    2.1019E+01    2.1751E+01    1.8192E+01    5.3567E+01    3.7991E+01    1.8557E+01    5.6783E+00    1.0203E+01    4.0170E-02    7.3155E+00   
 1.0754E+03    3.9201E+01    3.9583E+01    2.1023E+01    2.1714E+01    1.8191E+01    5.3522E+01    3.7949E+01    1.8542E+01    5.6783E+00    1.0203E+01    4.0170E-02    7.3729E+00   
 1.0759E+03    3.9206E+01    3.9568E+01    2.1053E+01    2.1683E+01    1.8207E+01    5.3484E+01    3.7948E+01    1.8584E+01    5.6783E+00    1.0203E+01    4.0170E-02    7.3729E+00   
 1.0765E+03    3.9206E+01    3.9552E+01    2.1068E+01    2.1683E+01    1.8217E+01    5.3440E+01    3.7948E+01    1.8570E+01    5.6783E+00    1.0182E+01    4.0170E-02    7.3443E+00   
 1.0770E+03    3.9205E+01    3.9535E+01    2.1042E+01    2.1696E+01    1.8215E+01    5.3389E+01    3.7905E+01    1.8581E+01    5.6783E+00    1.0203E+01    4.0170E-02    7.3443E+00   
 1.0775E+03    3.9193E+01    3.9526E+01    2.1036E+01    2.1724E+01    1.8227E+01    5.3332E+01    3.7886E+01    1.8581E+01    5.6783E+00    1.0182E+01    4.0170E-02    7.3729E+00   
 1.0780E+03    3.9169E+01    3.9526E+01    2.1036E+01    2.1719E+01    1.8235E+01    5.3346E+01    3.7877E+01    1.8596E+01    5.6783E+00    1.0182E+01    4.0170E-02    7.3155E+00   
 1.0786E+03    3.9157E+01    3.9507E+01    2.1025E+01    2.1739E+01    1.8235E+01    5.3295E+01    3.7841E+01    1.8592E+01    5.6783E+00    1.0182E+01    4.0170E-02    7.3443E+00   
 1.0791E+03    3.9148E+01    3.9508E+01    2.1005E+01    2.1718E+01    1.8251E+01    5.3260E+01    3.7832E+01    1.8608E+01    5.6783E+00    1.0182E+01    4.0170E-02    7.3729E+00   
 1.0796E+03    3.9148E+01    3.9479E+01    2.0960E+01    2.1718E+01    1.8262E+01    5.3200E+01    3.7832E+01    1.8600E+01    5.6783E+00    1.0182E+01    4.0170E-02    7.3155E+00   
 1.0802E+03    3.9140E+01    3.9479E+01    2.0956E+01    2.1773E+01    1.8248E+01    5.3175E+01    3.7808E+01    1.8617E+01    5.6783E+00    1.0182E+01    4.0170E-02    7.3443E+00   
 1.0807E+03    3.9105E+01    3.9455E+01    2.0970E+01    2.1768E+01    1.8267E+01    5.3094E+01    3.7784E+01    1.8603E+01    5.6783E+00    1.0162E+01    4.0170E-02    7.3729E+00   
 1.0812E+03    3.9103E+01    3.9470E+01    2.0986E+01    2.1801E+01    1.8278E+01    5.3094E+01    3.7765E+01    1.8603E+01    5.6783E+00    1.0162E+01    4.0170E-02    7.3729E+00   
 1.0817E+03    3.9112E+01    3.9456E+01    2.1020E+01    2.1789E+01    1.8252E+01    5.3058E+01    3.7730E+01    1.8625E+01    5.6783E+00    1.0162E+01    4.0170E-02    7.3443E+00   
 1.0823E+03    3.9095E+01    3.9434E+01    2.1038E+01    2.1821E+01    1.8268E+01    5.2991E+01    3.7709E+01    1.8631E+01    5.6783E+00    1.0162E+01    4.0170E-02    7.3443E+00   
 1.0828E+03    3.9100E+01    3.9414E+01    2.1066E+01    2.1821E+01    1.8268E+01    5.2947E+01    3.7709E+01    1.8620E+01    5.6783E+00    1.0162E+01    4.0170E-02    7.3155E+00   
 1.0833E+03    3.9115E+01    3.9433E+01    2.1102E+01    2.1842E+01    1.8252E+01    5.2914E+01    3.7665E+01    1.8624E+01    5.6579E+00    1.0162E+01    4.0170E-02    7.3443E+00   
 1.0838E+03    3.9100E+01    3.9417E+01    2.1101E+01    2.1830E+01    1.8268E+01    5.2847E+01    3.7623E+01    1.8624E+01    5.6783E+00    1.0162E+01    4.0170E-02    7.3443E+00   
 1.0844E+03    3.9091E+01    3.9407E+01    2.1101E+01    2.1857E+01    1.8266E+01    5.2862E+01    3.7630E+01    1.8640E+01    5.6783E+00    1.0162E+01    4.0170E-02    7.3729E+00   
# Time (s)      T1w (C)       T2w (C)       T1a (C)       T2a (C)       T1r (C)       T2r (C)       T3r (C)       T4r (C)       P1 (bar)      P2 (bar)      Ic (amp)      Qc (l/min)    
 1.0849E+03    3.9050E+01    3.9407E+01    2.1105E+01    2.1798E+01    1.8287E+01    5.2805E+01    3.7606E+01    1.8624E+01    5.6783E+00    1.0142E+01    4.0170E-02    7.3443E+00   
 1.0854E+03    3.9013E+01    3.9390E+01    2.1088E+01    2.1752E+01    1.8287E+01    5.2770E+01    3.7582E+01    1.8653E+01    5.6783E+00    1.0142E+01    4.0170E-02    7.3729E+00   
 1.0860E+03    3.9013E+01    3.9378E+01    2.1070E+01    2.1752E+01    1.8303E+01    5.2741E+01    3.7598E+01    1.8681E+01    5.6783E+00    1.0142E+01    4.0170E-02    7.3155E+00   
 1.0865E+03    3.9013E+01    3.9380E+01    2.1051E+01    2.1769E+01    1.8310E+01    5.2676E+01    3.7559E+01    1.8676E+01    5.6783E+00    1.0142E+01    4.0170E-02    7.3155E+00   
 1.0870E+03    3.8997E+01    3.9360E+01    2.1004E+01    2.1736E+01    1.8346E+01    5.2641E+01    3.7565E+01    1.8681E+01    5.6783E+00    1.0142E+01    4.0170E-02    7.3443E+00   
 1.0875E+03    3.8989E+01    3.9338E+01    2.1004E+01    2.1750E+01    1.8333E+01    5.2641E+01    3.7535E+01    1.8681E+01    5.6783E+00    1.0142E+01    4.0170E-02    7.3155E+00   
 1.0881E+03    3.8951E+01    3.9338E+01    2.1016E+01    2.1719E+01    1.8334E+01    5.2598E+01    3.7521E+01    1.8705E+01    5.6783E+00    1.0142E+01    4.0170E-02    7.4015E+00   
 1.0886E+03    3.8953E+01    3.9319E+01    2.0991E+01    2.1717E+01    1.8343E+01    5.2537E+01    3.7476E+01    1.8706E+01    5.6783E+00    1.0142E+01    4.0170E-02    7.3155E+00   
 1.0891E+03    3.8950E+01    3.9319E+01    2.0986E+01    2.1717E+01    1.8343E+01    5.2500E+01    3.7476E+01    1.8697E+01    5.6783E+00    1.0121E+01    4.0170E-02    7.3729E+00   
 1.0896E+03    3.8950E+01    3.9292E+01    2.1000E+01    2.1697E+01    1.8339E+01    5.2439E+01    3.7434E+01    1.8709E+01    5.6783E+00    1.0121E+01    4.0170E-02    7.3443E+00   
 1.0902E+03    3.8967E+01    3.9311E+01    2.1030E+01    2.1693E+01    1.8341E+01    5.2397E+01    3.7420E+01    1.8710E+01    5.6783E+00    1.0121E+01    4.0170E-02    7.3443E+00   
 1.0907E+03    3.8970E+01    3.9290E+01    2.1041E+01    2.1698E+01    1.8354E+01    5.2397E+01    3.7387E+01    1.8706E+01    5.6783E+00    1.0121E+01    4.0170E-02    7.4015E+00   
 1.0912E+03    3.8967E+01    3.9305E+01    2.1057E+01    2.1727E+01    1.8353E+01    5.2351E+01    3.7363E+01    1.8706E+01    5.6783E+00    1.0121E+01    4.0170E-02    7.3443E+00   
 1.0918E+03    3.8961E+01    3.9283E+01    2.1026E+01    2.1721E+01    1.8350E+01    5.2301E+01    3.7338E+01    1.8714E+01    5.6783E+00    1.0121E+01    4.0170E-02    7.3443E+00   
 1.0923E+03    3.8975E+01    3.9294E+01    2.1028E+01    2.1731E+01    1.8350E+01    5.2238E+01    3.7295E+01    1.8707E+01    5.6783E+00    1.0121E+01    4.0170E-02    7.3155E+00   
 1.0928E+03    3.8975E+01    3.9278E+01    2.1044E+01    2.1731E+01    1.8357E+01    5.2208E+01    3.7295E+01    1.8722E+01    5.6783E+00    1.0121E+01    4.0170E-02    7.3443E+00   
 1.0933E+03    3.8970E+01    3.9259E+01    2.1033E+01    2.1666E+01    1.8360E+01    5.2145E+01    3.7260E+01    1.8726E+01    5.6783E+00    1.0101E+01    4.0170E-02    7.3155E+00   
 1.0939E+03    3.8966E+01    3.9251E+01    2.1026E+01    2.1678E+01    1.8358E+01    5.2093E+01    3.7250E+01    1.8727E+01    5.6987E+00    1.0121E+01    4.0170E-02    7.3443E+00   
 1.0944E+03    3.8961E+01    3.9251E+01    2.1026E+01    2.1723E+01    1.8358E+01    5.2093E+01    3.7232E+01    1.8727E+01    5.6987E+00    1.0101E+01    4.0170E-02    7.4015E+00   
 1.0949E+03    3.8958E+01    3.9234E+01    2.1015E+01    2.1752E+01    1.8370E+01    5.2053E+01    3.7196E+01    1.8718E+01    5.6783E+00    1.0101E+01    4.0170E-02    7.3155E+00   
 1.0954E+03    3.8940E+01    3.9226E+01    2.0983E+01    2.1704E+01    1.8357E+01    5.1995E+01    3.7169E+01    1.8699E+01    5.6783E+00    1.0101E+01    4.0170E-02    7.3443E+00   
 1.0960E+03    3.8940E+01    3.9214E+01    2.1005E+01    2.1704E+01    1.8357E+01    5.1941E+01    3.7169E+01    1.8702E+01    5.6783E+00    1.0101E+01    4.0170E-02    7.3729E+00   
 1.0965E+03    3.8944E+01    3.9223E+01    2.0996E+01    2.1664E+01    1.8377E+01    5.1911E+01    3.7174E+01    1.8725E+01    5.6783E+00    1.0101E+01    4.0170E-02    7.3155E+00   
 1.0970E+03    3.8920E+01    3.9201E+01    2.0935E+01    2.1638E+01    1.8366E+01    5.1868E+01    3.7156E+01    1.8743E+01    5.6783E+00    1.0101E+01    4.0170E-02    7.3155E+00   
 1.0976E+03    3.8921E+01    3.9208E+01    2.0951E+01    2.1612E+01    1.8399E+01    5.1883E+01    3.7122E+01    1.8743E+01    5.6783E+00    1.0101E+01    4.0170E-02    7.4015E+00   
 1.0981E+03    3.8911E+01    3.9208E+01    2.0943E+01    2.1597E+01    1.8432E+01    5.1845E+01    3.7111E+01    1.8762E+01    5.6783E+00    1.0101E+01    4.0170E-02    7.3443E+00   
 1.0986E+03    3.8904E+01    3.9193E+01    2.0955E+01    2.1553E+01    1.8414E+01    5.1787E+01    3.7099E+01    1.8763E+01    5.6987E+00    1.0101E+01    4.0170E-02    7.3443E+00   
 1.0991E+03    3.8901E+01    3.9197E+01    2.1005E+01    2.1568E+01    1.8430E+01    5.1755E+01    3.7114E+01    1.8790E+01    5.6783E+00    1.0080E+01    4.0170E-02    7.3443E+00   
 1.0997E+03    3.8901E+01    3.9205E+01    2.0999E+01    2.1579E+01    1.8437E+01    5.1703E+01    3.7082E+01    1.8789E+01    5.6987E+00    1.0080E+01    4.0170E-02    7.3155E+00   
 1.1002E+03    3.8894E+01    3.9182E+01    2.1022E+01    2.1563E+01    1.8428E+01    5.1667E+01    3.7059E+01    1.8791E+01    5.6987E+00    1.0101E+01    4.0170E-02    7.3729E+00   
# Time (s)      T1w (C)       T2w (C)       T1a (C)       T2a (C)       T1r (C)       T2r (C)       T3r (C)       T4r (C)       P1 (bar)      P2 (bar)      Ic (amp)      Qc (l/min)    
 1.1007E+03    3.8857E+01    3.9182E+01    2.1022E+01    2.1556E+01    1.8444E+01    5.1667E+01    3.7026E+01    1.8791E+01    5.6783E+00    1.0080E+01    4.0170E-02    7.3155E+00   
 1.1013E+03    3.8842E+01    3.9182E+01    2.1055E+01    2.1583E+01    1.8455E+01    5.1619E+01    3.7007E+01    1.8804E+01    5.6987E+00    1.0080E+01    4.0170E-02    7.3443E+00   
 1.1018E+03    3.8841E+01    3.9157E+01    2.1062E+01    2.1619E+01    1.8441E+01    5.1554E+01    3.6966E+01    1.8813E+01    5.6987E+00    1.0080E+01    4.0170E-02    7.3729E+00   
 1.1023E+03    3.8832E+01    3.9170E+01    2.1086E+01    2.1639E+01    1.8441E+01    5.1498E+01    3.6966E+01    1.8814E+01    5.6987E+00    1.0080E+01    4.0170E-02    7.3155E+00   
 1.1028E+03    3.8832E+01    3.9150E+01    2.1088E+01    2.1639E+01    1.8447E+01    5.1457E+01    3.6945E+01    1.8818E+01    5.6987E+00    1.0080E+01    4.0170E-02    7.4015E+00   
 1.1034E+03    3.8814E+01    3.9132E+01    2.1053E+01    2.1674E+01    1.8458E+01    5.1425E+01    3.6931E+01    1.8815E+01    5.6987E+00    1.0080E+01    4.0170E-02    7.3443E+00   
 1.1039E+03    3.8786E+01    3.9123E+01    2.1053E+01    2.1676E+01    1.8459E+01    5.1425E+01    3.6903E+01    1.8834E+01    5.6987E+00    1.0080E+01    4.0170E-02    7.3729E+00   
 1.1044E+03    3.8796E+01    3.9123E+01    2.1049E+01    2.1695E+01    1.8467E+01    5.1364E+01    3.6874E+01    1.8834E+01    5.6987E+00    1.0060E+01    4.0170E-02    7.3155E+00   
 1.1049E+03    3.8778E+01    3.9116E+01    2.1021E+01    2.1702E+01    1.8472E+01    5.1313E+01    3.6848E+01    1.8825E+01    5.6987E+00    1.0060E+01    4.0170E-02    7.3155E+00   
 1.1055E+03    3.8752E+01    3.9100E+01    2.1037E+01    2.1702E+01    1.8472E+01    5.1263E+01    3.6848E+01    1.8843E+01    5.6987E+00    1.0080E+01    4.0170E-02    7.4015E+00   
 1.1060E+03    3.8752E+01    3.9094E+01    2.1045E+01    2.1651E+01    1.8471E+01    5.1218E+01    3.6823E+01    1.8825E+01    5.6987E+00    1.0060E+01    4.0170E-02    7.3729E+00   
 1.1065E+03    3.8697E+01    3.9060E+01    2.1037E+01    2.1595E+01    1.8465E+01    5.1166E+01    3.6813E+01    1.8824E+01    5.6987E+00    1.0060E+01    4.0170E-02    7.3729E+00   
 1.1071E+03    3.8699E+01    3.9046E+01    2.1019E+01    2.1627E+01    1.8484E+01    5.1111E+01    3.6778E+01    1.8827E+01    5.6987E+00    1.0060E+01    4.0170E-02    7.3729E+00   
 1.1076E+03    3.8722E+01    3.9061E+01    2.1035E+01    2.1586E+01    1.8470E+01    5.1111E+01    3.6747E+01    1.8827E+01    5.6987E+00    1.0060E+01    4.0170E-02    7.3443E+00   
 1.1081E+03    3.8707E+01    3.9078E+01    2.1019E+01    2.1583E+01    1.8487E+01    5.1062E+01    3.6712E+01    1.8845E+01    5.6987E+00    1.0060E+01    4.0170E-02    7.3443E+00   
 1.1086E+03    3.8676E+01    3.9049E+01    2.1032E+01    2.1580E+01    1.8492E+01    5.1030E+01    3.6698E+01    1.8853E+01    5.6987E+00    1.0040E+01    4.0170E-02    7.4015E+00   
 1.1092E+03    3.8676E+01    3.9030E+01    2.1018E+01    2.1580E+01    1.8492E+01    5.0971E+01    3.6698E+01    1.8847E+01    5.6987E+00    1.0040E+01    4.0170E-02    7.3155E+00   
 1.1097E+03    3.8652E+01    3.9003E+01    2.1011E+01    2.1555E+01    1.8475E+01    5.0922E+01    3.6663E+01    1.8839E+01    5.6987E+00    1.0040E+01    3.5079E-02    7.3443E+00   
 1.1102E+03    3.8662E+01    3.9019E+01    2.1029E+01    2.1556E+01    1.8491E+01    5.0872E+01    3.6664E+01    1.8841E+01    5.6987E+00    1.0040E+01    4.0170E-02    7.4015E+00   
 1.1107E+03    3.8682E+01    3.9002E+01    2.1029E+01    2.1524E+01    1.8493E+01    5.0872E+01    3.6620E+01    1.8841E+01    5.6987E+00    1.0040E+01    4.0170E-02    7.3443E+00   
 1.1113E+03    3.8689E+01    3.9002E+01    2.1025E+01    2.1509E+01    1.8509E+01    5.0810E+01    3.6597E+01    1.8840E+01    5.6987E+00    1.0040E+01    3.5079E-02    7.3729E+00   
 1.1118E+03    3.8667E+01    3.8993E+01    2.1018E+01    2.1523E+01    1.8505E+01    5.0766E+01    3.6565E+01    1.8867E+01    5.6987E+00    1.0040E+01    4.0170E-02    7.3155E+00   
 1.1123E+03    3.8660E+01    3.8986E+01    2.1029E+01    2.1523E+01    1.8505E+01    5.0721E+01    3.6565E+01    1.8857E+01    5.6987E+00    1.0040E+01    4.0170E-02    7.3155E+00   
 1.1129E+03    3.8660E+01    3.8964E+01    2.1052E+01    2.1528E+01    1.8517E+01    5.0676E+01    3.6554E+01    1.8858E+01    5.6987E+00    1.0019E+01    4.0170E-02    7.3729E+00   
 1.1134E+03    3.8659E+01    3.8967E+01    2.1064E+01    2.1539E+01    1.8513E+01    5.0626E+01    3.6524E+01    1.8868E+01    5.6987E+00    1.0019E+01    4.0170E-02    7.4015E+00   
 1.1139E+03    3.8633E+01    3.8940E+01    2.1064E+01    2.1566E+01    1.8501E+01    5.0626E+01    3.6480E+01    1.8868E+01    5.6987E+00    1.0019E+01    4.0170E-02    7.3443E+00   
 1.1144E+03    3.8634E+01    3.8940E+01    2.1029E+01    2.1608E+01    1.8541E+01    5.0570E+01    3.6457E+01    1.8866E+01    5.6987E+00    1.0019E+01    4.0170E-02    7.3443E+00   
 1.1150E+03    3.8632E+01    3.8928E+01    2.1009E+01    2.1621E+01    1.8526E+01    5.0532E+01    3.6449E+01    1.8868E+01    5.6987E+00    1.0019E+01    4.0170E-02    7.3443E+00   
 1.1155E+03    3.8656E+01    3.8911E+01    2.1055E+01    2.1621E+01    1.8526E+01    5.0462E+01    3.6449E+01    1.8866E+01    5.6987E+00    1.0019E+01    4.0170E-02    7.3443E+00   
 1.1160E+03    3.8656E+01    3.8920E+01    2.1088E+01    2.1633E+01    1.8550E+01    5.0429E+01    3.6403E+01    1.8876E+01    5.6987E+00    1.0019E+01    4.0170E-02    7.3729E+00   
# Time (s)      T1w (C)       T2w (C)       T1a (C)       T2a (C)       T1r (C)       T2r (C)       T3r (C)       T4r (C)       P1 (bar)      P2 (bar)      Ic (amp)      Qc (l/min)    
 1.1165E+03    3.8660E+01    3.8890E+01    2.1090E+01    2.1618E+01    1.8553E+01    5.0383E+01    3.6382E+01    1.8877E+01    5.6987E+00    1.0019E+01    4.0170E-02    7.3443E+00   
 1.1171E+03    3.8676E+01    3.8884E+01    2.1090E+01    2.1614E+01    1.8551E+01    5.0383E+01    3.6371E+01    1.8877E+01    5.6987E+00    1.0019E+01    4.0170E-02    7.3443E+00   
 1.1176E+03    3.8678E+01    3.8884E+01    2.1114E+01    2.1588E+01    1.8560E+01    5.0342E+01    3.6338E+01    1.8896E+01    5.6987E+00    9.9990E+00    4.0170E-02    7.3729E+00   
 1.1181E+03    3.8666E+01    3.8863E+01    2.1087E+01    2.1614E+01    1.8575E+01    5.0270E+01    3.6320E+01    1.8888E+01    5.6987E+00    1.0019E+01    4.0170E-02    7.3155E+00   
 1.1187E+03    3.8666E+01    3.8839E+01    2.1090E+01    2.1603E+01    1.8575E+01    5.0227E+01    3.6320E+01    1.8892E+01    5.6987E+00    9.9990E+00    4.0170E-02    7.3729E+00   
 1.1192E+03    3.8666E+01    3.8830E+01    2.1076E+01    2.1603E+01    1.8582E+01    5.0192E+01    3.6296E+01    1.8909E+01    5.6987E+00    9.9990E+00    4.0170E-02    7.3443E+00   
 1.1197E+03    3.8637E+01    3.8803E+01    2.1058E+01    2.1615E+01    1.8592E+01    5.0133E+01    3.6273E+01    1.8920E+01    5.6987E+00    9.9990E+00    4.0170E-02    7.3443E+00   
 1.1202E+03    3.8610E+01    3.8806E+01    2.1012E+01    2.1637E+01    1.8594E+01    5.0077E+01    3.6223E+01    1.8887E+01    5.6987E+00    9.9990E+00    4.0170E-02    7.3443E+00   
 1.1208E+03    3.8608E+01    3.8806E+01    2.1012E+01    2.1621E+01    1.8574E+01    5.0077E+01    3.6194E+01    1.8887E+01    5.6987E+00    9.9990E+00    4.0170E-02    7.3729E+00   
 1.1213E+03    3.8576E+01    3.8789E+01    2.1029E+01    2.1605E+01    1.8594E+01    4.9998E+01    3.6166E+01    1.8890E+01    5.6987E+00    9.9990E+00    4.0170E-02    7.4015E+00   
 1.1218E+03    3.8542E+01    3.8784E+01    2.1033E+01    2.1591E+01    1.8616E+01    4.9953E+01    3.6142E+01    1.8893E+01    5.6987E+00    9.9990E+00    4.0170E-02    7.3729E+00   
 1.1224E+03    3.8542E+01    3.8763E+01    2.0999E+01    2.1591E+01    1.8616E+01    4.9914E+01    3.6142E+01    1.8909E+01    5.7191E+00    9.9990E+00    4.0170E-02    7.3729E+00   
 1.1229E+03    3.8499E+01    3.8769E+01    2.1024E+01    2.1637E+01    1.8608E+01    4.9864E+01    3.6121E+01    1.8907E+01    5.6987E+00    9.9990E+00    4.0170E-02    7.3443E+00   
 1.1234E+03    3.8495E+01    3.8760E+01    2.1038E+01    2.1626E+01    1.8640E+01    4.9824E+01    3.6095E+01    1.8920E+01    5.6987E+00    9.9990E+00    4.0170E-02    7.3443E+00   
 1.1239E+03    3.8460E+01    3.8768E+01    2.1038E+01    2.1632E+01    1.8635E+01    4.9824E+01    3.6059E+01    1.8920E+01    5.6987E+00    9.9990E+00    4.0170E-02    7.3729E+00   
 1.1245E+03    3.8433E+01    3.8752E+01    2.1005E+01    2.1603E+01    1.8663E+01    4.9778E+01    3.6039E+01    1.8934E+01    5.6987E+00    9.9787E+00    4.0170E-02    7.3155E+00   
 1.1250E+03    3.8419E+01    3.8762E+01    2.1031E+01    2.1567E+01    1.8695E+01    4.9734E+01    3.6026E+01    1.8935E+01    5.6987E+00    9.9787E+00    4.0170E-02    7.3155E+00   
 1.1255E+03    3.8422E+01    3.8750E+01    2.1013E+01    2.1567E+01    1.8711E+01    4.9716E+01    3.6041E+01    1.8965E+01    5.7191E+00    9.9787E+00    4.0170E-02    7.3729E+00   
 1.1261E+03    3.8422E+01    3.8728E+01    2.0941E+01    2.1507E+01    1.8688E+01    4.9658E+01    3.6029E+01    1.8951E+01    5.7191E+00    9.9990E+00    4.0170E-02    7.3443E+00   
 1.1266E+03    3.8429E+01    3.8736E+01    2.0925E+01    2.1512E+01    1.8720E+01    4.9618E+01    3.5995E+01    1.8959E+01    5.7191E+00    9.9787E+00    4.0170E-02    7.3729E+00   
 1.1271E+03    3.8456E+01    3.8741E+01    2.0925E+01    2.1509E+01    1.8735E+01    4.9618E+01    3.5977E+01    1.8959E+01    5.7191E+00    9.9787E+00    4.0170E-02    7.3155E+00   
 1.1276E+03    3.8442E+01    3.8726E+01    2.0959E+01    2.1486E+01    1.8745E+01    4.9551E+01    3.5948E+01    1.8958E+01    5.7191E+00    9.9787E+00    4.0170E-02    7.4015E+00   
 1.1282E+03    3.8430E+01    3.8709E+01    2.0990E+01    2.1507E+01    1.8764E+01    4.9511E+01    3.5919E+01    1.8977E+01    5.7191E+00    9.9787E+00    4.0170E-02    7.3443E+00   
 1.1287E+03    3.8419E+01    3.8711E+01    2.1019E+01    2.1522E+01    1.8764E+01    4.9471E+01    3.5919E+01    1.8981E+01    5.7191E+00    9.9787E+00    4.0170E-02    7.3443E+00   
 1.1292E+03    3.8419E+01    3.8704E+01    2.1017E+01    2.1490E+01    1.8785E+01    4.9414E+01    3.5885E+01    1.8980E+01    5.7191E+00    9.9583E+00    4.0170E-02    7.4015E+00   
 1.1298E+03    3.8407E+01    3.8684E+01    2.1005E+01    2.1457E+01    1.8777E+01    4.9369E+01    3.5875E+01    1.8992E+01    5.7191E+00    9.9787E+00    4.0170E-02    7.3729E+00   
 1.1303E+03    3.8415E+01    3.8671E+01    2.1005E+01    2.1465E+01    1.8787E+01    4.9369E+01    3.5845E+01    1.8992E+01    5.7191E+00    9.9583E+00    4.0170E-02    7.3729E+00   
 1.1308E+03    3.8406E+01    3.8671E+01    2.1011E+01    2.1428E+01    1.8802E+01    4.9311E+01    3.5812E+01    1.8989E+01    5.7191E+00    9.9583E+00    4.0170E-02    7.3729E+00   
 1.1313E+03    3.8390E+01    3.8656E+01    2.1009E+01    2.1440E+01    1.8819E+01    4.9286E+01    3.5782E+01    1.8989E+01    5.7191E+00    9.9583E+00    4.0170E-02    7.3729E+00   
 1.1319E+03    3.8376E+01    3.8628E+01    2.1002E+01    2.1440E+01    1.8819E+01    4.9219E+01    3.5782E+01    1.8988E+01    5.7191E+00    9.9583E+00    4.0170E-02    7.3443E+00   
# Time (s)      T1w (C)       T2w (C)       T1a (C)       T2a (C)       T1r (C)       T2r (C)       T3r (C)       T4r (C)       P1 (bar)      P2 (bar)      Ic (amp)      Qc (l/min)    
 1.1324E+03    3.8376E+01    3.8634E+01    2.0999E+01    2.1459E+01    1.8824E+01    4.9175E+01    3.5768E+01    1.8996E+01    5.7191E+00    9.9583E+00    4.0170E-02    7.3443E+00   
 1.1329E+03    3.8364E+01    3.8616E+01    2.0986E+01    2.1463E+01    1.8839E+01    4.9136E+01    3.5736E+01    1.9009E+01    5.7191E+00    9.9583E+00    4.0170E-02    7.3729E+00   
 1.1335E+03    3.8338E+01    3.8584E+01    2.0955E+01    2.1503E+01    1.8837E+01    4.9076E+01    3.5728E+01    1.9014E+01    5.7191E+00    9.9583E+00    4.0170E-02    7.3729E+00   
 1.1340E+03    3.8296E+01    3.8584E+01    2.0955E+01    2.1486E+01    1.8876E+01    4.9076E+01    3.5701E+01    1.9014E+01    5.7191E+00    9.9583E+00    4.0170E-02    7.3443E+00   
 1.1345E+03    3.8274E+01    3.8568E+01    2.0898E+01    2.1515E+01    1.8890E+01    4.9022E+01    3.5688E+01    1.9016E+01    5.7191E+00    9.9380E+00    4.0170E-02    7.3443E+00   
 1.1350E+03    3.8257E+01    3.8560E+01    2.0890E+01    2.1532E+01    1.8900E+01    4.9004E+01    3.5648E+01    1.9026E+01    5.7191E+00    9.9583E+00    3.5079E-02    7.3155E+00   
 1.1356E+03    3.8257E+01    3.8542E+01    2.0911E+01    2.1532E+01    1.8900E+01    4.8941E+01    3.5648E+01    1.9021E+01    5.7191E+00    9.9380E+00    4.0170E-02    7.3155E+00   
 1.1361E+03    3.8240E+01    3.8532E+01    2.0946E+01    2.1554E+01    1.8920E+01    4.8877E+01    3.5617E+01    1.9028E+01    5.7191E+00    9.9380E+00    4.0170E-02    7.2866E+00   
 1.1366E+03    3.8236E+01    3.8534E+01    2.0959E+01    2.1554E+01    1.8927E+01    4.8838E+01    3.5606E+01    1.9025E+01    5.7191E+00    9.9380E+00    4.0170E-02    7.3443E+00   
 1.1371E+03    3.8228E+01    3.8538E+01    2.0959E+01    2.1597E+01    1.8935E+01    4.8838E+01    3.5576E+01    1.9025E+01    5.7191E+00    9.9380E+00    4.0170E-02    7.3729E+00   
 1.1377E+03    3.8225E+01    3.8553E+01    2.0994E+01    2.1625E+01    1.8944E+01    4.8781E+01    3.5554E+01    1.9034E+01    5.7191E+00    9.9380E+00    4.0170E-02    7.3155E+00   
 1.1382E+03    3.8215E+01    3.8534E+01    2.1011E+01    2.1610E+01    1.8979E+01    4.8745E+01    3.5534E+01    1.9029E+01    5.7191E+00    9.9380E+00    4.0170E-02    7.3443E+00   
 1.1387E+03    3.8207E+01    3.8517E+01    2.0993E+01    2.1610E+01    1.8995E+01    4.8727E+01    3.5550E+01    1.9060E+01    5.7191E+00    9.9380E+00    4.0170E-02    7.3729E+00   
 1.1393E+03    3.8207E+01    3.8512E+01    2.0992E+01    2.1618E+01    1.8990E+01    4.8657E+01    3.5535E+01    1.9061E+01    5.7191E+00    9.9176E+00    3.5079E-02    7.3443E+00   
 1.1398E+03    3.8205E+01    3.8505E+01    2.0969E+01    2.1620E+01    1.9031E+01    4.8635E+01    3.5513E+01    1.9086E+01    5.7191E+00    9.9176E+00    4.0170E-02    7.3155E+00   
 1.1403E+03    3.8194E+01    3.8508E+01    2.0969E+01    2.1650E+01    1.9031E+01    4.8635E+01    3.5495E+01    1.9086E+01    5.7191E+00    9.9176E+00    4.0170E-02    7.3443E+00   
 1.1408E+03    3.8170E+01    3.8508E+01    2.0984E+01    2.1663E+01    1.9076E+01    4.8609E+01    3.5492E+01    1.9092E+01    5.7191E+00    9.9176E+00    4.0170E-02    7.3155E+00   
 1.1414E+03    3.8165E+01    3.8493E+01    2.0956E+01    2.1697E+01    1.9074E+01    4.8552E+01    3.5477E+01    1.9114E+01    5.7191E+00    9.9176E+00    4.0170E-02    7.3729E+00   
 1.1419E+03    3.8140E+01    3.8477E+01    2.0969E+01    2.1697E+01    1.9090E+01    4.8534E+01    3.5493E+01    1.9133E+01    5.7191E+00    9.9176E+00    4.0170E-02    7.3443E+00   
 1.1424E+03    3.8140E+01    3.8483E+01    2.0967E+01    2.1681E+01    1.9096E+01    4.8464E+01    3.5457E+01    1.9128E+01    5.7191E+00    9.9176E+00    4.0170E-02    7.3729E+00   
 1.1430E+03    3.8110E+01    3.8455E+01    2.0990E+01    2.1694E+01    1.9116E+01    4.8409E+01    3.5444E+01    1.9125E+01    5.7191E+00    9.9176E+00    4.0170E-02    7.3729E+00   
 1.1435E+03    3.8104E+01    3.8427E+01    2.0990E+01    2.1678E+01    1.9135E+01    4.8409E+01    3.5419E+01    1.9133E+01    5.7191E+00    9.8972E+00    4.0170E-02    7.3443E+00   
 1.1440E+03    3.8068E+01    3.8427E+01    2.0971E+01    2.1672E+01    1.9147E+01    4.8377E+01    3.5381E+01    1.9133E+01    5.7191E+00    9.8972E+00    4.0170E-02    7.3155E+00   
 1.1445E+03    3.8078E+01    3.8425E+01    2.0987E+01    2.1706E+01    1.9160E+01    4.8329E+01    3.5373E+01    1.9140E+01    5.7191E+00    9.8972E+00    4.0170E-02    7.3443E+00   
 1.1451E+03    3.8055E+01    3.8418E+01    2.0999E+01    2.1706E+01    1.9160E+01    4.8268E+01    3.5339E+01    1.9142E+01    5.7191E+00    9.8972E+00    4.0170E-02    7.3443E+00   
 1.1456E+03    3.8055E+01    3.8408E+01    2.1012E+01    2.1753E+01    1.9188E+01    4.8226E+01    3.5354E+01    1.9166E+01    5.7191E+00    9.8972E+00    4.0170E-02    7.3443E+00   
 1.1461E+03    3.8062E+01    3.8384E+01    2.1028E+01    2.1739E+01    1.9200E+01    4.8174E+01    3.5332E+01    1.9174E+01    5.7395E+00    9.8972E+00    4.0170E-02    7.3443E+00   
 1.1467E+03    3.8069E+01    3.8387E+01    2.1043E+01    2.1791E+01    1.9205E+01    4.8137E+01    3.5300E+01    1.9182E+01    5.7191E+00    9.8769E+00    4.0170E-02    7.3443E+00   
 1.1472E+03    3.8053E+01    3.8387E+01    2.1042E+01    2.1811E+01    1.9221E+01    4.8137E+01    3.5288E+01    1.9182E+01    5.7191E+00    9.8972E+00    4.0170E-02    7.3155E+00   
 1.1477E+03    3.8058E+01    3.8377E+01    2.1021E+01    2.1845E+01    1.9247E+01    4.8102E+01    3.5286E+01    1.9205E+01    5.7191E+00    9.8972E+00    4.0170E-02    7.3729E+00   
# Time (s)      T1w (C)       T2w (C)       T1a (C)       T2a (C)       T1r (C)       T2r (C)       T3r (C)       T4r (C)       P1 (bar)      P2 (bar)      Ic (amp)      Qc (l/min)    
 1.1482E+03    3.8045E+01    3.8368E+01    2.1009E+01    2.1795E+01    1.9252E+01    4.8058E+01    3.5260E+01    1.9189E+01    5.7191E+00    9.8769E+00    4.0170E-02    7.3443E+00   
 1.1488E+03    3.8045E+01    3.8357E+01    2.0996E+01    2.1795E+01    1.9268E+01    4.8030E+01    3.5275E+01    1.9237E+01    5.7191E+00    9.8769E+00    4.0170E-02    7.3729E+00   
 1.1493E+03    3.8056E+01    3.8359E+01    2.0991E+01    2.1794E+01    1.9291E+01    4.7975E+01    3.5251E+01    1.9238E+01    5.7191E+00    9.8769E+00    4.0170E-02    7.3729E+00   
 1.1498E+03    3.8054E+01    3.8328E+01    2.0983E+01    2.1801E+01    1.9300E+01    4.7929E+01    3.5220E+01    1.9226E+01    5.7395E+00    9.8769E+00    4.0170E-02    7.3729E+00   
 1.1504E+03    3.8045E+01    3.8322E+01    2.0983E+01    2.1832E+01    1.9309E+01    4.7929E+01    3.5186E+01    1.9226E+01    5.7395E+00    9.8769E+00    4.0170E-02    7.3443E+00   
 1.1509E+03    3.8038E+01    3.8322E+01    2.0948E+01    2.1821E+01    1.9337E+01    4.7900E+01    3.5205E+01    1.9271E+01    5.7395E+00    9.8769E+00    4.0170E-02    7.3729E+00   
 1.1514E+03    3.8015E+01    3.8296E+01    2.0889E+01    2.1824E+01    1.9356E+01    4.7855E+01    3.5188E+01    1.9266E+01    5.7395E+00    9.8769E+00    4.0170E-02    7.3443E+00   
 1.1519E+03    3.8028E+01    3.8299E+01    2.0921E+01    2.1840E+01    1.9356E+01    4.7795E+01    3.5188E+01    1.9266E+01    5.7395E+00    9.8565E+00    4.0170E-02    7.3443E+00   
 1.1525E+03    3.8028E+01    3.8304E+01    2.0962E+01    2.1841E+01    1.9361E+01    4.7746E+01    3.5156E+01    1.9273E+01    5.7395E+00    9.8565E+00    4.0170E-02    7.3443E+00   
 1.1530E+03    3.8013E+01    3.8300E+01    2.1005E+01    2.1853E+01    1.9375E+01    4.7708E+01    3.5150E+01    1.9269E+01    5.7395E+00    9.8565E+00    4.0170E-02    7.3155E+00   
 1.1535E+03    3.8024E+01    3.8269E+01    2.1005E+01    2.1857E+01    1.9373E+01    4.7708E+01    3.5113E+01    1.9269E+01    5.7395E+00    9.8565E+00    4.0170E-02    7.3155E+00   
 1.1541E+03    3.8022E+01    3.8269E+01    2.1000E+01    2.1863E+01    1.9399E+01    4.7677E+01    3.5085E+01    1.9270E+01    5.7395E+00    9.8565E+00    4.0170E-02    7.3155E+00   
 1.1546E+03    3.8018E+01    3.8273E+01    2.0977E+01    2.1865E+01    1.9419E+01    4.7615E+01    3.5075E+01    1.9285E+01    5.7395E+00    9.8565E+00    4.0170E-02    7.3729E+00   
 1.1551E+03    3.8001E+01    3.8250E+01    2.0979E+01    2.1865E+01    1.9419E+01    4.7577E+01    3.5075E+01    1.9281E+01    5.7395E+00    9.8565E+00    4.0170E-02    7.3155E+00   
 1.1556E+03    3.8001E+01    3.8250E+01    2.0988E+01    2.1858E+01    1.9441E+01    4.7537E+01    3.5060E+01    1.9311E+01    5.7395E+00    9.8565E+00    4.0170E-02    7.2577E+00   
 1.1562E+03    3.7990E+01    3.8240E+01    2.1004E+01    2.1853E+01    1.9449E+01    4.7492E+01    3.5034E+01    1.9313E+01    5.7395E+00    9.8565E+00    4.0170E-02    7.3155E+00   
 1.1567E+03    3.7977E+01    3.8237E+01    2.1004E+01    2.1847E+01    1.9468E+01    4.7507E+01    3.5031E+01    1.9313E+01    5.7395E+00    9.8362E+00    4.0170E-02    7.3443E+00   
 1.1572E+03    3.7966E+01    3.8237E+01    2.0998E+01    2.1850E+01    1.9489E+01    4.7480E+01    3.5014E+01    1.9313E+01    5.7395E+00    9.8362E+00    4.0170E-02    7.2866E+00   
 1.1578E+03    3.7980E+01    3.8228E+01    2.0967E+01    2.1871E+01    1.9508E+01    4.7432E+01    3.5010E+01    1.9331E+01    5.7395E+00    9.8362E+00    4.0170E-02    7.3729E+00   
 1.1583E+03    3.7994E+01    3.8234E+01    2.0966E+01    2.1871E+01    1.9508E+01    4.7395E+01    3.4979E+01    1.9342E+01    5.7395E+00    9.8362E+00    4.0170E-02    7.3443E+00   
 1.1588E+03    3.7994E+01    3.8216E+01    2.0990E+01    2.1886E+01    1.9520E+01    4.7346E+01    3.4979E+01    1.9354E+01    5.7395E+00    9.8362E+00    4.0170E-02    7.4015E+00   
 1.1594E+03    3.7966E+01    3.8218E+01    2.0968E+01    2.1929E+01    1.9528E+01    4.7303E+01    3.4959E+01    1.9348E+01    5.7395E+00    9.8362E+00    4.0170E-02    7.3729E+00   
 1.1599E+03    3.7956E+01    3.8192E+01    2.0953E+01    2.1953E+01    1.9546E+01    4.7257E+01    3.4936E+01    1.9361E+01    5.7395E+00    9.8362E+00    4.0170E-02    7.3443E+00   
 1.1604E+03    3.7970E+01    3.8190E+01    2.0953E+01    2.1944E+01    1.9576E+01    4.7257E+01    3.4915E+01    1.9361E+01    5.7395E+00    9.8362E+00    4.0170E-02    7.3155E+00   
 1.1609E+03    3.7958E+01    3.8190E+01    2.0969E+01    2.1939E+01    1.9562E+01    4.7198E+01    3.4895E+01    1.9356E+01    5.7395E+00    9.8362E+00    4.0170E-02    7.2866E+00   
 1.1615E+03    3.7949E+01    3.8179E+01    2.0966E+01    2.1874E+01    1.9575E+01    4.7166E+01    3.4886E+01    1.9367E+01    5.7395E+00    9.8362E+00    4.0170E-02    7.3443E+00   
 1.1620E+03    3.7950E+01    3.8164E+01    2.0968E+01    2.1874E+01    1.9575E+01    4.7140E+01    3.4886E+01    1.9356E+01    5.7395E+00    9.8362E+00    4.0170E-02    7.3443E+00   
 1.1625E+03    3.7950E+01    3.8161E+01    2.0983E+01    2.1893E+01    1.9576E+01    4.7089E+01    3.4840E+01    1.9369E+01    5.7395E+00    9.8158E+00    4.0170E-02    7.3443E+00   
 1.1630E+03    3.7950E+01    3.8159E+01    2.0981E+01    2.1899E+01    1.9602E+01    4.7049E+01    3.4831E+01    1.9368E+01    5.7395E+00    9.8158E+00    4.0170E-02    7.4015E+00   
 1.1636E+03    3.7925E+01    3.8137E+01    2.0981E+01    2.1866E+01    1.9610E+01    4.7049E+01    3.4792E+01    1.9368E+01    5.7395E+00    9.8158E+00    4.0170E-02    7.3443E+00   
# Time (s)      T1w (C)       T2w (C)       T1a (C)       T2a (C)       T1r (C)       T2r (C)       T3r (C)       T4r (C)       P1 (bar)      P2 (bar)      Ic (amp)      Qc (l/min)    
 1.1641E+03    3.7908E+01    3.8137E+01    2.0996E+01    2.1784E+01    1.9611E+01    4.7003E+01    3.4781E+01    1.9383E+01    5.7395E+00    9.8158E+00    3.5079E-02    7.3155E+00   
 1.1646E+03    3.7917E+01    3.8141E+01    2.1007E+01    2.1760E+01    1.9629E+01    4.6960E+01    3.4736E+01    1.9361E+01    5.7395E+00    9.8158E+00    4.0170E-02    7.3443E+00   
 1.1652E+03    3.7906E+01    3.8121E+01    2.1004E+01    2.1760E+01    1.9629E+01    4.6908E+01    3.4736E+01    1.9367E+01    5.7395E+00    9.8158E+00    4.0170E-02    7.3155E+00   
 1.1657E+03    3.7906E+01    3.8126E+01    2.0999E+01    2.1750E+01    1.9637E+01    4.6875E+01    3.4718E+01    1.9377E+01    5.7395E+00    9.8158E+00    4.0170E-02    7.4015E+00   
 1.1662E+03    3.7892E+01    3.8111E+01    2.0982E+01    2.1731E+01    1.9648E+01    4.6811E+01    3.4697E+01    1.9382E+01    5.7395E+00    9.8158E+00    4.0170E-02    7.3729E+00   
 1.1668E+03    3.7885E+01    3.8097E+01    2.0982E+01    2.1754E+01    1.9658E+01    4.6811E+01    3.4685E+01    1.9370E+01    5.7395E+00    9.8158E+00    4.0170E-02    7.2866E+00   
 1.1673E+03    3.7868E+01    3.8092E+01    2.0969E+01    2.1766E+01    1.9666E+01    4.6779E+01    3.4642E+01    1.9370E+01    5.7395E+00    9.7954E+00    4.0170E-02    7.3729E+00   
 1.1678E+03    3.7867E+01    3.8092E+01    2.0972E+01    2.1779E+01    1.9667E+01    4.6729E+01    3.4640E+01    1.9382E+01    5.7395E+00    9.7954E+00    4.0170E-02    7.3155E+00   
 1.1683E+03    3.7868E+01    3.8083E+01    2.0963E+01    2.1779E+01    1.9667E+01    4.6697E+01    3.4640E+01    1.9384E+01    5.7395E+00    9.7954E+00    4.0170E-02    7.3443E+00   
 1.1689E+03    3.7868E+01    3.8073E+01    2.0965E+01    2.1807E+01    1.9698E+01    4.6673E+01    3.4616E+01    1.9405E+01    5.7395E+00    9.7954E+00    4.0170E-02    7.3155E+00   
 1.1694E+03    3.7852E+01    3.8063E+01    2.0941E+01    2.1791E+01    1.9709E+01    4.6635E+01    3.4603E+01    1.9412E+01    5.7395E+00    9.7954E+00    4.0170E-02    7.2866E+00   
 1.1699E+03    3.7812E+01    3.8058E+01    2.0964E+01    2.1760E+01    1.9711E+01    4.6591E+01    3.4566E+01    1.9400E+01    5.7395E+00    9.7954E+00    4.0170E-02    7.3443E+00   
 1.1705E+03    3.7814E+01    3.8051E+01    2.0964E+01    2.1760E+01    1.9701E+01    4.6591E+01    3.4549E+01    1.9400E+01    5.7395E+00    9.7954E+00    4.0170E-02    7.3443E+00   
 1.1710E+03    3.7788E+01    3.8051E+01    2.0980E+01    2.1773E+01    1.9714E+01    4.6537E+01    3.4541E+01    1.9410E+01    5.7395E+00    9.7954E+00    4.0170E-02    7.3729E+00   
 1.1715E+03    3.7775E+01    3.8042E+01    2.0989E+01    2.1733E+01    1.9737E+01    4.6501E+01    3.4512E+01    1.9399E+01    5.7395E+00    9.7954E+00    4.0170E-02    7.3155E+00   
 1.1720E+03    3.7759E+01    3.8039E+01    2.0983E+01    2.1733E+01    1.9721E+01    4.6422E+01    3.4496E+01    1.9409E+01    5.7395E+00    9.7954E+00    4.0170E-02    7.3443E+00   
 1.1726E+03    3.7759E+01    3.8024E+01    2.0956E+01    2.1674E+01    1.9717E+01    4.6404E+01    3.4481E+01    1.9417E+01    5.7395E+00    9.7751E+00    4.0170E-02    7.3443E+00   
 1.1731E+03    3.7761E+01    3.8005E+01    2.0903E+01    2.1641E+01    1.9731E+01    4.6372E+01    3.4458E+01    1.9407E+01    5.7395E+00    9.7954E+00    4.0170E-02    7.3729E+00   
 1.1736E+03    3.7743E+01    3.7990E+01    2.0903E+01    2.1618E+01    1.9750E+01    4.6372E+01    3.4430E+01    1.9407E+01    5.7600E+00    9.7751E+00    4.0170E-02    7.3443E+00   
 1.1742E+03    3.7773E+01    3.7990E+01    2.0840E+01    2.1616E+01    1.9774E+01    4.6340E+01    3.4427E+01    1.9419E+01    5.7395E+00    9.7751E+00    4.0170E-02    7.3155E+00   
 1.1747E+03    3.7760E+01    3.7997E+01    2.0797E+01    2.1603E+01    1.9769E+01    4.6313E+01    3.4418E+01    1.9434E+01    5.7600E+00    9.7751E+00    4.0170E-02    7.3729E+00   
 1.1752E+03    3.7754E+01    3.7976E+01    2.0797E+01    2.1603E+01    1.9769E+01    4.6263E+01    3.4418E+01    1.9436E+01    5.7395E+00    9.7751E+00    4.0170E-02    7.3443E+00   
 1.1757E+03    3.7754E+01    3.7974E+01    2.0794E+01    2.1604E+01    1.9789E+01    4.6225E+01    3.4405E+01    1.9454E+01    5.7600E+00    9.7751E+00    4.0170E-02    7.2866E+00   
 1.1763E+03    3.7752E+01    3.7966E+01    2.0800E+01    2.1624E+01    1.9803E+01    4.6192E+01    3.4365E+01    1.9448E+01    5.7395E+00    9.7751E+00    4.0170E-02    7.3155E+00   
 1.1768E+03    3.7741E+01    3.7966E+01    2.0800E+01    2.1585E+01    1.9812E+01    4.6177E+01    3.4342E+01    1.9432E+01    5.7395E+00    9.7751E+00    4.0170E-02    7.3155E+00   
 1.1773E+03    3.7701E+01    3.7966E+01    2.0797E+01    2.1617E+01    1.9806E+01    4.6140E+01    3.4312E+01    1.9447E+01    5.7395E+00    9.7751E+00    4.0170E-02    7.3155E+00   
 1.1779E+03    3.7694E+01    3.7940E+01    2.0737E+01    2.1599E+01    1.9832E+01    4.6102E+01    3.4295E+01    1.9447E+01    5.7600E+00    9.7751E+00    4.0170E-02    7.3443E+00   
 1.1784E+03    3.7666E+01    3.7925E+01    2.0753E+01    2.1599E+01    1.9832E+01    4.6061E+01    3.4295E+01    1.9449E+01    5.7600E+00    9.7547E+00    4.0170E-02    7.3729E+00   
 1.1789E+03    3.7666E+01    3.7909E+01    2.0790E+01    2.1616E+01    1.9827E+01    4.6007E+01    3.4273E+01    1.9457E+01    5.7600E+00    9.7751E+00    4.0170E-02    7.3729E+00   
 1.1794E+03    3.7673E+01    3.7909E+01    2.0844E+01    2.1646E+01    1.9837E+01    4.5981E+01    3.4254E+01    1.9443E+01    5.7600E+00    9.7547E+00    4.0170E-02    7.3443E+00   
# Time (s)      T1w (C)       T2w (C)       T1a (C)       T2a (C)       T1r (C)       T2r (C)       T3r (C)       T4r (C)       P1 (bar)      P2 (bar)      Ic (amp)      Qc (l/min)    
 1.1800E+03    3.7671E+01    3.7909E+01    2.0844E+01    2.1642E+01    1.9867E+01    4.5949E+01    3.4260E+01    1.9481E+01    5.7600E+00    9.7547E+00    4.0170E-02    7.3729E+00   
 1.1805E+03    3.7657E+01    3.7887E+01    2.0858E+01    2.1659E+01    1.9884E+01    4.5949E+01    3.4231E+01    1.9481E+01    5.7600E+00    9.7547E+00    4.0170E-02    7.3443E+00   
 1.1810E+03    3.7647E+01    3.7887E+01    2.0880E+01    2.1672E+01    1.9888E+01    4.5922E+01    3.4225E+01    1.9493E+01    5.7600E+00    9.7547E+00    4.0170E-02    7.3729E+00   
                                                                                                                                                                                                                                                                                                                                                                                                                                                                                                                                                                                                                                                                                                                                                                                                                                                                                                                                                                                                                                                                                                                                                                                                                                                                                                                                                                                                                                                                                                                                                                                                                                                                                                                                                                                                                                                                                                                                                                                                                                                                                                                                                                                                                                                                                                                                                                                                                                                                                                                                                                                                                                                                                                                                                                                                                                                                                                                                                                                                                                                                                                                                                                                                                                                                                                                                                                                                                                                                                                                                                                                                                                                                                                                                                                                                                          