# Run number  1 on Tue 2026-05-19T09:05:40 BST
# Time (s)      T1w (C)       T2w (C)       T1a (C)       T2a (C)       T1r (C)       T2r (C)       T3r (C)       T4r (C)       P1 (bar)      P2 (bar)      Ic (amp)      Qc (l/min)    
 2.8939E-01    2.0614E+01    2.0680E+01    2.0219E+01    1.9206E+01    1.9731E+01    2.0245E+01    2.0052E+01    2.0051E+01    5.8824E+00    5.9067E+00    4.0170E-02    3.0521E-01   
 9.7817E-01    2.0596E+01    2.0662E+01    2.0259E+01    1.9192E+01    1.9685E+01    2.0222E+01    2.0000E+01    2.0025E+01    5.8824E+00    5.9271E+00    4.0170E-02    3.0521E-01   
 1.4784E+00    2.0603E+01    2.0665E+01    2.0257E+01    1.9240E+01    1.9698E+01    2.0221E+01    2.0006E+01    2.0005E+01    5.8824E+00    5.9271E+00    4.0170E-02    3.0521E-01   
 1.9787E+00    2.0594E+01    2.0665E+01    2.0257E+01    1.9240E+01    1.9684E+01    2.0206E+01    2.0019E+01    2.0005E+01    5.8824E+00    5.9067E+00    6.7652E-01    5.7313E-01   
 2.5426E+00    2.0596E+01    2.0664E+01    2.0047E+01    1.9228E+01    1.9690E+01    2.0179E+01    1.9995E+01    2.0000E+01    5.8824E+00    5.9067E+00    2.9521E+00    8.6609E-01   
 3.0429E+00    2.0591E+01    2.0648E+01    1.9854E+01    1.9245E+01    1.9681E+01    2.0209E+01    2.0023E+01    1.9983E+01    5.8824E+00    5.9067E+00    3.0743E+00    8.6609E-01   
 3.5432E+00    2.0591E+01    2.0660E+01    1.9854E+01    1.9271E+01    1.9697E+01    2.0220E+01    2.0039E+01    2.0000E+01    5.8824E+00    5.9271E+00    3.0692E+00    5.7313E-01   
 4.0436E+00    2.0573E+01    2.0638E+01    1.9816E+01    1.9307E+01    1.9704E+01    2.0230E+01    2.0021E+01    2.0017E+01    5.8824E+00    5.9067E+00    3.0743E+00    5.7313E-01   
 4.6234E+00    2.0606E+01    2.0645E+01    1.9742E+01    1.9286E+01    1.9701E+01    2.0214E+01    2.0033E+01    2.0022E+01    5.8824E+00    5.9067E+00    1.1805E+00    5.7313E-01   
 5.1238E+00    2.0598E+01    2.0645E+01    1.9711E+01    1.9286E+01    1.9714E+01    2.0214E+01    2.0022E+01    2.0022E+01    5.8824E+00    5.9067E+00    1.5726E-01    5.7313E-01   
 5.6243E+00    2.0608E+01    2.0665E+01    1.9477E+01    1.9247E+01    1.9719E+01    2.0236E+01    2.0023E+01    2.0023E+01    5.8824E+00    5.9067E+00    5.0351E-02    3.0521E-01   
 6.1246E+00    2.0608E+01    2.0664E+01    1.9477E+01    1.9264E+01    1.9719E+01    2.0230E+01    2.0038E+01    2.0034E+01    5.8824E+00    5.9067E+00    4.0170E-02    5.7313E-01   
 6.7276E+00    2.0602E+01    2.0661E+01    1.9293E+01    1.9250E+01    1.9736E+01    2.0249E+01    2.0053E+01    2.0028E+01    5.8824E+00    5.9067E+00    4.0170E-02    3.0521E-01   
 7.2278E+00    2.0612E+01    2.0678E+01    1.9341E+01    1.9233E+01    1.9740E+01    2.0250E+01    2.0052E+01    2.0045E+01    5.8824E+00    5.9067E+00    4.0170E-02    3.0521E-01   
 7.7282E+00    2.0605E+01    2.0678E+01    1.9368E+01    1.9210E+01    1.9716E+01    2.0232E+01    2.0020E+01    2.0017E+01    5.8824E+00    5.9067E+00    4.0170E-02    5.7313E-01   
 8.2285E+00    2.0608E+01    2.0666E+01    1.9494E+01    1.9210E+01    1.9718E+01    2.0232E+01    2.0042E+01    2.0017E+01    5.8824E+00    5.9067E+00    4.0170E-02    5.7313E-01   
 8.7995E+00    2.0603E+01    2.0668E+01    1.9569E+01    1.9193E+01    1.9722E+01    2.0226E+01    2.0048E+01    2.0051E+01    5.8824E+00    5.9067E+00    4.0170E-02    5.7313E-01   
 9.2998E+00    2.0603E+01    2.0668E+01    1.9717E+01    1.9215E+01    1.9740E+01    2.0211E+01    2.0043E+01    2.0058E+01    5.8824E+00    5.9067E+00    4.0170E-02    5.7313E-01   
 9.8001E+00    2.0601E+01    2.0657E+01    1.9702E+01    1.9206E+01    1.9756E+01    2.0247E+01    2.0059E+01    2.0076E+01    5.8824E+00    5.9067E+00    4.0170E-02    5.9943E+00   
 1.0300E+01    2.0603E+01    2.0653E+01    1.9727E+01    1.9224E+01    1.9744E+01    2.0253E+01    2.0062E+01    2.0066E+01    5.8824E+00    5.9067E+00    4.0170E-02    6.0643E+00   
 1.0920E+01    2.0599E+01    2.0662E+01    1.9785E+01    1.9226E+01    1.9753E+01    2.0250E+01    2.0063E+01    2.0079E+01    5.8824E+00    5.9067E+00    4.0170E-02    5.7060E+00   
 1.1420E+01    2.0593E+01    2.0662E+01    1.9830E+01    1.9226E+01    1.9752E+01    2.0250E+01    2.0074E+01    2.0079E+01    5.8824E+00    5.9067E+00    4.0170E-02    4.0665E+00   
 1.1920E+01    2.0594E+01    2.0667E+01    1.9823E+01    1.9259E+01    1.9741E+01    2.0234E+01    2.0076E+01    2.0088E+01    5.8824E+00    5.9067E+00    4.0170E-02    2.9912E+00   
 1.2421E+01    2.0594E+01    2.0654E+01    1.9823E+01    1.9290E+01    1.9741E+01    2.0249E+01    2.0086E+01    2.0074E+01    5.8824E+00    5.9067E+00    4.0170E-02    3.1290E+00   
 1.3000E+01    2.0604E+01    2.0659E+01    1.9906E+01    1.9277E+01    1.9742E+01    2.0240E+01    2.0086E+01    2.0066E+01    5.8824E+00    5.9067E+00    4.0170E-02    3.0609E+00   
 1.3501E+01    2.0589E+01    2.0645E+01    1.9866E+01    1.9258E+01    1.9740E+01    2.0254E+01    2.0067E+01    2.0055E+01    5.8824E+00    5.9067E+00    4.0170E-02    2.6946E+00   
 1.4001E+01    2.0590E+01    2.0661E+01    1.9739E+01    1.9265E+01    1.9736E+01    2.0246E+01    2.0065E+01    2.0068E+01    5.8824E+00    5.9067E+00    4.0170E-02    2.8468E+00   
 1.4501E+01    2.0604E+01    2.0672E+01    1.9645E+01    1.9265E+01    1.9756E+01    2.0246E+01    2.0079E+01    2.0068E+01    5.8824E+00    5.9067E+00    4.0170E-02    2.5333E+00   
 1.5088E+01    2.0606E+01    2.0680E+01    1.9551E+01    1.9183E+01    1.9748E+01    2.0238E+01    2.0087E+01    2.0065E+01    5.8824E+00    5.9067E+00    4.0170E-02    2.6152E+00   
 1.5589E+01    2.0606E+01    2.0687E+01    1.9505E+01    1.9154E+01    1.9747E+01    2.0238E+01    2.0073E+01    2.0060E+01    5.8824E+00    5.9067E+00    4.0170E-02    2.7717E+00   
# Time (s)      T1w (C)       T2w (C)       T1a (C)       T2a (C)       T1r (C)       T2r (C)       T3r (C)       T4r (C)       P1 (bar)      P2 (bar)      Ic (amp)      Qc (l/min)    
 1.6089E+01    2.0615E+01    2.0683E+01    1.9505E+01    1.9158E+01    1.9747E+01    2.0246E+01    2.0073E+01    2.0075E+01    5.8824E+00    5.9067E+00    4.0170E-02    2.7717E+00   
 1.6589E+01    2.0612E+01    2.0687E+01    1.9457E+01    1.9209E+01    1.9750E+01    2.0253E+01    2.0071E+01    2.0061E+01    5.8824E+00    5.9067E+00    4.0170E-02    3.0609E+00   
 1.7161E+01    2.0612E+01    2.0687E+01    1.9420E+01    1.9209E+01    1.9736E+01    2.0225E+01    2.0064E+01    2.0058E+01    5.8824E+00    5.9067E+00    4.0170E-02    2.9199E+00   
 1.7661E+01    2.0620E+01    2.0677E+01    1.9402E+01    1.9209E+01    1.9730E+01    2.0225E+01    2.0062E+01    2.0058E+01    5.8824E+00    5.9067E+00    4.0170E-02    2.6946E+00   
 1.8161E+01    2.0610E+01    2.0676E+01    1.9420E+01    1.9185E+01    1.9730E+01    2.0229E+01    2.0067E+01    2.0056E+01    5.8824E+00    5.9067E+00    4.0170E-02    2.6152E+00   
 1.8662E+01    2.0626E+01    2.0713E+01    1.9435E+01    1.9178E+01    1.9714E+01    2.0215E+01    2.0052E+01    2.0039E+01    5.8824E+00    5.9067E+00    4.0170E-02    2.6946E+00   
 1.9249E+01    2.0628E+01    2.0681E+01    1.9420E+01    1.9132E+01    1.9714E+01    2.0205E+01    2.0029E+01    2.0025E+01    5.8824E+00    5.9067E+00    4.0170E-02    2.6946E+00   
 1.9749E+01    2.0611E+01    2.0708E+01    1.9454E+01    1.9157E+01    1.9721E+01    2.0219E+01    2.0046E+01    2.0032E+01    5.8824E+00    5.9067E+00    4.0170E-02    2.6946E+00   
 2.0250E+01    2.0635E+01    2.0708E+01    1.9531E+01    1.9157E+01    1.9713E+01    2.0219E+01    2.0044E+01    2.0045E+01    5.8824E+00    5.9067E+00    4.0170E-02    2.5333E+00   
 2.0750E+01    2.0640E+01    2.0720E+01    1.9403E+01    1.9161E+01    1.9736E+01    2.0221E+01    2.0073E+01    2.0061E+01    5.8824E+00    5.9067E+00    4.0170E-02    2.4487E+00   
 2.1329E+01    2.0636E+01    2.0718E+01    1.9287E+01    1.9177E+01    1.9733E+01    2.0238E+01    2.0053E+01    2.0047E+01    5.8824E+00    5.9067E+00    4.0170E-02    2.9199E+00   
 2.1829E+01    2.0636E+01    2.0703E+01    1.9287E+01    1.9198E+01    1.9733E+01    2.0233E+01    2.0058E+01    2.0049E+01    5.8824E+00    5.9067E+00    4.0170E-02    2.6152E+00   
 2.2330E+01    2.0640E+01    2.0735E+01    1.9271E+01    1.9231E+01    1.9741E+01    2.0234E+01    2.0058E+01    2.0036E+01    5.8824E+00    5.9067E+00    4.0170E-02    2.6152E+00   
 2.2830E+01    2.0645E+01    2.0714E+01    1.9077E+01    1.9250E+01    1.9750E+01    2.0240E+01    2.0057E+01    2.0061E+01    5.8824E+00    5.9067E+00    4.0170E-02    2.9199E+00   
 2.3409E+01    2.0649E+01    2.0714E+01    1.8947E+01    1.9250E+01    1.9752E+01    2.0240E+01    2.0091E+01    2.0055E+01    5.8824E+00    5.9067E+00    4.0170E-02    2.9199E+00   
 2.3910E+01    2.0650E+01    2.0720E+01    1.9020E+01    1.9245E+01    1.9763E+01    2.0258E+01    2.0079E+01    2.0071E+01    5.8824E+00    5.9067E+00    4.0170E-02    2.6946E+00   
 2.4410E+01    2.0657E+01    2.0729E+01    1.9024E+01    1.9247E+01    1.9763E+01    2.0248E+01    2.0092E+01    2.0066E+01    5.8824E+00    5.9067E+00    4.0170E-02    2.7717E+00   
 2.4911E+01    2.0657E+01    2.0728E+01    1.9024E+01    1.9255E+01    1.9763E+01    2.0257E+01    2.0092E+01    2.0060E+01    5.8824E+00    5.9067E+00    4.0170E-02    2.8468E+00   
 2.5514E+01    2.0658E+01    2.0739E+01    1.8943E+01    1.9253E+01    1.9762E+01    2.0266E+01    2.0084E+01    2.0077E+01    5.8824E+00    5.9067E+00    4.0170E-02    8.3352E+00   
 2.6014E+01    2.0629E+01    2.0734E+01    1.8911E+01    1.9277E+01    1.9761E+01    2.0251E+01    2.0096E+01    2.0075E+01    5.8824E+00    5.9271E+00    3.5079E-02    7.9997E+00   
 2.6514E+01    2.0554E+01    2.0734E+01    1.8837E+01    1.9277E+01    1.9744E+01    2.0251E+01    2.0096E+01    2.0075E+01    5.8824E+00    5.9067E+00    4.0170E-02    7.8936E+00   
 2.7015E+01    2.0456E+01    2.0681E+01    1.8865E+01    1.9291E+01    1.9749E+01    2.0268E+01    2.0101E+01    2.0068E+01    5.8824E+00    5.9067E+00    4.0170E-02    7.8668E+00   
 2.7610E+01    2.0565E+01    2.0663E+01    1.8866E+01    1.9273E+01    1.9756E+01    2.0246E+01    2.0088E+01    2.0073E+01    5.8824E+00    5.9067E+00    4.0170E-02    7.8400E+00   
 2.8110E+01    2.0581E+01    2.0696E+01    1.8882E+01    1.9276E+01    1.9756E+01    2.0261E+01    2.0101E+01    2.0094E+01    5.8824E+00    5.9067E+00    4.0170E-02    7.8668E+00   
 2.8611E+01    2.1413E+01    2.0709E+01    1.8900E+01    1.9250E+01    1.9754E+01    2.0258E+01    2.0101E+01    2.0079E+01    5.8824E+00    5.9067E+00    4.0170E-02    7.8668E+00   
 2.9111E+01    2.1748E+01    2.0708E+01    1.8874E+01    1.9239E+01    1.9763E+01    2.0265E+01    2.0098E+01    2.0077E+01    5.8620E+00    5.9067E+00    4.0170E-02    7.8130E+00   
 2.9707E+01    2.1482E+01    2.0708E+01    1.8979E+01    1.9239E+01    1.9765E+01    2.0269E+01    2.0102E+01    2.0102E+01    5.8824E+00    5.9067E+00    4.0170E-02    7.7860E+00   
 3.0207E+01    2.1211E+01    2.0712E+01    1.8986E+01    1.9239E+01    1.9773E+01    2.0284E+01    2.0114E+01    2.0102E+01    5.8824E+00    5.9067E+00    4.0170E-02    7.8400E+00   
 3.0707E+01    2.1044E+01    2.0698E+01    1.8861E+01    1.9213E+01    1.9775E+01    2.0271E+01    2.0115E+01    2.0090E+01    5.8824E+00    5.9067E+00    4.0170E-02    7.8400E+00   
 3.1208E+01    2.1060E+01    2.0728E+01    1.8876E+01    1.9234E+01    1.9775E+01    2.0274E+01    2.0115E+01    2.0093E+01    5.8824E+00    5.9067E+00    4.0170E-02    7.8400E+00   
# Time (s)      T1w (C)       T2w (C)       T1a (C)       T2a (C)       T1r (C)       T2r (C)       T3r (C)       T4r (C)       P1 (bar)      P2 (bar)      Ic (amp)      Qc (l/min)    
 3.1794E+01    2.0969E+01    2.0717E+01    1.8909E+01    1.9238E+01    1.9762E+01    2.0288E+01    2.0095E+01    2.0069E+01    5.8824E+00    5.9271E+00    4.0170E-02    7.8400E+00   
 3.2295E+01    2.0913E+01    2.0731E+01    1.8974E+01    1.9222E+01    1.9786E+01    2.0282E+01    2.0113E+01    2.0074E+01    5.8824E+00    5.9067E+00    4.0170E-02    7.8400E+00   
 3.2795E+01    2.0884E+01    2.0731E+01    1.8850E+01    1.9222E+01    1.9781E+01    2.0282E+01    2.0111E+01    2.0074E+01    5.8824E+00    5.9271E+00    4.0170E-02    7.8400E+00   
 3.3295E+01    2.0862E+01    2.0732E+01    1.8987E+01    1.9224E+01    1.9765E+01    2.0278E+01    2.0115E+01    2.0077E+01    5.8824E+00    5.9067E+00    4.0170E-02    7.8400E+00   
 3.3875E+01    2.0811E+01    2.0706E+01    1.9099E+01    1.9216E+01    1.9777E+01    2.0285E+01    2.0115E+01    2.0090E+01    5.8824E+00    5.9271E+00    4.0170E-02    7.8130E+00   
 3.4375E+01    2.0811E+01    2.0680E+01    1.9099E+01    1.9201E+01    1.9777E+01    2.0261E+01    2.0115E+01    2.0078E+01    5.8824E+00    5.9271E+00    4.0170E-02    7.7860E+00   
 3.4875E+01    2.0777E+01    2.0666E+01    1.9086E+01    1.9155E+01    1.9798E+01    2.0301E+01    2.0114E+01    2.0085E+01    5.8824E+00    5.9271E+00    4.0170E-02    7.8400E+00   
 3.5376E+01    2.0779E+01    2.0750E+01    1.9102E+01    1.9164E+01    1.9802E+01    2.0282E+01    2.0127E+01    2.0081E+01    5.8824E+00    5.9271E+00    4.0170E-02    7.8400E+00   
 3.5963E+01    2.0749E+01    2.0734E+01    1.9106E+01    1.9148E+01    1.9813E+01    2.0297E+01    2.0127E+01    2.0103E+01    5.8824E+00    5.9271E+00    4.0170E-02    7.8400E+00   
 3.6464E+01    2.0763E+01    2.0893E+01    1.9156E+01    1.9173E+01    1.9806E+01    2.0295E+01    2.0134E+01    2.0103E+01    5.8824E+00    5.9271E+00    4.0170E-02    7.7860E+00   
 3.6964E+01    2.0740E+01    2.0963E+01    1.9200E+01    1.9197E+01    1.9815E+01    2.0315E+01    2.0162E+01    2.0104E+01    5.8824E+00    5.9271E+00    3.5079E-02    7.8130E+00   
 3.7464E+01    2.0740E+01    2.1011E+01    1.9200E+01    1.9187E+01    1.9815E+01    2.0322E+01    2.0162E+01    2.0117E+01    5.8824E+00    5.9271E+00    4.0170E-02    7.8130E+00   
 3.8075E+01    2.0755E+01    2.1041E+01    1.9302E+01    1.9198E+01    1.9802E+01    2.0308E+01    2.0144E+01    2.0127E+01    5.8824E+00    5.9271E+00    4.0170E-02    7.8130E+00   
 3.8576E+01    2.0749E+01    2.1036E+01    1.9367E+01    1.9201E+01    1.9808E+01    2.0308E+01    2.0154E+01    2.0096E+01    5.8824E+00    5.9271E+00    4.0170E-02    7.8400E+00   
 3.9076E+01    2.0736E+01    2.1036E+01    1.9247E+01    1.9201E+01    1.9803E+01    2.0308E+01    2.0146E+01    2.0096E+01    5.8824E+00    5.9271E+00    4.0170E-02    7.7860E+00   
 3.9576E+01    2.0736E+01    2.1009E+01    1.9093E+01    1.9225E+01    1.9809E+01    2.0311E+01    2.0155E+01    2.0101E+01    5.8824E+00    5.9271E+00    4.0170E-02    7.8130E+00   
 4.0172E+01    2.0763E+01    2.1031E+01    1.9027E+01    1.9291E+01    1.9810E+01    2.0328E+01    2.0163E+01    2.0119E+01    5.8824E+00    5.9271E+00    4.0170E-02    7.8130E+00   
 4.0672E+01    2.0763E+01    2.0990E+01    1.9027E+01    1.9260E+01    1.9810E+01    2.0306E+01    2.0163E+01    2.0128E+01    5.8824E+00    5.9271E+00    4.0170E-02    7.8400E+00   
 4.1172E+01    2.0757E+01    2.0983E+01    1.8940E+01    1.9235E+01    1.9805E+01    2.0315E+01    2.0160E+01    2.0115E+01    5.8824E+00    5.9271E+00    3.5079E-02    7.8400E+00   
 4.1673E+01    2.0754E+01    2.0977E+01    1.9168E+01    1.9234E+01    1.9819E+01    2.0325E+01    2.0156E+01    2.0104E+01    5.8824E+00    5.9271E+00    4.0170E-02    7.8130E+00   
 4.2252E+01    2.0745E+01    2.0962E+01    1.9209E+01    1.9218E+01    1.9829E+01    2.0341E+01    2.0167E+01    2.0121E+01    5.8824E+00    5.9271E+00    4.0170E-02    7.8668E+00   
 4.2752E+01    2.0731E+01    2.0938E+01    1.9024E+01    1.9225E+01    1.9835E+01    2.0331E+01    2.0166E+01    2.0121E+01    5.8620E+00    5.9271E+00    4.0170E-02    7.8668E+00   
 4.3252E+01    2.0735E+01    2.0929E+01    1.9011E+01    1.9221E+01    1.9836E+01    2.0331E+01    2.0189E+01    2.0143E+01    5.8824E+00    5.9271E+00    4.0170E-02    7.8400E+00   
 4.3753E+01    2.0735E+01    2.0899E+01    1.9011E+01    1.9217E+01    1.9836E+01    2.0337E+01    2.0189E+01    2.0153E+01    5.8824E+00    5.9271E+00    4.0170E-02    7.8668E+00   
 4.4348E+01    2.0741E+01    2.0898E+01    1.9055E+01    1.9180E+01    1.9841E+01    2.0335E+01    2.0183E+01    2.0133E+01    5.8824E+00    5.9271E+00    4.0170E-02    7.8400E+00   
 4.4849E+01    2.0757E+01    2.0914E+01    1.9057E+01    1.9180E+01    1.9867E+01    2.0350E+01    2.0199E+01    2.0159E+01    5.8824E+00    5.9271E+00    4.0170E-02    7.8936E+00   
 4.5349E+01    2.0729E+01    2.0898E+01    1.9135E+01    1.9180E+01    1.9852E+01    2.0350E+01    2.0213E+01    2.0159E+01    5.8620E+00    5.9271E+00    4.0170E-02    7.8668E+00   
 4.5849E+01    2.0714E+01    2.0894E+01    1.9049E+01    1.9191E+01    1.9834E+01    2.0327E+01    2.0177E+01    2.0142E+01    5.8824E+00    5.9271E+00    4.0170E-02    7.8400E+00   
 4.6445E+01    2.0732E+01    2.0894E+01    1.8897E+01    1.9244E+01    1.9815E+01    2.0333E+01    2.0175E+01    2.0142E+01    5.8824E+00    5.9271E+00    4.0170E-02    7.8400E+00   
 4.6945E+01    2.0732E+01    2.0882E+01    1.8897E+01    1.9217E+01    1.9800E+01    2.0313E+01    2.0159E+01    2.0123E+01    5.8824E+00    5.9271E+00    4.0170E-02    7.8130E+00   
# Time (s)      T1w (C)       T2w (C)       T1a (C)       T2a (C)       T1r (C)       T2r (C)       T3r (C)       T4r (C)       P1 (bar)      P2 (bar)      Ic (amp)      Qc (l/min)    
 4.7446E+01    2.0726E+01    2.0872E+01    1.8796E+01    1.9185E+01    1.9818E+01    2.0287E+01    2.0156E+01    2.0111E+01    5.8824E+00    5.9271E+00    4.0170E-02    7.8130E+00   
 4.7946E+01    2.0716E+01    2.0857E+01    1.8898E+01    1.9154E+01    1.9827E+01    2.0300E+01    2.0153E+01    2.0108E+01    5.8824E+00    5.9271E+00    4.0170E-02    7.8400E+00   
 4.8549E+01    2.0714E+01    2.0842E+01    1.9062E+01    1.9154E+01    1.9837E+01    2.0297E+01    2.0153E+01    2.0116E+01    5.8824E+00    5.9271E+00    4.0170E-02    7.8400E+00   
 4.9049E+01    2.0731E+01    2.0847E+01    1.9048E+01    1.9165E+01    1.9809E+01    2.0297E+01    2.0159E+01    2.0116E+01    5.8824E+00    5.9271E+00    2.0052E+00    7.8130E+00   
 4.9549E+01    2.0742E+01    2.0839E+01    1.9223E+01    1.9217E+01    1.9820E+01    2.0314E+01    2.0173E+01    2.0088E+01    5.8620E+00    5.9271E+00    3.0539E+00    7.7860E+00   
 5.0050E+01    2.0742E+01    2.0852E+01    1.9223E+01    1.9236E+01    1.9836E+01    2.0331E+01    2.0189E+01    2.0122E+01    5.8824E+00    5.9067E+00    3.1048E+00    7.8668E+00   
 5.0629E+01    2.0730E+01    2.0835E+01    1.9194E+01    1.9232E+01    1.9832E+01    2.0313E+01    2.0183E+01    2.0125E+01    5.8824E+00    5.9271E+00    3.0743E+00    7.8130E+00   
 5.1129E+01    2.0731E+01    2.0849E+01    1.9069E+01    1.9258E+01    1.9840E+01    2.0340E+01    2.0184E+01    2.0132E+01    5.8824E+00    5.9271E+00    3.1099E+00    7.8668E+00   
 5.1630E+01    2.0742E+01    2.0849E+01    1.9011E+01    1.9258E+01    1.9843E+01    2.0340E+01    2.0183E+01    2.0132E+01    5.8824E+00    5.9271E+00    3.0997E+00    7.8400E+00   
 5.2130E+01    2.0753E+01    2.0849E+01    1.8959E+01    1.9253E+01    1.9836E+01    2.0330E+01    2.0189E+01    2.0144E+01    5.8620E+00    5.9271E+00    3.0692E+00    7.8130E+00   
 5.2701E+01    2.0752E+01    2.0858E+01    1.9080E+01    1.9249E+01    1.9839E+01    2.0334E+01    2.0187E+01    2.0147E+01    5.8824E+00    5.9271E+00    3.0743E+00    7.8130E+00   
 5.3202E+01    2.0752E+01    2.0861E+01    1.9080E+01    1.9248E+01    1.9824E+01    2.0318E+01    2.0171E+01    2.0131E+01    5.8824E+00    5.9271E+00    3.0743E+00    7.8130E+00   
 5.3702E+01    2.0764E+01    2.0859E+01    1.8985E+01    1.9283E+01    1.9813E+01    2.0312E+01    2.0158E+01    2.0141E+01    5.8824E+00    5.9271E+00    3.0997E+00    7.8668E+00   
 5.4202E+01    2.0755E+01    2.0859E+01    1.9134E+01    1.9302E+01    1.9812E+01    2.0317E+01    2.0161E+01    2.0120E+01    5.8824E+00    5.9271E+00    3.1099E+00    7.8400E+00   
 5.4798E+01    2.0742E+01    2.0854E+01    1.9204E+01    1.9302E+01    1.9799E+01    2.0317E+01    2.0155E+01    2.0120E+01    5.8824E+00    5.9271E+00    3.0794E+00    7.8668E+00   
 5.5298E+01    2.0758E+01    2.0847E+01    1.9043E+01    1.9308E+01    1.9800E+01    2.0316E+01    2.0144E+01    2.0101E+01    5.8824E+00    5.9271E+00    3.1048E+00    7.8668E+00   
 5.5798E+01    2.0758E+01    2.0850E+01    1.8886E+01    1.9309E+01    1.9797E+01    2.0282E+01    2.0139E+01    2.0107E+01    5.8824E+00    5.9271E+00    3.1150E+00    7.8400E+00   
 5.6298E+01    2.0760E+01    2.0856E+01    1.8886E+01    1.9293E+01    1.9781E+01    2.0273E+01    2.0123E+01    2.0085E+01    5.8824E+00    5.9271E+00    3.0794E+00    7.8400E+00   
 5.6886E+01    2.0775E+01    2.0869E+01    1.8765E+01    1.9298E+01    1.9776E+01    2.0268E+01    2.0126E+01    2.0085E+01    5.8824E+00    5.9271E+00    3.0692E+00    7.8400E+00   
 5.7386E+01    2.0771E+01    2.0898E+01    1.8793E+01    1.9264E+01    1.9779E+01    2.0273E+01    2.0121E+01    2.0069E+01    5.8824E+00    5.9271E+00    3.0997E+00    7.8130E+00   
 5.7887E+01    2.0793E+01    2.0898E+01    1.8897E+01    1.9264E+01    1.9781E+01    2.0273E+01    2.0130E+01    2.0069E+01    5.8824E+00    5.9271E+00    3.0743E+00    7.8668E+00   
 5.8387E+01    2.0792E+01    2.0894E+01    1.8823E+01    1.9259E+01    1.9782E+01    2.0279E+01    2.0123E+01    2.0067E+01    5.8824E+00    5.9271E+00    3.0896E+00    7.8400E+00   
 5.8982E+01    2.0814E+01    2.0909E+01    1.8887E+01    1.9247E+01    1.9775E+01    2.0281E+01    2.0116E+01    2.0072E+01    5.8824E+00    5.9271E+00    3.1252E+00    7.7860E+00   
 5.9482E+01    2.0814E+01    2.0919E+01    1.8887E+01    1.9284E+01    1.9775E+01    2.0280E+01    2.0116E+01    2.0069E+01    5.8824E+00    5.9067E+00    3.1201E+00    7.8400E+00   
 5.9983E+01    2.0822E+01    2.0950E+01    1.8930E+01    1.9291E+01    1.9769E+01    2.0264E+01    2.0121E+01    2.0071E+01    5.8824E+00    5.9271E+00    3.0743E+00    7.8400E+00   
 6.0483E+01    2.0820E+01    2.0950E+01    1.9025E+01    1.9291E+01    1.9763E+01    2.0264E+01    2.0122E+01    2.0078E+01    5.8824E+00    5.9271E+00    3.0896E+00    7.8130E+00   
 6.1070E+01    2.0822E+01    2.0935E+01    1.8965E+01    1.9321E+01    1.9778E+01    2.0264E+01    2.0126E+01    2.0078E+01    5.8824E+00    5.9271E+00    3.0743E+00    7.8130E+00   
 6.1571E+01    2.0841E+01    2.0940E+01    1.8791E+01    1.9310E+01    1.9771E+01    2.0271E+01    2.0123E+01    2.0080E+01    5.8824E+00    5.9271E+00    3.0845E+00    7.8400E+00   
 6.2071E+01    2.0841E+01    2.0967E+01    1.8791E+01    1.9333E+01    1.9775E+01    2.0257E+01    2.0128E+01    2.0055E+01    5.8824E+00    5.9271E+00    3.0845E+00    7.7860E+00   
 6.2571E+01    2.0846E+01    2.0983E+01    1.8672E+01    1.9373E+01    1.9775E+01    2.0263E+01    2.0128E+01    2.0055E+01    5.8824E+00    5.9271E+00    3.1150E+00    7.8668E+00   
# Time (s)      T1w (C)       T2w (C)       T1a (C)       T2a (C)       T1r (C)       T2r (C)       T3r (C)       T4r (C)       P1 (bar)      P2 (bar)      Ic (amp)      Qc (l/min)    
 6.3167E+01    2.0849E+01    2.0986E+01    1.8672E+01    1.9367E+01    1.9755E+01    2.0264E+01    2.0115E+01    2.0073E+01    5.8824E+00    5.9271E+00    3.0794E+00    7.8400E+00   
 6.3667E+01    2.0873E+01    2.1000E+01    1.8662E+01    1.9390E+01    1.9777E+01    2.0256E+01    2.0115E+01    2.0055E+01    5.8824E+00    5.9067E+00    3.0794E+00    7.8130E+00   
 6.4167E+01    2.0868E+01    2.1000E+01    1.8648E+01    1.9390E+01    1.9763E+01    2.0256E+01    2.0105E+01    2.0055E+01    5.8824E+00    5.9271E+00    3.0743E+00    7.8400E+00   
 6.4668E+01    2.0865E+01    2.0997E+01    1.8767E+01    1.9395E+01    1.9762E+01    2.0253E+01    2.0115E+01    2.0059E+01    5.8620E+00    5.9271E+00    3.1201E+00    7.8668E+00   
 6.5239E+01    2.0865E+01    2.1025E+01    1.8755E+01    1.9403E+01    1.9763E+01    2.0265E+01    2.0116E+01    2.0076E+01    5.8824E+00    5.9271E+00    3.1150E+00    7.8668E+00   
 6.5739E+01    2.0889E+01    2.1045E+01    1.8755E+01    1.9406E+01    1.9763E+01    2.0246E+01    2.0116E+01    2.0065E+01    5.8824E+00    5.9271E+00    3.1150E+00    7.8130E+00   
 6.6240E+01    2.0884E+01    2.1047E+01    1.8724E+01    1.9442E+01    1.9760E+01    2.0251E+01    2.0103E+01    2.0070E+01    5.8824E+00    5.9271E+00    3.0743E+00    7.8668E+00   
 6.6740E+01    2.0894E+01    2.1047E+01    1.8554E+01    1.9442E+01    1.9760E+01    2.0254E+01    2.0104E+01    2.0070E+01    5.8824E+00    5.9271E+00    3.0743E+00    7.8668E+00   
 6.7320E+01    2.0892E+01    2.1047E+01    1.8511E+01    1.9430E+01    1.9764E+01    2.0254E+01    2.0104E+01    2.0056E+01    5.8824E+00    5.9271E+00    3.0743E+00    7.8130E+00   
 6.7820E+01    2.0904E+01    2.1066E+01    1.8672E+01    1.9422E+01    1.9761E+01    2.0238E+01    2.0111E+01    2.0063E+01    5.8824E+00    5.9271E+00    3.0997E+00    7.8130E+00   
 6.8320E+01    2.0904E+01    2.1060E+01    1.8672E+01    1.9420E+01    1.9761E+01    2.0253E+01    2.0111E+01    2.0051E+01    5.8824E+00    5.9067E+00    3.1099E+00    7.8668E+00   
 6.8821E+01    2.0899E+01    2.1088E+01    1.8760E+01    1.9435E+01    1.9764E+01    2.0249E+01    2.0104E+01    2.0047E+01    5.8824E+00    5.9067E+00    3.0641E+00    7.8400E+00   
 6.9391E+01    2.0902E+01    2.1077E+01    1.8849E+01    1.9434E+01    1.9752E+01    2.0233E+01    2.0104E+01    2.0052E+01    5.8620E+00    5.9271E+00    3.0896E+00    7.8400E+00   
 6.9892E+01    2.0909E+01    2.1077E+01    1.8824E+01    1.9434E+01    1.9757E+01    2.0220E+01    2.0084E+01    2.0054E+01    5.8824E+00    5.9067E+00    3.0947E+00    7.8400E+00   
 7.0392E+01    2.0908E+01    2.1070E+01    1.8700E+01    1.9420E+01    1.9751E+01    2.0220E+01    2.0086E+01    2.0054E+01    5.8824E+00    5.9067E+00    3.1150E+00    7.8130E+00   
 7.0892E+01    2.0908E+01    2.1099E+01    1.8617E+01    1.9420E+01    1.9757E+01    2.0238E+01    2.0108E+01    2.0050E+01    5.8824E+00    5.9067E+00    3.0845E+00    7.8130E+00   
 7.1488E+01    2.0923E+01    2.1108E+01    1.8617E+01    1.9390E+01    1.9767E+01    2.0229E+01    2.0100E+01    2.0037E+01    5.8824E+00    5.9271E+00    3.0997E+00    7.8400E+00   
 7.1988E+01    2.0946E+01    2.1121E+01    1.8537E+01    1.9377E+01    1.9767E+01    2.0251E+01    2.0100E+01    2.0038E+01    5.8824E+00    5.9271E+00    3.0590E+00    7.8130E+00   
 7.2488E+01    2.0929E+01    2.1118E+01    1.8531E+01    1.9255E+01    1.9748E+01    2.0224E+01    2.0078E+01    2.0037E+01    5.8824E+00    5.9067E+00    3.0794E+00    7.8400E+00   
 7.2989E+01    2.0933E+01    2.1118E+01    1.8506E+01    1.9255E+01    1.9745E+01    2.0224E+01    2.0095E+01    2.0037E+01    5.8824E+00    5.9271E+00    3.1099E+00    7.8400E+00   
 7.3560E+01    2.0954E+01    2.1139E+01    1.8737E+01    1.9204E+01    1.9762E+01    2.0222E+01    2.0078E+01    2.0036E+01    5.8824E+00    5.9271E+00    3.1150E+00    7.8400E+00   
 7.4060E+01    2.0954E+01    2.1129E+01    1.8958E+01    1.9212E+01    1.9726E+01    2.0224E+01    2.0083E+01    2.0030E+01    5.8824E+00    5.9271E+00    3.1099E+00    7.8668E+00   
 7.4561E+01    2.0954E+01    2.1131E+01    1.8958E+01    1.9259E+01    1.9726E+01    2.0236E+01    2.0083E+01    2.0024E+01    5.8620E+00    5.9271E+00    3.0590E+00    7.8400E+00   
 7.5061E+01    2.0947E+01    2.1154E+01    1.9098E+01    1.9289E+01    1.9746E+01    2.0226E+01    2.0087E+01    2.0038E+01    5.8620E+00    5.9271E+00    3.0590E+00    7.8130E+00   
 7.5656E+01    2.0923E+01    2.1135E+01    1.9004E+01    1.9335E+01    1.9745E+01    2.0240E+01    2.0079E+01    2.0016E+01    5.8824E+00    5.9271E+00    3.1099E+00    7.8400E+00   
 7.6157E+01    2.0935E+01    2.1135E+01    1.8747E+01    1.9335E+01    1.9754E+01    2.0240E+01    2.0069E+01    2.0016E+01    5.8620E+00    5.9271E+00    3.1150E+00    7.8400E+00   
 7.6657E+01    2.0946E+01    2.1142E+01    1.8660E+01    1.9378E+01    1.9736E+01    2.0235E+01    2.0082E+01    2.0015E+01    5.8824E+00    5.9271E+00    3.0947E+00    7.8130E+00   
 7.7157E+01    2.0946E+01    2.1151E+01    1.8765E+01    1.9382E+01    1.9734E+01    2.0221E+01    2.0084E+01    2.0026E+01    5.8824E+00    5.9271E+00    3.0997E+00    7.8400E+00   
 7.7729E+01    2.0975E+01    2.1181E+01    1.8765E+01    1.9384E+01    1.9734E+01    2.0224E+01    2.0084E+01    2.0015E+01    5.8620E+00    5.9067E+00    3.0794E+00    7.8400E+00   
 7.8229E+01    2.0929E+01    2.1151E+01    1.8957E+01    1.9371E+01    1.9719E+01    2.0202E+01    2.0054E+01    2.0019E+01    5.8824E+00    5.9271E+00    3.0997E+00    7.8400E+00   
# Time (s)      T1w (C)       T2w (C)       T1a (C)       T2a (C)       T1r (C)       T2r (C)       T3r (C)       T4r (C)       P1 (bar)      P2 (bar)      Ic (amp)      Qc (l/min)    
 7.8729E+01    2.0942E+01    2.1151E+01    1.8866E+01    1.9369E+01    1.9743E+01    2.0198E+01    2.0055E+01    2.0014E+01    5.8824E+00    5.9271E+00    3.0997E+00    7.8400E+00   
 7.9230E+01    2.0957E+01    2.1169E+01    1.8835E+01    1.9384E+01    1.9731E+01    2.0198E+01    2.0069E+01    2.0014E+01    5.8824E+00    5.9067E+00    3.1048E+00    7.8130E+00   
 7.9841E+01    2.0953E+01    2.1174E+01    1.8945E+01    1.9345E+01    1.9726E+01    2.0216E+01    2.0063E+01    2.0003E+01    5.8824E+00    5.9271E+00    3.0947E+00    7.8130E+00   
 8.0341E+01    2.0969E+01    2.1162E+01    1.8796E+01    1.9349E+01    1.9738E+01    2.0210E+01    2.0045E+01    2.0012E+01    5.8824E+00    5.9067E+00    3.0641E+00    7.8130E+00   
 8.0842E+01    2.0969E+01    2.1173E+01    1.8796E+01    1.9321E+01    1.9738E+01    2.0205E+01    2.0045E+01    2.0017E+01    5.8824E+00    5.9271E+00    3.1099E+00    7.8400E+00   
 8.1342E+01    2.0967E+01    2.1160E+01    1.8840E+01    1.9321E+01    1.9729E+01    2.0223E+01    2.0052E+01    2.0012E+01    5.8824E+00    5.9271E+00    3.1099E+00    7.8400E+00   
 8.1913E+01    2.0949E+01    2.1178E+01    1.8898E+01    1.9358E+01    1.9743E+01    2.0225E+01    2.0047E+01    2.0016E+01    5.8824E+00    5.9067E+00    3.1150E+00    7.7860E+00   
 8.2414E+01    2.0968E+01    2.1178E+01    1.8783E+01    1.9358E+01    1.9726E+01    2.0225E+01    2.0054E+01    2.0016E+01    5.8620E+00    5.9271E+00    3.1150E+00    7.8400E+00   
 8.2914E+01    2.0943E+01    2.1168E+01    1.8851E+01    1.9379E+01    1.9731E+01    2.0211E+01    2.0066E+01    2.0019E+01    5.8824E+00    5.9067E+00    3.0641E+00    7.8400E+00   
 8.3414E+01    2.0943E+01    2.1167E+01    1.8851E+01    1.9370E+01    1.9722E+01    2.0202E+01    2.0054E+01    2.0001E+01    5.8824E+00    5.9271E+00    3.1201E+00    7.8400E+00   
 8.4018E+01    2.0938E+01    2.1186E+01    1.8845E+01    1.9407E+01    1.9722E+01    2.0214E+01    2.0054E+01    2.0010E+01    5.8824E+00    5.9271E+00    3.0845E+00    7.8668E+00   
 8.4518E+01    2.0952E+01    2.1160E+01    1.8847E+01    1.9407E+01    1.9704E+01    2.0186E+01    2.0022E+01    2.0000E+01    5.8824E+00    5.9067E+00    3.0794E+00    7.8668E+00   
 8.5018E+01    2.0952E+01    2.1160E+01    1.8841E+01    1.9432E+01    1.9723E+01    2.0198E+01    2.0033E+01    1.9993E+01    5.8824E+00    5.9271E+00    3.0743E+00    7.8400E+00   
 8.5519E+01    2.0932E+01    2.1166E+01    1.8984E+01    1.9416E+01    1.9706E+01    2.0198E+01    2.0025E+01    1.9993E+01    5.8824E+00    5.9271E+00    3.0743E+00    7.8668E+00   
 8.6090E+01    2.0937E+01    2.1154E+01    1.9030E+01    1.9412E+01    1.9698E+01    2.0198E+01    2.0029E+01    1.9998E+01    5.8620E+00    5.9271E+00    3.0641E+00    7.8400E+00   
 8.6590E+01    2.0952E+01    2.1170E+01    1.9043E+01    1.9437E+01    1.9737E+01    2.0211E+01    2.0054E+01    2.0018E+01    5.8824E+00    5.9067E+00    3.0641E+00    7.7860E+00   
 8.7090E+01    2.0945E+01    2.1173E+01    1.9043E+01    1.9427E+01    1.9737E+01    2.0230E+01    2.0054E+01    2.0005E+01    5.8824E+00    5.9067E+00    3.1150E+00    7.8668E+00   
 8.7591E+01    2.0943E+01    2.1184E+01    1.9177E+01    1.9444E+01    1.9745E+01    2.0235E+01    2.0055E+01    2.0023E+01    5.8824E+00    5.9067E+00    3.1201E+00    7.8400E+00   
 8.8186E+01    2.0939E+01    2.1184E+01    1.9193E+01    1.9469E+01    1.9765E+01    2.0259E+01    2.0069E+01    2.0034E+01    5.8824E+00    5.9067E+00    3.0590E+00    7.8130E+00   
 8.8686E+01    2.0933E+01    2.1164E+01    1.8985E+01    1.9469E+01    1.9754E+01    2.0259E+01    2.0079E+01    2.0034E+01    5.8824E+00    5.9067E+00    3.1150E+00    7.8400E+00   
 8.9187E+01    2.0947E+01    2.1169E+01    1.8812E+01    1.9518E+01    1.9763E+01    2.0263E+01    2.0085E+01    2.0048E+01    5.8620E+00    5.9271E+00    3.1150E+00    7.8400E+00   
 8.9687E+01    2.0947E+01    2.1181E+01    1.8812E+01    1.9526E+01    1.9775E+01    2.0255E+01    2.0075E+01    2.0051E+01    5.8620E+00    5.9271E+00    3.1201E+00    7.8130E+00   
 9.0282E+01    2.0939E+01    2.1163E+01    1.8663E+01    1.9534E+01    1.9775E+01    2.0242E+01    2.0075E+01    2.0056E+01    5.8620E+00    5.9067E+00    3.0692E+00    7.8400E+00   
 9.0783E+01    2.0955E+01    2.1172E+01    1.8750E+01    1.9541E+01    1.9759E+01    2.0264E+01    2.0078E+01    2.0045E+01    5.8824E+00    5.9067E+00    3.0692E+00    7.8130E+00   
 9.1283E+01    2.0930E+01    2.1172E+01    1.8866E+01    1.9562E+01    1.9763E+01    2.0261E+01    2.0088E+01    2.0064E+01    5.8620E+00    5.9067E+00    3.1099E+00    7.8668E+00   
 9.1783E+01    2.0942E+01    2.1169E+01    1.8813E+01    1.9562E+01    1.9772E+01    2.0261E+01    2.0081E+01    2.0064E+01    5.8620E+00    5.9067E+00    3.1150E+00    7.8130E+00   
 9.2378E+01    2.0945E+01    2.1174E+01    1.8850E+01    1.9568E+01    1.9774E+01    2.0269E+01    2.0083E+01    2.0062E+01    5.8620E+00    5.9271E+00    3.0692E+00    7.8130E+00   
 9.2879E+01    2.0945E+01    2.1178E+01    1.8911E+01    1.9544E+01    1.9785E+01    2.0258E+01    2.0090E+01    2.0062E+01    5.8824E+00    5.9271E+00    3.0845E+00    7.8400E+00   
 9.3379E+01    2.0942E+01    2.1156E+01    1.8911E+01    1.9522E+01    1.9769E+01    2.0255E+01    2.0074E+01    2.0045E+01    5.8824E+00    5.9271E+00    3.1099E+00    7.8400E+00   
 9.3880E+01    2.0929E+01    2.1159E+01    1.8939E+01    1.9505E+01    1.9768E+01    2.0245E+01    2.0088E+01    2.0046E+01    5.8620E+00    5.9067E+00    3.0743E+00    7.8130E+00   
# Time (s)      T1w (C)       T2w (C)       T1a (C)       T2a (C)       T1r (C)       T2r (C)       T3r (C)       T4r (C)       P1 (bar)      P2 (bar)      Ic (amp)      Qc (l/min)    
 9.4451E+01    2.0941E+01    2.1175E+01    1.9083E+01    1.9523E+01    1.9747E+01    2.0243E+01    2.0059E+01    2.0065E+01    5.8824E+00    5.9067E+00    3.0641E+00    7.8668E+00   
 9.4951E+01    2.0959E+01    2.1177E+01    1.9067E+01    1.9523E+01    1.9755E+01    2.0243E+01    2.0055E+01    2.0065E+01    5.8824E+00    5.9067E+00    3.0743E+00    7.8400E+00   
 9.5451E+01    2.0931E+01    2.1174E+01    1.9076E+01    1.9499E+01    1.9738E+01    2.0223E+01    2.0051E+01    2.0033E+01    5.8620E+00    5.9067E+00    3.0997E+00    7.8130E+00   
 9.5952E+01    2.0931E+01    2.1151E+01    1.9076E+01    1.9514E+01    1.9738E+01    2.0224E+01    2.0051E+01    2.0032E+01    5.8620E+00    5.9067E+00    3.0947E+00    7.8130E+00   
 9.6547E+01    2.0929E+01    2.1161E+01    1.8892E+01    1.9528E+01    1.9728E+01    2.0248E+01    2.0037E+01    2.0029E+01    5.8620E+00    5.9067E+00    3.0794E+00    7.8400E+00   
 9.7047E+01    2.0917E+01    2.1168E+01    1.8788E+01    1.9512E+01    1.9730E+01    2.0223E+01    2.0024E+01    2.0031E+01    5.8620E+00    5.9067E+00    3.0539E+00    7.8130E+00   
 9.7548E+01    2.0949E+01    2.1184E+01    1.8767E+01    1.9528E+01    1.9745E+01    2.0241E+01    2.0051E+01    2.0040E+01    5.8824E+00    5.9271E+00    3.0845E+00    7.8400E+00   
 9.8048E+01    2.0952E+01    2.1188E+01    1.8854E+01    1.9548E+01    1.9744E+01    2.0241E+01    2.0066E+01    2.0040E+01    5.8620E+00    5.9271E+00    3.1099E+00    7.8400E+00   
 9.8619E+01    2.0963E+01    2.1190E+01    1.8835E+01    1.9578E+01    1.9756E+01    2.0252E+01    2.0071E+01    2.0067E+01    5.8620E+00    5.9067E+00    3.1150E+00    7.8400E+00   
 9.9120E+01    2.0963E+01    2.1203E+01    1.8828E+01    1.9581E+01    1.9766E+01    2.0255E+01    2.0054E+01    2.0053E+01    5.8824E+00    5.9067E+00    3.0794E+00    7.8668E+00   
 9.9620E+01    2.0978E+01    2.1197E+01    1.8828E+01    1.9607E+01    1.9782E+01    2.0274E+01    2.0069E+01    2.0076E+01    5.8620E+00    5.9067E+00    3.1048E+00    7.7860E+00   
 1.0012E+02    2.0968E+01    2.1197E+01    1.8794E+01    1.9607E+01    1.9771E+01    2.0263E+01    2.0088E+01    2.0072E+01    5.8620E+00    5.9067E+00    3.0692E+00    7.8130E+00   
 1.0072E+02    2.0980E+01    2.1212E+01    1.8851E+01    1.9657E+01    1.9791E+01    2.0290E+01    2.0118E+01    2.0080E+01    5.8824E+00    5.9067E+00    3.1048E+00    7.8130E+00   
 1.0122E+02    2.0975E+01    2.1195E+01    1.8922E+01    1.9657E+01    1.9790E+01    2.0290E+01    2.0109E+01    2.0080E+01    5.8824E+00    5.9067E+00    3.1099E+00    7.7860E+00   
 1.0172E+02    2.0959E+01    2.1201E+01    1.8948E+01    1.9664E+01    1.9794E+01    2.0288E+01    2.0100E+01    2.0106E+01    5.8620E+00    5.9067E+00    3.0539E+00    7.8130E+00   
 1.0222E+02    2.0959E+01    2.1211E+01    1.8948E+01    1.9653E+01    1.9794E+01    2.0283E+01    2.0100E+01    2.0098E+01    5.8620E+00    5.9271E+00    3.0590E+00    7.8400E+00   
 1.0280E+02    2.0941E+01    2.1199E+01    1.9090E+01    1.9647E+01    1.9806E+01    2.0290E+01    2.0108E+01    2.0085E+01    5.8824E+00    5.9271E+00    3.1099E+00    7.8130E+00   
 1.0330E+02    2.0948E+01    2.1184E+01    1.9098E+01    1.9659E+01    1.9807E+01    2.0302E+01    2.0109E+01    2.0091E+01    5.8824E+00    5.9271E+00    3.0590E+00    7.8668E+00   
 1.0380E+02    2.0949E+01    2.1184E+01    1.8933E+01    1.9659E+01    1.9801E+01    2.0302E+01    2.0105E+01    2.0091E+01    5.8824E+00    5.9271E+00    3.1048E+00    7.8130E+00   
 1.0430E+02    2.0931E+01    2.1188E+01    1.8900E+01    1.9651E+01    1.9797E+01    2.0287E+01    2.0122E+01    2.0092E+01    5.8620E+00    5.9067E+00    3.0997E+00    7.8400E+00   
 1.0491E+02    2.0933E+01    2.1189E+01    1.8835E+01    1.9661E+01    1.9810E+01    2.0307E+01    2.0114E+01    2.0081E+01    5.8824E+00    5.9271E+00    3.0692E+00    7.8400E+00   
 1.0541E+02    2.0933E+01    2.1190E+01    1.8689E+01    1.9689E+01    1.9817E+01    2.0297E+01    2.0114E+01    2.0097E+01    5.8620E+00    5.9271E+00    3.0997E+00    7.8130E+00   
 1.0591E+02    2.0942E+01    2.1199E+01    1.8689E+01    1.9673E+01    1.9817E+01    2.0290E+01    2.0110E+01    2.0083E+01    5.8824E+00    5.9067E+00    3.0539E+00    7.8668E+00   
 1.0641E+02    2.0940E+01    2.1199E+01    1.8754E+01    1.9681E+01    1.9809E+01    2.0304E+01    2.0119E+01    2.0093E+01    5.8824E+00    5.9067E+00    3.0845E+00    7.8400E+00   
 1.0698E+02    2.0955E+01    2.1183E+01    1.8627E+01    1.9683E+01    1.9818E+01    2.0308E+01    2.0113E+01    2.0093E+01    5.8620E+00    5.9271E+00    3.0692E+00    7.8130E+00   
 1.0748E+02    2.0940E+01    2.1212E+01    1.8590E+01    1.9683E+01    1.9813E+01    2.0308E+01    2.0105E+01    2.0078E+01    5.8620E+00    5.9067E+00    3.0641E+00    7.8130E+00   
 1.0798E+02    2.0940E+01    2.1191E+01    1.8572E+01    1.9690E+01    1.9815E+01    2.0304E+01    2.0128E+01    2.0093E+01    5.8824E+00    5.9067E+00    3.1048E+00    7.8130E+00   
 1.0848E+02    2.0941E+01    2.1202E+01    1.8572E+01    1.9669E+01    1.9815E+01    2.0288E+01    2.0128E+01    2.0091E+01    5.8620E+00    5.9271E+00    3.1048E+00    7.8400E+00   
 1.0908E+02    2.0945E+01    2.1210E+01    1.8661E+01    1.9660E+01    1.9816E+01    2.0296E+01    2.0108E+01    2.0078E+01    5.8620E+00    5.9067E+00    3.1048E+00    7.8400E+00   
 1.0959E+02    2.0951E+01    2.1214E+01    1.8734E+01    1.9587E+01    1.9812E+01    2.0301E+01    2.0130E+01    2.0083E+01    5.8824E+00    5.9067E+00    3.0590E+00    7.8400E+00   
# Time (s)      T1w (C)       T2w (C)       T1a (C)       T2a (C)       T1r (C)       T2r (C)       T3r (C)       T4r (C)       P1 (bar)      P2 (bar)      Ic (amp)      Qc (l/min)    
 1.1009E+02    2.0947E+01    2.1214E+01    1.8934E+01    1.9587E+01    1.9835E+01    2.0301E+01    2.0121E+01    2.0083E+01    5.8824E+00    5.9067E+00    3.1099E+00    7.7860E+00   
 1.1059E+02    2.0921E+01    2.1188E+01    1.8845E+01    1.9551E+01    1.9809E+01    2.0308E+01    2.0128E+01    2.0079E+01    5.8824E+00    5.9067E+00    3.1099E+00    7.8400E+00   
 1.1116E+02    2.0919E+01    2.1169E+01    1.8860E+01    1.9546E+01    1.9817E+01    2.0305E+01    2.0127E+01    2.0095E+01    5.8620E+00    5.9067E+00    3.1099E+00    7.7860E+00   
 1.1166E+02    2.0904E+01    2.1166E+01    1.8844E+01    1.9516E+01    1.9817E+01    2.0297E+01    2.0127E+01    2.0082E+01    5.8620E+00    5.9067E+00    3.1099E+00    7.7860E+00   
 1.1216E+02    2.0905E+01    2.1173E+01    1.8768E+01    1.9530E+01    1.9832E+01    2.0310E+01    2.0138E+01    2.0103E+01    5.8620E+00    5.9067E+00    3.0997E+00    7.8400E+00   
 1.1266E+02    2.0889E+01    2.1157E+01    1.8851E+01    1.9518E+01    1.9816E+01    2.0309E+01    2.0120E+01    2.0091E+01    5.8620E+00    5.9067E+00    3.0997E+00    7.8400E+00   
 1.1325E+02    2.0891E+01    2.1145E+01    1.8798E+01    1.9518E+01    1.9834E+01    2.0309E+01    2.0140E+01    2.0091E+01    5.8620E+00    5.9271E+00    3.1099E+00    7.8400E+00   
 1.1375E+02    2.0872E+01    2.1159E+01    1.8860E+01    1.9536E+01    1.9829E+01    2.0292E+01    2.0124E+01    2.0091E+01    5.8824E+00    5.9271E+00    3.0947E+00    7.8130E+00   
 1.1425E+02    2.0872E+01    2.1164E+01    1.9018E+01    1.9550E+01    1.9829E+01    2.0310E+01    2.0136E+01    2.0107E+01    5.8824E+00    5.9067E+00    3.0692E+00    7.8400E+00   
 1.1475E+02    2.0873E+01    2.1150E+01    1.9018E+01    1.9503E+01    1.9829E+01    2.0316E+01    2.0136E+01    2.0097E+01    5.8824E+00    5.9067E+00    3.0845E+00    7.8130E+00   
 1.1533E+02    2.0890E+01    2.1153E+01    1.9024E+01    1.9475E+01    1.9829E+01    2.0308E+01    2.0131E+01    2.0095E+01    5.8620E+00    5.9067E+00    3.0692E+00    7.8130E+00   
 1.1583E+02    2.0885E+01    2.1153E+01    1.8952E+01    1.9473E+01    1.9833E+01    2.0321E+01    2.0135E+01    2.0099E+01    5.8620E+00    5.9067E+00    3.1048E+00    7.8130E+00   
 1.1633E+02    2.0876E+01    2.1137E+01    1.8790E+01    1.9473E+01    1.9839E+01    2.0321E+01    2.0136E+01    2.0099E+01    5.8620E+00    5.9067E+00    3.0590E+00    7.8130E+00   
 1.1683E+02    2.0872E+01    2.1158E+01    1.8840E+01    1.9474E+01    1.9835E+01    2.0326E+01    2.0141E+01    2.0102E+01    5.8620E+00    5.9067E+00    3.0692E+00    7.8400E+00   
 1.1742E+02    2.0872E+01    2.1150E+01    1.8914E+01    1.9447E+01    1.9815E+01    2.0295E+01    2.0115E+01    2.0073E+01    5.8620E+00    5.9067E+00    3.0896E+00    7.8668E+00   
 1.1792E+02    2.0900E+01    2.1163E+01    1.8930E+01    1.9450E+01    1.9815E+01    2.0300E+01    2.0115E+01    2.0076E+01    5.8620E+00    5.9067E+00    3.1150E+00    7.8130E+00   
 1.1842E+02    2.0921E+01    2.1184E+01    1.8883E+01    1.9461E+01    1.9820E+01    2.0288E+01    2.0103E+01    2.0050E+01    5.8620E+00    5.9271E+00    3.0641E+00    7.7860E+00   
 1.1892E+02    2.0930E+01    2.1199E+01    1.9020E+01    1.9491E+01    1.9792E+01    2.0276E+01    2.0094E+01    2.0054E+01    5.8620E+00    5.9271E+00    3.0641E+00    7.8668E+00   
 1.1949E+02    2.0922E+01    2.1186E+01    1.9072E+01    1.9491E+01    1.9807E+01    2.0276E+01    2.0105E+01    2.0054E+01    5.8620E+00    5.9067E+00    3.0692E+00    7.8400E+00   
 1.1999E+02    2.0947E+01    2.1211E+01    1.8955E+01    1.9524E+01    1.9804E+01    2.0298E+01    2.0120E+01    2.0059E+01    5.8620E+00    5.9271E+00    3.0692E+00    7.8668E+00   
 1.2049E+02    2.0947E+01    2.1212E+01    1.8955E+01    1.9547E+01    1.9788E+01    2.0272E+01    2.0104E+01    2.0042E+01    5.8620E+00    5.9271E+00    3.0641E+00    7.8400E+00   
 1.2100E+02    2.0934E+01    2.1217E+01    1.8876E+01    1.9579E+01    1.9798E+01    2.0280E+01    2.0093E+01    2.0043E+01    5.8620E+00    5.9271E+00    3.1150E+00    7.8130E+00   
 1.2157E+02    2.0928E+01    2.1204E+01    1.9071E+01    1.9590E+01    1.9798E+01    2.0267E+01    2.0081E+01    2.0046E+01    5.8620E+00    5.9271E+00    3.1150E+00    7.8130E+00   
 1.2207E+02    2.0921E+01    2.1204E+01    1.9196E+01    1.9585E+01    1.9792E+01    2.0296E+01    2.0086E+01    2.0036E+01    5.8620E+00    5.9067E+00    3.1099E+00    7.8130E+00   
 1.2257E+02    2.0910E+01    2.1187E+01    1.9170E+01    1.9569E+01    1.9809E+01    2.0296E+01    2.0090E+01    2.0036E+01    5.8620E+00    5.9271E+00    3.0590E+00    7.8130E+00   
 1.2308E+02    2.0910E+01    2.1167E+01    1.8992E+01    1.9575E+01    1.9797E+01    2.0271E+01    2.0085E+01    2.0028E+01    5.8620E+00    5.9067E+00    3.0743E+00    7.8400E+00   
 1.2365E+02    2.0908E+01    2.1196E+01    1.8924E+01    1.9616E+01    1.9788E+01    2.0261E+01    2.0069E+01    2.0028E+01    5.8620E+00    5.9067E+00    3.0794E+00    7.8668E+00   
 1.2415E+02    2.0889E+01    2.1188E+01    1.8924E+01    1.9626E+01    1.9788E+01    2.0276E+01    2.0082E+01    2.0028E+01    5.8620E+00    5.9067E+00    3.0794E+00    7.8130E+00   
 1.2465E+02    2.0906E+01    2.1188E+01    1.8818E+01    1.9590E+01    1.9795E+01    2.0258E+01    2.0072E+01    2.0024E+01    5.8620E+00    5.9067E+00    3.0692E+00    7.8668E+00   
 1.2515E+02    2.0911E+01    2.1192E+01    1.8740E+01    1.9590E+01    1.9791E+01    2.0258E+01    2.0072E+01    2.0024E+01    5.8620E+00    5.9271E+00    3.0794E+00    7.8130E+00   
# Time (s)      T1w (C)       T2w (C)       T1a (C)       T2a (C)       T1r (C)       T2r (C)       T3r (C)       T4r (C)       P1 (bar)      P2 (bar)      Ic (amp)      Qc (l/min)    
 1.2576E+02    2.0902E+01    2.1191E+01    1.8817E+01    1.9594E+01    1.9792E+01    2.0255E+01    2.0080E+01    2.0038E+01    5.8824E+00    5.9271E+00    3.0641E+00    7.8668E+00   
 1.2626E+02    2.0913E+01    2.1199E+01    1.8911E+01    1.9603E+01    1.9779E+01    2.0249E+01    2.0080E+01    2.0041E+01    5.8620E+00    5.9067E+00    3.0692E+00    7.8400E+00   
 1.2676E+02    2.0913E+01    2.1194E+01    1.8911E+01    1.9613E+01    1.9779E+01    2.0256E+01    2.0080E+01    2.0024E+01    5.8620E+00    5.9271E+00    3.1099E+00    7.8400E+00   
 1.2726E+02    2.0921E+01    2.1186E+01    1.9093E+01    1.9617E+01    1.9799E+01    2.0259E+01    2.0091E+01    2.0028E+01    5.8824E+00    5.9271E+00    3.0590E+00    7.8130E+00   
 1.2787E+02    2.0894E+01    2.1197E+01    1.8999E+01    1.9627E+01    1.9791E+01    2.0264E+01    2.0066E+01    2.0040E+01    5.8620E+00    5.9067E+00    3.1099E+00    7.8130E+00   
 1.2837E+02    2.0913E+01    2.1197E+01    1.8910E+01    1.9634E+01    1.9800E+01    2.0254E+01    2.0077E+01    2.0034E+01    5.8620E+00    5.9067E+00    3.1099E+00    7.8130E+00   
 1.2887E+02    2.0910E+01    2.1189E+01    1.9062E+01    1.9634E+01    1.9779E+01    2.0238E+01    2.0066E+01    2.0018E+01    5.8620E+00    5.9271E+00    3.0794E+00    7.8400E+00   
 1.2937E+02    2.0910E+01    2.1199E+01    1.9092E+01    1.9619E+01    1.9780E+01    2.0253E+01    2.0076E+01    2.0035E+01    5.8620E+00    5.9271E+00    3.0743E+00    7.8130E+00   
 1.2998E+02    2.0913E+01    2.1191E+01    1.9050E+01    1.9606E+01    1.9779E+01    2.0254E+01    2.0075E+01    2.0048E+01    5.8620E+00    5.9271E+00    3.0845E+00    7.8130E+00   
 1.3048E+02    2.0910E+01    2.1215E+01    1.9050E+01    1.9562E+01    1.9779E+01    2.0257E+01    2.0075E+01    2.0028E+01    5.8824E+00    5.9067E+00    3.1099E+00    7.8400E+00   
 1.3098E+02    2.0919E+01    2.1199E+01    1.9172E+01    1.9554E+01    1.9765E+01    2.0231E+01    2.0060E+01    2.0016E+01    5.8620E+00    5.9067E+00    3.0845E+00    7.8400E+00   
 1.3148E+02    2.0916E+01    2.1199E+01    1.9003E+01    1.9566E+01    1.9769E+01    2.0230E+01    2.0063E+01    2.0025E+01    5.8620E+00    5.9067E+00    3.0590E+00    7.8130E+00   
 1.3205E+02    2.0915E+01    2.1193E+01    1.8892E+01    1.9566E+01    1.9744E+01    2.0214E+01    2.0061E+01    2.0009E+01    5.8620E+00    5.9271E+00    3.0896E+00    7.8400E+00   
 1.3255E+02    2.0921E+01    2.1185E+01    1.9034E+01    1.9549E+01    1.9762E+01    2.0211E+01    2.0056E+01    2.0006E+01    5.8824E+00    5.9067E+00    3.0794E+00    7.8400E+00   
 1.3305E+02    2.0921E+01    2.1187E+01    1.9034E+01    1.9554E+01    1.9762E+01    2.0238E+01    2.0056E+01    2.0018E+01    5.8824E+00    5.9271E+00    3.0641E+00    7.8400E+00   
 1.3355E+02    2.0911E+01    2.1179E+01    1.9045E+01    1.9591E+01    1.9741E+01    2.0228E+01    2.0041E+01    1.9986E+01    5.8620E+00    5.9271E+00    3.0743E+00    7.8130E+00   
 1.3414E+02    2.0904E+01    2.1186E+01    1.9187E+01    1.9567E+01    1.9721E+01    2.0217E+01    2.0033E+01    1.9991E+01    5.8620E+00    5.9067E+00    3.0896E+00    7.8400E+00   
 1.3464E+02    2.0914E+01    2.1186E+01    1.9171E+01    1.9570E+01    1.9748E+01    2.0223E+01    2.0040E+01    1.9991E+01    5.8824E+00    5.9067E+00    3.1099E+00    7.8400E+00   
 1.3514E+02    2.0908E+01    2.1166E+01    1.9004E+01    1.9570E+01    1.9754E+01    2.0223E+01    2.0034E+01    1.9991E+01    5.8824E+00    5.9067E+00    3.0743E+00    7.8400E+00   
 1.3564E+02    2.0908E+01    2.1172E+01    1.9171E+01    1.9554E+01    1.9747E+01    2.0219E+01    2.0031E+01    1.9990E+01    5.8620E+00    5.9067E+00    3.0590E+00    7.8668E+00   
 1.3622E+02    2.0914E+01    2.1172E+01    1.9157E+01    1.9566E+01    1.9744E+01    2.0210E+01    2.0047E+01    1.9998E+01    5.8620E+00    5.9271E+00    3.0743E+00    7.8400E+00   
 1.3672E+02    2.0907E+01    2.1169E+01    1.9157E+01    1.9568E+01    1.9744E+01    2.0219E+01    2.0047E+01    1.9992E+01    5.8620E+00    5.9067E+00    3.0641E+00    7.8400E+00   
 1.3722E+02    2.0890E+01    2.1169E+01    1.9242E+01    1.9568E+01    1.9760E+01    2.0240E+01    2.0046E+01    2.0005E+01    5.8620E+00    5.9067E+00    3.1099E+00    7.8130E+00   
 1.3772E+02    2.0921E+01    2.1168E+01    1.9249E+01    1.9568E+01    1.9751E+01    2.0240E+01    2.0042E+01    2.0005E+01    5.8620E+00    5.9067E+00    3.1099E+00    7.8130E+00   
 1.3831E+02    2.0905E+01    2.1163E+01    1.9119E+01    1.9591E+01    1.9757E+01    2.0236E+01    2.0050E+01    1.9998E+01    5.8620E+00    5.9067E+00    3.0692E+00    7.8130E+00   
 1.3881E+02    2.0895E+01    2.1173E+01    1.9091E+01    1.9554E+01    1.9771E+01    2.0219E+01    2.0058E+01    2.0015E+01    5.8620E+00    5.9067E+00    3.0845E+00    7.8130E+00   
 1.3931E+02    2.0895E+01    2.1166E+01    1.9091E+01    1.9533E+01    1.9771E+01    2.0210E+01    2.0058E+01    1.9993E+01    5.8620E+00    5.9271E+00    3.0641E+00    7.8400E+00   
 1.3981E+02    2.0920E+01    2.1193E+01    1.9133E+01    1.9529E+01    1.9755E+01    2.0224E+01    2.0046E+01    1.9992E+01    5.8620E+00    5.9067E+00    3.0692E+00    7.8130E+00   
 1.4039E+02    2.0904E+01    2.1174E+01    1.9104E+01    1.9526E+01    1.9756E+01    2.0228E+01    2.0056E+01    1.9998E+01    5.8620E+00    5.9067E+00    3.0997E+00    7.8400E+00   
 1.4089E+02    2.0918E+01    2.1174E+01    1.9047E+01    1.9526E+01    1.9756E+01    2.0228E+01    2.0064E+01    1.9998E+01    5.8620E+00    5.9067E+00    3.1048E+00    7.8668E+00   
# Time (s)      T1w (C)       T2w (C)       T1a (C)       T2a (C)       T1r (C)       T2r (C)       T3r (C)       T4r (C)       P1 (bar)      P2 (bar)      Ic (amp)      Qc (l/min)    
 1.4139E+02    2.0912E+01    2.1189E+01    1.9146E+01    1.9526E+01    1.9772E+01    2.0221E+01    2.0045E+01    1.9999E+01    5.8620E+00    5.9067E+00    3.0641E+00    7.8668E+00   
 1.4189E+02    2.0912E+01    2.1175E+01    1.9004E+01    1.9527E+01    1.9742E+01    2.0210E+01    2.0056E+01    1.9993E+01    5.8620E+00    5.9067E+00    3.0692E+00    7.8400E+00   
 1.4247E+02    2.0902E+01    2.1176E+01    1.9004E+01    1.9502E+01    1.9742E+01    2.0243E+01    2.0056E+01    2.0000E+01    5.8620E+00    5.9271E+00    3.0692E+00    7.8936E+00   
 1.4297E+02    2.0898E+01    2.1178E+01    1.8955E+01    1.9454E+01    1.9759E+01    2.0225E+01    2.0046E+01    2.0001E+01    5.8824E+00    5.9067E+00    3.0845E+00    7.8936E+00   
 1.4347E+02    2.0896E+01    2.1178E+01    1.8918E+01    1.9420E+01    1.9747E+01    2.0211E+01    2.0064E+01    1.9990E+01    5.8620E+00    5.9067E+00    3.1048E+00    7.8668E+00   
 1.4397E+02    2.0906E+01    2.1199E+01    1.8820E+01    1.9436E+01    1.9750E+01    2.0211E+01    2.0056E+01    1.9990E+01    5.8824E+00    5.9271E+00    3.0743E+00    7.8936E+00   
 1.4455E+02    2.0918E+01    2.1209E+01    1.8902E+01    1.9439E+01    1.9758E+01    2.0225E+01    2.0046E+01    1.9989E+01    5.8620E+00    5.9271E+00    3.0590E+00    7.7860E+00   
 1.4505E+02    2.0918E+01    2.1200E+01    1.8956E+01    1.9470E+01    1.9750E+01    2.0221E+01    2.0064E+01    2.0012E+01    5.8620E+00    5.9067E+00    3.0641E+00    7.8400E+00   
 1.4555E+02    2.0916E+01    2.1204E+01    1.8956E+01    1.9467E+01    1.9750E+01    2.0238E+01    2.0064E+01    2.0001E+01    5.8620E+00    5.9271E+00    3.1048E+00    7.8668E+00   
 1.4605E+02    2.0939E+01    2.1195E+01    1.8820E+01    1.9483E+01    1.9782E+01    2.0251E+01    2.0065E+01    2.0022E+01    5.8824E+00    5.9271E+00    3.0997E+00    7.8668E+00   
 1.4666E+02    2.0945E+01    2.1195E+01    1.8805E+01    1.9496E+01    1.9770E+01    2.0255E+01    2.0071E+01    2.0024E+01    5.8620E+00    5.9067E+00    3.0692E+00    7.9202E+00   
 1.4716E+02    2.0958E+01    2.1211E+01    1.8990E+01    1.9512E+01    1.9780E+01    2.0255E+01    2.0059E+01    2.0024E+01    5.8620E+00    5.9067E+00    3.1048E+00    7.8400E+00   
 1.4766E+02    2.0965E+01    2.1222E+01    1.8945E+01    1.9536E+01    1.9792E+01    2.0265E+01    2.0088E+01    2.0033E+01    5.8620E+00    5.9067E+00    3.0539E+00    7.8400E+00   
 1.4816E+02    2.0950E+01    2.1190E+01    1.8802E+01    1.9546E+01    1.9805E+01    2.0266E+01    2.0090E+01    2.0036E+01    5.8620E+00    5.9067E+00    3.0947E+00    7.8400E+00   
 1.4873E+02    2.0935E+01    2.1201E+01    1.8818E+01    1.9595E+01    1.9821E+01    2.0284E+01    2.0106E+01    2.0046E+01    5.8620E+00    5.9067E+00    3.0692E+00    7.8668E+00   
 1.4923E+02    2.0948E+01    2.1202E+01    1.8800E+01    1.9577E+01    1.9808E+01    2.0285E+01    2.0102E+01    2.0063E+01    5.8620E+00    5.9067E+00    3.0692E+00    7.8130E+00   
 1.4973E+02    2.0949E+01    2.1202E+01    1.8886E+01    1.9576E+01    1.9834E+01    2.0268E+01    2.0099E+01    2.0060E+01    5.8620E+00    5.9067E+00    3.0997E+00    7.8400E+00   
 1.5023E+02    2.0943E+01    2.1223E+01    1.8738E+01    1.9576E+01    1.9822E+01    2.0268E+01    2.0107E+01    2.0060E+01    5.8620E+00    5.9067E+00    3.1048E+00    7.8400E+00   
 1.5084E+02    2.0914E+01    2.1203E+01    1.8781E+01    1.9552E+01    1.9832E+01    2.0306E+01    2.0119E+01    2.0078E+01    5.8620E+00    5.9067E+00    3.1099E+00    7.8400E+00   
 1.5134E+02    2.0914E+01    2.1197E+01    1.8720E+01    1.9549E+01    1.9835E+01    2.0305E+01    2.0123E+01    2.0072E+01    5.8620E+00    5.9067E+00    3.0641E+00    7.8130E+00   
 1.5184E+02    2.0926E+01    2.1201E+01    1.8720E+01    1.9557E+01    1.9820E+01    2.0297E+01    2.0107E+01    2.0054E+01    5.8620E+00    5.9271E+00    3.1099E+00    7.8936E+00   
 1.5234E+02    2.0921E+01    2.1211E+01    1.8790E+01    1.9570E+01    1.9810E+01    2.0301E+01    2.0115E+01    2.0053E+01    5.8620E+00    5.9067E+00    3.1048E+00    7.8936E+00   
 1.5291E+02    2.0927E+01    2.1211E+01    1.8891E+01    1.9560E+01    1.9801E+01    2.0300E+01    2.0081E+01    2.0040E+01    5.8620E+00    5.9067E+00    3.1099E+00    7.8936E+00   
 1.5341E+02    2.0912E+01    2.1180E+01    1.8829E+01    1.9560E+01    1.9820E+01    2.0300E+01    2.0109E+01    2.0040E+01    5.8620E+00    5.9067E+00    3.1048E+00    7.8668E+00   
 1.5391E+02    2.0914E+01    2.1200E+01    1.8706E+01    1.9591E+01    1.9786E+01    2.0267E+01    2.0097E+01    2.0039E+01    5.8620E+00    5.9271E+00    3.0590E+00    7.8130E+00   
 1.5442E+02    2.0914E+01    2.1174E+01    1.8705E+01    1.9583E+01    1.9786E+01    2.0256E+01    2.0092E+01    2.0030E+01    5.8620E+00    5.9067E+00    3.0590E+00    7.8400E+00   
 1.5502E+02    2.0941E+01    2.1193E+01    1.8705E+01    1.9574E+01    1.9776E+01    2.0266E+01    2.0076E+01    2.0025E+01    5.8620E+00    5.9271E+00    3.0743E+00    7.8668E+00   
 1.5552E+02    2.0923E+01    2.1183E+01    1.8838E+01    1.9566E+01    1.9778E+01    2.0258E+01    2.0084E+01    2.0026E+01    5.8620E+00    5.9067E+00    3.0947E+00    7.8400E+00   
 1.5602E+02    2.0907E+01    2.1183E+01    1.8878E+01    1.9549E+01    1.9789E+01    2.0275E+01    2.0094E+01    2.0037E+01    5.8824E+00    5.9067E+00    3.0590E+00    7.8936E+00   
 1.5652E+02    2.0913E+01    2.1188E+01    1.8875E+01    1.9549E+01    1.9800E+01    2.0275E+01    2.0098E+01    2.0037E+01    5.8620E+00    5.9067E+00    3.1048E+00    7.9733E+00   
# Time (s)      T1w (C)       T2w (C)       T1a (C)       T2a (C)       T1r (C)       T2r (C)       T3r (C)       T4r (C)       P1 (bar)      P2 (bar)      Ic (amp)      Qc (l/min)    
 1.5709E+02    2.0892E+01    2.1169E+01    1.8880E+01    1.9517E+01    1.9822E+01    2.0292E+01    2.0111E+01    2.0068E+01    5.8620E+00    5.9067E+00    3.0947E+00    7.8400E+00   
 1.5759E+02    2.0892E+01    2.1178E+01    1.8729E+01    1.9508E+01    1.9822E+01    2.0292E+01    2.0124E+01    2.0065E+01    5.8620E+00    5.9067E+00    3.0590E+00    7.8400E+00   
 1.5809E+02    2.0929E+01    2.1197E+01    1.8745E+01    1.9505E+01    1.9838E+01    2.0310E+01    2.0139E+01    2.0088E+01    5.8620E+00    5.9067E+00    3.1150E+00    7.8400E+00   
 1.5859E+02    2.0928E+01    2.1189E+01    1.8754E+01    1.9508E+01    1.9843E+01    2.0318E+01    2.0127E+01    2.0085E+01    5.8620E+00    5.9067E+00    3.1150E+00    7.8130E+00   
 1.5919E+02    2.0921E+01    2.1189E+01    1.8650E+01    1.9531E+01    1.9863E+01    2.0346E+01    2.0142E+01    2.0101E+01    5.8620E+00    5.9067E+00    3.0641E+00    7.8400E+00   
 1.5969E+02    2.0928E+01    2.1187E+01    1.8699E+01    1.9531E+01    1.9867E+01    2.0346E+01    2.0139E+01    2.0101E+01    5.8824E+00    5.9271E+00    3.0845E+00    7.8668E+00   
 1.6019E+02    2.0928E+01    2.1193E+01    1.8642E+01    1.9533E+01    1.9833E+01    2.0318E+01    2.0131E+01    2.0093E+01    5.8620E+00    5.9067E+00    3.1150E+00    7.8130E+00   
 1.6069E+02    2.0928E+01    2.1195E+01    1.8642E+01    1.9530E+01    1.9833E+01    2.0318E+01    2.0127E+01    2.0089E+01    5.8620E+00    5.9067E+00    3.0845E+00    7.8400E+00   
 1.6126E+02    2.0922E+01    2.1199E+01    1.8752E+01    1.9542E+01    1.9842E+01    2.0321E+01    2.0127E+01    2.0100E+01    5.8620E+00    5.9271E+00    3.1150E+00    7.8668E+00   
 1.6176E+02    2.0943E+01    2.1211E+01    1.8898E+01    1.9539E+01    1.9853E+01    2.0336E+01    2.0143E+01    2.0089E+01    5.8620E+00    5.9067E+00    3.1150E+00    7.8400E+00   
 1.6226E+02    2.0938E+01    2.1195E+01    1.8912E+01    1.9523E+01    1.9834E+01    2.0336E+01    2.0143E+01    2.0084E+01    5.8620E+00    5.9271E+00    3.1048E+00    7.9733E+00   
 1.6276E+02    2.0938E+01    2.1211E+01    1.8959E+01    1.9491E+01    1.9846E+01    2.0329E+01    2.0150E+01    2.0084E+01    5.8620E+00    5.9067E+00    3.0743E+00    7.9997E+00   
 1.6334E+02    2.0950E+01    2.1187E+01    1.8976E+01    1.9509E+01    1.9852E+01    2.0328E+01    2.0149E+01    2.0098E+01    5.8620E+00    5.9067E+00    3.0641E+00    7.9468E+00   
 1.6384E+02    2.0950E+01    2.1183E+01    1.8976E+01    1.9520E+01    1.9852E+01    2.0333E+01    2.0148E+01    2.0088E+01    5.8824E+00    5.9067E+00    3.0743E+00    7.8936E+00   
 1.6434E+02    2.0939E+01    2.1184E+01    1.8897E+01    1.9524E+01    1.9851E+01    2.0332E+01    2.0148E+01    2.0101E+01    5.8620E+00    5.9067E+00    3.1150E+00    7.8936E+00   
 1.6484E+02    2.0927E+01    2.1184E+01    1.8703E+01    1.9540E+01    1.9826E+01    2.0332E+01    2.0127E+01    2.0078E+01    5.8620E+00    5.9067E+00    3.0997E+00    7.8400E+00   
 1.6541E+02    2.0940E+01    2.1191E+01    1.8560E+01    1.9540E+01    1.9843E+01    2.0332E+01    2.0131E+01    2.0064E+01    5.8620E+00    5.9067E+00    3.0845E+00    7.8130E+00   
 1.6591E+02    2.0932E+01    2.1164E+01    1.8620E+01    1.9561E+01    1.9833E+01    2.0288E+01    2.0112E+01    2.0048E+01    5.8620E+00    5.9067E+00    3.0896E+00    7.8400E+00   
 1.6641E+02    2.0932E+01    2.1187E+01    1.8746E+01    1.9581E+01    1.9821E+01    2.0298E+01    2.0115E+01    2.0061E+01    5.8620E+00    5.9067E+00    3.0947E+00    7.8130E+00   
 1.6691E+02    2.0947E+01    2.1191E+01    1.8746E+01    1.9582E+01    1.9806E+01    2.0279E+01    2.0100E+01    2.0040E+01    5.8620E+00    5.9067E+00    3.0896E+00    7.8130E+00   
 1.6751E+02    2.0946E+01    2.1199E+01    1.8924E+01    1.9571E+01    1.9812E+01    2.0290E+01    2.0112E+01    2.0040E+01    5.8620E+00    5.9067E+00    3.0947E+00    7.8400E+00   
 1.6801E+02    2.0951E+01    2.1199E+01    1.8901E+01    1.9580E+01    1.9819E+01    2.0286E+01    2.0109E+01    2.0041E+01    5.8620E+00    5.9067E+00    3.0997E+00    7.8668E+00   
 1.6851E+02    2.0956E+01    2.1207E+01    1.8927E+01    1.9580E+01    1.9822E+01    2.0286E+01    2.0105E+01    2.0041E+01    5.8620E+00    5.9067E+00    3.1150E+00    7.8400E+00   
 1.6901E+02    2.0956E+01    2.1196E+01    1.8822E+01    1.9567E+01    1.9836E+01    2.0315E+01    2.0124E+01    2.0054E+01    5.8620E+00    5.9067E+00    3.1150E+00    7.8668E+00   
 1.6959E+02    2.0956E+01    2.1213E+01    1.8875E+01    1.9587E+01    1.9840E+01    2.0307E+01    2.0126E+01    2.0069E+01    5.8620E+00    5.9067E+00    3.0692E+00    7.8130E+00   
 1.7009E+02    2.0948E+01    2.1205E+01    1.8859E+01    1.9551E+01    1.9856E+01    2.0340E+01    2.0142E+01    2.0069E+01    5.8620E+00    5.9067E+00    3.0845E+00    7.8130E+00   
 1.7059E+02    2.0956E+01    2.1205E+01    1.8920E+01    1.9541E+01    1.9864E+01    2.0330E+01    2.0140E+01    2.0076E+01    5.8620E+00    5.9067E+00    3.1099E+00    7.9468E+00   
 1.7109E+02    2.0922E+01    2.1189E+01    1.9034E+01    1.9549E+01    1.9854E+01    2.0318E+01    2.0142E+01    2.0067E+01    5.8620E+00    5.9067E+00    5.9608E+00    7.8400E+00   
 1.7168E+02    2.0928E+01    2.1190E+01    1.9109E+01    1.9549E+01    1.9860E+01    2.0318E+01    2.0149E+01    2.0067E+01    5.8620E+00    5.9067E+00    6.2459E+00    7.8400E+00   
 1.7218E+02    2.0907E+01    2.1172E+01    1.9105E+01    1.9549E+01    1.9888E+01    2.0333E+01    2.0145E+01    2.0088E+01    5.8620E+00    5.9067E+00    6.2306E+00    7.8400E+00   
# Time (s)      T1w (C)       T2w (C)       T1a (C)       T2a (C)       T1r (C)       T2r (C)       T3r (C)       T4r (C)       P1 (bar)      P2 (bar)      Ic (amp)      Qc (l/min)    
 1.7268E+02    2.0907E+01    2.1162E+01    1.8908E+01    1.9534E+01    1.9879E+01    2.0348E+01    2.0159E+01    2.0115E+01    5.8620E+00    5.9067E+00    6.1491E+00    7.8668E+00   
 1.7318E+02    2.0911E+01    2.1155E+01    1.8892E+01    1.9505E+01    1.9863E+01    2.0336E+01    2.0143E+01    2.0082E+01    5.7804E+00    5.9881E+00    5.0801E+00    7.8400E+00   
 1.7376E+02    2.0919E+01    2.1151E+01    1.8968E+01    1.9522E+01    1.9862E+01    2.0690E+01    2.0146E+01    2.0060E+01    5.6375E+00    6.2325E+00    3.9397E+00    7.7860E+00   
 1.7426E+02    2.0894E+01    2.1151E+01    1.8916E+01    1.9480E+01    1.9637E+01    2.1512E+01    2.0236E+01    2.0045E+01    5.5967E+00    6.4361E+00    4.6779E+00    7.8130E+00   
 1.7476E+02    2.0897E+01    2.1172E+01    1.8899E+01    1.9480E+01    1.9268E+01    2.1512E+01    2.0470E+01    2.0045E+01    5.5151E+00    6.6600E+00    4.6015E+00    7.8130E+00   
 1.7526E+02    2.0897E+01    2.1186E+01    1.8871E+01    1.9479E+01    1.8830E+01    2.2382E+01    2.0552E+01    2.0041E+01    5.4539E+00    1.8978E+01    6.9637E+00    7.8130E+00   
 1.7584E+02    2.0909E+01    2.1228E+01    1.8762E+01    1.9486E+01    1.8699E+01    2.4056E+01    2.0753E+01    2.0041E+01    5.4131E+00    8.2481E+00    4.6932E+00    7.8130E+00   
 1.7634E+02    2.0897E+01    2.1293E+01    1.8762E+01    1.9473E+01    1.8683E+01    2.4719E+01    2.0737E+01    2.0113E+01    5.3927E+00    7.5151E+00    4.2910E+00    7.7860E+00   
 1.7684E+02    2.0892E+01    2.1293E+01    1.8641E+01    1.9456E+01    1.9021E+01    2.4962E+01    2.0628E+01    2.0180E+01    5.3519E+00    7.4337E+00    4.1790E+00    7.8936E+00   
 1.7734E+02    2.0925E+01    2.1431E+01    1.8683E+01    1.9472E+01    1.8898E+01    2.4962E+01    2.0571E+01    2.0206E+01    5.3111E+00    7.4540E+00    4.1179E+00    7.8130E+00   
 1.7793E+02    2.0925E+01    2.1574E+01    1.8658E+01    1.9479E+01    1.8603E+01    2.5460E+01    2.0532E+01    2.0190E+01    5.2498E+00    7.7187E+00    4.0670E+00    7.8130E+00   
 1.7843E+02    2.0916E+01    2.1592E+01    1.8639E+01    1.9443E+01    1.8312E+01    2.6361E+01    2.0507E+01    2.0225E+01    5.1886E+00    7.8816E+00    4.1383E+00    7.8130E+00   
 1.7893E+02    2.0931E+01    2.1526E+01    1.8655E+01    1.9475E+01    1.8312E+01    2.7515E+01    2.0477E+01    2.0335E+01    5.1274E+00    8.1056E+00    4.2146E+00    7.8130E+00   
 1.7943E+02    2.0942E+01    2.1381E+01    1.8801E+01    1.9460E+01    1.8009E+01    2.8596E+01    2.0477E+01    2.0427E+01    5.0662E+00    8.1870E+00    4.2350E+00    7.8400E+00   
 1.8002E+02    2.0953E+01    2.1220E+01    1.9014E+01    1.9461E+01    1.7687E+01    2.9338E+01    2.0500E+01    2.0510E+01    4.9846E+00    8.2888E+00    4.1535E+00    7.7860E+00   
 1.8052E+02    2.0964E+01    2.1220E+01    1.9084E+01    1.9462E+01    1.7467E+01    2.9846E+01    2.0571E+01    2.0640E+01    4.9438E+00    8.3702E+00    4.1637E+00    7.8668E+00   
 1.8102E+02    2.0951E+01    2.1062E+01    1.8871E+01    1.9446E+01    1.7316E+01    2.9846E+01    2.0689E+01    2.0640E+01    4.8622E+00    8.3499E+00    4.2146E+00    7.7860E+00   
 1.8152E+02    2.0951E+01    2.0918E+01    1.8918E+01    1.9444E+01    1.7270E+01    3.0225E+01    2.0890E+01    2.0758E+01    4.8009E+00    8.3702E+00    4.2248E+00    7.8400E+00   
 1.8210E+02    2.0951E+01    2.0787E+01    1.8972E+01    1.9431E+01    1.7278E+01    3.0473E+01    2.1081E+01    2.0873E+01    4.7601E+00    8.0038E+00    4.1994E+00    7.8400E+00   
 1.8260E+02    2.0947E+01    2.0609E+01    1.8972E+01    1.9411E+01    1.7278E+01    2.9950E+01    2.1081E+01    2.1016E+01    4.7193E+00    7.7391E+00    4.0823E+00    7.8668E+00   
 1.8310E+02    2.0945E+01    2.0594E+01    1.9007E+01    1.9380E+01    1.7326E+01    2.9032E+01    2.1254E+01    2.1164E+01    4.6989E+00    7.5762E+00    4.0059E+00    7.8130E+00   
 1.8360E+02    2.0959E+01    2.0459E+01    1.8776E+01    1.9380E+01    1.7387E+01    2.9032E+01    2.1419E+01    2.1164E+01    4.6581E+00    7.4948E+00    3.9601E+00    7.8400E+00   
 1.8419E+02    2.0951E+01    2.0339E+01    1.8814E+01    1.9391E+01    1.7436E+01    2.8428E+01    2.1566E+01    2.1322E+01    4.6173E+00    7.4133E+00    3.9092E+00    7.8130E+00   
 1.8469E+02    2.0951E+01    2.0244E+01    1.9369E+01    1.9418E+01    1.7471E+01    2.8099E+01    2.1686E+01    2.1475E+01    4.5969E+00    7.3726E+00    3.9397E+00    7.8130E+00   
 1.8519E+02    2.0941E+01    2.0158E+01    1.9354E+01    1.9440E+01    1.7455E+01    2.7881E+01    2.1670E+01    2.1676E+01    4.5561E+00    7.3522E+00    3.9550E+00    7.7860E+00   
 1.8569E+02    2.0963E+01    2.0006E+01    1.9226E+01    1.9465E+01    1.7496E+01    2.7815E+01    2.1849E+01    2.1999E+01    4.5357E+00    7.3930E+00    3.9295E+00    7.8130E+00   
 1.8627E+02    2.0942E+01    2.0006E+01    1.9258E+01    1.9491E+01    1.7497E+01    2.7845E+01    2.2022E+01    2.2403E+01    4.4949E+00    7.3726E+00    3.8888E+00    7.8130E+00   
 1.8677E+02    2.0961E+01    1.9813E+01    1.9369E+01    1.9491E+01    1.7523E+01    2.7845E+01    2.2271E+01    2.2815E+01    4.4745E+00    7.4337E+00    3.8786E+00    7.8400E+00   
 1.8727E+02    2.0951E+01    1.9580E+01    1.9536E+01    1.9494E+01    1.7521E+01    2.7904E+01    2.2544E+01    2.2799E+01    4.5357E+00    7.4337E+00    3.8634E+00    7.8130E+00   
 1.8777E+02    2.0951E+01    1.9412E+01    1.9450E+01    1.9526E+01    1.7581E+01    2.8011E+01    2.2809E+01    2.3146E+01    4.5357E+00    7.4540E+00    3.8735E+00    7.8130E+00   
# Time (s)      T1w (C)       T2w (C)       T1a (C)       T2a (C)       T1r (C)       T2r (C)       T3r (C)       T4r (C)       P1 (bar)      P2 (bar)      Ic (amp)      Qc (l/min)    
 1.8838E+02    2.0973E+01    1.9274E+01    1.9450E+01    1.9550E+01    1.7597E+01    2.8133E+01    2.2973E+01    2.3476E+01    4.5357E+00    7.4540E+00    3.9855E+00    7.8130E+00   
 1.8888E+02    2.0954E+01    1.9117E+01    1.9101E+01    1.9549E+01    1.7630E+01    2.8233E+01    2.2973E+01    2.3765E+01    4.5153E+00    7.5151E+00    3.8735E+00    7.8130E+00   
 1.8938E+02    2.0976E+01    1.9133E+01    1.9152E+01    1.9559E+01    1.7638E+01    2.8313E+01    2.3019E+01    2.3957E+01    4.5153E+00    7.5355E+00    3.8735E+00    7.8130E+00   
 1.8988E+02    2.0988E+01    1.8921E+01    1.9337E+01    1.9559E+01    1.7641E+01    2.8313E+01    2.3054E+01    2.3957E+01    4.4949E+00    7.5762E+00    3.8481E+00    7.8130E+00   
 1.9047E+02    2.0980E+01    1.8717E+01    1.9557E+01    1.9573E+01    1.7616E+01    2.8395E+01    2.3192E+01    2.4062E+01    4.4949E+00    7.6169E+00    3.8634E+00    7.8400E+00   
 1.9097E+02    2.0980E+01    1.8606E+01    2.0323E+01    1.9584E+01    1.7613E+01    2.8553E+01    2.3383E+01    2.4196E+01    4.4949E+00    7.6169E+00    3.9143E+00    7.7860E+00   
 1.9147E+02    2.0969E+01    1.8535E+01    2.0323E+01    1.9577E+01    1.7613E+01    2.8704E+01    2.3383E+01    2.4174E+01    4.4745E+00    7.6373E+00    3.8939E+00    7.7860E+00   
 1.9197E+02    2.0973E+01    1.8464E+01    2.0177E+01    1.9541E+01    1.7579E+01    2.8872E+01    2.3518E+01    2.4068E+01    4.4337E+00    7.6780E+00    3.8685E+00    7.8130E+00   
 1.9254E+02    2.0966E+01    1.8464E+01    2.0211E+01    1.9510E+01    1.7336E+01    2.8996E+01    2.3640E+01    2.3969E+01    4.3928E+00    7.6984E+00    3.8685E+00    7.7860E+00   
 1.9304E+02    2.0974E+01    1.8168E+01    1.9919E+01    1.9510E+01    1.6078E+01    2.8996E+01    2.3757E+01    2.3969E+01    4.3724E+00    7.7187E+00    3.8685E+00    7.8130E+00   
 1.9354E+02    2.0991E+01    1.7825E+01    2.0294E+01    1.9550E+01    1.4153E+01    2.9137E+01    2.3715E+01    2.3891E+01    4.3316E+00    7.7391E+00    3.9550E+00    7.8400E+00   
 1.9404E+02    2.0991E+01    1.7608E+01    1.9906E+01    1.9567E+01    1.3346E+01    2.9271E+01    2.3636E+01    2.3900E+01    4.2908E+00    7.7798E+00    3.9448E+00    7.8130E+00   
 1.9464E+02    2.0997E+01    1.7545E+01    1.9906E+01    1.9589E+01    1.3346E+01    2.9436E+01    2.3577E+01    2.3869E+01    4.2704E+00    7.8002E+00    3.8786E+00    7.8130E+00   
 1.9514E+02    2.0989E+01    1.7534E+01    2.0296E+01    1.9584E+01    1.2960E+01    2.9624E+01    2.3577E+01    2.3989E+01    4.2296E+00    7.8205E+00    3.8685E+00    7.8130E+00   
 1.9564E+02    2.1007E+01    1.7534E+01    2.0414E+01    1.9592E+01    1.2731E+01    2.9833E+01    2.3558E+01    2.4223E+01    4.2092E+00    7.8205E+00    3.9550E+00    7.7860E+00   
 1.9614E+02    2.1004E+01    1.7439E+01    2.0284E+01    1.9592E+01    1.2509E+01    2.9833E+01    2.3528E+01    2.4223E+01    4.1888E+00    7.8816E+00    3.9499E+00    7.7860E+00   
 1.9671E+02    2.0988E+01    1.7290E+01    2.0070E+01    1.9577E+01    1.2397E+01    3.0052E+01    2.3517E+01    2.4369E+01    4.1684E+00    7.9020E+00    3.9448E+00    7.7860E+00   
 1.9721E+02    2.0988E+01    1.7218E+01    2.0590E+01    1.9528E+01    1.2384E+01    3.0221E+01    2.3539E+01    2.4557E+01    4.1888E+00    7.9020E+00    3.9805E+00    7.8400E+00   
 1.9771E+02    2.0981E+01    1.7207E+01    2.0590E+01    1.9505E+01    1.2384E+01    3.0354E+01    2.3539E+01    2.4979E+01    4.1888E+00    7.9834E+00    3.9499E+00    7.8130E+00   
 1.9821E+02    2.0995E+01    1.7222E+01    2.0969E+01    1.9452E+01    1.2386E+01    3.0292E+01    2.3536E+01    2.5341E+01    4.1888E+00    8.0241E+00    3.9346E+00    7.7860E+00   
 1.9881E+02    2.1000E+01    1.7222E+01    2.0716E+01    1.9431E+01    1.2431E+01    3.0313E+01    2.3562E+01    2.5734E+01    4.2092E+00    8.0241E+00    3.9295E+00    7.8400E+00   
 1.9931E+02    2.0980E+01    1.7268E+01    2.0331E+01    1.9431E+01    1.2446E+01    3.0298E+01    2.3572E+01    2.5719E+01    4.2296E+00    8.1259E+00    3.9805E+00    7.7860E+00   
 1.9981E+02    2.0993E+01    1.7316E+01    2.0026E+01    1.9431E+01    1.2441E+01    3.0426E+01    2.3586E+01    2.6132E+01    4.2296E+00    8.1666E+00    3.9754E+00    7.7589E+00   
 2.0031E+02    2.0993E+01    1.7360E+01    2.0026E+01    1.9446E+01    1.2465E+01    3.0604E+01    2.3610E+01    2.6473E+01    4.2296E+00    8.1870E+00    3.9906E+00    7.8130E+00   
 2.0088E+02    2.0998E+01    1.7413E+01    2.0836E+01    1.9455E+01    1.2465E+01    3.0764E+01    2.3610E+01    2.6829E+01    4.2500E+00    8.2481E+00    3.9855E+00    7.8130E+00   
 2.0138E+02    2.1004E+01    1.7425E+01    2.0904E+01    1.9478E+01    1.2424E+01    3.0914E+01    2.3608E+01    2.7174E+01    4.2704E+00    8.2684E+00    3.9703E+00    7.8130E+00   
 2.0188E+02    2.0990E+01    1.7425E+01    2.1238E+01    1.9471E+01    1.2409E+01    3.1089E+01    2.3630E+01    2.7483E+01    4.2500E+00    8.2888E+00    3.9041E+00    7.7860E+00   
 2.0238E+02    2.0989E+01    1.7471E+01    2.0860E+01    1.9471E+01    1.2417E+01    3.1104E+01    2.3638E+01    2.7499E+01    4.2704E+00    8.3499E+00    3.8685E+00    7.7860E+00   
 2.0298E+02    2.1001E+01    1.7458E+01    2.1040E+01    1.9490E+01    1.2358E+01    3.1280E+01    2.3662E+01    2.7835E+01    4.2296E+00    8.6553E+00    3.9499E+00    7.8130E+00   
 2.0348E+02    2.1001E+01    1.7482E+01    2.1291E+01    1.9482E+01    1.2333E+01    3.1650E+01    2.3695E+01    2.8129E+01    4.5357E+00    7.7594E+00    3.9652E+00    7.7860E+00   
# Time (s)      T1w (C)       T2w (C)       T1a (C)       T2a (C)       T1r (C)       T2r (C)       T3r (C)       T4r (C)       P1 (bar)      P2 (bar)      Ic (amp)      Qc (l/min)    
 2.0398E+02    2.1014E+01    1.7494E+01    2.1291E+01    1.9474E+01    1.2333E+01    3.1207E+01    2.3695E+01    2.8322E+01    4.9642E+00    7.2708E+00    3.7005E+00    7.7860E+00   
 2.0448E+02    2.1010E+01    1.7494E+01    2.1119E+01    1.9467E+01    1.5835E+01    2.9017E+01    2.3692E+01    2.8300E+01    5.1682E+00    7.2504E+00    3.7157E+00    7.7589E+00   
 2.0505E+02    2.1010E+01    1.7519E+01    2.0790E+01    1.9475E+01    1.8027E+01    2.8368E+01    2.3683E+01    2.8099E+01    5.3723E+00    7.2097E+00    3.7666E+00    7.7860E+00   
 2.0555E+02    2.0992E+01    1.7667E+01    2.0635E+01    1.9475E+01    1.9524E+01    2.8368E+01    2.3702E+01    2.8099E+01    5.4743E+00    7.2912E+00    3.8175E+00    7.7860E+00   
 2.0605E+02    2.0992E+01    1.8086E+01    2.0456E+01    1.9500E+01    2.0583E+01    2.8183E+01    2.3698E+01    2.7738E+01    5.5151E+00    7.2912E+00    3.9143E+00    7.8400E+00   
 2.0655E+02    2.1009E+01    1.8740E+01    2.0456E+01    1.9503E+01    2.0583E+01    2.8249E+01    2.3698E+01    2.7327E+01    5.5559E+00    7.3726E+00    4.0110E+00    7.7860E+00   
 2.0715E+02    2.1015E+01    1.9413E+01    2.0448E+01    1.9480E+01    2.1131E+01    2.8425E+01    2.3729E+01    2.6996E+01    5.5559E+00    7.4744E+00    3.9805E+00    7.7860E+00   
 2.0765E+02    2.1009E+01    2.0055E+01    2.0668E+01    1.9480E+01    2.1229E+01    2.8735E+01    2.3728E+01    2.6669E+01    5.5559E+00    7.5558E+00    4.0008E+00    7.7860E+00   
 2.0815E+02    2.1001E+01    2.0055E+01    2.0331E+01    1.9480E+01    2.1151E+01    2.8735E+01    2.3751E+01    2.6441E+01    5.5355E+00    7.6373E+00    4.1077E+00    7.7860E+00   
 2.0865E+02    2.0998E+01    2.0701E+01    2.0607E+01    1.9471E+01    2.1002E+01    2.9021E+01    2.3743E+01    2.6441E+01    5.4947E+00    7.6984E+00    4.0975E+00    7.8130E+00   
 2.0923E+02    2.0998E+01    2.1342E+01    2.0511E+01    1.9455E+01    2.0804E+01    2.9285E+01    2.3746E+01    2.6213E+01    5.4539E+00    7.8002E+00    4.0415E+00    7.7589E+00   
 2.0973E+02    2.1004E+01    2.2034E+01    2.0511E+01    1.9465E+01    2.0804E+01    2.9540E+01    2.3754E+01    2.5964E+01    5.4131E+00    7.8612E+00    4.0823E+00    7.7860E+00   
 2.1023E+02    2.0987E+01    2.2728E+01    2.0304E+01    1.9460E+01    2.0577E+01    2.9746E+01    2.3754E+01    2.5686E+01    5.3927E+00    7.8612E+00    4.0619E+00    7.7589E+00   
 2.1073E+02    2.0987E+01    2.2728E+01    2.0095E+01    1.9495E+01    2.0392E+01    2.9972E+01    2.3770E+01    2.5443E+01    5.3723E+00    7.9223E+00    4.0619E+00    7.8130E+00   
 2.1132E+02    2.1022E+01    2.3441E+01    2.0271E+01    1.9491E+01    2.0196E+01    3.0228E+01    2.3767E+01    2.5193E+01    5.3111E+00    8.0445E+00    4.0975E+00    7.8130E+00   
 2.1182E+02    2.1016E+01    2.3980E+01    1.9933E+01    1.9491E+01    1.9854E+01    3.0228E+01    2.3764E+01    2.5193E+01    5.2906E+00    8.0445E+00    4.0466E+00    7.8400E+00   
 2.1232E+02    2.1032E+01    2.4537E+01    1.9905E+01    1.9515E+01    1.9726E+01    3.0455E+01    2.3759E+01    2.4976E+01    5.2906E+00    8.1056E+00    4.0721E+00    7.8130E+00   
 2.1282E+02    2.1033E+01    2.5007E+01    1.9905E+01    1.9524E+01    1.9726E+01    3.0656E+01    2.3759E+01    2.4780E+01    5.2498E+00    8.1870E+00    4.1332E+00    7.7860E+00   
 2.1339E+02    2.1051E+01    2.5481E+01    2.0024E+01    1.9563E+01    1.9648E+01    3.0901E+01    2.3772E+01    2.4592E+01    5.2294E+00    8.1870E+00    4.1485E+00    7.8130E+00   
 2.1389E+02    2.1052E+01    2.5481E+01    1.9748E+01    1.9560E+01    1.9558E+01    3.1105E+01    2.3771E+01    2.4380E+01    5.2090E+00    8.2481E+00    4.1637E+00    7.8400E+00   
 2.1439E+02    2.1044E+01    2.5814E+01    1.9879E+01    1.9560E+01    1.9501E+01    3.1105E+01    2.3763E+01    2.4380E+01    5.2090E+00    8.3092E+00    4.1026E+00    7.8400E+00   
 2.1490E+02    2.1043E+01    2.6206E+01    2.0433E+01    1.9563E+01    1.9381E+01    3.1351E+01    2.3775E+01    2.4115E+01    5.2090E+00    8.3499E+00    4.0925E+00    7.8130E+00   
 2.1551E+02    2.1043E+01    2.6549E+01    2.0730E+01    1.9588E+01    1.9303E+01    3.1596E+01    2.3794E+01    2.3801E+01    5.1682E+00    8.4313E+00    4.1688E+00    7.7860E+00   
 2.1601E+02    2.1037E+01    2.6821E+01    2.0704E+01    1.9543E+01    1.9303E+01    3.1866E+01    2.3796E+01    2.3488E+01    5.1478E+00    8.4924E+00    4.0925E+00    7.7860E+00   
 2.1652E+02    2.1022E+01    2.7096E+01    2.0689E+01    1.9561E+01    1.9202E+01    3.2093E+01    2.3796E+01    2.3192E+01    5.1274E+00    8.5128E+00    4.1485E+00    7.8400E+00   
 2.1702E+02    2.1027E+01    2.7096E+01    2.0291E+01    1.9549E+01    1.9079E+01    3.2350E+01    2.3807E+01    2.2903E+01    5.1070E+00    8.6146E+00    4.1943E+00    7.8400E+00   
 2.1759E+02    2.1022E+01    2.7332E+01    2.0216E+01    1.9504E+01    1.8899E+01    3.2350E+01    2.3802E+01    2.2649E+01    5.0866E+00    8.6553E+00    4.1943E+00    7.8130E+00   
 2.1809E+02    2.1018E+01    2.7571E+01    2.0208E+01    1.9504E+01    1.8767E+01    3.2553E+01    2.3797E+01    2.2649E+01    5.0458E+00    8.6553E+00    4.2095E+00    7.8130E+00   
 2.1859E+02    2.1034E+01    2.7796E+01    2.0113E+01    1.9493E+01    1.8613E+01    3.2734E+01    2.3797E+01    2.2375E+01    5.0254E+00    8.6349E+00    4.1535E+00    7.7860E+00   
 2.1909E+02    2.1036E+01    2.8005E+01    2.0113E+01    1.9495E+01    1.8613E+01    3.2895E+01    2.3797E+01    2.2217E+01    5.0050E+00    8.7367E+00    4.1332E+00    7.8400E+00   
# Time (s)      T1w (C)       T2w (C)       T1a (C)       T2a (C)       T1r (C)       T2r (C)       T3r (C)       T4r (C)       P1 (bar)      P2 (bar)      Ic (amp)      Qc (l/min)    
 2.1969E+02    2.1013E+01    2.8168E+01    1.9955E+01    1.9511E+01    1.8467E+01    3.3035E+01    2.3798E+01    2.1950E+01    4.9642E+00    8.7367E+00    4.1332E+00    7.8130E+00   
 2.2019E+02    2.0998E+01    2.8168E+01    1.9900E+01    1.9512E+01    1.8279E+01    3.3158E+01    2.3821E+01    2.1724E+01    4.9642E+00    8.7164E+00    4.1841E+00    7.8400E+00   
 2.2069E+02    2.1006E+01    2.8359E+01    1.9918E+01    1.9512E+01    1.8081E+01    3.3158E+01    2.3826E+01    2.1724E+01    4.9234E+00    8.7164E+00    4.1739E+00    7.8400E+00   
 2.2119E+02    2.1001E+01    2.8521E+01    1.9866E+01    1.9520E+01    1.7873E+01    3.3309E+01    2.3832E+01    2.1449E+01    4.9030E+00    8.7571E+00    4.1790E+00    7.8400E+00   
 2.2176E+02    2.1001E+01    2.8661E+01    1.9630E+01    1.9549E+01    1.7710E+01    3.3423E+01    2.3855E+01    2.1218E+01    4.8826E+00    8.7978E+00    4.1739E+00    7.8130E+00   
 2.2226E+02    2.0995E+01    2.8831E+01    1.9615E+01    1.9544E+01    1.7726E+01    3.3513E+01    2.3870E+01    2.0948E+01    4.8417E+00    8.7774E+00    4.1637E+00    7.8400E+00   
 2.2276E+02    2.0973E+01    2.8937E+01    1.9492E+01    1.9561E+01    1.7579E+01    3.3581E+01    2.3897E+01    2.0662E+01    4.8622E+00    8.8182E+00    4.2452E+00    7.8668E+00   
 2.2326E+02    2.0980E+01    2.8937E+01    1.9443E+01    1.9557E+01    1.7421E+01    3.3768E+01    2.3959E+01    2.0360E+01    4.8417E+00    8.8589E+00    4.2503E+00    7.8668E+00   
 2.2386E+02    2.0971E+01    2.9069E+01    1.9608E+01    1.9557E+01    1.7246E+01    3.3768E+01    2.4011E+01    2.0360E+01    4.8213E+00    8.8385E+00    4.1586E+00    7.8400E+00   
 2.2436E+02    2.0981E+01    2.9166E+01    1.9690E+01    1.9564E+01    1.7103E+01    3.3933E+01    2.4072E+01    2.0107E+01    4.7805E+00    8.8792E+00    4.1892E+00    7.8400E+00   
 2.2486E+02    2.0981E+01    2.9252E+01    1.9593E+01    1.9505E+01    1.6904E+01    3.4134E+01    2.4067E+01    1.9806E+01    4.7601E+00    8.8996E+00    4.2706E+00    7.8400E+00   
 2.2536E+02    2.0972E+01    2.9333E+01    1.9593E+01    1.9491E+01    1.6888E+01    3.4184E+01    2.4052E+01    1.9522E+01    4.7601E+00    8.9607E+00    4.2350E+00    7.8400E+00   
 2.2593E+02    2.0979E+01    2.9402E+01    1.9568E+01    1.9487E+01    1.6732E+01    3.4298E+01    2.4035E+01    1.9284E+01    4.7193E+00    8.9403E+00    4.2045E+00    7.8400E+00   
 2.2643E+02    2.0978E+01    2.9402E+01    1.9422E+01    1.9465E+01    1.6586E+01    3.4383E+01    2.3982E+01    1.9037E+01    4.6989E+00    8.9403E+00    4.2045E+00    7.8130E+00   
 2.2693E+02    2.0966E+01    2.9486E+01    1.9301E+01    1.9465E+01    1.6500E+01    3.4383E+01    2.3947E+01    1.9037E+01    4.6785E+00    8.9810E+00    4.1892E+00    7.8130E+00   
 2.2743E+02    2.0966E+01    2.9543E+01    1.9193E+01    1.9480E+01    1.6442E+01    3.4457E+01    2.3906E+01    1.8800E+01    4.6581E+00    8.9607E+00    4.1841E+00    7.8400E+00   
 2.2801E+02    2.0947E+01    2.9598E+01    1.9074E+01    1.9491E+01    1.6496E+01    3.4520E+01    2.3839E+01    1.8485E+01    4.6173E+00    8.9607E+00    4.1535E+00    7.8668E+00   
 2.2851E+02    2.0947E+01    2.9655E+01    1.9074E+01    1.9514E+01    1.6480E+01    3.4543E+01    2.3824E+01    1.8133E+01    4.6173E+00    8.9607E+00    4.1841E+00    7.8130E+00   
 2.2901E+02    2.0971E+01    2.9732E+01    1.8965E+01    1.9527E+01    1.6503E+01    3.4622E+01    2.3714E+01    1.7866E+01    4.5969E+00    8.9810E+00    4.2197E+00    7.8400E+00   
 2.2951E+02    2.0968E+01    2.9732E+01    1.8952E+01    1.9526E+01    1.6560E+01    3.4638E+01    2.3590E+01    1.7645E+01    4.5765E+00    9.0218E+00    4.1841E+00    7.8400E+00   
 2.3008E+02    2.0972E+01    2.9776E+01    1.8920E+01    1.9526E+01    1.6572E+01    3.4690E+01    2.3437E+01    1.7645E+01    4.5561E+00    9.0218E+00    4.1586E+00    7.8400E+00   
 2.3059E+02    2.0972E+01    2.9829E+01    1.8977E+01    1.9532E+01    1.6585E+01    3.4792E+01    2.3259E+01    1.7391E+01    4.5357E+00    8.9810E+00    4.1790E+00    7.8400E+00   
 2.3109E+02    2.0956E+01    2.9887E+01    1.8977E+01    1.9552E+01    1.6585E+01    3.4851E+01    2.3259E+01    1.7074E+01    4.5153E+00    9.0218E+00    4.1994E+00    7.8400E+00   
 2.3159E+02    2.0934E+01    2.9937E+01    1.8972E+01    1.9548E+01    1.6572E+01    3.4899E+01    2.3020E+01    1.6599E+01    4.4949E+00    9.0218E+00    4.1790E+00    7.8936E+00   
 2.3218E+02    2.0942E+01    2.9977E+01    1.8861E+01    1.9531E+01    1.6582E+01    3.4947E+01    2.2758E+01    1.6299E+01    4.4745E+00    9.0421E+00    4.2248E+00    7.8936E+00   
 2.3268E+02    2.0925E+01    2.9961E+01    1.8822E+01    1.9528E+01    1.6620E+01    3.5010E+01    2.2525E+01    1.6158E+01    4.4541E+00    9.0218E+00    4.2146E+00    7.8400E+00   
 2.3318E+02    2.0894E+01    3.0016E+01    1.8847E+01    1.9528E+01    1.6651E+01    3.5010E+01    2.2294E+01    1.6158E+01    4.4337E+00    9.0625E+00    4.2248E+00    7.8400E+00   
 2.3368E+02    2.0879E+01    3.0039E+01    1.8841E+01    1.9517E+01    1.6649E+01    3.5064E+01    2.2090E+01    1.5975E+01    4.4133E+00    9.0014E+00    4.2045E+00    7.8400E+00   
 2.3425E+02    2.0858E+01    3.0102E+01    1.8781E+01    1.9548E+01    1.6649E+01    3.5087E+01    2.1953E+01    1.5823E+01    4.3928E+00    9.0625E+00    4.2146E+00    7.8936E+00   
 2.3475E+02    2.0862E+01    3.0123E+01    1.8781E+01    1.9553E+01    1.6692E+01    3.5147E+01    2.1953E+01    1.5628E+01    4.3724E+00    9.0421E+00    4.2045E+00    7.8936E+00   
# Time (s)      T1w (C)       T2w (C)       T1a (C)       T2a (C)       T1r (C)       T2r (C)       T3r (C)       T4r (C)       P1 (bar)      P2 (bar)      Ic (amp)      Qc (l/min)    
 2.3525E+02    2.0836E+01    3.0123E+01    1.8755E+01    1.9566E+01    1.6728E+01    3.5178E+01    2.1859E+01    1.5494E+01    4.3520E+00    9.0218E+00    4.1128E+00    7.8668E+00   
 2.3575E+02    2.0833E+01    3.0160E+01    1.8697E+01    1.9566E+01    1.6748E+01    3.5178E+01    2.1812E+01    1.5494E+01    4.3520E+00    9.0218E+00    4.1077E+00    7.8400E+00   
 2.3634E+02    2.0826E+01    3.0207E+01    1.8744E+01    1.9562E+01    1.6782E+01    3.5239E+01    2.1843E+01    1.5370E+01    4.3316E+00    9.0625E+00    4.1739E+00    7.8400E+00   
 2.3684E+02    2.0842E+01    3.0250E+01    1.8659E+01    1.9561E+01    1.6818E+01    3.5245E+01    2.1886E+01    1.5296E+01    4.3112E+00    9.0625E+00    4.1128E+00    7.8936E+00   
 2.3734E+02    2.0824E+01    3.0289E+01    1.8659E+01    1.9578E+01    1.6818E+01    3.5279E+01    2.1886E+01    1.5241E+01    4.3112E+00    9.0421E+00    4.0925E+00    7.8400E+00   
 2.3784E+02    2.0830E+01    3.0334E+01    1.8615E+01    1.9590E+01    1.6826E+01    3.5314E+01    2.2004E+01    1.5174E+01    4.2908E+00    9.0625E+00    4.1383E+00    7.8400E+00   
 2.3841E+02    2.0816E+01    3.0319E+01    1.8720E+01    1.9578E+01    1.6849E+01    3.5329E+01    2.2154E+01    1.5071E+01    4.2704E+00    9.0828E+00    4.0975E+00    7.8400E+00   
 2.3891E+02    2.0812E+01    3.0355E+01    1.8615E+01    1.9578E+01    1.6880E+01    3.5329E+01    2.2341E+01    1.5071E+01    4.2704E+00    9.0421E+00    4.1485E+00    7.8400E+00   
 2.3941E+02    2.0809E+01    3.0401E+01    1.8450E+01    1.9565E+01    1.6934E+01    3.5352E+01    2.2577E+01    1.4972E+01    4.2500E+00    9.0421E+00    4.0772E+00    7.8936E+00   
 2.3991E+02    2.0824E+01    3.0451E+01    1.8380E+01    1.9530E+01    1.6958E+01    3.5368E+01    2.2833E+01    1.4850E+01    4.2500E+00    9.0828E+00    4.0874E+00    7.8668E+00   
 2.4052E+02    2.0798E+01    3.0452E+01    1.8365E+01    1.9503E+01    1.6973E+01    3.5409E+01    2.2848E+01    1.4770E+01    4.2296E+00    9.0625E+00    4.1332E+00    7.9202E+00   
 2.4102E+02    2.0811E+01    3.0489E+01    1.8288E+01    1.9486E+01    1.6998E+01    3.5429E+01    2.3130E+01    1.4661E+01    4.2296E+00    9.0421E+00    4.0772E+00    7.8668E+00   
 2.4152E+02    2.0794E+01    3.0474E+01    1.8201E+01    1.9487E+01    1.6990E+01    3.5424E+01    2.3414E+01    1.4539E+01    4.2092E+00    9.0218E+00    4.1485E+00    7.8668E+00   
 2.4202E+02    2.0809E+01    3.0524E+01    1.8137E+01    1.9487E+01    1.7006E+01    3.5424E+01    2.3705E+01    1.4539E+01    4.2092E+00    9.0421E+00    4.1434E+00    7.8400E+00   
 2.4260E+02    2.0803E+01    3.0545E+01    1.8112E+01    1.9517E+01    1.7017E+01    3.5484E+01    2.4016E+01    1.4471E+01    4.1888E+00    9.0218E+00    4.1586E+00    7.9202E+00   
 2.4310E+02    2.0803E+01    3.0590E+01    1.8048E+01    1.9525E+01    1.7034E+01    3.5500E+01    2.4335E+01    1.4397E+01    4.1684E+00    9.0014E+00    4.1434E+00    7.8400E+00   
 2.4360E+02    2.0780E+01    3.0591E+01    1.8033E+01    1.9550E+01    1.7018E+01    3.5516E+01    2.4319E+01    1.4308E+01    4.1480E+00    9.0014E+00    4.0619E+00    7.8668E+00   
 2.4410E+02    2.0785E+01    3.0595E+01    1.7941E+01    1.9589E+01    1.7027E+01    3.5543E+01    2.4636E+01    1.4227E+01    4.1480E+00    8.9810E+00    4.0568E+00    7.8668E+00   
 2.4469E+02    2.0775E+01    3.0595E+01    1.8028E+01    1.9588E+01    1.7014E+01    3.5555E+01    2.4909E+01    1.4093E+01    4.1480E+00    8.9810E+00    4.0874E+00    7.8936E+00   
 2.4519E+02    2.0770E+01    3.0604E+01    1.8025E+01    1.9588E+01    1.7011E+01    3.5555E+01    2.5194E+01    1.4093E+01    4.1276E+00    9.0218E+00    4.1434E+00    7.8400E+00   
 2.4569E+02    2.0751E+01    3.0627E+01    1.7828E+01    1.9593E+01    1.7003E+01    3.5563E+01    2.5477E+01    1.3995E+01    4.1276E+00    9.0218E+00    4.0466E+00    7.8668E+00   
 2.4619E+02    2.0751E+01    3.0647E+01    1.7774E+01    1.9595E+01    1.6979E+01    3.5592E+01    2.5753E+01    1.3885E+01    4.1072E+00    8.9607E+00    4.0721E+00    7.8668E+00   
 2.4677E+02    2.0759E+01    3.0656E+01    1.7774E+01    1.9615E+01    1.6963E+01    3.5587E+01    2.5738E+01    1.3765E+01    4.0868E+00    9.0218E+00    4.0466E+00    7.8668E+00   
 2.4727E+02    2.0764E+01    3.0684E+01    1.7309E+01    1.9613E+01    1.6952E+01    3.5611E+01    2.5999E+01    1.3685E+01    4.0868E+00    8.9607E+00    4.0619E+00    7.8668E+00   
 2.4777E+02    2.0766E+01    3.0684E+01    1.7297E+01    1.9620E+01    1.6904E+01    3.5663E+01    2.6250E+01    1.3626E+01    4.0664E+00    8.9607E+00    4.0721E+00    7.8936E+00   
 2.4827E+02    2.0757E+01    3.0685E+01    1.7443E+01    1.9620E+01    1.6861E+01    3.5663E+01    2.6497E+01    1.3626E+01    4.0256E+00    9.0014E+00    4.0874E+00    7.8668E+00   
 2.4886E+02    2.0761E+01    3.0703E+01    1.7254E+01    1.9630E+01    1.6791E+01    3.5713E+01    2.6722E+01    1.3546E+01    4.0052E+00    8.9810E+00    4.6932E+00    7.9202E+00   
 2.4936E+02    2.0761E+01    3.0697E+01    1.7280E+01    1.9607E+01    1.6674E+01    3.5748E+01    2.6961E+01    1.3481E+01    3.9848E+00    8.9403E+00    5.0241E+00    7.8668E+00   
 2.4986E+02    2.0756E+01    3.0692E+01    1.7280E+01    1.9694E+01    1.6658E+01    3.5792E+01    2.6945E+01    1.3425E+01    3.9644E+00    8.9607E+00    4.9477E+00    7.8668E+00   
 2.5036E+02    2.0758E+01    3.0692E+01    1.7602E+01    2.0078E+01    1.6543E+01    3.5865E+01    2.7141E+01    1.3364E+01    3.9439E+00    8.9607E+00    4.9324E+00    7.8400E+00   
# Time (s)      T1w (C)       T2w (C)       T1a (C)       T2a (C)       T1r (C)       T2r (C)       T3r (C)       T4r (C)       P1 (bar)      P2 (bar)      Ic (amp)      Qc (l/min)    
 2.5094E+02    2.0771E+01    3.0700E+01    1.7768E+01    1.8064E+01    1.6377E+01    3.5915E+01    2.7329E+01    1.3305E+01    3.9439E+00    8.9403E+00    4.9324E+00    7.8668E+00   
 2.5144E+02    2.0776E+01    3.0685E+01    1.7889E+01    1.8064E+01    1.6198E+01    3.5915E+01    2.7499E+01    1.3305E+01    3.9235E+00    8.8996E+00    4.9121E+00    7.8668E+00   
 2.5194E+02    2.0776E+01    3.0707E+01    1.7980E+01    1.6806E+01    1.6024E+01    3.5997E+01    2.7649E+01    1.3253E+01    3.9235E+00    8.8792E+00    4.7593E+00    7.8936E+00   
 2.5244E+02    2.0811E+01    3.0713E+01    1.7980E+01    1.5966E+01    1.6024E+01    3.6093E+01    2.7649E+01    1.3238E+01    3.9235E+00    8.8792E+00    4.7135E+00    7.9202E+00   
 2.5302E+02    2.0806E+01    3.0707E+01    1.8008E+01    1.5739E+01    1.5850E+01    3.6183E+01    2.7774E+01    1.3246E+01    3.9235E+00    8.8792E+00    4.5608E+00    7.8936E+00   
 2.5352E+02    2.0823E+01    3.0687E+01    1.8260E+01    1.5728E+01    1.5734E+01    3.6254E+01    2.7908E+01    1.3260E+01    3.9235E+00    8.9200E+00    4.5404E+00    7.8668E+00   
 2.5402E+02    2.0824E+01    3.0687E+01    1.8392E+01    1.5728E+01    1.5642E+01    3.6254E+01    2.8031E+01    1.3260E+01    3.9031E+00    8.8996E+00    4.5914E+00    7.9202E+00   
 2.5452E+02    2.0829E+01    3.0645E+01    1.8556E+01    1.5663E+01    1.5477E+01    3.6336E+01    2.8130E+01    1.3251E+01    3.9031E+00    8.8589E+00    4.6524E+00    7.8936E+00   
 2.5510E+02    2.0813E+01    3.0626E+01    1.8739E+01    1.5665E+01    1.5303E+01    3.6395E+01    2.8243E+01    1.3311E+01    3.8827E+00    8.8589E+00    4.6015E+00    7.8936E+00   
 2.5560E+02    2.0809E+01    3.0606E+01    1.8801E+01    1.5652E+01    1.5054E+01    3.6410E+01    2.8333E+01    1.3315E+01    3.8827E+00    8.8385E+00    4.6372E+00    7.8400E+00   
 2.5610E+02    2.0820E+01    3.0600E+01    1.8801E+01    1.5681E+01    1.5054E+01    3.6470E+01    2.8333E+01    1.3355E+01    3.8623E+00    8.8792E+00    4.5252E+00    7.8936E+00   
 2.5660E+02    2.0820E+01    3.0584E+01    1.8902E+01    1.5650E+01    1.4814E+01    3.6535E+01    2.8428E+01    1.3396E+01    3.8419E+00    8.8385E+00    4.5150E+00    7.8936E+00   
 2.5718E+02    2.0842E+01    3.0583E+01    1.8815E+01    1.5711E+01    1.4546E+01    3.6581E+01    2.8535E+01    1.3456E+01    3.8419E+00    8.8589E+00    4.5252E+00    7.8668E+00   
 2.5768E+02    2.0843E+01    3.0564E+01    1.8912E+01    1.5695E+01    1.4293E+01    3.6581E+01    2.8606E+01    1.3456E+01    3.8419E+00    8.8385E+00    4.5354E+00    7.8936E+00   
 2.5818E+02    2.0843E+01    3.0543E+01    1.8908E+01    1.5723E+01    1.4101E+01    3.6660E+01    2.8700E+01    1.3494E+01    3.8419E+00    8.8385E+00    4.5201E+00    7.8936E+00   
 2.5868E+02    2.0865E+01    3.0547E+01    1.8908E+01    1.5774E+01    1.4117E+01    3.6729E+01    2.8715E+01    1.3550E+01    3.8419E+00    8.8182E+00    4.5201E+00    7.8936E+00   
 2.5926E+02    2.0883E+01    3.0542E+01    1.8962E+01    1.5788E+01    1.3963E+01    3.6807E+01    2.8798E+01    1.3569E+01    3.8623E+00    8.7978E+00    4.5252E+00    7.8668E+00   
 2.5976E+02    2.0880E+01    3.0526E+01    1.9236E+01    1.5726E+01    1.3874E+01    3.6831E+01    2.8890E+01    1.3586E+01    3.8827E+00    8.8589E+00    4.5863E+00    7.8668E+00   
 2.6026E+02    2.0896E+01    3.0505E+01    1.9354E+01    1.5726E+01    1.3843E+01    3.6831E+01    2.8971E+01    1.3586E+01    3.9031E+00    8.8182E+00    4.5863E+00    7.9202E+00   
 2.6077E+02    2.0901E+01    3.0500E+01    1.9196E+01    1.5802E+01    1.3841E+01    3.6869E+01    2.9027E+01    1.3553E+01    3.9031E+00    8.8182E+00    4.5354E+00    7.8668E+00   
 2.6137E+02    2.0901E+01    3.0479E+01    1.9191E+01    1.5830E+01    1.3852E+01    3.6895E+01    2.9102E+01    1.3578E+01    3.9235E+00    8.8182E+00    4.6321E+00    7.9202E+00   
 2.6187E+02    2.0927E+01    3.0466E+01    1.9191E+01    1.5826E+01    1.3836E+01    3.6888E+01    2.9086E+01    1.3560E+01    3.9235E+00    8.8589E+00    4.5354E+00    7.8668E+00   
 2.6237E+02    2.0958E+01    3.0467E+01    1.9060E+01    1.5873E+01    1.3882E+01    3.6890E+01    2.9156E+01    1.3556E+01    3.9439E+00    8.8792E+00    4.6219E+00    7.8668E+00   
 2.6287E+02    2.0955E+01    3.0451E+01    1.9186E+01    1.5860E+01    1.3933E+01    3.6853E+01    2.9200E+01    1.3527E+01    3.9644E+00    8.8385E+00    4.6321E+00    7.8936E+00   
 2.6345E+02    2.0969E+01    3.0468E+01    1.9273E+01    1.5860E+01    1.3995E+01    3.6853E+01    2.9280E+01    1.3527E+01    3.9644E+00    8.8996E+00    4.6372E+00    7.9202E+00   
 2.6395E+02    2.0981E+01    3.0448E+01    1.9133E+01    1.5831E+01    1.4070E+01    3.6831E+01    2.9321E+01    1.3537E+01    3.9848E+00    8.8792E+00    4.6219E+00    7.8400E+00   
 2.6445E+02    2.0981E+01    3.0460E+01    1.9090E+01    1.5808E+01    1.4144E+01    3.6773E+01    2.9383E+01    1.3534E+01    3.9848E+00    8.8996E+00    4.5404E+00    7.8400E+00   
 2.6495E+02    2.0974E+01    3.0449E+01    1.9074E+01    1.5819E+01    1.4144E+01    3.6732E+01    2.9383E+01    1.3546E+01    3.9848E+00    8.8792E+00    4.6015E+00    7.8668E+00   
 2.6554E+02    2.1027E+01    3.0467E+01    1.9134E+01    1.5830E+01    1.4231E+01    3.6687E+01    2.9431E+01    1.3546E+01    3.9848E+00    8.8996E+00    4.5863E+00    7.8936E+00   
 2.6604E+02    2.1029E+01    3.0451E+01    1.9195E+01    1.5829E+01    1.4293E+01    3.6647E+01    2.9495E+01    1.3555E+01    4.0052E+00    8.8792E+00    4.6066E+00    7.8668E+00   
# Time (s)      T1w (C)       T2w (C)       T1a (C)       T2a (C)       T1r (C)       T2r (C)       T3r (C)       T4r (C)       P1 (bar)      P2 (bar)      Ic (amp)      Qc (l/min)    
 2.6654E+02    2.1070E+01    3.0487E+01    1.9217E+01    1.5829E+01    1.4372E+01    3.6647E+01    2.9517E+01    1.3555E+01    4.0052E+00    8.9200E+00    4.6066E+00    7.8668E+00   
 2.6704E+02    2.1055E+01    3.0461E+01    1.9253E+01    1.5830E+01    1.4423E+01    3.6616E+01    2.9559E+01    1.3551E+01    4.0052E+00    8.9200E+00    4.5964E+00    7.8668E+00   
 2.6763E+02    2.1071E+01    3.0494E+01    1.9237E+01    1.5761E+01    1.4484E+01    3.6566E+01    2.9619E+01    1.3537E+01    4.0256E+00    8.8792E+00    4.6066E+00    7.8668E+00   
 2.6813E+02    2.1082E+01    3.0496E+01    1.9237E+01    1.5754E+01    1.4484E+01    3.6579E+01    2.9619E+01    1.3506E+01    4.0256E+00    8.9403E+00    4.5608E+00    7.8936E+00   
 2.6863E+02    2.1103E+01    3.0497E+01    1.9219E+01    1.5727E+01    1.4556E+01    3.6531E+01    2.9645E+01    1.3517E+01    4.0256E+00    8.9200E+00    4.5863E+00    7.8668E+00   
 2.6913E+02    2.1131E+01    3.0497E+01    1.9302E+01    1.5778E+01    1.4630E+01    3.6516E+01    2.9678E+01    1.3510E+01    4.0256E+00    8.8996E+00    4.6524E+00    7.8400E+00   
 2.6971E+02    2.1143E+01    3.0524E+01    1.9234E+01    1.5762E+01    1.4663E+01    3.6516E+01    2.9707E+01    1.3510E+01    4.0460E+00    8.9200E+00    4.6626E+00    7.9202E+00   
 2.7021E+02    2.1181E+01    3.0537E+01    1.9184E+01    1.5813E+01    1.4701E+01    3.6516E+01    2.9737E+01    1.3515E+01    4.0256E+00    8.9607E+00    4.6626E+00    7.8668E+00   
 2.7071E+02    2.1165E+01    3.0554E+01    1.9301E+01    1.5830E+01    1.4686E+01    3.6485E+01    2.9775E+01    1.3499E+01    4.0052E+00    8.9200E+00    4.5506E+00    7.8668E+00   
 2.7121E+02    2.1191E+01    3.0583E+01    1.9301E+01    1.5816E+01    1.4686E+01    3.6481E+01    2.9775E+01    1.3538E+01    4.0052E+00    8.9403E+00    4.6015E+00    7.8936E+00   
 2.7185E+02    2.1194E+01    3.0604E+01    1.9460E+01    1.5792E+01    1.4595E+01    3.6488E+01    2.9806E+01    1.3553E+01    4.0052E+00    8.9200E+00    4.5761E+00    7.9202E+00   
 2.7235E+02    2.1217E+01    3.0604E+01    1.9715E+01    1.5725E+01    1.4501E+01    3.6513E+01    2.9837E+01    1.3582E+01    4.0052E+00    8.9403E+00    4.5608E+00    7.8400E+00   
 2.7285E+02    2.1229E+01    3.0602E+01    1.9792E+01    1.5709E+01    1.4404E+01    3.6513E+01    2.9851E+01    1.3582E+01    4.0052E+00    8.9200E+00    4.6219E+00    7.8668E+00   
 2.7335E+02    2.1245E+01    3.0639E+01    1.9835E+01    1.5744E+01    1.4333E+01    3.6553E+01    2.9874E+01    1.3611E+01    4.0052E+00    8.9403E+00    4.5557E+00    7.8668E+00   
 2.7392E+02    2.1245E+01    3.0662E+01    1.9840E+01    1.5770E+01    1.4305E+01    3.6605E+01    2.9908E+01    1.3647E+01    3.9848E+00    8.9403E+00    4.5659E+00    7.9202E+00   
 2.7442E+02    2.1269E+01    3.0686E+01    1.9840E+01    1.5752E+01    1.4305E+01    3.6613E+01    2.9908E+01    1.3660E+01    3.9848E+00    8.9810E+00    4.5659E+00    7.8668E+00   
 2.7492E+02    2.1264E+01    3.0694E+01    1.9769E+01    1.5841E+01    1.4265E+01    3.6615E+01    2.9914E+01    1.3687E+01    3.9848E+00    8.9403E+00    4.6474E+00    7.8668E+00   
 2.7542E+02    2.1284E+01    3.0694E+01    1.9737E+01    1.5884E+01    1.4207E+01    3.6628E+01    2.9946E+01    1.3725E+01    3.9644E+00    8.9403E+00    4.6423E+00    7.8936E+00   
 2.7602E+02    2.1293E+01    3.0716E+01    1.9713E+01    1.5868E+01    1.4102E+01    3.6628E+01    2.9980E+01    1.3725E+01    3.9848E+00    8.9403E+00    4.5761E+00    7.8936E+00   
 2.7652E+02    2.1315E+01    3.0726E+01    1.9687E+01    1.5775E+01    1.4009E+01    3.6642E+01    2.9994E+01    1.3760E+01    3.9848E+00    8.9403E+00    4.5557E+00    7.9202E+00   
 2.7702E+02    2.1283E+01    3.0723E+01    1.9592E+01    1.5840E+01    1.3964E+01    3.6671E+01    3.0015E+01    1.3782E+01    3.9848E+00    8.9810E+00    4.6474E+00    7.8936E+00   
 2.7752E+02    2.1309E+01    3.0750E+01    1.9592E+01    1.5829E+01    1.3964E+01    3.6703E+01    3.0015E+01    1.3761E+01    3.9848E+00    8.9607E+00    4.6728E+00    7.8936E+00   
 2.7809E+02    2.1317E+01    3.0745E+01    1.9586E+01    1.5878E+01    1.3946E+01    3.6711E+01    3.0060E+01    1.3768E+01    3.9848E+00    8.9200E+00    4.6677E+00    7.8936E+00   
 2.7859E+02    2.1332E+01    3.0745E+01    1.9601E+01    1.5806E+01    1.3920E+01    3.6724E+01    3.0069E+01    1.3769E+01    4.0052E+00    8.9403E+00    4.6728E+00    7.8936E+00   
 2.7909E+02    2.1345E+01    3.0752E+01    1.9625E+01    1.5790E+01    1.3951E+01    3.6739E+01    3.0089E+01    1.3785E+01    4.0052E+00    8.9607E+00    4.5557E+00    7.8400E+00   
 2.7959E+02    2.1345E+01    3.0764E+01    1.9687E+01    1.5821E+01    1.3928E+01    3.6775E+01    3.0114E+01    1.3764E+01    4.0052E+00    8.9607E+00    4.5557E+00    7.8668E+00   
 2.8020E+02    2.1368E+01    3.0787E+01    1.9725E+01    1.5800E+01    1.3925E+01    3.6805E+01    3.0141E+01    1.3789E+01    4.0052E+00    8.9607E+00    4.5964E+00    7.8936E+00   
 2.8070E+02    2.1409E+01    3.0812E+01    1.9725E+01    1.5765E+01    1.3925E+01    3.6860E+01    3.0156E+01    1.3790E+01    4.0052E+00    8.9607E+00    4.6575E+00    7.8936E+00   
 2.8120E+02    2.1436E+01    3.0824E+01    1.9719E+01    1.5813E+01    1.3914E+01    3.6874E+01    3.0172E+01    1.3798E+01    4.0052E+00    9.0218E+00    4.5964E+00    7.8936E+00   
 2.8170E+02    2.1455E+01    3.0824E+01    1.9723E+01    1.5810E+01    1.3863E+01    3.6839E+01    3.0173E+01    1.3779E+01    4.0052E+00    8.9810E+00    4.5659E+00    7.8668E+00   
# Time (s)      T1w (C)       T2w (C)       T1a (C)       T2a (C)       T1r (C)       T2r (C)       T3r (C)       T4r (C)       P1 (bar)      P2 (bar)      Ic (amp)      Qc (l/min)    
 2.8227E+02    2.1469E+01    3.0851E+01    1.9709E+01    1.5810E+01    1.3800E+01    3.6824E+01    3.0189E+01    1.3779E+01    4.0052E+00    8.9607E+00    4.6626E+00    7.8936E+00   
 2.8277E+02    2.1496E+01    3.0857E+01    1.9773E+01    1.5843E+01    1.3711E+01    3.6800E+01    3.0179E+01    1.3759E+01    4.0052E+00    9.0014E+00    4.6219E+00    7.8668E+00   
 2.8327E+02    2.1496E+01    3.0894E+01    1.9799E+01    1.5862E+01    1.3682E+01    3.6795E+01    3.0207E+01    1.3789E+01    3.9848E+00    8.9810E+00    4.6881E+00    7.8936E+00   
 2.8377E+02    2.1477E+01    3.0880E+01    1.9784E+01    1.5887E+01    1.3650E+01    3.6748E+01    3.0176E+01    1.3754E+01    3.9848E+00    8.9810E+00    4.6830E+00    7.9202E+00   
 2.8437E+02    2.1515E+01    3.0900E+01    1.9724E+01    1.5878E+01    1.3615E+01    3.6791E+01    3.0177E+01    1.3761E+01    3.9848E+00    9.0218E+00    4.6219E+00    7.9202E+00   
 2.8487E+02    2.1536E+01    3.0885E+01    1.9701E+01    1.5815E+01    1.3521E+01    3.6771E+01    3.0167E+01    1.3721E+01    4.0256E+00    8.9810E+00    4.5761E+00    7.8936E+00   
 2.8537E+02    2.1582E+01    3.0915E+01    1.9708E+01    1.5815E+01    1.3486E+01    3.6771E+01    3.0190E+01    1.3721E+01    4.0256E+00    9.0421E+00    4.5964E+00    7.8936E+00   
 2.8587E+02    2.1566E+01    3.0931E+01    1.9700E+01    1.5824E+01    1.3484E+01    3.6733E+01    3.0176E+01    1.3673E+01    4.0256E+00    9.0014E+00    4.6474E+00    7.8936E+00   
 2.8644E+02    2.1607E+01    3.0944E+01    1.9711E+01    1.5906E+01    1.3564E+01    3.6750E+01    3.0175E+01    1.3645E+01    4.0460E+00    9.0014E+00    4.6779E+00    7.8668E+00   
 2.8694E+02    2.1616E+01    3.0966E+01    1.9711E+01    1.5943E+01    1.3548E+01    3.6737E+01    3.0160E+01    1.3591E+01    4.0460E+00    9.0218E+00    4.6524E+00    7.8668E+00   
 2.8744E+02    2.1677E+01    3.0983E+01    1.9688E+01    1.5839E+01    1.3616E+01    3.6737E+01    3.0189E+01    1.3565E+01    4.0664E+00    9.0421E+00    4.5863E+00    7.8668E+00   
 2.8794E+02    2.1707E+01    3.0983E+01    1.9695E+01    1.5839E+01    1.3644E+01    3.6677E+01    3.0182E+01    1.3549E+01    4.0460E+00    9.0218E+00    4.5914E+00    7.9202E+00   
 2.8854E+02    2.1739E+01    3.1016E+01    1.9714E+01    1.5916E+01    1.3519E+01    3.6677E+01    3.0189E+01    1.3530E+01    4.0256E+00    9.0625E+00    4.6321E+00    7.8668E+00   
 2.8904E+02    2.1814E+01    3.1039E+01    1.9746E+01    1.5871E+01    1.3276E+01    3.6659E+01    3.0198E+01    1.3536E+01    4.1684E+00    8.5535E+00    8.1397E-01    7.9202E+00   
 2.8954E+02    2.1814E+01    3.1059E+01    1.9746E+01    1.5871E+01    1.3249E+01    3.6587E+01    3.0212E+01    1.3537E+01    4.5765E+00    8.3702E+00    1.4199E-01    7.8130E+00   
 2.9004E+02    2.1851E+01    3.1092E+01    1.9711E+01    1.5868E+01    1.3249E+01    3.6488E+01    3.0212E+01    1.3389E+01    4.6989E+00    8.2074E+00    5.5442E-02    7.8400E+00   
 2.9061E+02    2.1887E+01    3.1077E+01    1.9686E+01    1.5917E+01    1.3500E+01    3.6420E+01    3.0172E+01    1.3334E+01    4.7193E+00    8.0038E+00    4.0170E-02    7.8400E+00   
 2.9111E+02    2.1947E+01    3.1077E+01    1.9712E+01    1.5749E+01    1.3670E+01    3.6327E+01    3.0109E+01    1.3303E+01    4.7193E+00    7.8409E+00    4.0170E-02    7.8400E+00   
 2.9161E+02    2.1966E+01    3.0967E+01    1.9769E+01    1.5749E+01    1.3788E+01    3.6327E+01    3.0064E+01    1.3303E+01    4.7397E+00    7.7391E+00    4.0170E-02    7.8936E+00   
 2.9211E+02    2.1982E+01    3.0759E+01    1.9762E+01    1.5771E+01    1.3898E+01    3.6269E+01    3.0048E+01    1.3348E+01    4.7397E+00    7.6373E+00    4.0170E-02    7.8668E+00   
 2.9272E+02    2.2045E+01    3.0430E+01    1.9741E+01    1.5740E+01    1.3959E+01    3.6230E+01    2.9987E+01    1.3377E+01    4.7601E+00    7.5762E+00    4.0170E-02    7.8936E+00   
 2.9323E+02    2.2096E+01    3.0034E+01    1.9741E+01    1.5786E+01    1.3959E+01    3.6187E+01    2.9987E+01    1.3417E+01    4.7601E+00    7.5355E+00    4.0170E-02    7.8936E+00   
 2.9373E+02    2.2129E+01    2.9635E+01    1.9700E+01    1.5711E+01    1.3995E+01    3.6138E+01    2.9942E+01    1.3499E+01    4.7805E+00    7.4744E+00    4.0170E-02    7.8936E+00   
 2.9423E+02    2.2194E+01    2.9650E+01    1.9710E+01    1.5727E+01    1.4073E+01    3.6138E+01    2.9922E+01    1.3499E+01    4.7805E+00    7.3930E+00    4.0170E-02    7.8936E+00   
 2.9480E+02    2.2223E+01    2.9271E+01    1.9712E+01    1.5804E+01    1.4073E+01    3.6111E+01    2.9876E+01    1.3536E+01    4.8009E+00    7.3319E+00    4.0170E-02    7.8936E+00   
 2.9530E+02    2.2239E+01    2.8908E+01    1.9750E+01    1.5730E+01    1.4134E+01    3.6067E+01    2.9877E+01    1.3581E+01    4.8009E+00    7.2912E+00    4.0170E-02    7.8668E+00   
 2.9580E+02    2.2267E+01    2.8580E+01    1.9750E+01    1.5768E+01    1.4134E+01    3.6022E+01    2.9877E+01    1.3644E+01    4.8009E+00    7.2504E+00    4.0170E-02    7.8400E+00   
 2.9630E+02    2.2311E+01    2.8197E+01    1.9798E+01    1.5756E+01    1.4170E+01    3.5987E+01    2.9835E+01    1.3693E+01    4.8213E+00    7.3319E+00    4.0170E-02    7.8936E+00   
 2.9693E+02    2.2334E+01    2.7833E+01    1.9830E+01    1.5894E+01    1.4205E+01    3.5958E+01    2.9806E+01    1.3750E+01    4.8213E+00    7.2708E+00    4.0170E-02    7.8668E+00   
 2.9743E+02    2.2334E+01    2.7833E+01    1.9837E+01    1.5925E+01    1.4234E+01    3.5920E+01    2.9775E+01    1.3782E+01    4.8213E+00    7.1894E+00    4.0170E-02    7.9202E+00   
# Time (s)      T1w (C)       T2w (C)       T1a (C)       T2a (C)       T1r (C)       T2r (C)       T3r (C)       T4r (C)       P1 (bar)      P2 (bar)      Ic (amp)      Qc (l/min)    
 2.9793E+02    2.2374E+01    2.7527E+01    1.9900E+01    1.5940E+01    1.4239E+01    3.5920E+01    2.9745E+01    1.3782E+01    4.8213E+00    7.1283E+00    4.0170E-02    7.8936E+00   
 2.9843E+02    2.2374E+01    2.7266E+01    1.9909E+01    1.5908E+01    1.4293E+01    3.5874E+01    2.9715E+01    1.3830E+01    4.8213E+00    7.0876E+00    4.0170E-02    7.8936E+00   
 2.9901E+02    2.2416E+01    2.7077E+01    1.9937E+01    1.5894E+01    1.4308E+01    3.5832E+01    2.9698E+01    1.3886E+01    4.8417E+00    7.0265E+00    4.0170E-02    7.8936E+00   
 2.9951E+02    2.2423E+01    2.6874E+01    1.9937E+01    1.5918E+01    1.4308E+01    3.5777E+01    2.9698E+01    1.3909E+01    4.8417E+00    6.9858E+00    4.0170E-02    7.8668E+00   
 3.0001E+02    2.2447E+01    2.6657E+01    1.9969E+01    1.5982E+01    1.4313E+01    3.5759E+01    2.9679E+01    1.3927E+01    4.8417E+00    6.9450E+00    4.0170E-02    7.9202E+00   
 3.0051E+02    2.2437E+01    2.6657E+01    1.9992E+01    1.5982E+01    1.4347E+01    3.5759E+01    2.9647E+01    1.3927E+01    4.8417E+00    6.9043E+00    4.0170E-02    7.8668E+00   
 3.0110E+02    2.2477E+01    2.6450E+01    2.0037E+01    1.6059E+01    1.4367E+01    3.5738E+01    2.9640E+01    1.3933E+01    4.8417E+00    6.8840E+00    4.0170E-02    7.8936E+00   
 3.0160E+02    2.2484E+01    2.6259E+01    1.9987E+01    1.6055E+01    1.4392E+01    3.5685E+01    2.9605E+01    1.3981E+01    4.8622E+00    6.8433E+00    4.0170E-02    7.8936E+00   
 3.0210E+02    2.2484E+01    2.6060E+01    1.9987E+01    1.6102E+01    1.4392E+01    3.5651E+01    2.9605E+01    1.3998E+01    4.8622E+00    6.8229E+00    4.0170E-02    7.8668E+00   
 3.0260E+02    2.2499E+01    2.5898E+01    1.9999E+01    1.6164E+01    1.4416E+01    3.5608E+01    2.9603E+01    1.4025E+01    4.8622E+00    6.8025E+00    4.0170E-02    7.8400E+00   
 3.0317E+02    2.2501E+01    2.5725E+01    1.9976E+01    1.6179E+01    1.4428E+01    3.5583E+01    2.9576E+01    1.4007E+01    4.8622E+00    6.7618E+00    4.0170E-02    7.8400E+00   
 3.0367E+02    2.2516E+01    2.5725E+01    1.9916E+01    1.6250E+01    1.4447E+01    3.5535E+01    2.9558E+01    1.4021E+01    4.8826E+00    6.7415E+00    4.0170E-02    7.8400E+00   
 3.0417E+02    2.2530E+01    2.5576E+01    1.9962E+01    1.6266E+01    1.4451E+01    3.5535E+01    2.9547E+01    1.4021E+01    4.8826E+00    6.7211E+00    4.0170E-02    7.8936E+00   
 3.0468E+02    2.2530E+01    2.5406E+01    1.9989E+01    1.6480E+01    1.4476E+01    3.5506E+01    2.9543E+01    1.4048E+01    4.8826E+00    6.7007E+00    4.0170E-02    7.8936E+00   
 3.0527E+02    2.2534E+01    2.5237E+01    1.9972E+01    1.6461E+01    1.4495E+01    3.5468E+01    2.9520E+01    1.4049E+01    4.8826E+00    6.6804E+00    4.0170E-02    7.8668E+00   
 3.0577E+02    2.2546E+01    2.5102E+01    1.9972E+01    1.6512E+01    1.4495E+01    3.5439E+01    2.9520E+01    1.4080E+01    4.8826E+00    6.6600E+00    4.0170E-02    7.8936E+00   
 3.0627E+02    2.2565E+01    2.5102E+01    1.9970E+01    1.6506E+01    1.4514E+01    3.5405E+01    2.9498E+01    1.4105E+01    4.8826E+00    6.6397E+00    4.0170E-02    7.8400E+00   
 3.0677E+02    2.2602E+01    2.4950E+01    1.9952E+01    1.6506E+01    1.4526E+01    3.5405E+01    2.9490E+01    1.4105E+01    4.9030E+00    6.6397E+00    4.0170E-02    7.8400E+00   
 3.0736E+02    2.2643E+01    2.4830E+01    1.9993E+01    1.6628E+01    1.4556E+01    3.5379E+01    2.9477E+01    1.4123E+01    4.9030E+00    6.6193E+00    4.0170E-02    7.8936E+00   
 3.0786E+02    2.2643E+01    2.4748E+01    2.0010E+01    1.6613E+01    1.4528E+01    3.5346E+01    2.9454E+01    1.4120E+01    4.9030E+00    6.5989E+00    4.0170E-02    7.8400E+00   
 3.0836E+02    2.2653E+01    2.4608E+01    1.9994E+01    1.6734E+01    1.4528E+01    3.5304E+01    2.9454E+01    1.4160E+01    4.9030E+00    6.5989E+00    4.0170E-02    7.8936E+00   
 3.0886E+02    2.2673E+01    2.4493E+01    2.0047E+01    1.6819E+01    1.4561E+01    3.5283E+01    2.9452E+01    1.4182E+01    4.9030E+00    6.5786E+00    4.0170E-02    7.8936E+00   
 3.0945E+02    2.2701E+01    2.4401E+01    2.0061E+01    1.6841E+01    1.4590E+01    3.5246E+01    2.9439E+01    1.4181E+01    4.9030E+00    6.5582E+00    4.0170E-02    7.8936E+00   
 3.0996E+02    2.2698E+01    2.4401E+01    2.0057E+01    1.6841E+01    1.4611E+01    3.5224E+01    2.9419E+01    1.4181E+01    4.9030E+00    6.5582E+00    4.0170E-02    7.8936E+00   
 3.1046E+02    2.2723E+01    2.4343E+01    2.0053E+01    1.6907E+01    1.4600E+01    3.5224E+01    2.9409E+01    1.4186E+01    4.9030E+00    6.5582E+00    4.0170E-02    7.8400E+00   
 3.1096E+02    2.2723E+01    2.4269E+01    2.0031E+01    1.7004E+01    1.4606E+01    3.5165E+01    2.9379E+01    1.4188E+01    4.9234E+00    6.5379E+00    4.0170E-02    7.8668E+00   
 3.1153E+02    2.2762E+01    2.4189E+01    2.0047E+01    1.7043E+01    1.4606E+01    3.5142E+01    2.9379E+01    1.4201E+01    4.9030E+00    6.5379E+00    4.0170E-02    7.8668E+00   
 3.1203E+02    2.2796E+01    2.4149E+01    2.0034E+01    1.7106E+01    1.4614E+01    3.5080E+01    2.9351E+01    1.4187E+01    4.9234E+00    6.5175E+00    4.0170E-02    7.8400E+00   
 3.1253E+02    2.2831E+01    2.4149E+01    2.0050E+01    1.7124E+01    1.4613E+01    3.5052E+01    2.9335E+01    1.4197E+01    4.9234E+00    6.5175E+00    4.0170E-02    7.8668E+00   
 3.1303E+02    2.2819E+01    2.4086E+01    2.0081E+01    1.7124E+01    1.4627E+01    3.5052E+01    2.9336E+01    1.4197E+01    4.9234E+00    6.5175E+00    4.0170E-02    7.8668E+00   
# Time (s)      T1w (C)       T2w (C)       T1a (C)       T2a (C)       T1r (C)       T2r (C)       T3r (C)       T4r (C)       P1 (bar)      P2 (bar)      Ic (amp)      Qc (l/min)    
 3.1365E+02    2.2839E+01    2.4015E+01    2.0115E+01    1.7162E+01    1.4640E+01    3.5025E+01    2.9308E+01    1.4198E+01    4.9234E+00    6.4971E+00    4.0170E-02    7.8668E+00   
 3.1415E+02    2.2839E+01    2.3961E+01    2.0114E+01    1.7191E+01    1.4632E+01    3.4956E+01    2.9273E+01    1.4202E+01    4.9234E+00    6.4971E+00    4.0170E-02    7.8668E+00   
 3.1465E+02    2.2835E+01    2.3905E+01    2.0114E+01    1.7272E+01    1.4632E+01    3.4942E+01    2.9273E+01    1.4209E+01    4.9234E+00    6.4971E+00    4.0170E-02    7.8400E+00   
 3.1515E+02    2.2846E+01    2.3864E+01    2.0137E+01    1.7373E+01    1.4664E+01    3.4928E+01    2.9275E+01    1.4224E+01    4.9234E+00    6.4971E+00    4.0170E-02    7.8668E+00   
 3.1574E+02    2.2870E+01    2.3835E+01    2.0124E+01    1.7418E+01    1.4682E+01    3.4875E+01    2.9274E+01    1.4221E+01    4.9234E+00    6.4768E+00    4.0170E-02    7.8668E+00   
 3.1624E+02    2.2852E+01    2.3819E+01    2.0110E+01    1.7402E+01    1.4709E+01    3.4862E+01    2.9262E+01    1.4237E+01    4.9234E+00    6.4768E+00    4.0170E-02    7.8936E+00   
 3.1674E+02    2.2867E+01    2.3771E+01    2.0145E+01    1.7444E+01    1.4708E+01    3.4862E+01    2.9255E+01    1.4253E+01    4.9234E+00    6.4768E+00    4.0170E-02    7.8668E+00   
 3.1724E+02    2.2883E+01    2.3763E+01    2.0171E+01    1.7475E+01    1.4706E+01    3.4820E+01    2.9240E+01    1.4274E+01    4.9234E+00    6.4768E+00    4.0170E-02    7.8668E+00   
 3.1784E+02    2.2899E+01    2.3736E+01    2.0155E+01    1.7562E+01    1.4716E+01    3.4798E+01    2.9224E+01    1.4268E+01    4.9234E+00    6.4768E+00    4.0170E-02    7.8668E+00   
 3.1834E+02    2.2942E+01    2.3713E+01    2.0171E+01    1.7570E+01    1.4732E+01    3.4776E+01    2.9239E+01    1.4286E+01    4.9438E+00    6.4768E+00    4.0170E-02    7.8400E+00   
 3.1884E+02    2.2973E+01    2.3713E+01    2.0195E+01    1.7627E+01    1.4744E+01    3.4747E+01    2.9234E+01    1.4286E+01    4.9438E+00    6.4564E+00    4.0170E-02    7.8936E+00   
 3.1934E+02    2.3008E+01    2.3705E+01    2.0192E+01    1.7627E+01    1.4737E+01    3.4731E+01    2.9205E+01    1.4270E+01    4.9438E+00    6.4564E+00    4.0170E-02    7.8936E+00   
 3.1991E+02    2.3031E+01    2.3666E+01    2.0199E+01    1.7690E+01    1.4746E+01    3.4689E+01    2.9189E+01    1.4269E+01    4.9438E+00    6.4564E+00    4.0170E-02    7.8400E+00   
 3.2041E+02    2.3047E+01    2.3665E+01    2.0239E+01    1.7724E+01    1.4769E+01    3.4635E+01    2.9160E+01    1.4268E+01    4.9438E+00    6.4564E+00    4.0170E-02    7.8130E+00   
 3.2091E+02    2.3062E+01    2.3650E+01    2.0239E+01    1.7737E+01    1.4769E+01    3.4625E+01    2.9160E+01    1.4285E+01    4.9438E+00    6.4564E+00    4.0170E-02    7.8668E+00   
 3.2141E+02    2.3085E+01    2.3620E+01    2.0222E+01    1.7716E+01    1.4760E+01    3.4588E+01    2.9160E+01    1.4277E+01    4.9438E+00    6.4564E+00    4.0170E-02    7.8400E+00   
 3.2201E+02    2.3093E+01    2.3608E+01    2.0189E+01    1.7696E+01    1.4772E+01    3.4539E+01    2.9145E+01    1.4278E+01    4.9438E+00    6.4564E+00    4.0170E-02    7.8130E+00   
 3.2251E+02    2.3120E+01    2.3608E+01    2.0203E+01    1.7696E+01    1.4765E+01    3.4539E+01    2.9124E+01    1.4278E+01    4.9438E+00    6.4564E+00    4.0170E-02    7.8130E+00   
 3.2301E+02    2.3139E+01    2.3580E+01    2.0181E+01    1.7678E+01    1.4776E+01    3.4482E+01    2.9120E+01    1.4285E+01    4.9438E+00    6.4564E+00    4.0170E-02    7.8668E+00   
 3.2351E+02    2.3139E+01    2.3595E+01    2.0183E+01    1.7710E+01    1.4802E+01    3.4449E+01    2.9123E+01    1.4298E+01    4.9438E+00    6.4564E+00    4.0170E-02    7.8668E+00   
 3.2412E+02    2.3155E+01    2.3574E+01    2.0087E+01    1.7717E+01    1.4832E+01    3.4402E+01    2.9123E+01    1.4316E+01    4.9438E+00    6.4564E+00    4.0170E-02    7.8668E+00   
 3.2462E+02    2.3156E+01    2.3565E+01    2.0087E+01    1.7709E+01    1.4832E+01    3.4352E+01    2.9099E+01    1.4326E+01    4.9438E+00    6.4564E+00    4.0170E-02    7.8668E+00   
 3.2512E+02    2.3157E+01    2.3565E+01    2.0019E+01    1.7731E+01    1.4819E+01    3.4296E+01    2.9078E+01    1.4303E+01    4.9438E+00    6.4564E+00    4.0170E-02    7.8668E+00   
 3.2562E+02    2.3157E+01    2.3563E+01    1.9967E+01    1.7731E+01    1.4830E+01    3.4296E+01    2.9065E+01    1.4303E+01    4.9438E+00    6.4564E+00    4.0170E-02    7.8400E+00   
 3.2622E+02    2.3163E+01    2.3529E+01    1.9956E+01    1.7764E+01    1.4836E+01    3.4245E+01    2.9050E+01    1.4319E+01    4.9438E+00    6.4564E+00    4.0170E-02    7.8130E+00   
 3.2672E+02    2.3163E+01    2.3551E+01    1.9908E+01    1.7765E+01    1.4832E+01    3.4165E+01    2.9039E+01    1.4315E+01    4.9438E+00    6.4564E+00    4.0170E-02    7.8668E+00   
 3.2722E+02    2.3165E+01    2.3531E+01    1.9908E+01    1.7736E+01    1.4848E+01    3.4120E+01    2.9054E+01    1.4337E+01    4.9438E+00    6.4564E+00    4.0170E-02    7.8936E+00   
 3.2772E+02    2.3155E+01    2.3547E+01    1.9883E+01    1.7782E+01    1.4873E+01    3.4056E+01    2.9037E+01    1.4321E+01    4.9438E+00    6.4564E+00    4.0170E-02    7.8668E+00   
 3.2829E+02    2.3174E+01    2.3547E+01    1.9859E+01    1.7810E+01    1.4875E+01    3.3997E+01    2.9012E+01    1.4348E+01    4.9438E+00    6.4564E+00    4.0170E-02    7.8668E+00   
 3.2879E+02    2.3181E+01    2.3533E+01    1.9851E+01    1.7810E+01    1.4870E+01    3.3997E+01    2.9001E+01    1.4348E+01    4.9642E+00    6.4564E+00    4.0170E-02    7.7860E+00   
# Time (s)      T1w (C)       T2w (C)       T1a (C)       T2a (C)       T1r (C)       T2r (C)       T3r (C)       T4r (C)       P1 (bar)      P2 (bar)      Ic (amp)      Qc (l/min)    
 3.2929E+02    2.3195E+01    2.3535E+01    1.9882E+01    1.7821E+01    1.4913E+01    3.3976E+01    2.9009E+01    1.4372E+01    4.9438E+00    6.4564E+00    4.0170E-02    7.8668E+00   
 3.2979E+02    2.3195E+01    2.3537E+01    1.9874E+01    1.7827E+01    1.4906E+01    3.3913E+01    2.8996E+01    1.4385E+01    4.9642E+00    6.4564E+00    4.0170E-02    7.8668E+00   
 3.3039E+02    2.3217E+01    2.3535E+01    1.9874E+01    1.7837E+01    1.4922E+01    3.3867E+01    2.9012E+01    1.4398E+01    4.9438E+00    6.4564E+00    4.0170E-02    7.8936E+00   
 3.3089E+02    2.3230E+01    2.3541E+01    1.9908E+01    1.7869E+01    1.4923E+01    3.3810E+01    2.8984E+01    1.4414E+01    4.9438E+00    6.4564E+00    4.0170E-02    7.8130E+00   
 3.3139E+02    2.3252E+01    2.3541E+01    1.9902E+01    1.7922E+01    1.4916E+01    3.3745E+01    2.8978E+01    1.4396E+01    4.9642E+00    6.4564E+00    4.0170E-02    7.8668E+00   
 3.3189E+02    2.3263E+01    2.3536E+01    1.9908E+01    1.7922E+01    1.4929E+01    3.3745E+01    2.8944E+01    1.4396E+01    4.9642E+00    6.4564E+00    4.0170E-02    7.8936E+00   
 3.3246E+02    2.3283E+01    2.3514E+01    1.9892E+01    1.7912E+01    1.4933E+01    3.3680E+01    2.8936E+01    1.4398E+01    4.9642E+00    6.4361E+00    4.0170E-02    7.8130E+00   
 3.3296E+02    2.3283E+01    2.3508E+01    1.9879E+01    1.7928E+01    1.4929E+01    3.3668E+01    2.8915E+01    1.4381E+01    4.9642E+00    6.4564E+00    4.0170E-02    7.8668E+00   
 3.3346E+02    2.3315E+01    2.3510E+01    1.9895E+01    1.7959E+01    1.4929E+01    3.3578E+01    2.8915E+01    1.4403E+01    4.9642E+00    6.4564E+00    4.0170E-02    7.8668E+00   
 3.3396E+02    2.3318E+01    2.3513E+01    1.9871E+01    1.7948E+01    1.4942E+01    3.3548E+01    2.8915E+01    1.4399E+01    4.9642E+00    6.4564E+00    4.0170E-02    7.8400E+00   
 3.3457E+02    2.3372E+01    2.3529E+01    1.9860E+01    1.7993E+01    1.4948E+01    3.3512E+01    2.8890E+01    1.4405E+01    4.9642E+00    6.4564E+00    4.0170E-02    7.8400E+00   
 3.3507E+02    2.3382E+01    2.3530E+01    1.9831E+01    1.7993E+01    1.4955E+01    3.3512E+01    2.8878E+01    1.4405E+01    4.9642E+00    6.4564E+00    4.0170E-02    7.8400E+00   
 3.3557E+02    2.3393E+01    2.3532E+01    1.9853E+01    1.8016E+01    1.4974E+01    3.3458E+01    2.8890E+01    1.4423E+01    4.9642E+00    6.4564E+00    4.0170E-02    7.8400E+00   
 3.3607E+02    2.3393E+01    2.3535E+01    1.9873E+01    1.7955E+01    1.4975E+01    3.3424E+01    2.8866E+01    1.4417E+01    4.9642E+00    6.4564E+00    4.0170E-02    7.8668E+00   
 3.3665E+02    2.3419E+01    2.3530E+01    1.9889E+01    1.7960E+01    1.4991E+01    3.3381E+01    2.8881E+01    1.4443E+01    4.9642E+00    6.4564E+00    4.0170E-02    7.8400E+00   
 3.3715E+02    2.3415E+01    2.3541E+01    1.9922E+01    1.8016E+01    1.4995E+01    3.3352E+01    2.8869E+01    1.4433E+01    4.9642E+00    6.4564E+00    4.0170E-02    7.8936E+00   
 3.3765E+02    2.3402E+01    2.3526E+01    1.9980E+01    1.7991E+01    1.5018E+01    3.3310E+01    2.8837E+01    1.4439E+01    4.9642E+00    6.4564E+00    4.0170E-02    7.8400E+00   
 3.3815E+02    2.3416E+01    2.3541E+01    2.0032E+01    1.7991E+01    1.5019E+01    3.3310E+01    2.8844E+01    1.4439E+01    4.9642E+00    6.4564E+00    4.0170E-02    7.8400E+00   
 3.3875E+02    2.3419E+01    2.3547E+01    2.0099E+01    1.8015E+01    1.5019E+01    3.3271E+01    2.8818E+01    1.4450E+01    4.9642E+00    6.4564E+00    4.0170E-02    7.8668E+00   
 3.3925E+02    2.3419E+01    2.3539E+01    2.0122E+01    1.7975E+01    1.5045E+01    3.3222E+01    2.8818E+01    1.4458E+01    4.9642E+00    6.4564E+00    4.0170E-02    7.8400E+00   
 3.3975E+02    2.3444E+01    2.3549E+01    2.0122E+01    1.8008E+01    1.5045E+01    3.3187E+01    2.8818E+01    1.4469E+01    4.9642E+00    6.4564E+00    4.0170E-02    7.8400E+00   
 3.4025E+02    2.3433E+01    2.3543E+01    2.0126E+01    1.7914E+01    1.5042E+01    3.3174E+01    2.8818E+01    1.4467E+01    4.9642E+00    6.4564E+00    4.0170E-02    7.8668E+00   
 3.4082E+02    2.3453E+01    2.3543E+01    2.0126E+01    1.7967E+01    1.5031E+01    3.3114E+01    2.8796E+01    1.4452E+01    4.9642E+00    6.4768E+00    4.0170E-02    7.8400E+00   
 3.4132E+02    2.3469E+01    2.3542E+01    2.0182E+01    1.7967E+01    1.5046E+01    3.3114E+01    2.8778E+01    1.4452E+01    4.9642E+00    6.4564E+00    4.0170E-02    7.8668E+00   
 3.4182E+02    2.3472E+01    2.3559E+01    2.0159E+01    1.8067E+01    1.5058E+01    3.3077E+01    2.8758E+01    1.4472E+01    4.9642E+00    6.4768E+00    4.0170E-02    7.8668E+00   
 3.4232E+02    2.3472E+01    2.3563E+01    2.0151E+01    1.8117E+01    1.5066E+01    3.3038E+01    2.8758E+01    1.4461E+01    4.9642E+00    6.4768E+00    4.0170E-02    7.8400E+00   
 3.4292E+02    2.3475E+01    2.3563E+01    2.0151E+01    1.8145E+01    1.5066E+01    3.3013E+01    2.8750E+01    1.4464E+01    4.9642E+00    6.4564E+00    4.0170E-02    7.8668E+00   
 3.4342E+02    2.3475E+01    2.3552E+01    2.0121E+01    1.8082E+01    1.5044E+01    3.2956E+01    2.8723E+01    1.4465E+01    4.9642E+00    6.4768E+00    4.0170E-02    7.8668E+00   
 3.4392E+02    2.3466E+01    2.3552E+01    2.0088E+01    1.8136E+01    1.5066E+01    3.2916E+01    2.8720E+01    1.4465E+01    4.9642E+00    6.4768E+00    4.0170E-02    7.8668E+00   
 3.4442E+02    2.3486E+01    2.3572E+01    2.0089E+01    1.8152E+01    1.5088E+01    3.2931E+01    2.8723E+01    1.4473E+01    4.9642E+00    6.4768E+00    4.0170E-02    7.8936E+00   
# Time (s)      T1w (C)       T2w (C)       T1a (C)       T2a (C)       T1r (C)       T2r (C)       T3r (C)       T4r (C)       P1 (bar)      P2 (bar)      Ic (amp)      Qc (l/min)    
 3.4500E+02    2.3490E+01    2.3590E+01    2.0069E+01    1.8261E+01    1.5109E+01    3.2898E+01    2.8713E+01    1.4482E+01    4.9642E+00    6.4768E+00    4.0170E-02    7.8400E+00   
 3.4550E+02    2.3506E+01    2.3593E+01    2.0077E+01    1.8281E+01    1.5102E+01    3.2900E+01    2.8710E+01    1.4503E+01    4.9642E+00    6.4768E+00    4.0170E-02    7.8668E+00   
 3.4600E+02    2.3519E+01    2.3611E+01    2.0077E+01    1.8323E+01    1.5102E+01    3.2845E+01    2.8710E+01    1.4512E+01    4.9642E+00    6.4768E+00    4.0170E-02    7.8668E+00   
 3.4650E+02    2.3508E+01    2.3596E+01    2.0069E+01    1.8239E+01    1.5121E+01    3.2835E+01    2.8701E+01    1.4527E+01    4.9642E+00    6.4768E+00    4.0170E-02    7.8400E+00   
 3.4711E+02    2.3519E+01    2.3596E+01    2.0077E+01    1.8184E+01    1.5131E+01    3.2798E+01    2.8696E+01    1.4527E+01    4.9846E+00    6.4768E+00    4.0170E-02    7.8668E+00   
 3.4761E+02    2.3519E+01    2.3585E+01    2.0134E+01    1.8184E+01    1.5132E+01    3.2798E+01    2.8672E+01    1.4527E+01    4.9846E+00    6.4768E+00    4.0170E-02    7.8668E+00   
 3.4811E+02    2.3542E+01    2.3604E+01    2.0158E+01    1.8197E+01    1.5127E+01    3.2766E+01    2.8657E+01    1.4520E+01    4.9642E+00    6.4768E+00    4.0170E-02    7.8668E+00   
 3.4861E+02    2.3542E+01    2.3596E+01    2.0196E+01    1.8192E+01    1.5145E+01    3.2731E+01    2.8657E+01    1.4526E+01    4.9642E+00    6.4768E+00    4.0170E-02    7.8400E+00   
 3.4918E+02    2.3530E+01    2.3627E+01    2.0196E+01    1.8162E+01    1.5145E+01    3.2697E+01    2.8647E+01    1.4531E+01    4.9846E+00    6.4768E+00    4.0170E-02    7.8668E+00   
 3.4968E+02    2.3541E+01    2.3617E+01    2.0198E+01    1.8263E+01    1.5136E+01    3.2665E+01    2.8619E+01    1.4530E+01    4.9846E+00    6.4768E+00    4.0170E-02    7.8400E+00   
 3.5018E+02    2.3553E+01    2.3617E+01    2.0177E+01    1.8369E+01    1.5143E+01    3.2627E+01    2.8604E+01    1.4530E+01    4.9846E+00    6.4768E+00    4.0170E-02    7.8668E+00   
 3.5068E+02    2.3571E+01    2.3643E+01    2.0076E+01    1.8385E+01    1.5154E+01    3.2627E+01    2.8594E+01    1.4526E+01    4.9846E+00    6.4768E+00    4.0170E-02    7.8400E+00   
 3.5130E+02    2.3557E+01    2.3639E+01    2.0054E+01    1.8408E+01    1.5158E+01    3.2600E+01    2.8593E+01    1.4520E+01    4.9846E+00    6.4971E+00    4.0170E-02    7.8400E+00   
 3.5180E+02    2.3573E+01    2.3680E+01    2.0036E+01    1.8389E+01    1.5162E+01    3.2578E+01    2.8569E+01    1.4535E+01    4.9846E+00    6.4971E+00    4.0170E-02    7.8130E+00   
 3.5230E+02    2.3574E+01    2.3678E+01    2.0020E+01    1.8317E+01    1.5162E+01    3.2536E+01    2.8569E+01    1.4541E+01    4.9846E+00    6.4971E+00    4.0170E-02    7.8400E+00   
 3.5280E+02    2.3573E+01    2.3657E+01    1.9946E+01    1.8261E+01    1.5164E+01    3.2506E+01    2.8553E+01    1.4551E+01    4.9846E+00    6.4971E+00    4.0170E-02    7.8130E+00   
 3.5337E+02    2.3566E+01    2.3657E+01    1.9802E+01    1.8315E+01    1.5160E+01    3.2475E+01    2.8532E+01    1.4556E+01    4.9846E+00    6.4971E+00    4.0170E-02    7.8130E+00   
 3.5387E+02    2.3554E+01    2.3662E+01    1.9512E+01    1.8315E+01    1.5176E+01    3.2475E+01    2.8524E+01    1.4556E+01    4.9846E+00    6.4971E+00    4.0170E-02    7.8936E+00   
 3.5437E+02    2.3539E+01    2.3662E+01    1.9290E+01    1.8323E+01    1.5168E+01    3.2455E+01    2.8505E+01    1.4548E+01    4.9846E+00    6.4971E+00    4.0170E-02    7.8400E+00   
 3.5487E+02    2.3553E+01    2.3659E+01    1.9191E+01    1.8316E+01    1.5168E+01    3.2412E+01    2.8505E+01    1.4562E+01    4.9846E+00    6.4971E+00    4.0170E-02    7.8400E+00   
 3.5549E+02    2.3549E+01    2.3677E+01    1.9191E+01    1.8391E+01    1.5171E+01    3.2388E+01    2.8500E+01    1.4549E+01    4.9846E+00    6.4971E+00    4.0170E-02    7.8130E+00   
 3.5599E+02    2.3552E+01    2.3660E+01    1.9215E+01    1.8480E+01    1.5180E+01    3.2365E+01    2.8483E+01    1.4557E+01    4.9846E+00    6.4971E+00    4.0170E-02    7.8130E+00   
 3.5649E+02    2.3548E+01    2.3660E+01    1.9333E+01    1.8505E+01    1.5194E+01    3.2350E+01    2.8460E+01    1.4566E+01    4.9846E+00    6.4971E+00    4.0170E-02    7.8130E+00   
 3.5699E+02    2.3550E+01    2.3670E+01    1.9418E+01    1.8505E+01    1.5179E+01    3.2350E+01    2.8451E+01    1.4566E+01    4.9846E+00    6.4971E+00    4.0170E-02    7.8668E+00   
 3.5757E+02    2.3532E+01    2.3672E+01    1.9464E+01    1.8529E+01    1.5192E+01    3.2318E+01    2.8437E+01    1.4580E+01    4.9846E+00    6.4971E+00    4.0170E-02    7.8668E+00   
 3.5807E+02    2.3532E+01    2.3678E+01    1.9455E+01    1.8618E+01    1.5193E+01    3.2284E+01    2.8412E+01    1.4572E+01    4.9846E+00    6.4971E+00    4.0170E-02    7.8936E+00   
 3.5857E+02    2.3531E+01    2.3682E+01    1.9470E+01    1.8632E+01    1.5193E+01    3.2244E+01    2.8412E+01    1.4569E+01    4.9846E+00    6.4971E+00    4.0170E-02    7.8130E+00   
 3.5907E+02    2.3548E+01    2.3673E+01    1.9398E+01    1.8650E+01    1.5190E+01    3.2229E+01    2.8411E+01    1.4587E+01    4.9846E+00    6.4971E+00    4.0170E-02    7.8130E+00   
 3.5967E+02    2.3528E+01    2.3657E+01    1.9563E+01    1.8629E+01    1.5184E+01    3.2197E+01    2.8386E+01    1.4561E+01    4.9846E+00    6.4971E+00    4.0170E-02    7.8400E+00   
 3.6017E+02    2.3532E+01    2.3675E+01    1.9624E+01    1.8629E+01    1.5184E+01    3.2197E+01    2.8360E+01    1.4561E+01    4.9846E+00    6.4971E+00    4.0170E-02    7.8668E+00   
# Time (s)      T1w (C)       T2w (C)       T1a (C)       T2a (C)       T1r (C)       T2r (C)       T3r (C)       T4r (C)       P1 (bar)      P2 (bar)      Ic (amp)      Qc (l/min)    
 3.6067E+02    2.3530E+01    2.3690E+01    1.9586E+01    1.8621E+01    1.5189E+01    3.2160E+01    2.8330E+01    1.4555E+01    4.9846E+00    6.4971E+00    4.0170E-02    7.8936E+00   
 3.6117E+02    2.3530E+01    2.3695E+01    1.9504E+01    1.8643E+01    1.5177E+01    3.2111E+01    2.8330E+01    1.4556E+01    4.9846E+00    6.5175E+00    4.0170E-02    7.8130E+00   
 3.6176E+02    2.3523E+01    2.3699E+01    1.9504E+01    1.8634E+01    1.5177E+01    3.2089E+01    2.8309E+01    1.4587E+01    4.9846E+00    6.5175E+00    4.0170E-02    7.8400E+00   
 3.6226E+02    2.3523E+01    2.3694E+01    1.9446E+01    1.8667E+01    1.5195E+01    3.2070E+01    2.8288E+01    1.4573E+01    4.9846E+00    6.4971E+00    4.0170E-02    7.8668E+00   
 3.6276E+02    2.3521E+01    2.3694E+01    1.9421E+01    1.8707E+01    1.5199E+01    3.2025E+01    2.8285E+01    1.4584E+01    4.9846E+00    6.5175E+00    4.0170E-02    7.8668E+00   
 3.6326E+02    2.3530E+01    2.3692E+01    1.9539E+01    1.8707E+01    1.5190E+01    3.2025E+01    2.8259E+01    1.4584E+01    4.9846E+00    6.5175E+00    3.5079E-02    7.8936E+00   
 3.6385E+02    2.3520E+01    2.3687E+01    1.9522E+01    1.8746E+01    1.5215E+01    3.2039E+01    2.8264E+01    1.4591E+01    4.9846E+00    6.4971E+00    4.0170E-02    7.8400E+00   
 3.6435E+02    2.3520E+01    2.3696E+01    1.9405E+01    1.8778E+01    1.5208E+01    3.1987E+01    2.8244E+01    1.4622E+01    4.9846E+00    6.5175E+00    4.0170E-02    7.7860E+00   
 3.6485E+02    2.3524E+01    2.3711E+01    1.9405E+01    1.8810E+01    1.5224E+01    3.1999E+01    2.8260E+01    1.4633E+01    4.9846E+00    6.4971E+00    4.0170E-02    7.8400E+00   
 3.6535E+02    2.3497E+01    2.3695E+01    1.9433E+01    1.8827E+01    1.5249E+01    3.1974E+01    2.8233E+01    1.4597E+01    4.9846E+00    6.4971E+00    4.0170E-02    7.8400E+00   
 3.6593E+02    2.3529E+01    2.3695E+01    1.9548E+01    1.8838E+01    1.5224E+01    3.1942E+01    2.8211E+01    1.4608E+01    4.9846E+00    6.5175E+00    4.0170E-02    7.8400E+00   
 3.6643E+02    2.3508E+01    2.3690E+01    1.9430E+01    1.8822E+01    1.5238E+01    3.1942E+01    2.8201E+01    1.4608E+01    4.9846E+00    6.4971E+00    4.0170E-02    7.8130E+00   
 3.6694E+02    2.3510E+01    2.3673E+01    1.9485E+01    1.8839E+01    1.5221E+01    3.1914E+01    2.8195E+01    1.4608E+01    4.9846E+00    6.5175E+00    4.0170E-02    7.8400E+00   
 3.6744E+02    2.3510E+01    2.3675E+01    1.9485E+01    1.8828E+01    1.5205E+01    3.1863E+01    2.8180E+01    1.4595E+01    4.9846E+00    6.5175E+00    4.0170E-02    7.8668E+00   
 3.6802E+02    2.3497E+01    2.3671E+01    1.9574E+01    1.8832E+01    1.5196E+01    3.1845E+01    2.8151E+01    1.4587E+01    4.9846E+00    6.5175E+00    4.0170E-02    7.8400E+00   
 3.6852E+02    2.3503E+01    2.3665E+01    1.9489E+01    1.8863E+01    1.5200E+01    3.1812E+01    2.8132E+01    1.4596E+01    4.9846E+00    6.5175E+00    4.0170E-02    7.8936E+00   
 3.6902E+02    2.3496E+01    2.3665E+01    1.9467E+01    1.8938E+01    1.5195E+01    3.1783E+01    2.8111E+01    1.4596E+01    4.9846E+00    6.5175E+00    4.0170E-02    7.8668E+00   
 3.6952E+02    2.3500E+01    2.3675E+01    1.9425E+01    1.8938E+01    1.5233E+01    3.1799E+01    2.8106E+01    1.4608E+01    4.9846E+00    6.5175E+00    4.0170E-02    7.8400E+00   
 3.7012E+02    2.3486E+01    2.3674E+01    1.9394E+01    1.8923E+01    1.5223E+01    3.1772E+01    2.8092E+01    1.4627E+01    4.9846E+00    6.5175E+00    4.0170E-02    7.8668E+00   
 3.7062E+02    2.3502E+01    2.3691E+01    1.9238E+01    1.8948E+01    1.5238E+01    3.1750E+01    2.8092E+01    1.4625E+01    4.9846E+00    6.4971E+00    4.0170E-02    7.8130E+00   
 3.7112E+02    2.3519E+01    2.3686E+01    1.9238E+01    1.8945E+01    1.5238E+01    3.1726E+01    2.8084E+01    1.4644E+01    4.9846E+00    6.5175E+00    4.0170E-02    7.8130E+00   
 3.7162E+02    2.3500E+01    2.3702E+01    1.9330E+01    1.8941E+01    1.5219E+01    3.1702E+01    2.8069E+01    1.4615E+01    4.9846E+00    6.5175E+00    4.0170E-02    7.8130E+00   
 3.7221E+02    2.3501E+01    2.3706E+01    1.9415E+01    1.8967E+01    1.5219E+01    3.1695E+01    2.8042E+01    1.4624E+01    4.9846E+00    6.5175E+00    4.0170E-02    7.8400E+00   
 3.7271E+02    2.3520E+01    2.3726E+01    1.9525E+01    1.8983E+01    1.5231E+01    3.1695E+01    2.8053E+01    1.4624E+01    4.9846E+00    6.5175E+00    4.0170E-02    7.8668E+00   
 3.7321E+02    2.3520E+01    2.3721E+01    1.9516E+01    1.9086E+01    1.5222E+01    3.1652E+01    2.8017E+01    1.4620E+01    4.9846E+00    6.5175E+00    4.0170E-02    7.8130E+00   
 3.7371E+02    2.3530E+01    2.3736E+01    1.9531E+01    1.9166E+01    1.5206E+01    3.1617E+01    2.8001E+01    1.4628E+01    5.0050E+00    6.5175E+00    4.0170E-02    7.8668E+00   
 3.7429E+02    2.3546E+01    2.3725E+01    1.9656E+01    1.9200E+01    1.5229E+01    3.1598E+01    2.7976E+01    1.4629E+01    4.9846E+00    6.5175E+00    4.0170E-02    7.8668E+00   
 3.7479E+02    2.3524E+01    2.3718E+01    1.9464E+01    1.9155E+01    1.5218E+01    3.1559E+01    2.7974E+01    1.4650E+01    4.9846E+00    6.4971E+00    4.0170E-02    7.8668E+00   
 3.7529E+02    2.3530E+01    2.3718E+01    1.9286E+01    1.9155E+01    1.5251E+01    3.1559E+01    2.7957E+01    1.4650E+01    4.9846E+00    6.5175E+00    4.0170E-02    7.8400E+00   
 3.7579E+02    2.3530E+01    2.3742E+01    1.9343E+01    1.9144E+01    1.5248E+01    3.1557E+01    2.7925E+01    1.4638E+01    4.9846E+00    6.5175E+00    4.0170E-02    7.8130E+00   
# Time (s)      T1w (C)       T2w (C)       T1a (C)       T2a (C)       T1r (C)       T2r (C)       T3r (C)       T4r (C)       P1 (bar)      P2 (bar)      Ic (amp)      Qc (l/min)    
 3.7638E+02    2.3534E+01    2.3740E+01    1.9540E+01    1.9147E+01    1.5244E+01    3.1532E+01    2.7914E+01    1.4642E+01    4.9846E+00    6.5175E+00    4.0170E-02    7.8400E+00   
 3.7688E+02    2.3534E+01    2.3728E+01    1.9652E+01    1.9185E+01    1.5253E+01    3.1576E+01    2.7929E+01    1.4670E+01    5.0050E+00    6.5175E+00    4.0170E-02    7.8668E+00   
 3.7738E+02    2.3540E+01    2.3743E+01    1.9652E+01    1.9176E+01    1.5253E+01    3.1503E+01    2.7926E+01    1.4669E+01    4.9846E+00    6.4971E+00    4.0170E-02    7.8400E+00   
 3.7788E+02    2.3515E+01    2.3743E+01    1.9721E+01    1.9209E+01    1.5273E+01    3.1474E+01    2.7913E+01    1.4681E+01    4.9846E+00    6.4971E+00    4.0170E-02    7.8400E+00   
 3.7846E+02    2.3528E+01    2.3715E+01    1.9479E+01    1.9243E+01    1.5268E+01    3.1452E+01    2.7877E+01    1.4681E+01    5.0050E+00    6.5175E+00    4.0170E-02    7.8400E+00   
 3.7896E+02    2.3534E+01    2.3706E+01    1.9356E+01    1.9243E+01    1.5267E+01    3.1452E+01    2.7883E+01    1.4686E+01    5.0050E+00    6.5175E+00    4.0170E-02    7.8400E+00   
 3.7946E+02    2.3534E+01    2.3709E+01    1.9399E+01    1.9202E+01    1.5273E+01    3.1453E+01    2.7848E+01    1.4678E+01    4.9846E+00    6.4971E+00    4.0170E-02    7.8130E+00   
 3.7997E+02    2.3539E+01    2.3724E+01    1.9399E+01    1.9191E+01    1.5289E+01    3.1414E+01    2.7863E+01    1.4706E+01    4.9846E+00    6.5175E+00    4.0170E-02    7.8668E+00   
 3.8054E+02    2.3513E+01    2.3709E+01    1.9541E+01    1.9150E+01    1.5276E+01    3.1395E+01    2.7828E+01    1.4687E+01    5.0050E+00    6.5175E+00    4.0170E-02    7.8668E+00   
 3.8104E+02    2.3530E+01    2.3709E+01    1.9658E+01    1.9126E+01    1.5274E+01    3.1365E+01    2.7802E+01    1.4702E+01    4.9846E+00    6.4971E+00    4.0170E-02    7.8130E+00   
 3.8154E+02    2.3531E+01    2.3716E+01    1.9784E+01    1.9126E+01    1.5319E+01    3.1380E+01    2.7811E+01    1.4718E+01    4.9846E+00    6.5175E+00    4.0170E-02    7.8130E+00   
 3.8205E+02    2.3513E+01    2.3709E+01    1.9813E+01    1.9143E+01    1.5301E+01    3.1379E+01    2.7797E+01    1.4726E+01    5.0050E+00    6.4971E+00    4.0170E-02    7.8400E+00   
 3.8262E+02    2.3513E+01    2.3705E+01    1.9661E+01    1.9124E+01    1.5307E+01    3.1340E+01    2.7768E+01    1.4714E+01    5.0050E+00    6.5175E+00    4.0170E-02    7.8400E+00   
 3.8312E+02    2.3508E+01    2.3701E+01    1.9661E+01    1.9147E+01    1.5307E+01    3.1312E+01    2.7768E+01    1.4716E+01    4.9846E+00    6.5175E+00    4.0170E-02    7.8668E+00   
 3.8363E+02    2.3513E+01    2.3709E+01    1.9425E+01    1.9147E+01    1.5301E+01    3.1285E+01    2.7754E+01    1.4728E+01    5.0050E+00    6.5175E+00    4.0170E-02    7.8668E+00   
 3.8413E+02    2.3505E+01    2.3709E+01    1.9331E+01    1.9173E+01    1.5312E+01    3.1269E+01    2.7731E+01    1.4714E+01    5.0050E+00    6.5175E+00    4.0170E-02    7.8668E+00   
 3.8471E+02    2.3525E+01    2.3702E+01    1.9375E+01    1.9173E+01    1.5330E+01    3.1285E+01    2.7738E+01    1.4730E+01    5.0050E+00    6.5175E+00    4.0170E-02    7.8400E+00   
 3.8521E+02    2.3514E+01    2.3716E+01    1.9441E+01    1.9173E+01    1.5332E+01    3.1270E+01    2.7732E+01    1.4745E+01    5.0050E+00    6.5175E+00    4.0170E-02    7.8668E+00   
 3.8571E+02    2.3530E+01    2.3717E+01    1.9453E+01    1.9191E+01    1.5337E+01    3.1250E+01    2.7710E+01    1.4739E+01    5.0050E+00    6.5175E+00    4.0170E-02    7.8400E+00   
 3.8621E+02    2.3519E+01    2.3707E+01    1.9453E+01    1.9171E+01    1.5337E+01    3.1230E+01    2.7710E+01    1.4742E+01    5.0050E+00    6.5175E+00    4.0170E-02    7.8668E+00   
 3.8679E+02    2.3512E+01    2.3703E+01    1.9338E+01    1.9134E+01    1.5352E+01    3.1228E+01    2.7699E+01    1.4775E+01    5.0050E+00    6.5175E+00    4.0170E-02    7.8400E+00   
 3.8729E+02    2.3511E+01    2.3703E+01    1.9341E+01    1.9137E+01    1.5368E+01    3.1215E+01    2.7686E+01    1.4759E+01    5.0050E+00    6.4971E+00    4.0170E-02    7.8400E+00   
 3.8779E+02    2.3518E+01    2.3704E+01    1.9437E+01    1.9137E+01    1.5380E+01    3.1215E+01    2.7667E+01    1.4759E+01    5.0050E+00    6.5175E+00    4.0170E-02    7.8400E+00   
 3.8829E+02    2.3518E+01    2.3702E+01    1.9488E+01    1.9121E+01    1.5400E+01    3.1187E+01    2.7653E+01    1.4774E+01    5.0050E+00    6.5175E+00    4.0170E-02    7.8400E+00   
 3.8891E+02    2.3514E+01    2.3680E+01    1.9530E+01    1.9092E+01    1.5382E+01    3.1176E+01    2.7634E+01    1.4779E+01    5.0050E+00    6.5175E+00    4.0170E-02    7.8400E+00   
 3.8941E+02    2.3504E+01    2.3710E+01    1.9530E+01    1.9108E+01    1.5382E+01    3.1151E+01    2.7634E+01    1.4763E+01    5.0050E+00    6.5175E+00    3.5079E-02    7.8400E+00   
 3.8991E+02    2.3514E+01    2.3696E+01    1.9537E+01    1.9099E+01    1.5387E+01    3.1131E+01    2.7604E+01    1.4792E+01    5.0050E+00    6.5175E+00    4.0170E-02    7.8668E+00   
 3.9041E+02    2.3500E+01    2.3696E+01    1.9582E+01    1.9117E+01    1.5402E+01    3.1115E+01    2.7592E+01    1.4780E+01    5.0050E+00    6.4971E+00    4.0170E-02    7.8400E+00   
 3.9100E+02    2.3507E+01    2.3688E+01    1.9584E+01    1.9117E+01    1.5419E+01    3.1130E+01    2.7592E+01    1.4796E+01    5.0050E+00    6.5175E+00    4.0170E-02    7.8400E+00   
 3.9150E+02    2.3502E+01    2.3692E+01    1.9585E+01    1.9129E+01    1.5411E+01    3.1101E+01    2.7585E+01    1.4800E+01    5.0050E+00    6.4971E+00    4.0170E-02    7.8130E+00   
# Time (s)      T1w (C)       T2w (C)       T1a (C)       T2a (C)       T1r (C)       T2r (C)       T3r (C)       T4r (C)       P1 (bar)      P2 (bar)      Ic (amp)      Qc (l/min)    
 3.9200E+02    2.3502E+01    2.3712E+01    1.9593E+01    1.9138E+01    1.5439E+01    3.1109E+01    2.7584E+01    1.4819E+01    5.0050E+00    6.4971E+00    4.0170E-02    7.8130E+00   
 3.9250E+02    2.3487E+01    2.3702E+01    1.9593E+01    1.9138E+01    1.5439E+01    3.1085E+01    2.7584E+01    1.4830E+01    5.0050E+00    6.5175E+00    4.0170E-02    7.8668E+00   
 3.9309E+02    2.3516E+01    2.3689E+01    1.9540E+01    1.9174E+01    1.5460E+01    3.1090E+01    2.7577E+01    1.4858E+01    5.0050E+00    6.4971E+00    4.0170E-02    7.8400E+00   
 3.9359E+02    2.3519E+01    2.3689E+01    1.9391E+01    1.9176E+01    1.5458E+01    3.1067E+01    2.7597E+01    1.4865E+01    5.0050E+00    6.5175E+00    4.0170E-02    7.8400E+00   
 3.9409E+02    2.3512E+01    2.3718E+01    1.9269E+01    1.9176E+01    1.5492E+01    3.1083E+01    2.7575E+01    1.4865E+01    5.0050E+00    6.5175E+00    4.0170E-02    7.8130E+00   
 3.9459E+02    2.3504E+01    2.3703E+01    1.9176E+01    1.9195E+01    1.5491E+01    3.1040E+01    2.7548E+01    1.4873E+01    5.0050E+00    6.5175E+00    4.0170E-02    7.8400E+00   
 3.9517E+02    2.3519E+01    2.3708E+01    1.9318E+01    1.9213E+01    1.5500E+01    3.1032E+01    2.7522E+01    1.4864E+01    5.0050E+00    6.5175E+00    4.0170E-02    7.8400E+00   
 3.9567E+02    2.3541E+01    2.3714E+01    1.9333E+01    1.9234E+01    1.5500E+01    3.1018E+01    2.7522E+01    1.4877E+01    5.0050E+00    6.4971E+00    4.0170E-02    7.7044E+00   
 3.9617E+02    2.3531E+01    2.3709E+01    1.9318E+01    1.9256E+01    1.5504E+01    3.0979E+01    2.7513E+01    1.4878E+01    5.0050E+00    6.5175E+00    4.0170E-02    7.7860E+00   
 3.9667E+02    2.3530E+01    2.3709E+01    1.9298E+01    1.9303E+01    1.5511E+01    3.0972E+01    2.7518E+01    1.4878E+01    5.0050E+00    6.4971E+00    4.0170E-02    7.8400E+00   
 3.9727E+02    2.3530E+01    2.3714E+01    1.9248E+01    1.9303E+01    1.5499E+01    3.0972E+01    2.7483E+01    1.4895E+01    5.0050E+00    6.5175E+00    4.0170E-02    7.8400E+00   
 3.9777E+02    2.3530E+01    2.3712E+01    1.9343E+01    1.9341E+01    1.5520E+01    3.0976E+01    2.7483E+01    1.4905E+01    5.0050E+00    6.4971E+00    4.0170E-02    7.8668E+00   
 3.9827E+02    2.3530E+01    2.3706E+01    1.9411E+01    1.9342E+01    1.5540E+01    3.0945E+01    2.7483E+01    1.4905E+01    5.0050E+00    6.4971E+00    4.0170E-02    7.8400E+00   
 3.9877E+02    2.3534E+01    2.3704E+01    1.9411E+01    1.9333E+01    1.5540E+01    3.0927E+01    2.7473E+01    1.4914E+01    5.0050E+00    6.4971E+00    4.0170E-02    7.8400E+00   
 3.9935E+02    2.3521E+01    2.3694E+01    1.9489E+01    1.9331E+01    1.5547E+01    3.0919E+01    2.7438E+01    1.4916E+01    5.0050E+00    6.4971E+00    4.0170E-02    7.8400E+00   
 3.9985E+02    2.3502E+01    2.3678E+01    1.9342E+01    1.9305E+01    1.5548E+01    3.0911E+01    2.7430E+01    1.4905E+01    5.0050E+00    6.4971E+00    4.0170E-02    7.8668E+00   
 4.0035E+02    2.3498E+01    2.3684E+01    1.9157E+01    1.9305E+01    1.5547E+01    3.0911E+01    2.7429E+01    1.4905E+01    5.0050E+00    6.5175E+00    4.0170E-02    7.8130E+00   
 4.0085E+02    2.3498E+01    2.3663E+01    1.9130E+01    1.9335E+01    1.5576E+01    3.0903E+01    2.7411E+01    1.4931E+01    5.0050E+00    6.4971E+00    4.0170E-02    7.8130E+00   
 4.0143E+02    2.3494E+01    2.3662E+01    1.9226E+01    1.9306E+01    1.5562E+01    3.0861E+01    2.7404E+01    1.4931E+01    5.0050E+00    6.4971E+00    4.0170E-02    7.8668E+00   
 4.0194E+02    2.3498E+01    2.3671E+01    1.9226E+01    1.9303E+01    1.5562E+01    3.0866E+01    2.7404E+01    1.4950E+01    5.0050E+00    6.5175E+00    4.0170E-02    7.8400E+00   
 4.0244E+02    2.3491E+01    2.3677E+01    1.9249E+01    1.9297E+01    1.5582E+01    3.0857E+01    2.7367E+01    1.4944E+01    5.0050E+00    6.5175E+00    4.0170E-02    7.8130E+00   
 4.0294E+02    2.3482E+01    2.3662E+01    1.9223E+01    1.9282E+01    1.5578E+01    3.0872E+01    2.7371E+01    1.4960E+01    5.0050E+00    6.5175E+00    4.0170E-02    7.8668E+00   
 4.0352E+02    2.3471E+01    2.3633E+01    1.9346E+01    1.9282E+01    1.5605E+01    3.0834E+01    2.7358E+01    1.4965E+01    5.0050E+00    6.4971E+00    4.0170E-02    7.8936E+00   
 4.0402E+02    2.3492E+01    2.3680E+01    1.9419E+01    1.9304E+01    1.5620E+01    3.0818E+01    2.7338E+01    1.4955E+01    5.0050E+00    6.5175E+00    4.0170E-02    7.8668E+00   
 4.0452E+02    2.3492E+01    2.3667E+01    1.9419E+01    1.9316E+01    1.5620E+01    3.0798E+01    2.7338E+01    1.4965E+01    5.0050E+00    6.5175E+00    4.0170E-02    7.8400E+00   
 4.0502E+02    2.3493E+01    2.3644E+01    1.9478E+01    1.9333E+01    1.5603E+01    3.0791E+01    2.7327E+01    1.4973E+01    5.0050E+00    6.4971E+00    4.0170E-02    7.8400E+00   
 4.0560E+02    2.3471E+01    2.3647E+01    1.9512E+01    1.9348E+01    1.5625E+01    3.0763E+01    2.7322E+01    1.4976E+01    5.0050E+00    6.5175E+00    4.0170E-02    7.8668E+00   
 4.0610E+02    2.3483E+01    2.3647E+01    1.9435E+01    1.9377E+01    1.5630E+01    3.0751E+01    2.7293E+01    1.4976E+01    5.0050E+00    6.4971E+00    4.0170E-02    7.8936E+00   
 4.0660E+02    2.3483E+01    2.3662E+01    1.9399E+01    1.9377E+01    1.5631E+01    3.0751E+01    2.7270E+01    1.4973E+01    5.0050E+00    6.4971E+00    4.0170E-02    7.8668E+00   
 4.0710E+02    2.3498E+01    2.3667E+01    1.9405E+01    1.9395E+01    1.5633E+01    3.0736E+01    2.7266E+01    1.4975E+01    5.0050E+00    6.5175E+00    4.0170E-02    7.8668E+00   
# Time (s)      T1w (C)       T2w (C)       T1a (C)       T2a (C)       T1r (C)       T2r (C)       T3r (C)       T4r (C)       P1 (bar)      P2 (bar)      Ic (amp)      Qc (l/min)    
 4.0768E+02    2.3486E+01    2.3652E+01    1.9387E+01    1.9392E+01    1.5632E+01    3.0702E+01    2.7266E+01    1.4974E+01    5.0050E+00    6.4971E+00    4.0170E-02    7.8668E+00   
 4.0818E+02    2.3464E+01    2.3629E+01    1.9371E+01    1.9405E+01    1.5648E+01    3.0716E+01    2.7252E+01    1.5008E+01    5.0050E+00    6.4971E+00    4.0170E-02    7.8668E+00   
 4.0868E+02    2.3474E+01    2.3629E+01    1.9405E+01    1.9375E+01    1.5655E+01    3.0712E+01    2.7238E+01    1.5003E+01    5.0050E+00    6.4971E+00    4.0170E-02    7.8400E+00   
 4.0918E+02    2.3469E+01    2.3655E+01    1.9367E+01    1.9375E+01    1.5661E+01    3.0712E+01    2.7229E+01    1.5003E+01    5.0050E+00    6.4971E+00    4.0170E-02    7.8130E+00   
 4.0977E+02    2.3467E+01    2.3616E+01    1.9396E+01    1.9365E+01    1.5663E+01    3.0684E+01    2.7202E+01    1.5008E+01    5.0254E+00    6.4971E+00    4.0170E-02    7.8130E+00   
 4.1027E+02    2.3452E+01    2.3624E+01    1.9453E+01    1.9354E+01    1.5660E+01    3.0676E+01    2.7196E+01    1.5005E+01    5.0050E+00    6.4971E+00    4.0170E-02    7.8668E+00   
 4.1077E+02    2.3445E+01    2.3614E+01    1.9453E+01    1.9330E+01    1.5660E+01    3.0660E+01    2.7196E+01    1.5005E+01    5.0050E+00    6.4971E+00    4.0170E-02    7.8130E+00   
 4.1127E+02    2.3441E+01    2.3611E+01    1.9500E+01    1.9352E+01    1.5664E+01    3.0634E+01    2.7166E+01    1.5027E+01    5.0050E+00    6.4971E+00    4.0170E-02    7.8400E+00   
 4.1188E+02    2.3442E+01    2.3619E+01    1.9566E+01    1.9351E+01    1.5685E+01    3.0620E+01    2.7158E+01    1.5018E+01    5.0050E+00    6.4971E+00    4.0170E-02    7.8130E+00   
 4.1238E+02    2.3449E+01    2.3619E+01    1.9538E+01    1.9355E+01    1.5687E+01    3.0600E+01    2.7132E+01    1.5018E+01    5.0050E+00    6.4971E+00    4.0170E-02    7.8400E+00   
 4.1288E+02    2.3435E+01    2.3613E+01    1.9490E+01    1.9355E+01    1.5692E+01    3.0600E+01    2.7120E+01    1.5010E+01    5.0050E+00    6.4971E+00    4.0170E-02    7.7860E+00   
 4.1338E+02    2.3435E+01    2.3599E+01    1.9518E+01    1.9354E+01    1.5686E+01    3.0591E+01    2.7100E+01    1.5046E+01    5.0050E+00    6.5175E+00    4.0170E-02    7.8400E+00   
 4.1396E+02    2.3436E+01    2.3593E+01    1.9536E+01    1.9361E+01    1.5686E+01    3.0562E+01    2.7100E+01    1.5035E+01    5.0254E+00    6.5175E+00    4.0170E-02    7.8936E+00   
 4.1446E+02    2.3441E+01    2.3595E+01    1.9536E+01    1.9370E+01    1.5698E+01    3.0534E+01    2.7077E+01    1.5058E+01    5.0050E+00    6.4971E+00    4.0170E-02    7.8400E+00   
 4.1496E+02    2.3444E+01    2.3595E+01    1.9545E+01    1.9369E+01    1.5707E+01    3.0540E+01    2.7076E+01    1.5045E+01    5.0050E+00    6.5175E+00    4.0170E-02    7.8668E+00   
 4.1546E+02    2.3432E+01    2.3600E+01    1.9537E+01    1.9369E+01    1.5706E+01    3.0540E+01    2.7058E+01    1.5045E+01    5.0050E+00    6.4971E+00    4.0170E-02    7.8130E+00   
 4.1604E+02    2.3442E+01    2.3606E+01    1.9422E+01    1.9350E+01    1.5701E+01    3.0511E+01    2.7039E+01    1.5039E+01    5.0254E+00    6.4971E+00    4.0170E-02    7.8400E+00   
 4.1654E+02    2.3442E+01    2.3602E+01    1.9325E+01    1.9352E+01    1.5699E+01    3.0486E+01    2.7024E+01    1.5045E+01    5.0254E+00    6.4971E+00    4.0170E-02    7.8668E+00   
 4.1704E+02    2.3408E+01    2.3589E+01    1.9309E+01    1.9328E+01    1.5683E+01    3.0466E+01    2.7008E+01    1.5045E+01    5.0050E+00    6.5175E+00    4.0170E-02    7.7860E+00   
 4.1754E+02    2.3425E+01    2.3574E+01    1.9211E+01    1.9349E+01    1.5712E+01    3.0449E+01    2.6988E+01    1.5035E+01    5.0254E+00    6.4971E+00    4.0170E-02    7.8400E+00   
 4.1813E+02    2.3416E+01    2.3574E+01    1.9058E+01    1.9349E+01    1.5688E+01    3.0429E+01    2.6980E+01    1.5047E+01    5.0050E+00    6.4971E+00    4.0170E-02    7.8668E+00   
 4.1863E+02    2.3415E+01    2.3587E+01    1.9038E+01    1.9371E+01    1.5709E+01    3.0429E+01    2.6954E+01    1.5047E+01    5.0254E+00    6.4971E+00    4.0170E-02    7.8668E+00   
 4.1913E+02    2.3410E+01    2.3585E+01    1.9076E+01    1.9371E+01    1.5718E+01    3.0413E+01    2.6965E+01    1.5054E+01    5.0254E+00    6.4971E+00    4.0170E-02    7.8668E+00   
 4.1963E+02    2.3410E+01    2.3562E+01    1.8959E+01    1.9369E+01    1.5727E+01    3.0393E+01    2.6943E+01    1.5050E+01    5.0254E+00    6.4971E+00    4.0170E-02    7.8400E+00   
 4.2021E+02    2.3433E+01    2.3592E+01    1.8975E+01    1.9418E+01    1.5727E+01    3.0374E+01    2.6943E+01    1.5062E+01    5.0254E+00    6.5175E+00    4.0170E-02    7.8936E+00   
 4.2071E+02    2.3430E+01    2.3585E+01    1.8836E+01    1.9429E+01    1.5720E+01    3.0371E+01    2.6920E+01    1.5060E+01    5.0254E+00    6.4971E+00    4.0170E-02    7.8130E+00   
 4.2121E+02    2.3439E+01    2.3600E+01    1.8769E+01    1.9423E+01    1.5758E+01    3.0359E+01    2.6915E+01    1.5077E+01    5.0254E+00    6.5175E+00    4.0170E-02    7.8400E+00   
 4.2171E+02    2.3439E+01    2.3607E+01    1.8720E+01    1.9423E+01    1.5741E+01    3.0359E+01    2.6919E+01    1.5077E+01    5.0254E+00    6.4971E+00    4.0170E-02    7.8668E+00   
 4.2229E+02    2.3439E+01    2.3612E+01    1.8895E+01    1.9399E+01    1.5770E+01    3.0355E+01    2.6905E+01    1.5093E+01    5.0254E+00    6.4971E+00    4.0170E-02    7.8400E+00   
 4.2279E+02    2.3439E+01    2.3601E+01    1.8887E+01    1.9414E+01    1.5767E+01    3.0333E+01    2.6878E+01    1.5094E+01    5.0254E+00    6.4971E+00    4.0170E-02    7.8130E+00   
# Time (s)      T1w (C)       T2w (C)       T1a (C)       T2a (C)       T1r (C)       T2r (C)       T3r (C)       T4r (C)       P1 (bar)      P2 (bar)      Ic (amp)      Qc (l/min)    
 4.2329E+02    2.3418E+01    2.3604E+01    1.8887E+01    1.9409E+01    1.5767E+01    3.0318E+01    2.6878E+01    1.5084E+01    5.0254E+00    6.4971E+00    4.0170E-02    7.8668E+00   
 4.2379E+02    2.3426E+01    2.3587E+01    1.8740E+01    1.9390E+01    1.5761E+01    3.0300E+01    2.6861E+01    1.5085E+01    5.0254E+00    6.4971E+00    4.0170E-02    7.8400E+00   
 4.2437E+02    2.3413E+01    2.3572E+01    1.8677E+01    1.9387E+01    1.5757E+01    3.0280E+01    2.6824E+01    1.5080E+01    5.0254E+00    6.4971E+00    4.0170E-02    7.8130E+00   
 4.2487E+02    2.3416E+01    2.3583E+01    1.8738E+01    1.9371E+01    1.5761E+01    3.0280E+01    2.6815E+01    1.5080E+01    5.0254E+00    6.4971E+00    4.0170E-02    7.8130E+00   
 4.2537E+02    2.3400E+01    2.3538E+01    1.8794E+01    1.9343E+01    1.5776E+01    3.0249E+01    2.6786E+01    1.5090E+01    5.0254E+00    6.5175E+00    4.0170E-02    7.8668E+00   
 4.2587E+02    2.3409E+01    2.3543E+01    1.8871E+01    1.9368E+01    1.5776E+01    3.0227E+01    2.6786E+01    1.5090E+01    5.0254E+00    6.4971E+00    4.0170E-02    7.8668E+00   
 4.2646E+02    2.3419E+01    2.3563E+01    1.8871E+01    1.9360E+01    1.5783E+01    3.0205E+01    2.6765E+01    1.5075E+01    5.0254E+00    6.4971E+00    4.0170E-02    7.8400E+00   
 4.2696E+02    2.3416E+01    2.3570E+01    1.8993E+01    1.9356E+01    1.5755E+01    3.0189E+01    2.6741E+01    1.5078E+01    5.0254E+00    6.4971E+00    4.0170E-02    7.8130E+00   
 4.2746E+02    2.3432E+01    2.3570E+01    1.9077E+01    1.9418E+01    1.5784E+01    3.0189E+01    2.6731E+01    1.5078E+01    5.0254E+00    6.4971E+00    4.0170E-02    7.8400E+00   
 4.2796E+02    2.3404E+01    2.3574E+01    1.9039E+01    1.9433E+01    1.5764E+01    3.0171E+01    2.6713E+01    1.5075E+01    5.0254E+00    6.4971E+00    4.0170E-02    7.8668E+00   
 4.2854E+02    2.3434E+01    2.3569E+01    1.9055E+01    1.9418E+01    1.5781E+01    3.0163E+01    2.6692E+01    1.5078E+01    5.0254E+00    6.4971E+00    4.0170E-02    7.8400E+00   
 4.2904E+02    2.3450E+01    2.3599E+01    1.9096E+01    1.9450E+01    1.5781E+01    3.0134E+01    2.6692E+01    1.5082E+01    5.0254E+00    6.4971E+00    4.0170E-02    7.8668E+00   
 4.2954E+02    2.3445E+01    2.3588E+01    1.9096E+01    1.9444E+01    1.5794E+01    3.0127E+01    2.6683E+01    1.5089E+01    5.0254E+00    6.5175E+00    4.0170E-02    7.8936E+00   
 4.3004E+02    2.3437E+01    2.3588E+01    1.9176E+01    1.9459E+01    1.5813E+01    3.0118E+01    2.6680E+01    1.5101E+01    5.0254E+00    6.4971E+00    4.0170E-02    7.8668E+00   
 4.3063E+02    2.3424E+01    2.3592E+01    1.9255E+01    1.9478E+01    1.5803E+01    3.0108E+01    2.6651E+01    1.5100E+01    5.0254E+00    6.4971E+00    4.0170E-02    7.8668E+00   
 4.3113E+02    2.3434E+01    2.3582E+01    1.9272E+01    1.9478E+01    1.5811E+01    3.0108E+01    2.6647E+01    1.5100E+01    5.0254E+00    6.5175E+00    4.0170E-02    7.8668E+00   
 4.3163E+02    2.3434E+01    2.3588E+01    1.9248E+01    1.9493E+01    1.5816E+01    3.0089E+01    2.6623E+01    1.5098E+01    5.0254E+00    6.4971E+00    4.0170E-02    7.8400E+00   
 4.3213E+02    2.3431E+01    2.3563E+01    1.9248E+01    1.9491E+01    1.5816E+01    3.0072E+01    2.6623E+01    1.5106E+01    5.0254E+00    6.4971E+00    4.0170E-02    7.8668E+00   
 4.3273E+02    2.3420E+01    2.3583E+01    1.9154E+01    1.9470E+01    1.5825E+01    3.0050E+01    2.6600E+01    1.5112E+01    5.0254E+00    6.4971E+00    4.0170E-02    7.8130E+00   
 4.3324E+02    2.3425E+01    2.3575E+01    1.9204E+01    1.9463E+01    1.5806E+01    3.0017E+01    2.6573E+01    1.5099E+01    5.0254E+00    6.4971E+00    4.0170E-02    7.8936E+00   
 4.3374E+02    2.3411E+01    2.3575E+01    1.9211E+01    1.9433E+01    1.5810E+01    3.0017E+01    2.6547E+01    1.5099E+01    5.0254E+00    6.4971E+00    4.0170E-02    7.8400E+00   
 4.3424E+02    2.3426E+01    2.3576E+01    1.9274E+01    1.9433E+01    1.5803E+01    2.9998E+01    2.6538E+01    1.5071E+01    5.0254E+00    6.4971E+00    4.0170E-02    7.8130E+00   
 4.3482E+02    2.3426E+01    2.3568E+01    1.9335E+01    1.9409E+01    1.5813E+01    2.9968E+01    2.6514E+01    1.5084E+01    5.0254E+00    6.4971E+00    4.0170E-02    7.8400E+00   
 4.3532E+02    2.3423E+01    2.3567E+01    1.9392E+01    1.9424E+01    1.5829E+01    2.9967E+01    2.6529E+01    1.5094E+01    5.0254E+00    6.4971E+00    4.0170E-02    7.8400E+00   
 4.3582E+02    2.3420E+01    2.3574E+01    1.9392E+01    1.9429E+01    1.5819E+01    2.9976E+01    2.6521E+01    1.5121E+01    5.0254E+00    6.4971E+00    4.0170E-02    7.8130E+00   
 4.3632E+02    2.3422E+01    2.3590E+01    1.9437E+01    1.9444E+01    1.5838E+01    2.9948E+01    2.6503E+01    1.5104E+01    5.0254E+00    6.4971E+00    4.0170E-02    7.8400E+00   
 4.3690E+02    2.3424E+01    2.3593E+01    1.9479E+01    1.9438E+01    1.5848E+01    2.9948E+01    2.6489E+01    1.5104E+01    5.0254E+00    6.4971E+00    4.0170E-02    7.8400E+00   
 4.3740E+02    2.3441E+01    2.3577E+01    1.9453E+01    1.9438E+01    1.5845E+01    2.9939E+01    2.6490E+01    1.5118E+01    5.0254E+00    6.4971E+00    4.0170E-02    7.8400E+00   
 4.3790E+02    2.3441E+01    2.3580E+01    1.9438E+01    1.9434E+01    1.5850E+01    2.9920E+01    2.6463E+01    1.5108E+01    5.0254E+00    6.4971E+00    4.0170E-02    7.8400E+00   
 4.3840E+02    2.3409E+01    2.3583E+01    1.9438E+01    1.9453E+01    1.5865E+01    2.9923E+01    2.6478E+01    1.5129E+01    5.0254E+00    6.4971E+00    4.0170E-02    7.8668E+00   
# Time (s)      T1w (C)       T2w (C)       T1a (C)       T2a (C)       T1r (C)       T2r (C)       T3r (C)       T4r (C)       P1 (bar)      P2 (bar)      Ic (amp)      Qc (l/min)    
 4.3900E+02    2.3420E+01    2.3571E+01    1.9423E+01    1.9437E+01    1.5865E+01    2.9881E+01    2.6443E+01    1.5115E+01    5.0254E+00    6.5175E+00    4.0170E-02    7.8400E+00   
 4.3950E+02    2.3425E+01    2.3571E+01    1.9403E+01    1.9449E+01    1.5863E+01    2.9876E+01    2.6432E+01    1.5125E+01    5.0254E+00    6.4971E+00    4.0170E-02    7.8668E+00   
 4.4000E+02    2.3430E+01    2.3573E+01    1.9430E+01    1.9433E+01    1.5901E+01    2.9892E+01    2.6438E+01    1.5141E+01    5.0254E+00    6.4971E+00    4.0170E-02    7.8130E+00   
 4.4050E+02    2.3391E+01    2.3554E+01    1.9418E+01    1.9419E+01    1.5888E+01    2.9863E+01    2.6419E+01    1.5151E+01    5.0254E+00    6.4971E+00    4.0170E-02    7.8400E+00   
 4.4108E+02    2.3391E+01    2.3555E+01    1.9363E+01    1.9462E+01    1.5920E+01    2.9889E+01    2.6421E+01    1.5161E+01    5.0254E+00    6.5175E+00    4.0170E-02    7.8400E+00   
 4.4158E+02    2.3397E+01    2.3561E+01    1.9351E+01    1.9449E+01    1.5920E+01    2.9849E+01    2.6421E+01    1.5166E+01    5.0254E+00    6.4971E+00    4.0170E-02    7.8400E+00   
 4.4208E+02    2.3395E+01    2.3563E+01    1.9367E+01    1.9453E+01    1.5936E+01    2.9845E+01    2.6401E+01    1.5183E+01    5.0254E+00    6.4971E+00    4.0170E-02    7.8130E+00   
 4.4258E+02    2.3406E+01    2.3563E+01    1.9420E+01    1.9456E+01    1.5925E+01    2.9823E+01    2.6384E+01    1.5183E+01    5.0254E+00    6.4971E+00    4.0170E-02    7.8668E+00   
 4.4316E+02    2.3405E+01    2.3575E+01    1.9394E+01    1.9490E+01    1.5948E+01    2.9838E+01    2.6385E+01    1.5199E+01    5.0254E+00    6.4971E+00    4.0170E-02    7.8668E+00   
 4.4366E+02    2.3403E+01    2.3559E+01    1.9291E+01    1.9490E+01    1.5955E+01    2.9834E+01    2.6364E+01    1.5196E+01    5.0254E+00    6.4971E+00    4.0170E-02    7.8668E+00   
 4.4416E+02    2.3419E+01    2.3565E+01    1.9281E+01    1.9484E+01    1.5964E+01    2.9818E+01    2.6354E+01    1.5191E+01    5.0254E+00    6.4971E+00    4.0170E-02    7.8400E+00   
 4.4466E+02    2.3419E+01    2.3563E+01    1.9281E+01    1.9474E+01    1.5964E+01    2.9803E+01    2.6354E+01    1.5202E+01    5.0254E+00    6.4971E+00    4.0170E-02    7.8130E+00   
 4.4524E+02    2.3445E+01    2.3586E+01    1.9260E+01    1.9516E+01    1.5962E+01    2.9788E+01    2.6345E+01    1.5181E+01    5.0254E+00    6.4971E+00    4.0170E-02    7.8130E+00   
 4.4574E+02    2.3443E+01    2.3586E+01    1.9232E+01    1.9506E+01    1.5989E+01    2.9776E+01    2.6335E+01    1.5195E+01    5.0254E+00    6.4971E+00    4.0170E-02    7.8400E+00   
 4.4624E+02    2.3442E+01    2.3586E+01    1.9211E+01    1.9506E+01    1.5992E+01    2.9776E+01    2.6320E+01    1.5195E+01    5.0254E+00    6.4971E+00    4.0170E-02    7.8400E+00   
 4.4674E+02    2.3442E+01    2.3581E+01    1.9209E+01    1.9504E+01    1.5995E+01    2.9759E+01    2.6308E+01    1.5207E+01    5.0254E+00    6.4971E+00    4.0170E-02    7.8400E+00   
 4.4733E+02    2.3451E+01    2.3597E+01    1.9294E+01    1.9505E+01    1.5993E+01    2.9739E+01    2.6292E+01    1.5206E+01    5.0458E+00    6.4971E+00    4.0170E-02    7.8400E+00   
 4.4783E+02    2.3437E+01    2.3601E+01    1.9294E+01    1.9503E+01    1.5993E+01    2.9731E+01    2.6292E+01    1.5197E+01    5.0254E+00    6.4971E+00    4.0170E-02    7.8668E+00   
 4.4833E+02    2.3435E+01    2.3586E+01    1.9360E+01    1.9500E+01    1.6002E+01    2.9707E+01    2.6280E+01    1.5225E+01    5.0254E+00    6.4971E+00    4.0170E-02    7.8936E+00   
 4.4883E+02    2.3434E+01    2.3586E+01    1.9368E+01    1.9529E+01    1.6018E+01    2.9707E+01    2.6253E+01    1.5225E+01    5.0254E+00    6.4971E+00    4.0170E-02    7.8400E+00   
 4.4941E+02    2.3425E+01    2.3584E+01    1.9348E+01    1.9529E+01    1.6034E+01    2.9708E+01    2.6266E+01    1.5226E+01    5.0254E+00    6.4971E+00    4.0170E-02    7.8668E+00   
 4.4991E+02    2.3439E+01    2.3583E+01    1.9377E+01    1.9517E+01    1.6042E+01    2.9730E+01    2.6249E+01    1.5241E+01    5.0254E+00    6.4971E+00    4.0170E-02    7.8130E+00   
 4.5041E+02    2.3439E+01    2.3586E+01    1.9402E+01    1.9524E+01    1.6042E+01    2.9693E+01    2.6249E+01    1.5253E+01    5.0458E+00    6.4971E+00    4.0170E-02    7.8668E+00   
 4.5091E+02    2.3429E+01    2.3567E+01    1.9402E+01    1.9509E+01    1.6040E+01    2.9677E+01    2.6234E+01    1.5236E+01    5.0254E+00    6.4971E+00    4.0170E-02    7.8668E+00   
 4.5150E+02    2.3434E+01    2.3579E+01    1.9359E+01    1.9537E+01    1.6052E+01    2.9658E+01    2.6217E+01    1.5250E+01    5.0254E+00    6.4971E+00    4.0170E-02    7.8936E+00   
 4.5200E+02    2.3422E+01    2.3579E+01    1.9282E+01    1.9515E+01    1.6049E+01    2.9659E+01    2.6213E+01    1.5257E+01    5.0458E+00    6.4971E+00    3.5079E-02    7.8400E+00   
 4.5250E+02    2.3432E+01    2.3581E+01    1.9215E+01    1.9515E+01    1.6066E+01    2.9659E+01    2.6203E+01    1.5257E+01    5.0254E+00    6.4971E+00    4.0170E-02    7.8668E+00   
 4.5300E+02    2.3432E+01    2.3575E+01    1.9220E+01    1.9493E+01    1.6077E+01    2.9641E+01    2.6177E+01    1.5263E+01    5.0458E+00    6.4971E+00    4.0170E-02    7.8400E+00   
 4.5361E+02    2.3431E+01    2.3566E+01    1.9230E+01    1.9496E+01    1.6047E+01    2.9604E+01    2.6162E+01    1.5248E+01    5.0458E+00    6.4971E+00    4.0170E-02    7.8668E+00   
 4.5411E+02    2.3435E+01    2.3568E+01    1.9230E+01    1.9511E+01    1.6063E+01    2.9605E+01    2.6177E+01    1.5256E+01    5.0458E+00    6.4971E+00    4.0170E-02    7.8400E+00   
# Time (s)      T1w (C)       T2w (C)       T1a (C)       T2a (C)       T1r (C)       T2r (C)       T3r (C)       T4r (C)       P1 (bar)      P2 (bar)      Ic (amp)      Qc (l/min)    
 4.5461E+02    2.3423E+01    2.3568E+01    1.9237E+01    1.9522E+01    1.6077E+01    2.9586E+01    2.6151E+01    1.5272E+01    5.0458E+00    6.4971E+00    4.0170E-02    7.8130E+00   
 4.5511E+02    2.3426E+01    2.3566E+01    1.9320E+01    1.9547E+01    1.6109E+01    2.9601E+01    2.6141E+01    1.5288E+01    5.0458E+00    6.4971E+00    4.0170E-02    7.7860E+00   
 4.5569E+02    2.3414E+01    2.3579E+01    1.9385E+01    1.9547E+01    1.6105E+01    2.9588E+01    2.6144E+01    1.5274E+01    5.0458E+00    6.4971E+00    4.0170E-02    7.7860E+00   
 4.5619E+02    2.3414E+01    2.3556E+01    1.9424E+01    1.9565E+01    1.6133E+01    2.9593E+01    2.6141E+01    1.5312E+01    5.0458E+00    6.4971E+00    4.0170E-02    7.8400E+00   
 4.5669E+02    2.3433E+01    2.3544E+01    1.9466E+01    1.9563E+01    1.6133E+01    2.9576E+01    2.6141E+01    1.5301E+01    5.0254E+00    6.4971E+00    4.0170E-02    7.8400E+00   
 4.5719E+02    2.3424E+01    2.3555E+01    1.9466E+01    1.9529E+01    1.6155E+01    2.9588E+01    2.6140E+01    1.5326E+01    5.0254E+00    6.4971E+00    4.0170E-02    7.8400E+00   
 4.5777E+02    2.3421E+01    2.3568E+01    1.9453E+01    1.9539E+01    1.6161E+01    2.9575E+01    2.6135E+01    1.5324E+01    5.0254E+00    6.4971E+00    4.0170E-02    7.8400E+00   
 4.5827E+02    2.3432E+01    2.3568E+01    1.9393E+01    1.9513E+01    1.6153E+01    2.9550E+01    2.6102E+01    1.5322E+01    5.0458E+00    6.4971E+00    4.0170E-02    7.8668E+00   
 4.5877E+02    2.3418E+01    2.3550E+01    1.9362E+01    1.9513E+01    1.6177E+01    2.9550E+01    2.6118E+01    1.5322E+01    5.0458E+00    6.4971E+00    4.0170E-02    7.8130E+00   
 4.5927E+02    2.3418E+01    2.3562E+01    1.9328E+01    1.9519E+01    1.6180E+01    2.9565E+01    2.6100E+01    1.5327E+01    5.0458E+00    6.4971E+00    4.0170E-02    7.8668E+00   
 4.5987E+02    2.3420E+01    2.3571E+01    1.9315E+01    1.9527E+01    1.6177E+01    2.9525E+01    2.6072E+01    1.5331E+01    5.0458E+00    6.4971E+00    4.0170E-02    7.8130E+00   
 4.6037E+02    2.3418E+01    2.3553E+01    1.9315E+01    1.9548E+01    1.6177E+01    2.9523E+01    2.6072E+01    1.5341E+01    5.0458E+00    6.4971E+00    4.0170E-02    7.8130E+00   
 4.6088E+02    2.3429E+01    2.3553E+01    1.9335E+01    1.9543E+01    1.6175E+01    2.9494E+01    2.6059E+01    1.5346E+01    5.0458E+00    6.4971E+00    4.0170E-02    7.8130E+00   
 4.6138E+02    2.3418E+01    2.3545E+01    1.9371E+01    1.9531E+01    1.6196E+01    2.9494E+01    2.6039E+01    1.5346E+01    5.0458E+00    6.4971E+00    4.0170E-02    7.8668E+00   
 4.6195E+02    2.3410E+01    2.3556E+01    1.9478E+01    1.9531E+01    1.6202E+01    2.9486E+01    2.6040E+01    1.5344E+01    5.0458E+00    6.4971E+00    4.0170E-02    7.8400E+00   
 4.6246E+02    2.3410E+01    2.3556E+01    1.9520E+01    1.9525E+01    1.6212E+01    2.9497E+01    2.6044E+01    1.5367E+01    5.0458E+00    6.4971E+00    4.0170E-02    7.8400E+00   
 4.6296E+02    2.3419E+01    2.3553E+01    1.9152E+01    1.9536E+01    1.6212E+01    2.9472E+01    2.6044E+01    1.5371E+01    5.0458E+00    6.4971E+00    4.0170E-02    7.8130E+00   
 4.6346E+02    2.3411E+01    2.3544E+01    1.9152E+01    1.9566E+01    1.6268E+01    2.9473E+01    2.6035E+01    1.5397E+01    5.0458E+00    6.4971E+00    4.0170E-02    7.8668E+00   
 4.6403E+02    2.3406E+01    2.3544E+01    1.9257E+01    1.9566E+01    1.6259E+01    2.9466E+01    2.6034E+01    1.5383E+01    5.0458E+00    6.4971E+00    4.0170E-02    7.8400E+00   
 4.6454E+02    2.3417E+01    2.3570E+01    1.9394E+01    1.9578E+01    1.6289E+01    2.9482E+01    2.6026E+01    1.5399E+01    5.0458E+00    6.4971E+00    4.0170E-02    7.8668E+00   
 4.6504E+02    2.3407E+01    2.3536E+01    1.9455E+01    1.9578E+01    1.6296E+01    2.9478E+01    2.6013E+01    1.5401E+01    5.0458E+00    6.4971E+00    4.0170E-02    7.8400E+00   
 4.6554E+02    2.3391E+01    2.3520E+01    1.9467E+01    1.9553E+01    1.6290E+01    2.9480E+01    2.6012E+01    1.5434E+01    5.0458E+00    6.4971E+00    4.0170E-02    7.8400E+00   
 4.6612E+02    2.3399E+01    2.3546E+01    1.9476E+01    1.9580E+01    1.6290E+01    2.9462E+01    2.6012E+01    1.5420E+01    5.0458E+00    6.4971E+00    4.0170E-02    7.8668E+00   
 4.6662E+02    2.3388E+01    2.3524E+01    1.9476E+01    1.9583E+01    1.6298E+01    2.9420E+01    2.5987E+01    1.5424E+01    5.0458E+00    6.4971E+00    4.0170E-02    7.8130E+00   
 4.6712E+02    2.3386E+01    2.3524E+01    1.9483E+01    1.9601E+01    1.6282E+01    2.9417E+01    2.5982E+01    1.5411E+01    5.0458E+00    6.4971E+00    4.0170E-02    7.8400E+00   
 4.6762E+02    2.3404E+01    2.3529E+01    1.9425E+01    1.9601E+01    1.6288E+01    2.9417E+01    2.5960E+01    1.5411E+01    5.0458E+00    6.4971E+00    4.0170E-02    7.8400E+00   
 4.6821E+02    2.3394E+01    2.3538E+01    1.9397E+01    1.9609E+01    1.6300E+01    2.9404E+01    2.5940E+01    1.5402E+01    5.0458E+00    6.4971E+00    4.0170E-02    7.8668E+00   
 4.6871E+02    2.3394E+01    2.3535E+01    1.9392E+01    1.9635E+01    1.6306E+01    2.9392E+01    2.5944E+01    1.5420E+01    5.0458E+00    6.4971E+00    4.0170E-02    7.8400E+00   
 4.6921E+02    2.3389E+01    2.3530E+01    1.9392E+01    1.9640E+01    1.6306E+01    2.9368E+01    2.5944E+01    1.5428E+01    5.0458E+00    6.4971E+00    4.0170E-02    7.8668E+00   
 4.6971E+02    2.3409E+01    2.3543E+01    1.9436E+01    1.9669E+01    1.6326E+01    2.9359E+01    2.5910E+01    1.5419E+01    5.0458E+00    6.4971E+00    4.0170E-02    7.8400E+00   
# Time (s)      T1w (C)       T2w (C)       T1a (C)       T2a (C)       T1r (C)       T2r (C)       T3r (C)       T4r (C)       P1 (bar)      P2 (bar)      Ic (amp)      Qc (l/min)    
 4.7032E+02    2.3402E+01    2.3539E+01    1.9469E+01    1.9657E+01    1.6342E+01    2.9382E+01    2.5916E+01    1.5441E+01    5.0458E+00    6.4971E+00    4.0170E-02    7.8668E+00   
 4.7082E+02    2.3404E+01    2.3539E+01    1.9516E+01    1.9670E+01    1.6353E+01    2.9382E+01    2.5925E+01    1.5441E+01    5.0458E+00    6.4971E+00    4.0170E-02    7.8130E+00   
 4.7132E+02    2.3398E+01    2.3545E+01    1.9547E+01    1.9670E+01    1.6352E+01    2.9362E+01    2.5889E+01    1.5433E+01    5.0458E+00    6.4971E+00    4.0170E-02    7.8668E+00   
 4.7183E+02    2.3398E+01    2.3542E+01    1.9598E+01    1.9671E+01    1.6358E+01    2.9336E+01    2.5868E+01    1.5457E+01    5.0458E+00    6.4971E+00    4.0170E-02    7.8130E+00   
 4.7243E+02    2.3376E+01    2.3527E+01    1.9616E+01    1.9645E+01    1.6363E+01    2.9313E+01    2.5861E+01    1.5450E+01    5.0458E+00    6.4971E+00    4.0170E-02    7.8400E+00   
 4.7293E+02    2.3392E+01    2.3530E+01    1.9616E+01    1.9628E+01    1.6363E+01    2.9317E+01    2.5861E+01    1.5468E+01    5.0458E+00    6.4971E+00    4.0170E-02    7.8400E+00   
 4.7343E+02    2.3383E+01    2.3530E+01    1.9647E+01    1.9622E+01    1.6368E+01    2.9301E+01    2.5855E+01    1.5460E+01    5.0458E+00    6.4971E+00    4.0170E-02    7.8130E+00   
 4.7393E+02    2.3389E+01    2.3518E+01    1.9636E+01    1.9616E+01    1.6371E+01    2.9301E+01    2.5829E+01    1.5460E+01    5.0458E+00    6.4971E+00    4.0170E-02    7.8400E+00   
 4.7451E+02    2.3369E+01    2.3499E+01    1.9643E+01    1.9601E+01    1.6383E+01    2.9281E+01    2.5820E+01    1.5465E+01    5.0458E+00    6.4971E+00    4.0170E-02    7.8400E+00   
 4.7501E+02    2.3369E+01    2.3500E+01    1.9630E+01    1.9584E+01    1.6393E+01    2.9274E+01    2.5811E+01    1.5452E+01    5.0458E+00    6.4971E+00    4.0170E-02    7.8668E+00   
 4.7551E+02    2.3375E+01    2.3486E+01    1.9590E+01    1.9579E+01    1.6393E+01    2.9269E+01    2.5811E+01    1.5468E+01    5.0458E+00    6.5175E+00    4.0170E-02    7.8400E+00   
 4.7601E+02    2.3358E+01    2.3502E+01    1.9590E+01    1.9591E+01    1.6400E+01    2.9253E+01    2.5800E+01    1.5485E+01    5.0458E+00    6.4971E+00    4.0170E-02    7.8668E+00   
 4.7663E+02    2.3384E+01    2.3519E+01    1.9558E+01    1.9592E+01    1.6395E+01    2.9226E+01    2.5795E+01    1.5475E+01    5.0458E+00    6.5175E+00    4.0170E-02    7.8668E+00   
 4.7713E+02    2.3380E+01    2.3519E+01    1.9551E+01    1.9612E+01    1.6404E+01    2.9223E+01    2.5770E+01    1.5472E+01    5.0458E+00    6.4971E+00    4.0170E-02    7.8400E+00   
 4.7763E+02    2.3382E+01    2.3520E+01    1.9555E+01    1.9612E+01    1.6403E+01    2.9207E+01    2.5743E+01    1.5456E+01    5.0458E+00    6.4971E+00    4.0170E-02    7.8130E+00   
 4.7813E+02    2.3382E+01    2.3497E+01    1.9576E+01    1.9581E+01    1.6409E+01    2.9183E+01    2.5730E+01    1.5469E+01    5.0458E+00    6.4971E+00    4.0170E-02    7.8130E+00   
 4.7874E+02    2.3368E+01    2.3506E+01    1.9595E+01    1.9590E+01    1.6402E+01    2.9173E+01    2.5711E+01    1.5480E+01    5.0458E+00    6.4971E+00    4.0170E-02    7.8130E+00   
 4.7924E+02    2.3372E+01    2.3508E+01    1.9595E+01    1.9578E+01    1.6402E+01    2.9156E+01    2.5711E+01    1.5473E+01    5.0662E+00    6.4971E+00    4.0170E-02    7.8400E+00   
 4.7974E+02    2.3368E+01    2.3500E+01    1.9581E+01    1.9563E+01    1.6403E+01    2.9154E+01    2.5702E+01    1.5482E+01    5.0458E+00    6.4971E+00    4.0170E-02    7.8400E+00   
 4.8024E+02    2.3353E+01    2.3500E+01    1.9583E+01    1.9549E+01    1.6417E+01    2.9154E+01    2.5705E+01    1.5482E+01    5.0458E+00    6.4971E+00    4.0170E-02    7.8130E+00   
 4.8085E+02    2.3320E+01    2.3482E+01    1.9533E+01    1.9526E+01    1.6417E+01    2.9132E+01    2.5676E+01    1.5474E+01    5.0458E+00    6.4971E+00    4.0170E-02    7.8668E+00   
 4.8135E+02    2.3335E+01    2.3484E+01    1.9566E+01    1.9526E+01    1.6427E+01    2.9118E+01    2.5665E+01    1.5498E+01    5.0458E+00    6.4971E+00    4.0170E-02    7.8130E+00   
 4.8185E+02    2.3335E+01    2.3471E+01    1.9605E+01    1.9527E+01    1.6427E+01    2.9100E+01    2.5665E+01    1.5477E+01    5.0458E+00    6.4971E+00    4.0170E-02    7.8400E+00   
 4.8235E+02    2.3340E+01    2.3487E+01    1.9621E+01    1.9527E+01    1.6427E+01    2.9094E+01    2.5641E+01    1.5478E+01    5.0458E+00    6.4971E+00    4.0170E-02    7.8130E+00   
 4.8294E+02    2.3341E+01    2.3484E+01    1.9648E+01    1.9536E+01    1.6425E+01    2.9075E+01    2.5638E+01    1.5472E+01    5.0458E+00    6.4971E+00    4.0170E-02    7.8130E+00   
 4.8344E+02    2.3364E+01    2.3499E+01    1.9687E+01    1.9555E+01    1.6426E+01    2.9053E+01    2.5603E+01    1.5473E+01    5.0458E+00    6.4971E+00    4.0170E-02    7.8668E+00   
 4.8394E+02    2.3370E+01    2.3498E+01    1.9668E+01    1.9555E+01    1.6433E+01    2.9053E+01    2.5602E+01    1.5473E+01    5.0458E+00    6.4971E+00    4.0170E-02    7.8400E+00   
 4.8444E+02    2.3370E+01    2.3499E+01    1.9614E+01    1.9582E+01    1.6437E+01    2.9043E+01    2.5582E+01    1.5481E+01    5.0458E+00    6.4971E+00    4.0170E-02    7.8400E+00   
 4.8503E+02    2.3384E+01    2.3499E+01    1.9594E+01    1.9598E+01    1.6449E+01    2.9015E+01    2.5567E+01    1.5487E+01    5.0458E+00    6.5175E+00    4.0170E-02    7.8400E+00   
 4.8553E+02    2.3371E+01    2.3488E+01    1.9594E+01    1.9636E+01    1.6465E+01    2.9026E+01    2.5583E+01    1.5495E+01    5.0458E+00    6.4971E+00    4.0170E-02    7.8400E+00   
# Time (s)      T1w (C)       T2w (C)       T1a (C)       T2a (C)       T1r (C)       T2r (C)       T3r (C)       T4r (C)       P1 (bar)      P2 (bar)      Ic (amp)      Qc (l/min)    
 4.8603E+02    2.3356E+01    2.3482E+01    1.9603E+01    1.9682E+01    1.6470E+01    2.9004E+01    2.5575E+01    1.5480E+01    5.0458E+00    6.4971E+00    4.0170E-02    7.8668E+00   
 4.8653E+02    2.3359E+01    2.3482E+01    1.9638E+01    1.9719E+01    1.6482E+01    2.9004E+01    2.5567E+01    1.5480E+01    5.0458E+00    6.4971E+00    4.0170E-02    7.8400E+00   
 4.8713E+02    2.3349E+01    2.3498E+01    1.9656E+01    1.9729E+01    1.6478E+01    2.9001E+01    2.5549E+01    1.5502E+01    5.0458E+00    6.4971E+00    4.0170E-02    7.8130E+00   
 4.8763E+02    2.3359E+01    2.3499E+01    1.9677E+01    1.9729E+01    1.6481E+01    2.8991E+01    2.5534E+01    1.5509E+01    5.0458E+00    6.4971E+00    4.0170E-02    7.8400E+00   
 4.8813E+02    2.3359E+01    2.3492E+01    1.9656E+01    1.9741E+01    1.6481E+01    2.8972E+01    2.5534E+01    1.5507E+01    5.0662E+00    6.4971E+00    4.0170E-02    7.8400E+00   
 4.8863E+02    2.3366E+01    2.3526E+01    1.9672E+01    1.9755E+01    1.6469E+01    2.8938E+01    2.5520E+01    1.5487E+01    5.0662E+00    6.4971E+00    4.0170E-02    7.8130E+00   
 4.8920E+02    2.3376E+01    2.3519E+01    1.9695E+01    1.9728E+01    1.6466E+01    2.8957E+01    2.5478E+01    1.5497E+01    5.0458E+00    6.4971E+00    4.0170E-02    7.8130E+00   
 4.8970E+02    2.3368E+01    2.3519E+01    1.9685E+01    1.9687E+01    1.6446E+01    2.8910E+01    2.5474E+01    1.5487E+01    5.0458E+00    6.4971E+00    4.0170E-02    7.8668E+00   
 4.9020E+02    2.3368E+01    2.3508E+01    1.9676E+01    1.9687E+01    1.6458E+01    2.8910E+01    2.5438E+01    1.5487E+01    5.0662E+00    6.4971E+00    4.0170E-02    7.8400E+00   
 4.9070E+02    2.3368E+01    2.3507E+01    1.9635E+01    1.9692E+01    1.6445E+01    2.8870E+01    2.5423E+01    1.5467E+01    5.0458E+00    6.4971E+00    4.0170E-02    7.8130E+00   
 4.9130E+02    2.3358E+01    2.3523E+01    1.9617E+01    1.9712E+01    1.6452E+01    2.8860E+01    2.5412E+01    1.5457E+01    5.0458E+00    6.4971E+00    4.0170E-02    7.8130E+00   
 4.9180E+02    2.3365E+01    2.3517E+01    1.9617E+01    1.9724E+01    1.6452E+01    2.8858E+01    2.5412E+01    1.5476E+01    5.0662E+00    6.4971E+00    4.0170E-02    7.8400E+00   
 4.9230E+02    2.3361E+01    2.3517E+01    1.9646E+01    1.9752E+01    1.6453E+01    2.8847E+01    2.5401E+01    1.5461E+01    5.0458E+00    6.4971E+00    4.0170E-02    7.8400E+00   
 4.9280E+02    2.3353E+01    2.3504E+01    1.9605E+01    1.9734E+01    1.6463E+01    2.8847E+01    2.5385E+01    1.5461E+01    5.0662E+00    6.4971E+00    4.0170E-02    7.8668E+00   
 4.9339E+02    2.3355E+01    2.3500E+01    1.9571E+01    1.9734E+01    1.6470E+01    2.8824E+01    2.5401E+01    1.5492E+01    5.0458E+00    6.4971E+00    4.0170E-02    7.8400E+00   
 4.9389E+02    2.3355E+01    2.3488E+01    1.9531E+01    1.9707E+01    1.6485E+01    2.8827E+01    2.5378E+01    1.5505E+01    5.0458E+00    6.4971E+00    4.0170E-02    7.8130E+00   
 4.9439E+02    2.3350E+01    2.3499E+01    1.9494E+01    1.9719E+01    1.6485E+01    2.8812E+01    2.5378E+01    1.5507E+01    5.0662E+00    6.4971E+00    4.0170E-02    7.8400E+00   
 4.9489E+02    2.3353E+01    2.3498E+01    1.9494E+01    1.9727E+01    1.6501E+01    2.8795E+01    2.5359E+01    1.5508E+01    5.0458E+00    6.4971E+00    4.0170E-02    7.8400E+00   
 4.9551E+02    2.3340E+01    2.3501E+01    1.9472E+01    1.9717E+01    1.6493E+01    2.8799E+01    2.5356E+01    1.5508E+01    5.0662E+00    6.4971E+00    4.0170E-02    7.7860E+00   
 4.9601E+02    2.3348E+01    2.3501E+01    1.9468E+01    1.9701E+01    1.6514E+01    2.8777E+01    2.5330E+01    1.5523E+01    5.0662E+00    6.4971E+00    4.0170E-02    7.8400E+00   
 4.9651E+02    2.3354E+01    2.3492E+01    1.9431E+01    1.9701E+01    1.6534E+01    2.8793E+01    2.5359E+01    1.5538E+01    5.0662E+00    6.4971E+00    4.0170E-02    7.8400E+00   
 4.9701E+02    2.3354E+01    2.3500E+01    1.9382E+01    1.9677E+01    1.6526E+01    2.8781E+01    2.5337E+01    1.5538E+01    5.0662E+00    6.4971E+00    4.0170E-02    7.8668E+00   
 4.9758E+02    2.3352E+01    2.3515E+01    1.9279E+01    1.9697E+01    1.6537E+01    2.8766E+01    2.5319E+01    1.5523E+01    5.0662E+00    6.4971E+00    4.0170E-02    7.8400E+00   
 4.9808E+02    2.3363E+01    2.3515E+01    1.9279E+01    1.9712E+01    1.6537E+01    2.8763E+01    2.5319E+01    1.5538E+01    5.0662E+00    6.4971E+00    4.0170E-02    7.8400E+00   
 4.9859E+02    2.3372E+01    2.3519E+01    1.9215E+01    1.9763E+01    1.6547E+01    2.8749E+01    2.5321E+01    1.5559E+01    5.0662E+00    6.4971E+00    4.0170E-02    7.8400E+00   
 4.9909E+02    2.3366E+01    2.3519E+01    1.9213E+01    1.9807E+01    1.6573E+01    2.8749E+01    2.5308E+01    1.5559E+01    5.0662E+00    6.4971E+00    4.0170E-02    7.8400E+00   
 4.9968E+02    2.3364E+01    2.3503E+01    1.9199E+01    1.9827E+01    1.6581E+01    2.8760E+01    2.5316E+01    1.5572E+01    5.0662E+00    6.4971E+00    4.0170E-02    7.8668E+00   
 5.0018E+02    2.3360E+01    2.3501E+01    1.9244E+01    1.9827E+01    1.6607E+01    2.8743E+01    2.5308E+01    1.5583E+01    5.0662E+00    6.4971E+00    4.0170E-02    7.8400E+00   
 5.0068E+02    2.3360E+01    2.3499E+01    1.9279E+01    1.9834E+01    1.6607E+01    2.8739E+01    2.5308E+01    1.5583E+01    5.0662E+00    6.4971E+00    4.0170E-02    7.8400E+00   
 5.0118E+02    2.3366E+01    2.3485E+01    1.9279E+01    1.9828E+01    1.6607E+01    2.8718E+01    2.5288E+01    1.5588E+01    5.0662E+00    6.4971E+00    4.0170E-02    7.8130E+00   
# Time (s)      T1w (C)       T2w (C)       T1a (C)       T2a (C)       T1r (C)       T2r (C)       T3r (C)       T4r (C)       P1 (bar)      P2 (bar)      Ic (amp)      Qc (l/min)    
 5.0177E+02    2.3342E+01    2.3482E+01    1.9298E+01    1.9798E+01    1.6592E+01    2.8708E+01    2.5271E+01    1.5576E+01    5.0662E+00    6.4971E+00    4.0170E-02    7.8130E+00   
 5.0227E+02    2.3348E+01    2.3482E+01    1.9337E+01    1.9780E+01    1.6600E+01    2.8710E+01    2.5258E+01    1.5576E+01    5.0662E+00    6.4971E+00    4.0170E-02    7.8130E+00   
 5.0277E+02    2.3355E+01    2.3498E+01    1.9390E+01    1.9796E+01    1.6610E+01    2.8710E+01    2.5261E+01    1.5576E+01    5.0662E+00    6.4971E+00    4.0170E-02    7.8130E+00   
 5.0327E+02    2.3355E+01    2.3486E+01    1.9408E+01    1.9807E+01    1.6629E+01    2.8681E+01    2.5238E+01    1.5597E+01    5.0662E+00    6.4971E+00    4.0170E-02    7.8400E+00   
 5.0386E+02    2.3353E+01    2.3506E+01    1.9393E+01    1.9790E+01    1.6615E+01    2.8681E+01    2.5238E+01    1.5598E+01    5.0662E+00    6.4971E+00    4.0170E-02    7.8668E+00   
 5.0436E+02    2.3366E+01    2.3503E+01    1.9393E+01    1.9792E+01    1.6615E+01    2.8654E+01    2.5238E+01    1.5605E+01    5.0662E+00    6.4971E+00    4.0170E-02    7.8936E+00   
 5.0486E+02    2.3358E+01    2.3503E+01    1.9381E+01    1.9765E+01    1.6629E+01    2.8653E+01    2.5217E+01    1.5602E+01    5.0662E+00    6.4971E+00    4.0170E-02    7.8668E+00   
 5.0537E+02    2.3368E+01    2.3514E+01    1.9412E+01    1.9776E+01    1.6631E+01    2.8653E+01    2.5205E+01    1.5602E+01    5.0662E+00    6.4971E+00    4.0170E-02    7.8668E+00   
 5.0597E+02    2.3364E+01    2.3527E+01    1.9441E+01    1.9792E+01    1.6644E+01    2.8642E+01    2.5190E+01    1.5618E+01    5.0662E+00    6.4971E+00    4.0170E-02    7.8936E+00   
 5.0647E+02    2.3371E+01    2.3513E+01    1.9494E+01    1.9797E+01    1.6644E+01    2.8627E+01    2.5200E+01    1.5608E+01    5.0662E+00    6.4971E+00    4.0170E-02    7.8668E+00   
 5.0697E+02    2.3371E+01    2.3522E+01    1.9532E+01    1.9804E+01    1.6644E+01    2.8598E+01    2.5200E+01    1.5611E+01    5.0662E+00    6.4971E+00    4.0170E-02    7.8400E+00   
 5.0747E+02    2.3376E+01    2.3517E+01    1.9532E+01    1.9790E+01    1.6653E+01    2.8612E+01    2.5174E+01    1.5629E+01    5.0662E+00    6.4971E+00    4.0170E-02    7.8668E+00   
 5.0806E+02    2.3380E+01    2.3536E+01    1.9527E+01    1.9765E+01    1.6656E+01    2.8583E+01    2.5163E+01    1.5634E+01    5.0662E+00    6.4971E+00    4.0170E-02    7.8668E+00   
 5.0857E+02    2.3398E+01    2.3552E+01    1.9369E+01    1.9769E+01    1.6678E+01    2.8596E+01    2.5174E+01    1.5647E+01    5.0662E+00    6.4971E+00    4.0170E-02    7.8400E+00   
 5.0907E+02    2.3407E+01    2.3547E+01    1.9176E+01    1.9769E+01    1.6673E+01    2.8596E+01    2.5156E+01    1.5647E+01    5.0662E+00    6.4971E+00    4.0170E-02    7.8400E+00   
 5.0957E+02    2.3407E+01    2.3548E+01    1.9023E+01    1.9787E+01    1.6699E+01    2.8592E+01    2.5167E+01    1.5670E+01    5.0662E+00    6.4971E+00    4.0170E-02    7.8668E+00   
 5.1014E+02    2.3390E+01    2.3556E+01    1.8998E+01    1.9787E+01    1.6699E+01    2.8575E+01    2.5149E+01    1.5668E+01    5.0662E+00    6.4971E+00    4.0170E-02    7.8400E+00   
 5.1064E+02    2.3390E+01    2.3530E+01    1.8998E+01    1.9782E+01    1.6735E+01    2.8584E+01    2.5165E+01    1.5678E+01    5.0662E+00    6.4971E+00    4.0170E-02    7.8668E+00   
 5.1114E+02    2.3409E+01    2.3530E+01    1.9067E+01    1.9811E+01    1.6721E+01    2.8581E+01    2.5150E+01    1.5678E+01    5.0662E+00    6.4971E+00    4.0170E-02    7.8668E+00   
 5.1164E+02    2.3391E+01    2.3558E+01    1.9148E+01    1.9797E+01    1.6737E+01    2.8581E+01    2.5134E+01    1.5678E+01    5.0662E+00    6.4971E+00    4.0170E-02    7.8668E+00   
 5.1225E+02    2.3417E+01    2.3542E+01    1.9188E+01    1.9802E+01    1.6739E+01    2.8565E+01    2.5132E+01    1.5687E+01    5.0662E+00    6.4971E+00    4.0170E-02    7.8400E+00   
 5.1275E+02    2.3386E+01    2.3536E+01    1.9143E+01    1.9786E+01    1.6730E+01    2.8535E+01    2.5098E+01    1.5686E+01    5.0662E+00    6.4971E+00    4.0170E-02    7.8400E+00   
 5.1325E+02    2.3386E+01    2.3531E+01    1.9123E+01    1.9766E+01    1.6730E+01    2.8532E+01    2.5098E+01    1.5686E+01    5.0662E+00    6.4971E+00    4.0170E-02    7.8400E+00   
 5.1375E+02    2.3374E+01    2.3526E+01    1.9123E+01    1.9768E+01    1.6740E+01    2.8504E+01    2.5095E+01    1.5670E+01    5.0662E+00    6.4971E+00    4.0170E-02    7.8400E+00   
 5.1432E+02    2.3390E+01    2.3527E+01    1.9163E+01    1.9767E+01    1.6749E+01    2.8500E+01    2.5080E+01    1.5688E+01    5.0662E+00    6.4971E+00    4.0170E-02    7.8936E+00   
 5.1482E+02    2.3377E+01    2.3527E+01    1.9232E+01    1.9770E+01    1.6737E+01    2.8500E+01    2.5082E+01    1.5688E+01    5.0662E+00    6.4971E+00    4.0170E-02    7.8130E+00   
 5.1532E+02    2.3379E+01    2.3527E+01    1.9312E+01    1.9770E+01    1.6741E+01    2.8494E+01    2.5044E+01    1.5690E+01    5.0662E+00    6.4971E+00    4.0170E-02    7.8668E+00   
 5.1582E+02    2.3379E+01    2.3535E+01    1.9357E+01    1.9770E+01    1.6760E+01    2.8476E+01    2.5048E+01    1.5695E+01    5.0662E+00    6.4971E+00    4.0170E-02    7.8668E+00   
 5.1643E+02    2.3364E+01    2.3524E+01    1.9392E+01    1.9753E+01    1.6767E+01    2.8477E+01    2.5047E+01    1.5701E+01    5.0662E+00    6.4971E+00    4.0170E-02    7.8400E+00   
 5.1693E+02    2.3363E+01    2.3540E+01    1.9407E+01    1.9795E+01    1.6783E+01    2.8482E+01    2.5062E+01    1.5718E+01    5.0662E+00    6.4971E+00    4.0170E-02    7.8668E+00   
# Time (s)      T1w (C)       T2w (C)       T1a (C)       T2a (C)       T1r (C)       T2r (C)       T3r (C)       T4r (C)       P1 (bar)      P2 (bar)      Ic (amp)      Qc (l/min)    
 5.1743E+02    2.3390E+01    2.3540E+01    1.9410E+01    1.9774E+01    1.6805E+01    2.8466E+01    2.5032E+01    1.5741E+01    5.0662E+00    6.4971E+00    4.0170E-02    7.8668E+00   
 5.1793E+02    2.3380E+01    2.3540E+01    1.9405E+01    1.9754E+01    1.6777E+01    2.8466E+01    2.5047E+01    1.5741E+01    5.0662E+00    6.4971E+00    4.0170E-02    7.8668E+00   
 5.1851E+02    2.3385E+01    2.3533E+01    1.9375E+01    1.9754E+01    1.6806E+01    2.8457E+01    2.5019E+01    1.5738E+01    5.0662E+00    6.4971E+00    4.0170E-02    7.8400E+00   
 5.1901E+02    2.3385E+01    2.3551E+01    1.9340E+01    1.9753E+01    1.6824E+01    2.8415E+01    2.5016E+01    1.5734E+01    5.0662E+00    6.4971E+00    4.0170E-02    7.8668E+00   
 5.1951E+02    2.3366E+01    2.3511E+01    1.9392E+01    1.9750E+01    1.6824E+01    2.8426E+01    2.5016E+01    1.5731E+01    5.0662E+00    6.4971E+00    4.0170E-02    7.8400E+00   
 5.2001E+02    2.3385E+01    2.3527E+01    1.9392E+01    1.9765E+01    1.6824E+01    2.8447E+01    2.5006E+01    1.5751E+01    5.0662E+00    6.4971E+00    4.0170E-02    7.8400E+00   
 5.2060E+02    2.3384E+01    2.3536E+01    1.9429E+01    1.9767E+01    1.6844E+01    2.8422E+01    2.4993E+01    1.5765E+01    5.0662E+00    6.4971E+00    4.0170E-02    7.8400E+00   
 5.2110E+02    2.3380E+01    2.3536E+01    1.9449E+01    1.9770E+01    1.6840E+01    2.8438E+01    2.5002E+01    1.5765E+01    5.0662E+00    6.4971E+00    4.0170E-02    7.8400E+00   
 5.2160E+02    2.3369E+01    2.3523E+01    1.9395E+01    1.9770E+01    1.6859E+01    2.8419E+01    2.4995E+01    1.5797E+01    5.0662E+00    6.4971E+00    4.0170E-02    7.8400E+00   
 5.2210E+02    2.3369E+01    2.3520E+01    1.9414E+01    1.9791E+01    1.6877E+01    2.8427E+01    2.4995E+01    1.5786E+01    5.0662E+00    6.4971E+00    4.0170E-02    7.8400E+00   
 5.2267E+02    2.3374E+01    2.3512E+01    1.9480E+01    1.9789E+01    1.6893E+01    2.8437E+01    2.5010E+01    1.5810E+01    5.0662E+00    6.4971E+00    4.0170E-02    7.8668E+00   
 5.2318E+02    2.3370E+01    2.3513E+01    1.9480E+01    1.9789E+01    1.6896E+01    2.8424E+01    2.5016E+01    1.5808E+01    5.0662E+00    6.4971E+00    4.0170E-02    7.8668E+00   
 5.2368E+02    2.3362E+01    2.3513E+01    1.9553E+01    1.9781E+01    1.6900E+01    2.8419E+01    2.4994E+01    1.5804E+01    5.0662E+00    6.4971E+00    4.0170E-02    7.8400E+00   
 5.2418E+02    2.3369E+01    2.3513E+01    1.9578E+01    1.9781E+01    1.6902E+01    2.8419E+01    2.4981E+01    1.5804E+01    5.0662E+00    6.4971E+00    4.0170E-02    7.8400E+00   
 5.2477E+02    2.3380E+01    2.3521E+01    1.9603E+01    1.9770E+01    1.6916E+01    2.8395E+01    2.4971E+01    1.5820E+01    5.0662E+00    6.4971E+00    4.0170E-02    7.8400E+00   
 5.2527E+02    2.3380E+01    2.3504E+01    1.9677E+01    1.9772E+01    1.6912E+01    2.8380E+01    2.4956E+01    1.5809E+01    5.0662E+00    6.4971E+00    4.0170E-02    7.8400E+00   
 5.2577E+02    2.3382E+01    2.3506E+01    1.9686E+01    1.9778E+01    1.6912E+01    2.8356E+01    2.4956E+01    1.5827E+01    5.0662E+00    6.4971E+00    4.0170E-02    7.8936E+00   
 5.2627E+02    2.3377E+01    2.3517E+01    1.9686E+01    1.9787E+01    1.6919E+01    2.8354E+01    2.4952E+01    1.5819E+01    5.0662E+00    6.4971E+00    4.0170E-02    7.8668E+00   
 5.2684E+02    2.3354E+01    2.3517E+01    1.9738E+01    1.9789E+01    1.6917E+01    2.8341E+01    2.4936E+01    1.5811E+01    5.0662E+00    6.4971E+00    4.0170E-02    7.8668E+00   
 5.2734E+02    2.3362E+01    2.3500E+01    1.9764E+01    1.9775E+01    1.6921E+01    2.8341E+01    2.4939E+01    1.5811E+01    5.0662E+00    6.4971E+00    4.0170E-02    7.8130E+00   
 5.2784E+02    2.3339E+01    2.3501E+01    1.9671E+01    1.9775E+01    1.6938E+01    2.8329E+01    2.4915E+01    1.5824E+01    5.0662E+00    6.4971E+00    4.0170E-02    7.8668E+00   
 5.2834E+02    2.3339E+01    2.3504E+01    1.9586E+01    1.9773E+01    1.6938E+01    2.8323E+01    2.4910E+01    1.5818E+01    5.0662E+00    6.4971E+00    4.0170E-02    7.8668E+00   
 5.2892E+02    2.3356E+01    2.3497E+01    1.9646E+01    1.9760E+01    1.6932E+01    2.8316E+01    2.4910E+01    1.5819E+01    5.0662E+00    6.4971E+00    4.0170E-02    7.8400E+00   
 5.2942E+02    2.3349E+01    2.3491E+01    1.9646E+01    1.9751E+01    1.6932E+01    2.8308E+01    2.4900E+01    1.5810E+01    5.0662E+00    6.4971E+00    4.0170E-02    7.8668E+00   
 5.2992E+02    2.3352E+01    2.3491E+01    1.9619E+01    1.9754E+01    1.6941E+01    2.8282E+01    2.4892E+01    1.5829E+01    5.0662E+00    6.4971E+00    3.5079E-02    7.8400E+00   
 5.3042E+02    2.3332E+01    2.3487E+01    1.9512E+01    1.9754E+01    1.6949E+01    2.8282E+01    2.4870E+01    1.5829E+01    5.0662E+00    6.4971E+00    4.0170E-02    7.8668E+00   
 5.3100E+02    2.3353E+01    2.3465E+01    1.9550E+01    1.9775E+01    1.6953E+01    2.8288E+01    2.4852E+01    1.5826E+01    5.0866E+00    6.4971E+00    4.0170E-02    7.8400E+00   
 5.3150E+02    2.3353E+01    2.3490E+01    1.9630E+01    1.9775E+01    1.6968E+01    2.8274E+01    2.4853E+01    1.5805E+01    5.0662E+00    6.4971E+00    4.0170E-02    7.8130E+00   
 5.3200E+02    2.3337E+01    2.3474E+01    1.9630E+01    1.9777E+01    1.6968E+01    2.8252E+01    2.4853E+01    1.5819E+01    5.0866E+00    6.4971E+00    4.0170E-02    7.8668E+00   
 5.3250E+02    2.3346E+01    2.3491E+01    1.9585E+01    1.9787E+01    1.6968E+01    2.8242E+01    2.4835E+01    1.5814E+01    5.0866E+00    6.4971E+00    4.0170E-02    7.8130E+00   
# Time (s)      T1w (C)       T2w (C)       T1a (C)       T2a (C)       T1r (C)       T2r (C)       T3r (C)       T4r (C)       P1 (bar)      P2 (bar)      Ic (amp)      Qc (l/min)    
 5.3311E+02    2.3338E+01    2.3491E+01    1.9575E+01    1.9795E+01    1.6962E+01    2.8242E+01    2.4813E+01    1.5805E+01    5.0866E+00    6.4971E+00    4.0170E-02    7.7860E+00   
 5.3361E+02    2.3333E+01    2.3475E+01    1.9553E+01    1.9799E+01    1.6967E+01    2.8242E+01    2.4806E+01    1.5805E+01    5.0866E+00    6.4971E+00    4.0170E-02    7.8130E+00   
 5.3411E+02    2.3344E+01    2.3479E+01    1.9518E+01    1.9814E+01    1.6993E+01    2.8207E+01    2.4777E+01    1.5793E+01    5.0866E+00    6.4971E+00    4.0170E-02    7.8400E+00   
 5.3461E+02    2.3344E+01    2.3483E+01    1.9542E+01    1.9826E+01    1.6993E+01    2.8202E+01    2.4777E+01    1.5797E+01    5.0866E+00    6.4971E+00    4.0170E-02    7.8130E+00   
 5.3519E+02    2.3332E+01    2.3478E+01    1.9542E+01    1.9809E+01    1.6981E+01    2.8193E+01    2.4773E+01    1.5790E+01    5.0866E+00    6.4971E+00    4.0170E-02    7.8130E+00   
 5.3569E+02    2.3321E+01    2.3471E+01    1.9571E+01    1.9798E+01    1.6990E+01    2.8183E+01    2.4751E+01    1.5802E+01    5.0866E+00    6.4971E+00    4.0170E-02    7.8400E+00   
 5.3619E+02    2.3332E+01    2.3471E+01    1.9558E+01    1.9787E+01    1.6998E+01    2.8183E+01    2.4729E+01    1.5802E+01    5.0866E+00    6.4971E+00    4.0170E-02    7.8668E+00   
 5.3669E+02    2.3332E+01    2.3474E+01    1.9529E+01    1.9787E+01    1.7002E+01    2.8164E+01    2.4731E+01    1.5795E+01    5.0866E+00    6.4971E+00    4.0170E-02    7.8130E+00   
 5.3728E+02    2.3301E+01    2.3461E+01    1.9470E+01    1.9794E+01    1.6994E+01    2.8155E+01    2.4717E+01    1.5786E+01    5.0866E+00    6.4971E+00    4.0170E-02    7.8400E+00   
 5.3778E+02    2.3301E+01    2.3462E+01    1.9468E+01    1.9791E+01    1.6991E+01    2.8146E+01    2.4696E+01    1.5785E+01    5.0866E+00    6.4971E+00    4.0170E-02    7.8668E+00   
 5.3828E+02    2.3310E+01    2.3451E+01    1.9468E+01    1.9786E+01    1.6991E+01    2.8146E+01    2.4696E+01    1.5781E+01    5.0866E+00    6.4971E+00    4.0170E-02    7.8130E+00   
 5.3878E+02    2.3321E+01    2.3463E+01    1.9449E+01    1.9776E+01    1.7006E+01    2.8117E+01    2.4685E+01    1.5790E+01    5.0866E+00    6.4971E+00    4.0170E-02    7.8400E+00   
 5.3936E+02    2.3303E+01    2.3463E+01    1.9439E+01    1.9785E+01    1.7004E+01    2.8094E+01    2.4672E+01    1.5773E+01    5.0866E+00    6.4971E+00    4.0170E-02    7.8400E+00   
 5.3986E+02    2.3309E+01    2.3446E+01    1.9452E+01    1.9785E+01    1.7002E+01    2.8094E+01    2.4648E+01    1.5773E+01    5.0866E+00    6.4971E+00    4.0170E-02    7.8130E+00   
 5.4036E+02    2.3309E+01    2.3447E+01    1.9516E+01    1.9781E+01    1.7026E+01    2.8092E+01    2.4639E+01    1.5751E+01    5.0866E+00    6.4971E+00    4.0170E-02    7.7860E+00   
 5.4086E+02    2.3317E+01    2.3468E+01    1.9555E+01    1.9797E+01    1.7026E+01    2.8079E+01    2.4639E+01    1.5764E+01    5.0866E+00    6.4971E+00    4.0170E-02    7.8130E+00   
 5.4145E+02    2.3293E+01    2.3456E+01    1.9555E+01    1.9810E+01    1.7023E+01    2.8079E+01    2.4612E+01    1.5750E+01    5.0866E+00    6.4971E+00    4.0170E-02    7.8668E+00   
 5.4195E+02    2.3301E+01    2.3432E+01    1.9615E+01    1.9802E+01    1.7034E+01    2.8075E+01    2.4626E+01    1.5780E+01    5.0866E+00    6.4971E+00    4.0170E-02    7.8400E+00   
 5.4245E+02    2.3281E+01    2.3432E+01    1.9694E+01    1.9786E+01    1.7060E+01    2.8075E+01    2.4600E+01    1.5780E+01    5.0866E+00    6.4971E+00    4.0170E-02    7.8130E+00   
 5.4295E+02    2.3285E+01    2.3433E+01    1.9754E+01    1.9786E+01    1.7048E+01    2.8069E+01    2.4602E+01    1.5759E+01    5.0866E+00    6.4971E+00    3.5079E-02    7.8668E+00   
 5.4353E+02    2.3268E+01    2.3429E+01    1.9750E+01    1.9797E+01    1.7044E+01    2.8044E+01    2.4574E+01    1.5763E+01    5.0866E+00    6.4971E+00    4.0170E-02    7.8130E+00   
 5.4403E+02    2.3284E+01    2.3446E+01    1.9610E+01    1.9816E+01    1.7044E+01    2.8015E+01    2.4574E+01    1.5751E+01    5.0866E+00    6.4971E+00    4.0170E-02    7.8130E+00   
 5.4453E+02    2.3282E+01    2.3438E+01    1.9610E+01    1.9817E+01    1.7063E+01    2.8027E+01    2.4569E+01    1.5752E+01    5.0662E+00    6.4971E+00    4.0170E-02    7.8400E+00   
 5.4503E+02    2.3291E+01    2.3438E+01    1.9628E+01    1.9810E+01    1.7076E+01    2.8016E+01    2.4567E+01    1.5773E+01    5.0866E+00    6.4971E+00    4.0170E-02    7.8400E+00   
 5.4561E+02    2.3280E+01    2.3435E+01    1.9673E+01    1.9813E+01    1.7065E+01    2.8016E+01    2.4559E+01    1.5775E+01    5.0866E+00    6.4971E+00    3.5079E-02    7.8130E+00   
 5.4611E+02    2.3274E+01    2.3434E+01    1.9651E+01    1.9813E+01    1.7062E+01    2.7999E+01    2.4531E+01    1.5759E+01    5.0866E+00    6.4971E+00    4.0170E-02    7.8130E+00   
 5.4661E+02    2.3274E+01    2.3424E+01    1.9585E+01    1.9804E+01    1.7083E+01    2.7983E+01    2.4524E+01    1.5753E+01    5.0866E+00    6.4971E+00    4.0170E-02    7.8668E+00   
 5.4711E+02    2.3298E+01    2.3434E+01    1.9579E+01    1.9816E+01    1.7099E+01    2.7978E+01    2.4539E+01    1.5775E+01    5.0866E+00    6.4971E+00    4.0170E-02    7.7317E+00   
 5.4769E+02    2.3289E+01    2.3433E+01    1.9579E+01    1.9813E+01    1.7080E+01    2.7980E+01    2.4521E+01    1.5757E+01    5.0866E+00    6.4971E+00    4.0170E-02    7.8130E+00   
 5.4819E+02    2.3296E+01    2.3433E+01    1.9565E+01    1.9799E+01    1.7083E+01    2.7971E+01    2.4487E+01    1.5751E+01    5.0866E+00    6.4971E+00    4.0170E-02    7.8130E+00   
# Time (s)      T1w (C)       T2w (C)       T1a (C)       T2a (C)       T1r (C)       T2r (C)       T3r (C)       T4r (C)       P1 (bar)      P2 (bar)      Ic (amp)      Qc (l/min)    
 5.4869E+02    2.3267E+01    2.3429E+01    1.9588E+01    1.9813E+01    1.7097E+01    2.7971E+01    2.4480E+01    1.5751E+01    5.0866E+00    6.4971E+00    4.0170E-02    7.8130E+00   
 5.4920E+02    2.3276E+01    2.3411E+01    1.9578E+01    1.9813E+01    1.7083E+01    2.7938E+01    2.4451E+01    1.5729E+01    5.0866E+00    6.4971E+00    3.5079E-02    7.8668E+00   
 5.4980E+02    2.3276E+01    2.3406E+01    1.9549E+01    1.9794E+01    1.7098E+01    2.7906E+01    2.4428E+01    1.5708E+01    5.0866E+00    6.4971E+00    4.0170E-02    7.8668E+00   
 5.5030E+02    2.3292E+01    2.3432E+01    1.9548E+01    1.9797E+01    1.7113E+01    2.7902E+01    2.4443E+01    1.5712E+01    5.0866E+00    6.4971E+00    4.0170E-02    7.8130E+00   
 5.5080E+02    2.3295E+01    2.3421E+01    1.9548E+01    1.9784E+01    1.7100E+01    2.7877E+01    2.4428E+01    1.5711E+01    5.0866E+00    6.4971E+00    4.0170E-02    7.7860E+00   
 5.5130E+02    2.3281E+01    2.3421E+01    1.9546E+01    1.9789E+01    1.7100E+01    2.7852E+01    2.4397E+01    1.5666E+01    5.0866E+00    6.4971E+00    4.0170E-02    7.8130E+00   
 5.5188E+02    2.3268E+01    2.3418E+01    1.9541E+01    1.9792E+01    1.7101E+01    2.7852E+01    2.4381E+01    1.5666E+01    5.0866E+00    6.4971E+00    4.0170E-02    7.8130E+00   
 5.5238E+02    2.3273E+01    2.3407E+01    1.9499E+01    1.9792E+01    1.7078E+01    2.7862E+01    2.4357E+01    1.5663E+01    5.0866E+00    6.4971E+00    4.0170E-02    7.8400E+00   
 5.5288E+02    2.3273E+01    2.3404E+01    1.9412E+01    1.9793E+01    1.7092E+01    2.7817E+01    2.4343E+01    1.5655E+01    5.0866E+00    6.4971E+00    4.0170E-02    7.8400E+00   
 5.5338E+02    2.3272E+01    2.3408E+01    1.9412E+01    1.9776E+01    1.7092E+01    2.7800E+01    2.4343E+01    1.5642E+01    5.0866E+00    6.4971E+00    4.0170E-02    7.8130E+00   
 5.5397E+02    2.3259E+01    2.3395E+01    1.9326E+01    1.9775E+01    1.7112E+01    2.7794E+01    2.4327E+01    1.5629E+01    5.0866E+00    6.4971E+00    4.0170E-02    7.8400E+00   
 5.5447E+02    2.3260E+01    2.3395E+01    1.9285E+01    1.9774E+01    1.7083E+01    2.7768E+01    2.4310E+01    1.5626E+01    5.0866E+00    6.4971E+00    4.0170E-02    7.8130E+00   
 5.5497E+02    2.3246E+01    2.3398E+01    1.9242E+01    1.9774E+01    1.7122E+01    2.7784E+01    2.4298E+01    1.5642E+01    5.0866E+00    6.4971E+00    4.0170E-02    7.7860E+00   
 5.5547E+02    2.3248E+01    2.3391E+01    1.9229E+01    1.9763E+01    1.7105E+01    2.7786E+01    2.4292E+01    1.5586E+01    5.0866E+00    6.4971E+00    4.0170E-02    7.8400E+00   
 5.5605E+02    2.3264E+01    2.3408E+01    1.9271E+01    1.9785E+01    1.7124E+01    2.7784E+01    2.4293E+01    1.5646E+01    5.0866E+00    6.4971E+00    4.0170E-02    7.8400E+00   
 5.5655E+02    2.3270E+01    2.3398E+01    1.9271E+01    1.9774E+01    1.7124E+01    2.7757E+01    2.4293E+01    1.5642E+01    5.0866E+00    6.4971E+00    4.0170E-02    7.8936E+00   
 5.5705E+02    2.3278E+01    2.3409E+01    1.9362E+01    1.9820E+01    1.7143E+01    2.7755E+01    2.4284E+01    1.5655E+01    5.0866E+00    6.4971E+00    4.0170E-02    7.8400E+00   
 5.5755E+02    2.3282E+01    2.3409E+01    1.9415E+01    1.9800E+01    1.7157E+01    2.7734E+01    2.4272E+01    1.5649E+01    5.0866E+00    6.4971E+00    4.0170E-02    7.8668E+00   
 5.5814E+02    2.3290E+01    2.3420E+01    1.9527E+01    1.9816E+01    1.7136E+01    2.7734E+01    2.4258E+01    1.5649E+01    5.0866E+00    6.4971E+00    4.0170E-02    7.8400E+00   
 5.5864E+02    2.3272E+01    2.3431E+01    1.9580E+01    1.9821E+01    1.7136E+01    2.7722E+01    2.4243E+01    1.5669E+01    5.0866E+00    6.4971E+00    4.0170E-02    7.8130E+00   
 5.5914E+02    2.3288E+01    2.3430E+01    1.9613E+01    1.9848E+01    1.7147E+01    2.7700E+01    2.4243E+01    1.5640E+01    5.0866E+00    6.4971E+00    4.0170E-02    7.8668E+00   
 5.5964E+02    2.3294E+01    2.3413E+01    1.9613E+01    1.9843E+01    1.7147E+01    2.7704E+01    2.4243E+01    1.5623E+01    5.0866E+00    6.4971E+00    4.0170E-02    7.8130E+00   
 5.6022E+02    2.3275E+01    2.3416E+01    1.9599E+01    1.9831E+01    1.7140E+01    2.7683E+01    2.4213E+01    1.5628E+01    5.0866E+00    6.4971E+00    4.0170E-02    7.8400E+00   
 5.6072E+02    2.3299E+01    2.3416E+01    1.9559E+01    1.9850E+01    1.7162E+01    2.7660E+01    2.4203E+01    1.5621E+01    5.0866E+00    6.4971E+00    4.0170E-02    7.8400E+00   
 5.6122E+02    2.3282E+01    2.3405E+01    1.9563E+01    1.9850E+01    1.7156E+01    2.7660E+01    2.4168E+01    1.5621E+01    5.0866E+00    6.4971E+00    4.0170E-02    7.8668E+00   
 5.6172E+02    2.3282E+01    2.3400E+01    1.9567E+01    1.9846E+01    1.7148E+01    2.7647E+01    2.4160E+01    1.5616E+01    5.0866E+00    6.4971E+00    4.0170E-02    7.8400E+00   
 5.6233E+02    2.3299E+01    2.3396E+01    1.9566E+01    1.9854E+01    1.7153E+01    2.7625E+01    2.4144E+01    1.5614E+01    5.0866E+00    6.4971E+00    4.0170E-02    7.8400E+00   
 5.6283E+02    2.3267E+01    2.3392E+01    1.9566E+01    1.9848E+01    1.7153E+01    2.7622E+01    2.4144E+01    1.5593E+01    5.0866E+00    6.4971E+00    4.0170E-02    7.8400E+00   
 5.6333E+02    2.3266E+01    2.3389E+01    1.9560E+01    1.9856E+01    1.7154E+01    2.7598E+01    2.4123E+01    1.5600E+01    5.0866E+00    6.4971E+00    4.0170E-02    7.8130E+00   
 5.6383E+02    2.3257E+01    2.3389E+01    1.9576E+01    1.9868E+01    1.7164E+01    2.7572E+01    2.4104E+01    1.5575E+01    5.0866E+00    6.4971E+00    4.0170E-02    7.8130E+00   
# Time (s)      T1w (C)       T2w (C)       T1a (C)       T2a (C)       T1r (C)       T2r (C)       T3r (C)       T4r (C)       P1 (bar)      P2 (bar)      Ic (amp)      Qc (l/min)    
 5.6441E+02    2.3247E+01    2.3396E+01    1.9555E+01    1.9868E+01    1.7179E+01    2.7588E+01    2.4099E+01    1.5591E+01    5.0866E+00    6.4971E+00    4.0170E-02    7.8130E+00   
 5.6491E+02    2.3262E+01    2.3399E+01    1.9549E+01    1.9857E+01    1.7167E+01    2.7580E+01    2.4080E+01    1.5593E+01    5.0866E+00    6.4971E+00    4.0170E-02    7.8130E+00   
 5.6541E+02    2.3277E+01    2.3386E+01    1.9566E+01    1.9873E+01    1.7181E+01    2.7578E+01    2.4079E+01    1.5593E+01    5.0866E+00    6.4971E+00    4.0170E-02    7.8400E+00   
 5.6591E+02    2.3264E+01    2.3392E+01    1.9566E+01    1.9874E+01    1.7181E+01    2.7564E+01    2.4079E+01    1.5595E+01    5.0866E+00    6.4971E+00    4.0170E-02    7.8668E+00   
 5.6650E+02    2.3272E+01    2.3385E+01    1.9582E+01    1.9880E+01    1.7211E+01    2.7568E+01    2.4074E+01    1.5614E+01    5.0866E+00    6.4971E+00    4.0170E-02    7.8400E+00   
 5.6700E+02    2.3261E+01    2.3385E+01    1.9597E+01    1.9880E+01    1.7207E+01    2.7561E+01    2.4063E+01    1.5604E+01    5.0866E+00    6.4971E+00    4.0170E-02    7.8130E+00   
 5.6750E+02    2.3260E+01    2.3371E+01    1.9589E+01    1.9880E+01    1.7215E+01    2.7561E+01    2.4056E+01    1.5604E+01    5.0866E+00    6.4971E+00    4.0170E-02    7.8668E+00   
 5.6800E+02    2.3260E+01    2.3378E+01    1.9587E+01    1.9871E+01    1.7228E+01    2.7567E+01    2.4051E+01    1.5625E+01    5.0866E+00    6.4971E+00    4.0170E-02    7.8130E+00   
 5.6859E+02    2.3241E+01    2.3356E+01    1.9588E+01    1.9873E+01    1.7224E+01    2.7538E+01    2.4036E+01    1.5605E+01    5.0866E+00    6.4971E+00    4.0170E-02    7.8668E+00   
 5.6909E+02    2.3255E+01    2.3349E+01    1.9588E+01    1.9867E+01    1.7224E+01    2.7537E+01    2.4036E+01    1.5596E+01    5.0866E+00    6.4971E+00    4.0170E-02    7.8400E+00   
 5.6959E+02    2.3253E+01    2.3373E+01    1.9630E+01    1.9867E+01    1.7241E+01    2.7513E+01    2.4016E+01    1.5598E+01    5.0866E+00    6.4971E+00    4.0170E-02    7.8400E+00   
 5.7009E+02    2.3266E+01    2.3388E+01    1.9668E+01    1.9898E+01    1.7251E+01    2.7529E+01    2.4017E+01    1.5605E+01    5.0866E+00    6.4971E+00    4.0170E-02    7.8400E+00   
 5.7070E+02    2.3251E+01    2.3367E+01    1.9656E+01    1.9898E+01    1.7243E+01    2.7511E+01    2.3990E+01    1.5605E+01    5.0866E+00    6.4971E+00    4.0170E-02    7.8668E+00   
 5.7120E+02    2.3251E+01    2.3375E+01    1.9721E+01    1.9924E+01    1.7246E+01    2.7511E+01    2.3982E+01    1.5619E+01    5.0866E+00    6.4971E+00    4.0170E-02    7.8400E+00   
 5.7170E+02    2.3251E+01    2.3382E+01    1.9714E+01    1.9917E+01    1.7246E+01    2.7482E+01    2.3976E+01    1.5594E+01    5.1070E+00    6.4971E+00    4.0170E-02    7.8400E+00   
 5.7220E+02    2.3277E+01    2.3384E+01    1.9729E+01    1.9923E+01    1.7256E+01    2.7473E+01    2.3976E+01    1.5618E+01    5.1070E+00    6.4971E+00    4.0170E-02    7.8400E+00   
 5.7280E+02    2.3270E+01    2.3380E+01    1.9611E+01    1.9931E+01    1.7259E+01    2.7464E+01    2.3950E+01    1.5604E+01    5.0866E+00    6.4971E+00    4.0170E-02    7.8400E+00   
 5.7330E+02    2.3258E+01    2.3380E+01    1.9571E+01    1.9927E+01    1.7264E+01    2.7460E+01    2.3947E+01    1.5620E+01    5.0866E+00    6.4971E+00    4.0170E-02    7.8400E+00   
 5.7380E+02    2.3253E+01    2.3360E+01    1.9473E+01    1.9927E+01    1.7283E+01    2.7460E+01    2.3942E+01    1.5620E+01    5.0866E+00    6.4971E+00    4.0170E-02    7.8400E+00   
 5.7430E+02    2.3234E+01    2.3370E+01    1.9423E+01    1.9927E+01    1.7288E+01    2.7473E+01    2.3939E+01    1.5578E+01    5.1070E+00    6.4971E+00    4.0170E-02    7.8130E+00   
 5.7489E+02    2.3234E+01    2.3350E+01    1.9412E+01    1.9925E+01    1.7303E+01    2.7453E+01    2.3927E+01    1.5610E+01    5.0866E+00    6.4971E+00    4.0170E-02    7.8668E+00   
 5.7539E+02    2.3248E+01    2.3365E+01    1.9412E+01    1.9923E+01    1.7303E+01    2.7450E+01    2.3927E+01    1.5611E+01    5.0866E+00    6.4971E+00    4.0170E-02    7.8400E+00   
 5.7589E+02    2.3263E+01    2.3363E+01    1.9336E+01    1.9928E+01    1.7295E+01    2.7419E+01    2.3896E+01    1.5616E+01    5.0866E+00    6.4971E+00    4.0170E-02    7.7860E+00   
 5.7639E+02    2.3267E+01    2.3378E+01    1.9381E+01    1.9927E+01    1.7303E+01    2.7434E+01    2.3922E+01    1.5643E+01    5.1070E+00    6.4971E+00    4.0170E-02    7.8400E+00   
 5.7697E+02    2.3248E+01    2.3356E+01    1.9393E+01    1.9927E+01    1.7306E+01    2.7422E+01    2.3893E+01    1.5643E+01    5.1070E+00    6.4971E+00    4.0170E-02    7.8400E+00   
 5.7747E+02    2.3267E+01    2.3376E+01    1.9191E+01    1.9922E+01    1.7320E+01    2.7438E+01    2.3897E+01    1.5646E+01    5.1070E+00    6.4971E+00    4.0170E-02    7.8400E+00   
 5.7797E+02    2.3267E+01    2.3360E+01    1.9104E+01    1.9932E+01    1.7320E+01    2.7422E+01    2.3893E+01    1.5655E+01    5.1070E+00    6.4971E+00    4.0170E-02    7.8400E+00   
 5.7847E+02    2.3253E+01    2.3371E+01    1.9104E+01    1.9920E+01    1.7340E+01    2.7404E+01    2.3893E+01    1.5673E+01    5.1070E+00    6.4971E+00    4.0170E-02    7.8400E+00   
 5.7907E+02    2.3260E+01    2.3362E+01    1.9230E+01    1.9929E+01    1.7333E+01    2.7392E+01    2.3888E+01    1.5669E+01    5.1070E+00    6.4971E+00    4.0170E-02    7.7860E+00   
 5.7957E+02    2.3260E+01    2.3362E+01    1.9269E+01    1.9920E+01    1.7357E+01    2.7397E+01    2.3905E+01    1.5684E+01    5.1070E+00    6.4971E+00    4.0170E-02    7.8130E+00   
# Time (s)      T1w (C)       T2w (C)       T1a (C)       T2a (C)       T1r (C)       T2r (C)       T3r (C)       T4r (C)       P1 (bar)      P2 (bar)      Ic (amp)      Qc (l/min)    
 5.8007E+02    2.3248E+01    2.3347E+01    1.9240E+01    1.9920E+01    1.7345E+01    2.7397E+01    2.3880E+01    1.5684E+01    5.1070E+00    6.4971E+00    4.0170E-02    7.8668E+00   
 5.8057E+02    2.3233E+01    2.3360E+01    1.9186E+01    1.9900E+01    1.7355E+01    2.7389E+01    2.3861E+01    1.5693E+01    5.1070E+00    6.4971E+00    4.0170E-02    7.8400E+00   
 5.8115E+02    2.3233E+01    2.3351E+01    1.9184E+01    1.9896E+01    1.7365E+01    2.7373E+01    2.3863E+01    1.5696E+01    5.0866E+00    6.4971E+00    4.0170E-02    7.8400E+00   
 5.8165E+02    2.3234E+01    2.3336E+01    1.9184E+01    1.9890E+01    1.7365E+01    2.7374E+01    2.3863E+01    1.5700E+01    5.1070E+00    6.4971E+00    4.0170E-02    7.8130E+00   
 5.8215E+02    2.3235E+01    2.3354E+01    1.9144E+01    1.9890E+01    1.7372E+01    2.7366E+01    2.3854E+01    1.5706E+01    5.1070E+00    6.4971E+00    4.0170E-02    7.8130E+00   
 5.8266E+02    2.3239E+01    2.3354E+01    1.9174E+01    1.9902E+01    1.7377E+01    2.7366E+01    2.3826E+01    1.5706E+01    5.1070E+00    6.4971E+00    4.0170E-02    7.8130E+00   
 5.8325E+02    2.3237E+01    2.3319E+01    1.9079E+01    1.9902E+01    1.7395E+01    2.7346E+01    2.3827E+01    1.5695E+01    5.1070E+00    6.4971E+00    4.0170E-02    7.8400E+00   
 5.8375E+02    2.3231E+01    2.3329E+01    1.9153E+01    1.9889E+01    1.7377E+01    2.7342E+01    2.3811E+01    1.5708E+01    5.1070E+00    6.4971E+00    4.0170E-02    7.7860E+00   
 5.8425E+02    2.3231E+01    2.3333E+01    1.9256E+01    1.9873E+01    1.7377E+01    2.7351E+01    2.3795E+01    1.5717E+01    5.1070E+00    6.4971E+00    4.0170E-02    7.8400E+00   
 5.8475E+02    2.3248E+01    2.3334E+01    1.9256E+01    1.9842E+01    1.7387E+01    2.7322E+01    2.3795E+01    1.5718E+01    5.1070E+00    6.4971E+00    4.0170E-02    7.8400E+00   
 5.8535E+02    2.3244E+01    2.3347E+01    1.9290E+01    1.9834E+01    1.7401E+01    2.7341E+01    2.3818E+01    1.5736E+01    5.1070E+00    6.4971E+00    4.0170E-02    7.8130E+00   
 5.8585E+02    2.3224E+01    2.3347E+01    1.9220E+01    1.9842E+01    1.7415E+01    2.7331E+01    2.3826E+01    1.5749E+01    5.1070E+00    6.4971E+00    4.0170E-02    7.8400E+00   
 5.8635E+02    2.3233E+01    2.3337E+01    1.9234E+01    1.9842E+01    1.7437E+01    2.7346E+01    2.3828E+01    1.5765E+01    5.1070E+00    6.4971E+00    4.0170E-02    7.8668E+00   
 5.8685E+02    2.3233E+01    2.3335E+01    1.9270E+01    1.9845E+01    1.7427E+01    2.7338E+01    2.3814E+01    1.5760E+01    5.1070E+00    6.4971E+00    4.0170E-02    7.8668E+00   
 5.8744E+02    2.3232E+01    2.3318E+01    1.9296E+01    1.9832E+01    1.7443E+01    2.7353E+01    2.3826E+01    1.5786E+01    5.1070E+00    6.4971E+00    4.0170E-02    7.8130E+00   
 5.8794E+02    2.3238E+01    2.3325E+01    1.9296E+01    1.9831E+01    1.7455E+01    2.7331E+01    2.3826E+01    1.5790E+01    5.1070E+00    6.4971E+00    4.0170E-02    7.8400E+00   
 5.8844E+02    2.3229E+01    2.3332E+01    1.9275E+01    1.9835E+01    1.7480E+01    2.7345E+01    2.3827E+01    1.5808E+01    5.1070E+00    6.4971E+00    4.0170E-02    7.8130E+00   
 5.8894E+02    2.3229E+01    2.3332E+01    1.9295E+01    1.9838E+01    1.7478E+01    2.7345E+01    2.3826E+01    1.5808E+01    5.1070E+00    6.4971E+00    4.0170E-02    7.8668E+00   
 5.8953E+02    2.3240E+01    2.3333E+01    1.9275E+01    1.9838E+01    1.7487E+01    2.7316E+01    2.3818E+01    1.5807E+01    5.1070E+00    6.4971E+00    4.0170E-02    7.8400E+00   
 5.9003E+02    2.3227E+01    2.3328E+01    1.9241E+01    1.9800E+01    1.7491E+01    2.7310E+01    2.3815E+01    1.5817E+01    5.1070E+00    6.4971E+00    4.0170E-02    7.8130E+00   
 5.9053E+02    2.3227E+01    2.3328E+01    1.9121E+01    1.9824E+01    1.7491E+01    2.7308E+01    2.3815E+01    1.5831E+01    5.1070E+00    6.4971E+00    4.0170E-02    7.8130E+00   
 5.9103E+02    2.3211E+01    2.3324E+01    1.9121E+01    1.9822E+01    1.7498E+01    2.7290E+01    2.3796E+01    1.5823E+01    5.1070E+00    6.4971E+00    4.0170E-02    7.8400E+00   
 5.9162E+02    2.3221E+01    2.3321E+01    1.9030E+01    1.9860E+01    1.7502E+01    2.7298E+01    2.3791E+01    1.5825E+01    5.1070E+00    6.4971E+00    4.0170E-02    7.8130E+00   
 5.9212E+02    2.3232E+01    2.3321E+01    1.9096E+01    1.9839E+01    1.7514E+01    2.7298E+01    2.3790E+01    1.5819E+01    5.1070E+00    6.4971E+00    4.0170E-02    7.8400E+00   
 5.9262E+02    2.3225E+01    2.3330E+01    1.9172E+01    1.9839E+01    1.7530E+01    2.7292E+01    2.3785E+01    1.5819E+01    5.1070E+00    6.4971E+00    4.0170E-02    7.8400E+00   
 5.9312E+02    2.3225E+01    2.3320E+01    1.9250E+01    1.9860E+01    1.7520E+01    2.7283E+01    2.3760E+01    1.5836E+01    5.1070E+00    6.4971E+00    4.0170E-02    7.8400E+00   
 5.9374E+02    2.3227E+01    2.3332E+01    1.9274E+01    1.9857E+01    1.7521E+01    2.7263E+01    2.3758E+01    1.5847E+01    5.1070E+00    6.4971E+00    4.0170E-02    7.8130E+00   
 5.9424E+02    2.3215E+01    2.3336E+01    1.9274E+01    1.9863E+01    1.7521E+01    2.7277E+01    2.3758E+01    1.5864E+01    5.1070E+00    6.4971E+00    4.0170E-02    7.7860E+00   
 5.9474E+02    2.3229E+01    2.3332E+01    1.9266E+01    1.9841E+01    1.7522E+01    2.7249E+01    2.3764E+01    1.5852E+01    5.1070E+00    6.4971E+00    4.0170E-02    7.8668E+00   
 5.9524E+02    2.3230E+01    2.3332E+01    1.9323E+01    1.9826E+01    1.7533E+01    2.7249E+01    2.3748E+01    1.5852E+01    5.1070E+00    6.4971E+00    4.0170E-02    7.8400E+00   
# Time (s)      T1w (C)       T2w (C)       T1a (C)       T2a (C)       T1r (C)       T2r (C)       T3r (C)       T4r (C)       P1 (bar)      P2 (bar)      Ic (amp)      Qc (l/min)    
 5.9584E+02    2.3233E+01    2.3326E+01    1.9382E+01    1.9823E+01    1.7532E+01    2.7233E+01    2.3733E+01    1.5852E+01    5.1070E+00    6.4971E+00    4.0170E-02    7.7589E+00   
 5.9634E+02    2.3215E+01    2.3320E+01    1.9395E+01    1.9823E+01    1.7531E+01    2.7227E+01    2.3739E+01    1.5847E+01    5.1070E+00    6.4971E+00    4.0170E-02    7.8130E+00   
 5.9685E+02    2.3215E+01    2.3333E+01    1.9414E+01    1.9822E+01    1.7541E+01    2.7236E+01    2.3730E+01    1.5850E+01    5.1070E+00    6.4971E+00    4.0170E-02    7.8668E+00   
 5.9735E+02    2.3235E+01    2.3333E+01    1.9414E+01    1.9811E+01    1.7541E+01    2.7213E+01    2.3730E+01    1.5868E+01    5.1070E+00    6.4971E+00    4.0170E-02    7.8130E+00   
 5.9794E+02    2.3211E+01    2.3319E+01    1.9390E+01    1.9788E+01    1.7550E+01    2.7206E+01    2.3710E+01    1.5871E+01    5.1070E+00    6.4971E+00    4.0170E-02    7.8130E+00   
 5.9844E+02    2.3222E+01    2.3319E+01    1.9325E+01    1.9803E+01    1.7556E+01    2.7190E+01    2.3698E+01    1.5875E+01    5.1070E+00    6.4971E+00    4.0170E-02    7.8130E+00   
 5.9894E+02    2.3218E+01    2.3313E+01    1.9324E+01    1.9803E+01    1.7553E+01    2.7190E+01    2.3713E+01    1.5875E+01    5.1070E+00    6.4971E+00    4.0170E-02    7.8668E+00   
 5.9944E+02    2.3232E+01    2.3315E+01    1.9396E+01    1.9799E+01    1.7569E+01    2.7197E+01    2.3705E+01    1.5875E+01    5.1070E+00    6.4971E+00    4.0170E-02    7.7860E+00   
 6.0001E+02    2.3232E+01    2.3315E+01    1.9335E+01    1.9800E+01    1.7569E+01    2.7186E+01    2.3686E+01    1.5884E+01    5.1070E+00    6.4971E+00    4.0170E-02    7.8130E+00   
 6.0051E+02    2.3221E+01    2.3327E+01    1.9335E+01    1.9809E+01    1.7569E+01    2.7172E+01    2.3686E+01    1.5884E+01    5.1070E+00    6.4971E+00    4.0170E-02    7.8130E+00   
 6.0101E+02    2.3216E+01    2.3332E+01    1.9348E+01    1.9811E+01    1.7566E+01    2.7160E+01    2.3670E+01    1.5890E+01    5.1070E+00    6.4971E+00    4.0170E-02    7.8400E+00   
 6.0151E+02    2.3220E+01    2.3332E+01    1.9355E+01    1.9801E+01    1.7581E+01    2.7160E+01    2.3677E+01    1.5890E+01    5.1070E+00    6.4971E+00    4.0170E-02    7.8400E+00   
 6.0211E+02    2.3234E+01    2.3328E+01    1.9337E+01    1.9801E+01    1.7560E+01    2.7146E+01    2.3652E+01    1.5896E+01    5.1070E+00    6.4971E+00    4.0170E-02    7.8130E+00   
 6.0261E+02    2.3222E+01    2.3326E+01    1.9239E+01    1.9811E+01    1.7573E+01    2.7143E+01    2.3652E+01    1.5890E+01    5.1070E+00    6.4971E+00    4.0170E-02    7.8130E+00   
 6.0311E+02    2.3222E+01    2.3334E+01    1.9251E+01    1.9799E+01    1.7573E+01    2.7136E+01    2.3652E+01    1.5891E+01    5.1070E+00    6.4971E+00    4.0170E-02    7.8668E+00   
 6.0361E+02    2.3215E+01    2.3332E+01    1.9251E+01    1.9812E+01    1.7587E+01    2.7116E+01    2.3647E+01    1.5895E+01    5.1070E+00    6.4971E+00    4.0170E-02    7.8130E+00   
 6.0418E+02    2.3222E+01    2.3328E+01    1.9318E+01    1.9796E+01    1.7588E+01    2.7108E+01    2.3649E+01    1.5902E+01    5.1070E+00    6.4971E+00    4.0170E-02    7.8400E+00   
 6.0468E+02    2.3219E+01    2.3328E+01    1.9258E+01    1.9783E+01    1.7586E+01    2.7108E+01    2.3645E+01    1.5916E+01    5.1070E+00    6.4971E+00    4.0170E-02    7.8400E+00   
 6.0518E+02    2.3202E+01    2.3328E+01    1.9217E+01    1.9783E+01    1.7598E+01    2.7111E+01    2.3628E+01    1.5916E+01    5.1070E+00    6.4971E+00    4.0170E-02    7.8400E+00   
 6.0568E+02    2.3202E+01    2.3345E+01    1.9296E+01    1.9791E+01    1.7604E+01    2.7088E+01    2.3635E+01    1.5916E+01    5.1070E+00    6.4971E+00    4.0170E-02    7.8130E+00   
 6.0628E+02    2.3217E+01    2.3331E+01    1.9398E+01    1.9791E+01    1.7604E+01    2.7082E+01    2.3612E+01    1.5916E+01    5.1070E+00    6.4971E+00    4.0170E-02    7.8130E+00   
 6.0678E+02    2.3227E+01    2.3307E+01    1.9398E+01    1.9769E+01    1.7608E+01    2.7079E+01    2.3612E+01    1.5934E+01    5.1070E+00    6.4971E+00    4.0170E-02    7.8400E+00   
 6.0728E+02    2.3205E+01    2.3307E+01    1.9436E+01    1.9772E+01    1.7615E+01    2.7054E+01    2.3615E+01    1.5922E+01    5.1070E+00    6.4971E+00    4.0170E-02    7.8668E+00   
 6.0778E+02    2.3233E+01    2.3322E+01    1.9386E+01    1.9770E+01    1.7613E+01    2.7054E+01    2.3612E+01    1.5922E+01    5.1070E+00    6.4971E+00    4.0170E-02    7.8400E+00   
 6.0835E+02    2.3211E+01    2.3335E+01    1.9483E+01    1.9770E+01    1.7623E+01    2.7061E+01    2.3611E+01    1.5916E+01    5.1070E+00    6.4971E+00    4.0170E-02    7.8400E+00   
 6.0885E+02    2.3211E+01    2.3330E+01    1.9445E+01    1.9752E+01    1.7630E+01    2.7045E+01    2.3598E+01    1.5923E+01    5.1070E+00    6.4971E+00    4.0170E-02    7.8668E+00   
 6.0935E+02    2.3220E+01    2.3327E+01    1.9447E+01    1.9765E+01    1.7630E+01    2.7037E+01    2.3598E+01    1.5921E+01    5.1070E+00    6.4971E+00    4.0170E-02    7.8400E+00   
 6.0985E+02    2.3203E+01    2.3334E+01    1.9447E+01    1.9798E+01    1.7631E+01    2.7051E+01    2.3584E+01    1.5927E+01    5.1070E+00    6.4971E+00    4.0170E-02    7.8400E+00   
 6.1045E+02    2.3216E+01    2.3332E+01    1.9504E+01    1.9792E+01    1.7638E+01    2.7021E+01    2.3602E+01    1.5919E+01    5.1274E+00    6.4971E+00    4.0170E-02    7.8400E+00   
 6.1095E+02    2.3215E+01    2.3332E+01    1.9450E+01    1.9828E+01    1.7625E+01    2.7021E+01    2.3592E+01    1.5919E+01    5.1070E+00    6.4971E+00    4.0170E-02    7.7860E+00   
# Time (s)      T1w (C)       T2w (C)       T1a (C)       T2a (C)       T1r (C)       T2r (C)       T3r (C)       T4r (C)       P1 (bar)      P2 (bar)      Ic (amp)      Qc (l/min)    
 6.1145E+02    2.3191E+01    2.3316E+01    1.9510E+01    1.9828E+01    1.7639E+01    2.7028E+01    2.3569E+01    1.5915E+01    5.1274E+00    6.4971E+00    4.0170E-02    7.8400E+00   
 6.1195E+02    2.3191E+01    2.3332E+01    1.9547E+01    1.9831E+01    1.7657E+01    2.7011E+01    2.3560E+01    1.5858E+01    5.1274E+00    6.4971E+00    4.0170E-02    7.7860E+00   
 6.1252E+02    2.3204E+01    2.3320E+01    1.9614E+01    1.9813E+01    1.7657E+01    2.6990E+01    2.3560E+01    1.5792E+01    5.1274E+00    6.4971E+00    4.0170E-02    7.8400E+00   
 6.1302E+02    2.3213E+01    2.3334E+01    1.9614E+01    1.9814E+01    1.7651E+01    2.6996E+01    2.3560E+01    1.5742E+01    5.1274E+00    6.4971E+00    4.0170E-02    7.8936E+00   
 6.1352E+02    2.3222E+01    2.3334E+01    1.9527E+01    1.9832E+01    1.7655E+01    2.6995E+01    2.3563E+01    1.5693E+01    5.1274E+00    6.4971E+00    4.0170E-02    7.8400E+00   
 6.1402E+02    2.3216E+01    2.3303E+01    1.9531E+01    1.9832E+01    1.7652E+01    2.6995E+01    2.3559E+01    1.5693E+01    5.1070E+00    6.4971E+00    4.0170E-02    7.8400E+00   
 6.1461E+02    2.3211E+01    2.3319E+01    1.9528E+01    1.9825E+01    1.7667E+01    2.6958E+01    2.3558E+01    1.5645E+01    5.1274E+00    6.4971E+00    4.0170E-02    7.8130E+00   
 6.1512E+02    2.3211E+01    2.3332E+01    1.9547E+01    1.9838E+01    1.7672E+01    2.6969E+01    2.3557E+01    1.5604E+01    5.1274E+00    6.4971E+00    4.0170E-02    7.8400E+00   
 6.1562E+02    2.3220E+01    2.3322E+01    1.9563E+01    1.9862E+01    1.7672E+01    2.6960E+01    2.3557E+01    1.5570E+01    5.1070E+00    6.4971E+00    4.0170E-02    7.8400E+00   
 6.1612E+02    2.3222E+01    2.3334E+01    1.9594E+01    1.9874E+01    1.7668E+01    2.6960E+01    2.3542E+01    1.5573E+01    5.1274E+00    6.4971E+00    4.0170E-02    7.8130E+00   
 6.1669E+02    2.3217E+01    2.3334E+01    1.9607E+01    1.9871E+01    1.7667E+01    2.6937E+01    2.3555E+01    1.5541E+01    5.1274E+00    6.4971E+00    4.0170E-02    7.8668E+00   
 6.1719E+02    2.3222E+01    2.3334E+01    1.9654E+01    1.9864E+01    1.7665E+01    2.6937E+01    2.3551E+01    1.5541E+01    5.1070E+00    6.4971E+00    4.0170E-02    7.8400E+00   
 6.1769E+02    2.3222E+01    2.3360E+01    1.9737E+01    1.9880E+01    1.7680E+01    2.6923E+01    2.3548E+01    1.5513E+01    5.1274E+00    6.4971E+00    4.0170E-02    7.8400E+00   
 6.1819E+02    2.3222E+01    2.3341E+01    1.9684E+01    1.9889E+01    1.7680E+01    2.6928E+01    2.3551E+01    1.5496E+01    5.1274E+00    6.4971E+00    4.0170E-02    7.8400E+00   
 6.1879E+02    2.3239E+01    2.3371E+01    1.9754E+01    1.9902E+01    1.7676E+01    2.6924E+01    2.3551E+01    1.5483E+01    5.1274E+00    6.4971E+00    4.0170E-02    7.8130E+00   
 6.1929E+02    2.3258E+01    2.3377E+01    1.9754E+01    1.9886E+01    1.7677E+01    2.6899E+01    2.3552E+01    1.5469E+01    5.1274E+00    6.4971E+00    4.0170E-02    7.8130E+00   
 6.1979E+02    2.3255E+01    2.3377E+01    1.9722E+01    1.9890E+01    1.7689E+01    2.6899E+01    2.3562E+01    1.5455E+01    5.1274E+00    6.4971E+00    4.0170E-02    7.8668E+00   
 6.2029E+02    2.3258E+01    2.3362E+01    1.9745E+01    1.9890E+01    1.7696E+01    2.6887E+01    2.3562E+01    1.5455E+01    5.1274E+00    6.4971E+00    4.0170E-02    7.8668E+00   
 6.2086E+02    2.3263E+01    2.3376E+01    1.9787E+01    1.9914E+01    1.7703E+01    2.6888E+01    2.3546E+01    1.5450E+01    5.1274E+00    6.4971E+00    4.0170E-02    7.8400E+00   
 6.2136E+02    2.3263E+01    2.3379E+01    1.9837E+01    1.9928E+01    1.7703E+01    2.6868E+01    2.3540E+01    1.5440E+01    5.1274E+00    6.4971E+00    4.0170E-02    7.8130E+00   
 6.2186E+02    2.3273E+01    2.3382E+01    1.9837E+01    1.9909E+01    1.7699E+01    2.6853E+01    2.3540E+01    1.5420E+01    5.1274E+00    6.4971E+00    4.0170E-02    7.8130E+00   
 6.2236E+02    2.3278E+01    2.3389E+01    1.9674E+01    1.9899E+01    1.7701E+01    2.6855E+01    2.3558E+01    1.5397E+01    5.1274E+00    6.4971E+00    4.0170E-02    7.8400E+00   
 6.2298E+02    2.3250E+01    2.3389E+01    1.9588E+01    1.9911E+01    1.7714E+01    2.6839E+01    2.3555E+01    1.5400E+01    5.1274E+00    6.4971E+00    4.0170E-02    7.8668E+00   
 6.2348E+02    2.3272E+01    2.3386E+01    1.9562E+01    1.9909E+01    1.7714E+01    2.6839E+01    2.3557E+01    1.5400E+01    5.1274E+00    6.4971E+00    4.0170E-02    7.8400E+00   
 6.2398E+02    2.3260E+01    2.3391E+01    1.9609E+01    1.9909E+01    1.7716E+01    2.6849E+01    2.3589E+01    1.5394E+01    5.1274E+00    6.4971E+00    4.0170E-02    7.8400E+00   
 6.2448E+02    2.3260E+01    2.3380E+01    1.9633E+01    1.9882E+01    1.7716E+01    2.6830E+01    2.3566E+01    1.5387E+01    5.1274E+00    6.4971E+00    4.0170E-02    7.8400E+00   
 6.2505E+02    2.3257E+01    2.3378E+01    1.9633E+01    1.9882E+01    1.7741E+01    2.6824E+01    2.3566E+01    1.5386E+01    5.1274E+00    6.4971E+00    4.0170E-02    7.8400E+00   
 6.2555E+02    2.3280E+01    2.3386E+01    1.9531E+01    1.9892E+01    1.7739E+01    2.6828E+01    2.3597E+01    1.5397E+01    5.1274E+00    6.4971E+00    3.5079E-02    7.8400E+00   
 6.2605E+02    2.3264E+01    2.3386E+01    1.9544E+01    1.9898E+01    1.7739E+01    2.6828E+01    2.3605E+01    1.5384E+01    5.1274E+00    6.4971E+00    4.0170E-02    7.8400E+00   
 6.2655E+02    2.3256E+01    2.3362E+01    1.9538E+01    1.9898E+01    1.7771E+01    2.6835E+01    2.3615E+01    1.5400E+01    5.1274E+00    6.4971E+00    4.0170E-02    7.8400E+00   
# Time (s)      T1w (C)       T2w (C)       T1a (C)       T2a (C)       T1r (C)       T2r (C)       T3r (C)       T4r (C)       P1 (bar)      P2 (bar)      Ic (amp)      Qc (l/min)    
 6.2715E+02    2.3263E+01    2.3376E+01    1.9515E+01    1.9883E+01    1.7788E+01    2.6826E+01    2.3625E+01    1.5404E+01    5.1274E+00    6.4971E+00    4.0170E-02    7.8400E+00   
 6.2765E+02    2.3263E+01    2.3367E+01    1.9520E+01    1.9889E+01    1.7791E+01    2.6819E+01    2.3634E+01    1.5391E+01    5.1274E+00    6.4971E+00    4.0170E-02    7.8400E+00   
 6.2815E+02    2.3254E+01    2.3384E+01    1.9520E+01    1.9866E+01    1.7791E+01    2.6819E+01    2.3634E+01    1.5396E+01    5.1274E+00    6.4971E+00    4.0170E-02    7.8400E+00   
 6.2865E+02    2.3268E+01    2.3379E+01    1.9502E+01    1.9888E+01    1.7785E+01    2.6809E+01    2.3648E+01    1.5404E+01    5.1274E+00    6.4971E+00    4.0170E-02    7.8130E+00   
 6.2922E+02    2.3264E+01    2.3379E+01    1.9568E+01    1.9888E+01    1.7795E+01    2.6810E+01    2.3677E+01    1.5399E+01    5.1274E+00    6.4971E+00    4.0170E-02    7.8400E+00   
 6.2972E+02    2.3268E+01    2.3355E+01    1.9576E+01    1.9888E+01    1.7812E+01    2.6810E+01    2.3682E+01    1.5399E+01    5.1274E+00    6.4971E+00    4.0170E-02    7.8130E+00   
 6.3023E+02    2.3268E+01    2.3388E+01    1.9696E+01    1.9894E+01    1.7814E+01    2.6801E+01    2.3699E+01    1.5393E+01    5.1274E+00    6.4971E+00    4.0170E-02    7.8668E+00   
 6.3073E+02    2.3275E+01    2.3410E+01    1.9764E+01    1.9883E+01    1.7814E+01    2.6807E+01    2.3699E+01    1.5397E+01    5.1274E+00    6.4971E+00    4.0170E-02    7.8130E+00   
 6.3135E+02    2.3302E+01    2.3383E+01    1.9857E+01    1.9882E+01    1.7814E+01    2.6778E+01    2.3695E+01    1.5382E+01    5.1274E+00    6.4971E+00    4.0170E-02    7.8668E+00   
 6.3185E+02    2.3298E+01    2.3412E+01    1.9873E+01    1.9887E+01    1.7823E+01    2.6801E+01    2.3717E+01    1.5378E+01    5.1274E+00    6.4971E+00    4.0170E-02    7.8130E+00   
 6.3235E+02    2.3294E+01    2.3412E+01    1.9887E+01    1.9894E+01    1.7840E+01    2.6801E+01    2.3722E+01    1.5377E+01    5.1274E+00    6.4971E+00    4.0170E-02    7.8668E+00   
 6.3285E+02    2.3308E+01    2.3427E+01    1.9959E+01    1.9910E+01    1.7854E+01    2.6800E+01    2.3725E+01    1.5377E+01    5.1274E+00    6.4971E+00    4.0170E-02    7.8668E+00   
 6.3345E+02    2.3293E+01    2.3431E+01    2.0022E+01    1.9897E+01    1.7839E+01    2.6780E+01    2.3734E+01    1.5363E+01    5.1274E+00    6.4971E+00    4.0170E-02    7.8668E+00   
 6.3395E+02    2.3293E+01    2.3421E+01    2.0044E+01    1.9875E+01    1.7850E+01    2.6756E+01    2.3747E+01    1.5371E+01    5.1274E+00    6.4971E+00    4.0170E-02    7.8400E+00   
 6.3445E+02    2.3290E+01    2.3418E+01    2.0044E+01    1.9866E+01    1.7850E+01    2.6746E+01    2.3747E+01    1.5363E+01    5.1274E+00    6.4971E+00    4.0170E-02    7.8400E+00   
 6.3495E+02    2.3309E+01    2.3418E+01    2.0053E+01    1.9877E+01    1.7843E+01    2.6751E+01    2.3770E+01    1.5349E+01    5.1274E+00    6.4971E+00    4.0170E-02    7.8400E+00   
 6.3556E+02    2.3301E+01    2.3439E+01    2.0066E+01    1.9838E+01    1.7858E+01    2.6761E+01    2.3797E+01    1.5370E+01    5.1274E+00    6.4971E+00    4.0170E-02    7.8130E+00   
 6.3606E+02    2.3286E+01    2.3423E+01    2.0097E+01    1.9834E+01    1.7870E+01    2.6761E+01    2.3838E+01    1.5370E+01    5.1274E+00    6.4971E+00    4.0170E-02    7.8400E+00   
 6.3656E+02    2.3288E+01    2.3403E+01    2.0036E+01    1.9834E+01    1.7888E+01    2.6774E+01    2.3852E+01    1.5386E+01    5.1274E+00    6.4971E+00    4.0170E-02    7.8400E+00   
 6.3706E+02    2.3288E+01    2.3413E+01    1.9976E+01    1.9838E+01    1.7888E+01    2.6779E+01    2.3854E+01    1.5379E+01    5.1274E+00    6.4971E+00    4.0170E-02    7.8400E+00   
 6.3763E+02    2.3312E+01    2.3407E+01    1.9937E+01    1.9845E+01    1.7904E+01    2.6755E+01    2.3869E+01    1.5399E+01    5.1274E+00    6.4971E+00    4.0170E-02    7.8400E+00   
 6.3813E+02    2.3279E+01    2.3416E+01    1.9937E+01    1.9849E+01    1.7917E+01    2.6765E+01    2.3884E+01    1.5396E+01    5.1274E+00    6.4971E+00    4.0170E-02    7.8130E+00   
 6.3863E+02    2.3296E+01    2.3416E+01    1.9947E+01    1.9839E+01    1.7944E+01    2.6781E+01    2.3907E+01    1.5416E+01    5.1274E+00    6.4971E+00    4.0170E-02    7.8400E+00   
 6.3913E+02    2.3291E+01    2.3402E+01    1.9940E+01    1.9839E+01    1.7939E+01    2.6768E+01    2.3915E+01    1.5416E+01    5.1274E+00    6.4971E+00    4.0170E-02    7.8130E+00   
 6.3972E+02    2.3315E+01    2.3417E+01    1.9887E+01    1.9872E+01    1.7943E+01    2.6757E+01    2.3934E+01    1.5426E+01    5.1274E+00    6.4971E+00    4.0170E-02    7.8400E+00   
 6.4022E+02    2.3315E+01    2.3419E+01    1.9802E+01    1.9857E+01    1.7950E+01    2.6760E+01    2.3938E+01    1.5421E+01    5.1274E+00    6.4971E+00    4.0170E-02    7.8130E+00   
 6.4072E+02    2.3287E+01    2.3422E+01    1.9802E+01    1.9828E+01    1.7950E+01    2.6745E+01    2.3938E+01    1.5430E+01    5.1274E+00    6.4971E+00    4.0170E-02    7.8400E+00   
 6.4122E+02    2.3308E+01    2.3409E+01    1.9677E+01    1.9868E+01    1.7960E+01    2.6738E+01    2.3954E+01    1.5420E+01    5.1274E+00    6.4971E+00    4.0170E-02    7.8130E+00   
 6.4181E+02    2.3318E+01    2.3424E+01    1.9660E+01    1.9881E+01    1.7966E+01    2.6727E+01    2.3984E+01    1.5418E+01    5.1274E+00    6.4971E+00    4.0170E-02    7.8400E+00   
 6.4231E+02    2.3324E+01    2.3434E+01    1.9683E+01    1.9863E+01    1.7954E+01    2.6727E+01    2.3996E+01    1.5418E+01    5.1478E+00    6.4971E+00    4.0170E-02    7.8400E+00   
# Time (s)      T1w (C)       T2w (C)       T1a (C)       T2a (C)       T1r (C)       T2r (C)       T3r (C)       T4r (C)       P1 (bar)      P2 (bar)      Ic (amp)      Qc (l/min)    
 6.4281E+02    2.3311E+01    2.3423E+01    1.9672E+01    1.9863E+01    1.7967E+01    2.6732E+01    2.3998E+01    1.5417E+01    5.1274E+00    6.4971E+00    4.0170E-02    7.8130E+00   
 6.4331E+02    2.3311E+01    2.3427E+01    1.9655E+01    1.9883E+01    1.7967E+01    2.6697E+01    2.4021E+01    1.5428E+01    5.1478E+00    6.4971E+00    4.0170E-02    7.8400E+00   
 6.4390E+02    2.3310E+01    2.3435E+01    1.9655E+01    1.9861E+01    1.7964E+01    2.6723E+01    2.4021E+01    1.5430E+01    5.1478E+00    6.4971E+00    4.0170E-02    7.8668E+00   
 6.4440E+02    2.3320E+01    2.3419E+01    1.9688E+01    1.9863E+01    1.7954E+01    2.6707E+01    2.4042E+01    1.5405E+01    5.1274E+00    6.4971E+00    4.0170E-02    7.8400E+00   
 6.4490E+02    2.3312E+01    2.3419E+01    1.9664E+01    1.9858E+01    1.8003E+01    2.6722E+01    2.4051E+01    1.5445E+01    5.1274E+00    6.4971E+00    4.0170E-02    7.8130E+00   
 6.4540E+02    2.3311E+01    2.3426E+01    1.9511E+01    1.9858E+01    1.7993E+01    2.6712E+01    2.4063E+01    1.5445E+01    5.1274E+00    6.4971E+00    3.5079E-02    7.8668E+00   
 6.4598E+02    2.3309E+01    2.3404E+01    1.9363E+01    1.9842E+01    1.7989E+01    2.6701E+01    2.4089E+01    1.5437E+01    5.1274E+00    6.4768E+00    4.0170E-02    7.8400E+00   
 6.4648E+02    2.3309E+01    2.3390E+01    1.9306E+01    1.9831E+01    1.7989E+01    2.6703E+01    2.4086E+01    1.5440E+01    5.1478E+00    6.4971E+00    4.0170E-02    7.8400E+00   
 6.4698E+02    2.3303E+01    2.3409E+01    1.9306E+01    1.9829E+01    1.8013E+01    2.6674E+01    2.4086E+01    1.5439E+01    5.1274E+00    6.4971E+00    4.0170E-02    7.8668E+00   
 6.4748E+02    2.3287E+01    2.3397E+01    1.9266E+01    1.9834E+01    1.8000E+01    2.6692E+01    2.4103E+01    1.5449E+01    5.1478E+00    6.4971E+00    4.0170E-02    7.8400E+00   
 6.4807E+02    2.3283E+01    2.3397E+01    1.9285E+01    1.9843E+01    1.8010E+01    2.6659E+01    2.4109E+01    1.5435E+01    5.1478E+00    6.4971E+00    4.0170E-02    7.8400E+00   
 6.4857E+02    2.3299E+01    2.3402E+01    1.9348E+01    1.9843E+01    1.8015E+01    2.6659E+01    2.4136E+01    1.5435E+01    5.1478E+00    6.4971E+00    4.0170E-02    7.8668E+00   
 6.4907E+02    2.3270E+01    2.3368E+01    1.9377E+01    1.9816E+01    1.8008E+01    2.6666E+01    2.4149E+01    1.5445E+01    5.1274E+00    6.4971E+00    4.0170E-02    7.8130E+00   
 6.4957E+02    2.3270E+01    2.3389E+01    1.9377E+01    1.9839E+01    1.8008E+01    2.6644E+01    2.4149E+01    1.5440E+01    5.1274E+00    6.4971E+00    4.0170E-02    7.8400E+00   
 6.5016E+02    2.3282E+01    2.3410E+01    1.9393E+01    1.9855E+01    1.8053E+01    2.6661E+01    2.4170E+01    1.5465E+01    5.1478E+00    6.4971E+00    4.0170E-02    7.8668E+00   
 6.5066E+02    2.3282E+01    2.3396E+01    1.9326E+01    1.9856E+01    1.8036E+01    2.6664E+01    2.4188E+01    1.5460E+01    5.1478E+00    6.4971E+00    4.0170E-02    7.8130E+00   
 6.5116E+02    2.3291E+01    2.3396E+01    1.9320E+01    1.9858E+01    1.8045E+01    2.6664E+01    2.4199E+01    1.5460E+01    5.1478E+00    6.4971E+00    4.0170E-02    7.8668E+00   
 6.5166E+02    2.3306E+01    2.3399E+01    1.9335E+01    1.9854E+01    1.8093E+01    2.6650E+01    2.4256E+01    1.5476E+01    5.1478E+00    6.4971E+00    4.0170E-02    7.8400E+00   
 6.5352E+02    2.3302E+01    2.3399E+01    1.9249E+01    1.9854E+01    1.8084E+01    2.6650E+01    2.4241E+01    1.5476E+01    5.1478E+00    6.4971E+00    4.0170E-02    7.8130E+00   
 6.5406E+02    2.3287E+01    2.3387E+01    1.9195E+01    1.9848E+01    1.8067E+01    2.6616E+01    2.4247E+01    1.5461E+01    5.1478E+00    6.4971E+00    4.0170E-02    7.8130E+00   
 6.5460E+02    2.3272E+01    2.3385E+01    1.9241E+01    1.9849E+01    1.8067E+01    2.6610E+01    2.4247E+01    1.5452E+01    5.1478E+00    6.4971E+00    4.0170E-02    7.8400E+00   
 6.5511E+02    2.3273E+01    2.3381E+01    1.9241E+01    1.9860E+01    1.8070E+01    2.6622E+01    2.4255E+01    1.5488E+01    5.1478E+00    6.4971E+00    4.0170E-02    7.8936E+00   
 6.5572E+02    2.3297E+01    2.3377E+01    1.9310E+01    1.9866E+01    1.8095E+01    2.6585E+01    2.4264E+01    1.5484E+01    5.1478E+00    6.4971E+00    4.0170E-02    7.8130E+00   
 6.5622E+02    2.3283E+01    2.3377E+01    1.9232E+01    1.9851E+01    1.8081E+01    2.6585E+01    2.4282E+01    1.5454E+01    5.1478E+00    6.4971E+00    4.0170E-02    7.8400E+00   
 6.5672E+02    2.3281E+01    2.3389E+01    1.9160E+01    1.9851E+01    1.8076E+01    2.6587E+01    2.4286E+01    1.5438E+01    5.1478E+00    6.4971E+00    4.0170E-02    7.8400E+00   
 6.5723E+02    2.3281E+01    2.3375E+01    1.9186E+01    1.9859E+01    1.8079E+01    2.6567E+01    2.4271E+01    1.5473E+01    5.1478E+00    6.4971E+00    4.0170E-02    7.8400E+00   
 6.5784E+02    2.3313E+01    2.3384E+01    1.9216E+01    1.9900E+01    1.8094E+01    2.6602E+01    2.4295E+01    1.5490E+01    5.1478E+00    6.4971E+00    4.0170E-02    7.8668E+00   
 6.5834E+02    2.3299E+01    2.3388E+01    1.9216E+01    1.9911E+01    1.8094E+01    2.6559E+01    2.4295E+01    1.5478E+01    5.1478E+00    6.4971E+00    4.0170E-02    7.8400E+00   
 6.5884E+02    2.3301E+01    2.3387E+01    1.9190E+01    1.9929E+01    1.8094E+01    2.6575E+01    2.4301E+01    1.5487E+01    5.1478E+00    6.4971E+00    4.0170E-02    7.8668E+00   
 6.5934E+02    2.3283E+01    2.3387E+01    1.9170E+01    1.9934E+01    1.8105E+01    2.6575E+01    2.4315E+01    1.5487E+01    5.1478E+00    6.4971E+00    4.0170E-02    7.8668E+00   
# Time (s)      T1w (C)       T2w (C)       T1a (C)       T2a (C)       T1r (C)       T2r (C)       T3r (C)       T4r (C)       P1 (bar)      P2 (bar)      Ic (amp)      Qc (l/min)    
 6.5994E+02    2.3293E+01    2.3393E+01    1.9082E+01    1.9924E+01    1.8106E+01    2.6550E+01    2.4299E+01    1.5471E+01    5.1478E+00    6.4971E+00    4.0170E-02    7.8668E+00   
 6.6044E+02    2.3279E+01    2.3389E+01    1.9012E+01    1.9924E+01    1.8109E+01    2.6558E+01    2.4296E+01    1.5465E+01    5.1478E+00    6.4971E+00    4.0170E-02    7.8668E+00   
 6.6094E+02    2.3279E+01    2.3395E+01    1.9109E+01    1.9936E+01    1.8125E+01    2.6541E+01    2.4307E+01    1.5474E+01    5.1478E+00    6.4971E+00    4.0170E-02    7.8130E+00   
 6.6144E+02    2.3286E+01    2.3395E+01    1.9109E+01    1.9935E+01    1.8135E+01    2.6528E+01    2.4307E+01    1.5498E+01    5.1478E+00    6.4971E+00    4.0170E-02    7.8668E+00   
 6.6203E+02    2.3280E+01    2.3394E+01    1.9058E+01    1.9927E+01    1.8089E+01    2.6508E+01    2.4295E+01    1.5495E+01    5.1478E+00    6.4971E+00    4.0170E-02    7.8668E+00   
 6.6253E+02    2.3290E+01    2.3394E+01    1.9089E+01    1.9905E+01    1.8107E+01    2.6509E+01    2.4308E+01    1.5481E+01    5.1478E+00    6.4971E+00    4.0170E-02    7.8400E+00   
 6.6303E+02    2.3290E+01    2.3379E+01    1.9120E+01    1.9905E+01    1.8108E+01    2.6494E+01    2.4298E+01    1.5465E+01    5.1478E+00    6.4971E+00    4.0170E-02    7.8130E+00   
 6.6353E+02    2.3292E+01    2.3375E+01    1.9022E+01    1.9908E+01    1.8112E+01    2.6473E+01    2.4308E+01    1.5470E+01    5.1478E+00    6.4971E+00    4.0170E-02    7.7860E+00   
 6.6413E+02    2.3292E+01    2.3375E+01    1.8941E+01    1.9924E+01    1.8105E+01    2.6484E+01    2.4324E+01    1.5454E+01    5.1478E+00    6.4971E+00    4.0170E-02    7.8130E+00   
 6.6463E+02    2.3281E+01    2.3371E+01    1.8903E+01    1.9910E+01    1.8105E+01    2.6464E+01    2.4324E+01    1.5471E+01    5.1478E+00    6.4971E+00    4.0170E-02    7.8668E+00   
 6.6513E+02    2.3288E+01    2.3384E+01    1.8903E+01    1.9888E+01    1.8090E+01    2.6454E+01    2.4294E+01    1.5444E+01    5.1478E+00    6.4971E+00    4.0170E-02    7.8400E+00   
 6.6563E+02    2.3290E+01    2.3384E+01    1.8847E+01    1.9904E+01    1.8102E+01    2.6454E+01    2.4297E+01    1.5463E+01    5.1478E+00    6.4971E+00    4.0170E-02    7.8400E+00   
 6.6621E+02    2.3282E+01    2.3374E+01    1.8828E+01    1.9896E+01    1.8111E+01    2.6460E+01    2.4316E+01    1.5478E+01    5.1478E+00    6.4971E+00    4.0170E-02    7.8400E+00   
 6.6671E+02    2.3292E+01    2.3379E+01    1.8824E+01    1.9896E+01    1.8131E+01    2.6451E+01    2.4303E+01    1.5465E+01    5.1478E+00    6.4971E+00    3.5079E-02    7.8400E+00   
 6.6721E+02    2.3292E+01    2.3389E+01    1.8820E+01    1.9900E+01    1.8131E+01    2.6433E+01    2.4303E+01    1.5493E+01    5.1478E+00    6.4971E+00    4.0170E-02    7.8668E+00   
 6.6772E+02    2.3282E+01    2.3386E+01    1.8820E+01    1.9909E+01    1.8126E+01    2.6433E+01    2.4303E+01    1.5479E+01    5.1478E+00    6.4768E+00    4.0170E-02    7.8130E+00   
 6.6832E+02    2.3287E+01    2.3378E+01    1.8925E+01    1.9889E+01    1.8134E+01    2.6427E+01    2.4338E+01    1.5500E+01    5.1478E+00    6.4971E+00    4.0170E-02    7.8668E+00   
 6.6882E+02    2.3278E+01    2.3378E+01    1.9016E+01    1.9875E+01    1.8151E+01    2.6433E+01    2.4323E+01    1.5496E+01    5.1478E+00    6.4971E+00    4.0170E-02    7.8130E+00   
 6.6932E+02    2.3290E+01    2.3365E+01    1.9045E+01    1.9875E+01    1.8161E+01    2.6433E+01    2.4327E+01    1.5496E+01    5.1478E+00    6.4971E+00    4.0170E-02    7.8668E+00   
 6.6982E+02    2.3280E+01    2.3367E+01    1.9091E+01    1.9901E+01    1.8132E+01    2.6411E+01    2.4317E+01    1.5501E+01    5.1478E+00    6.4768E+00    4.0170E-02    7.8400E+00   
 6.7043E+02    2.3280E+01    2.3382E+01    1.9172E+01    1.9903E+01    1.8133E+01    2.6390E+01    2.4317E+01    1.5501E+01    5.1478E+00    6.4971E+00    4.0170E-02    7.8400E+00   
 6.7093E+02    2.3279E+01    2.3383E+01    1.9205E+01    1.9875E+01    1.8133E+01    2.6396E+01    2.4317E+01    1.5494E+01    5.1478E+00    6.4971E+00    4.0170E-02    7.8130E+00   
 6.7143E+02    2.3270E+01    2.3400E+01    1.9205E+01    1.9881E+01    1.8144E+01    2.6391E+01    2.4309E+01    1.5490E+01    5.1478E+00    6.4971E+00    4.0170E-02    7.8400E+00   
 6.7193E+02    2.3294E+01    2.3400E+01    1.9244E+01    1.9893E+01    1.8123E+01    2.6375E+01    2.4304E+01    1.5485E+01    5.1478E+00    6.4971E+00    4.0170E-02    7.8400E+00   
 6.7252E+02    2.3302E+01    2.3376E+01    1.9314E+01    1.9883E+01    1.8147E+01    2.6346E+01    2.4291E+01    1.5485E+01    5.1478E+00    6.4971E+00    4.0170E-02    7.8130E+00   
 6.7302E+02    2.3289E+01    2.3357E+01    1.9434E+01    1.9883E+01    1.8147E+01    2.6352E+01    2.4295E+01    1.5473E+01    5.1478E+00    6.4971E+00    4.0170E-02    7.8130E+00   
 6.7352E+02    2.3289E+01    2.3373E+01    1.9470E+01    1.9887E+01    1.8147E+01    2.6342E+01    2.4283E+01    1.5476E+01    5.1478E+00    6.4971E+00    4.0170E-02    7.8130E+00   
 6.7402E+02    2.3271E+01    2.3374E+01    1.9470E+01    1.9895E+01    1.8141E+01    2.6337E+01    2.4283E+01    1.5467E+01    5.1478E+00    6.4971E+00    4.0170E-02    7.8668E+00   
 6.7463E+02    2.3283E+01    2.3360E+01    1.9508E+01    1.9872E+01    1.8148E+01    2.6326E+01    2.4282E+01    1.5488E+01    5.1478E+00    6.4971E+00    4.0170E-02    7.8130E+00   
 6.7513E+02    2.3284E+01    2.3360E+01    1.9583E+01    1.9875E+01    1.8157E+01    2.6336E+01    2.4284E+01    1.5504E+01    5.1478E+00    6.4971E+00    4.0170E-02    7.8668E+00   
# Time (s)      T1w (C)       T2w (C)       T1a (C)       T2a (C)       T1r (C)       T2r (C)       T3r (C)       T4r (C)       P1 (bar)      P2 (bar)      Ic (amp)      Qc (l/min)    
 6.7563E+02    2.3279E+01    2.3372E+01    1.9507E+01    1.9874E+01    1.8140E+01    2.6336E+01    2.4270E+01    1.5504E+01    5.1478E+00    6.4971E+00    4.0170E-02    7.8130E+00   
 6.7613E+02    2.3299E+01    2.3400E+01    1.9555E+01    1.9889E+01    1.8163E+01    2.6320E+01    2.4274E+01    1.5498E+01    5.1682E+00    6.4971E+00    4.0170E-02    7.8668E+00   
 6.7673E+02    2.3290E+01    2.3387E+01    1.9452E+01    1.9901E+01    1.8157E+01    2.6304E+01    2.4270E+01    1.5482E+01    5.1682E+00    6.4768E+00    4.0170E-02    7.8400E+00   
 6.7724E+02    2.3305E+01    2.3407E+01    1.9434E+01    1.9896E+01    1.8173E+01    2.6324E+01    2.4285E+01    1.5520E+01    5.1682E+00    6.4971E+00    4.0170E-02    7.8668E+00   
 6.7774E+02    2.3293E+01    2.3401E+01    1.9434E+01    1.9901E+01    1.8165E+01    2.6313E+01    2.4258E+01    1.5504E+01    5.1682E+00    6.4971E+00    4.0170E-02    7.8668E+00   
