# Run number  4 on Tue 2026-05-26T10:05:11 BST
# Time (s)      T1w (C)       T2w (C)       T1a (C)       T2a (C)       T1r (C)       T2r (C)       T3r (C)       T4r (C)       P1 (bar)      P2 (bar)      Ic (amp)      Qc (l/min)    
 2.9382E-01    6.0371E+01    6.7711E+01    2.5527E+01    2.2580E+01    1.7617E+01    8.4284E+01    6.2842E+01    2.0117E+01    5.3111E+00    2.2419E+01    7.4916E+00    1.0016E+01   
 9.9426E-01    6.0363E+01    6.7720E+01    2.5749E+01    2.2469E+01    1.7596E+01    8.4267E+01    6.2825E+01    2.0118E+01    5.2906E+00    2.2520E+01    7.4306E+00    1.0016E+01   
 1.4946E+00    6.0345E+01    6.7680E+01    2.5733E+01    2.2480E+01    1.7580E+01    8.4281E+01    6.2825E+01    2.0130E+01    5.2906E+00    2.2541E+01    7.6393E+00    1.0225E+01   
 1.9949E+00    6.0348E+01    6.7680E+01    2.5769E+01    2.2491E+01    1.7596E+01    8.4281E+01    6.2843E+01    2.0126E+01    5.3111E+00    2.2276E+01    7.3542E+00    9.9092E+00   
 2.5311E+00    6.0364E+01    6.7716E+01    2.5680E+01    2.2501E+01    1.7606E+01    8.4279E+01    6.2832E+01    2.0126E+01    5.3111E+00    2.2419E+01    7.3084E+00    1.0121E+01   
 3.0314E+00    6.0364E+01    6.7730E+01    2.5501E+01    2.2501E+01    1.7595E+01    8.4304E+01    6.2823E+01    2.0127E+01    5.3111E+00    2.2439E+01    7.3796E+00    1.0121E+01   
 3.5317E+00    6.0381E+01    6.7740E+01    2.5301E+01    2.2462E+01    1.7595E+01    8.4311E+01    6.2843E+01    2.0126E+01    5.2906E+00    2.2439E+01    7.5324E+00    1.0121E+01   
 4.0320E+00    6.0379E+01    6.7729E+01    2.5285E+01    2.2452E+01    1.7569E+01    8.4315E+01    6.2843E+01    2.0123E+01    5.2906E+00    2.2419E+01    7.3135E+00    1.0121E+01   
 4.6034E+00    6.0372E+01    6.7729E+01    2.5110E+01    2.2477E+01    1.7564E+01    8.4326E+01    6.2832E+01    2.0139E+01    5.2906E+00    2.2541E+01    7.3135E+00    1.0225E+01   
 5.1037E+00    6.0380E+01    6.7743E+01    2.5019E+01    2.2530E+01    1.7577E+01    8.4326E+01    6.2845E+01    2.0125E+01    5.3111E+00    2.2561E+01    7.3338E+00    1.0121E+01   
 5.6039E+00    6.0383E+01    6.7737E+01    2.5323E+01    2.2530E+01    1.7555E+01    8.4323E+01    6.2839E+01    2.0125E+01    5.3111E+00    2.2541E+01    7.3695E+00    1.0225E+01   
 6.1045E+00    6.0369E+01    6.7730E+01    2.5321E+01    2.2494E+01    1.7571E+01    8.4325E+01    6.2865E+01    2.0135E+01    5.3111E+00    2.2276E+01    7.4153E+00    1.0121E+01   
 6.7080E+00    6.0382E+01    6.7739E+01    2.5188E+01    2.2569E+01    1.7586E+01    8.4368E+01    6.2868E+01    2.0135E+01    5.2906E+00    2.2398E+01    7.5884E+00    9.9092E+00   
 7.2085E+00    6.0363E+01    6.7719E+01    2.5172E+01    2.2532E+01    1.7570E+01    8.4358E+01    6.2868E+01    2.0140E+01    5.2906E+00    2.2296E+01    7.5527E+00    1.0121E+01   
 7.7090E+00    6.0383E+01    6.7719E+01    2.5113E+01    2.2477E+01    1.7553E+01    8.4356E+01    6.2891E+01    2.0128E+01    5.3111E+00    2.2439E+01    7.3186E+00    1.0016E+01   
 8.2093E+00    6.0390E+01    6.7749E+01    2.5352E+01    2.2483E+01    1.7596E+01    8.4356E+01    6.2878E+01    2.0163E+01    5.2906E+00    2.2459E+01    7.3338E+00    1.0225E+01   
 8.7799E+00    6.0392E+01    6.7747E+01    2.5394E+01    2.2483E+01    1.7574E+01    8.4390E+01    6.2877E+01    2.0163E+01    5.2906E+00    2.2581E+01    7.4560E+00    1.0121E+01   
 9.2802E+00    6.0392E+01    6.7754E+01    2.5516E+01    2.2614E+01    1.7539E+01    8.4401E+01    6.2893E+01    2.0163E+01    5.2906E+00    2.2459E+01    7.5069E+00    9.9092E+00   
 9.7806E+00    6.0398E+01    6.7754E+01    2.5358E+01    2.2572E+01    1.7539E+01    8.4424E+01    6.2895E+01    2.0129E+01    5.2906E+00    2.2602E+01    7.3186E+00    1.0121E+01   
 1.0281E+01    6.0407E+01    6.7754E+01    2.5358E+01    2.2576E+01    1.7524E+01    8.4405E+01    6.2895E+01    2.0144E+01    5.2906E+00    2.2419E+01    7.3033E+00    1.0121E+01   
 1.0900E+01    6.0392E+01    6.7754E+01    2.5211E+01    2.2503E+01    1.7541E+01    8.4396E+01    6.2917E+01    2.0141E+01    5.2906E+00    2.2459E+01    7.4407E+00    1.0016E+01   
 1.1401E+01    6.0390E+01    6.7761E+01    2.5134E+01    2.2576E+01    1.7547E+01    8.4410E+01    6.2931E+01    2.0154E+01    5.3111E+00    2.2541E+01    7.3644E+00    1.0225E+01   
 1.1901E+01    6.0393E+01    6.7760E+01    2.5128E+01    2.2576E+01    1.7578E+01    8.4402E+01    6.2925E+01    2.0154E+01    5.3111E+00    2.2602E+01    7.5629E+00    1.0016E+01   
 1.2401E+01    6.0393E+01    6.7753E+01    2.5324E+01    2.2534E+01    1.7594E+01    8.4435E+01    6.2950E+01    2.0181E+01    5.3111E+00    2.2581E+01    7.3186E+00    1.0016E+01   
 1.2981E+01    6.0393E+01    6.7765E+01    2.5230E+01    2.2558E+01    1.7631E+01    8.4451E+01    6.2948E+01    2.0185E+01    5.2906E+00    2.2561E+01    7.3186E+00    1.0121E+01   
 1.3481E+01    6.0403E+01    6.7763E+01    2.5230E+01    2.2561E+01    1.7638E+01    8.4475E+01    6.2963E+01    2.0195E+01    5.2906E+00    2.2459E+01    7.5273E+00    1.0121E+01   
 1.3981E+01    6.0421E+01    6.7763E+01    2.5195E+01    2.2647E+01    1.7629E+01    8.4475E+01    6.2965E+01    2.0204E+01    5.3111E+00    2.2541E+01    7.3287E+00    1.0016E+01   
 1.4482E+01    6.0452E+01    6.7777E+01    2.5136E+01    2.2654E+01    1.7630E+01    8.4497E+01    6.2968E+01    2.0224E+01    5.3111E+00    2.2419E+01    7.3949E+00    1.0121E+01   
 1.5093E+01    6.0439E+01    6.7797E+01    2.5089E+01    2.2589E+01    1.7647E+01    8.4492E+01    6.2978E+01    2.0224E+01    5.3111E+00    2.2317E+01    7.4866E+00    1.0121E+01   
 1.5593E+01    6.0453E+01    6.7809E+01    2.5130E+01    2.2605E+01    1.7656E+01    8.4483E+01    6.2968E+01    2.0227E+01    5.3111E+00    2.2317E+01    7.3135E+00    1.0225E+01   
# Time (s)      T1w (C)       T2w (C)       T1a (C)       T2a (C)       T1r (C)       T2r (C)       T3r (C)       T4r (C)       P1 (bar)      P2 (bar)      Ic (amp)      Qc (l/min)    
 1.6093E+01    6.0465E+01    6.7823E+01    2.5104E+01    2.2673E+01    1.7656E+01    8.4493E+01    6.2974E+01    2.0227E+01    5.3111E+00    2.2317E+01    7.6087E+00    1.0016E+01   
 1.6594E+01    6.0494E+01    6.7820E+01    2.5120E+01    2.2637E+01    1.7665E+01    8.4509E+01    6.2974E+01    2.0232E+01    5.3111E+00    2.2378E+01    7.5476E+00    1.0016E+01   
 1.7165E+01    6.0493E+01    6.7820E+01    2.5147E+01    2.2574E+01    1.7698E+01    8.4501E+01    6.2993E+01    2.0245E+01    5.3111E+00    2.2480E+01    7.3593E+00    1.0121E+01   
 1.7665E+01    6.0498E+01    6.7835E+01    2.5232E+01    2.2563E+01    1.7723E+01    8.4501E+01    6.2998E+01    2.0251E+01    5.3111E+00    2.2561E+01    7.3440E+00    1.0121E+01   
 1.8166E+01    6.0469E+01    6.7819E+01    2.5356E+01    2.2548E+01    1.7731E+01    8.4519E+01    6.2995E+01    2.0251E+01    5.3111E+00    2.2480E+01    7.3287E+00    1.0016E+01   
 1.8666E+01    6.0469E+01    6.7829E+01    2.5597E+01    2.2515E+01    1.7731E+01    8.4517E+01    6.3001E+01    2.0238E+01    5.3315E+00    2.2541E+01    7.6393E+00    1.0121E+01   
 1.9261E+01    6.0474E+01    6.7829E+01    2.5776E+01    2.2571E+01    1.7792E+01    8.4520E+01    6.3008E+01    2.0263E+01    5.3111E+00    2.2602E+01    7.3287E+00    1.0016E+01   
 1.9762E+01    6.0491E+01    6.7845E+01    2.5776E+01    2.2594E+01    1.7786E+01    8.4546E+01    6.3008E+01    2.0281E+01    5.3315E+00    2.2643E+01    7.5629E+00    1.0016E+01   
 2.0262E+01    6.0494E+01    6.7845E+01    2.5783E+01    2.2518E+01    1.7768E+01    8.4546E+01    6.3018E+01    2.0272E+01    5.3111E+00    2.2602E+01    7.3898E+00    1.0121E+01   
 2.0762E+01    6.0512E+01    6.7846E+01    2.5704E+01    2.2438E+01    1.7726E+01    8.4526E+01    6.3007E+01    2.0281E+01    5.3111E+00    2.2500E+01    7.3389E+00    1.0121E+01   
 2.1334E+01    6.0531E+01    6.7865E+01    2.5789E+01    2.2454E+01    1.7715E+01    8.4529E+01    6.3018E+01    2.0281E+01    5.3111E+00    2.2520E+01    7.3847E+00    1.0121E+01   
 2.1834E+01    6.0531E+01    6.7876E+01    2.5869E+01    2.2465E+01    1.7715E+01    8.4531E+01    6.3032E+01    2.0284E+01    5.3111E+00    2.2317E+01    7.4255E+00    1.0121E+01   
 2.2334E+01    6.0553E+01    6.7885E+01    2.5783E+01    2.2470E+01    1.7692E+01    8.4546E+01    6.3046E+01    2.0291E+01    5.3111E+00    2.2439E+01    7.3338E+00    1.0016E+01   
 2.2834E+01    6.0562E+01    6.7885E+01    2.5783E+01    2.2502E+01    1.7669E+01    8.4558E+01    6.3036E+01    2.0303E+01    5.3111E+00    2.2358E+01    7.3287E+00    1.0016E+01   
 2.3438E+01    6.0553E+01    6.7885E+01    2.5612E+01    2.2473E+01    1.7662E+01    8.4542E+01    6.3042E+01    2.0309E+01    5.3111E+00    2.2378E+01    7.6495E+00    1.0121E+01   
 2.3939E+01    6.0557E+01    6.7900E+01    2.5639E+01    2.2584E+01    1.7677E+01    8.4542E+01    6.3056E+01    2.0287E+01    5.3315E+00    2.2500E+01    7.5680E+00    1.0016E+01   
 2.4439E+01    6.0557E+01    6.7898E+01    2.5673E+01    2.2584E+01    1.7693E+01    8.4561E+01    6.3062E+01    2.0303E+01    5.3111E+00    2.2358E+01    7.3898E+00    1.0121E+01   
 2.4939E+01    6.0570E+01    6.7900E+01    2.5816E+01    2.2565E+01    1.7693E+01    8.4544E+01    6.3081E+01    2.0331E+01    5.3111E+00    2.2398E+01    7.6495E+00    1.0016E+01   
 2.5510E+01    6.0557E+01    6.7905E+01    2.5853E+01    2.2518E+01    1.7747E+01    8.4551E+01    6.3092E+01    2.0347E+01    5.3315E+00    2.2378E+01    7.6291E+00    1.0016E+01   
 2.6011E+01    6.0566E+01    6.7911E+01    2.5853E+01    2.2495E+01    1.7769E+01    8.4547E+01    6.3092E+01    2.0348E+01    5.3315E+00    2.2358E+01    7.6647E+00    1.0121E+01   
 2.6511E+01    6.0575E+01    6.7911E+01    2.5858E+01    2.2494E+01    1.7799E+01    8.4547E+01    6.3098E+01    2.0353E+01    5.3315E+00    2.2378E+01    7.3542E+00    1.0121E+01   
 2.7011E+01    6.0575E+01    6.7928E+01    2.5999E+01    2.2494E+01    1.7767E+01    8.4553E+01    6.3096E+01    2.0353E+01    5.3111E+00    2.2398E+01    7.3746E+00    1.0121E+01   
 2.7607E+01    6.0574E+01    6.7909E+01    2.6041E+01    2.2471E+01    1.7697E+01    8.4533E+01    6.3068E+01    2.0340E+01    5.3111E+00    2.2419E+01    7.4611E+00    1.0121E+01   
 2.8107E+01    6.0574E+01    6.7921E+01    2.6024E+01    2.2539E+01    1.7697E+01    8.4548E+01    6.3081E+01    2.0334E+01    5.3111E+00    2.2459E+01    7.3287E+00    1.0121E+01   
 2.8607E+01    6.0568E+01    6.7926E+01    2.5819E+01    2.2588E+01    1.7676E+01    8.4568E+01    6.3081E+01    2.0333E+01    5.3111E+00    2.2378E+01    7.3491E+00    1.0121E+01   
 2.9108E+01    6.0568E+01    6.7926E+01    2.5819E+01    2.2567E+01    1.7671E+01    8.4566E+01    6.3074E+01    2.0337E+01    5.3111E+00    2.2581E+01    7.5476E+00    1.0225E+01   
 2.9687E+01    6.0566E+01    6.7916E+01    2.5737E+01    2.2612E+01    1.7694E+01    8.4566E+01    6.3069E+01    2.0338E+01    5.3111E+00    2.2378E+01    7.3542E+00    1.0121E+01   
 3.0188E+01    6.0557E+01    6.7941E+01    2.5788E+01    2.2533E+01    1.7698E+01    8.4577E+01    6.3078E+01    2.0320E+01    5.3111E+00    2.2602E+01    7.6596E+00    1.0016E+01   
 3.0688E+01    6.0557E+01    6.7947E+01    2.5850E+01    2.2533E+01    1.7662E+01    8.4570E+01    6.3058E+01    2.0320E+01    5.3111E+00    2.2378E+01    7.6240E+00    1.0121E+01   
 3.1188E+01    6.0562E+01    6.7945E+01    2.5914E+01    2.2583E+01    1.7662E+01    8.4536E+01    6.3054E+01    2.0315E+01    5.3111E+00    2.2683E+01    7.5629E+00    1.0225E+01   
# Time (s)      T1w (C)       T2w (C)       T1a (C)       T2a (C)       T1r (C)       T2r (C)       T3r (C)       T4r (C)       P1 (bar)      P2 (bar)      Ic (amp)      Qc (l/min)    
 3.1799E+01    6.0576E+01    6.7946E+01    2.5869E+01    2.2559E+01    1.7664E+01    8.4546E+01    6.3065E+01    2.0318E+01    5.3111E+00    2.2378E+01    7.6495E+00    1.0225E+01   
 3.2299E+01    6.0575E+01    6.7971E+01    2.5869E+01    2.2505E+01    1.7641E+01    8.4537E+01    6.3050E+01    2.0305E+01    5.3111E+00    2.2602E+01    7.3644E+00    1.0121E+01   
 3.2800E+01    6.0593E+01    6.7971E+01    2.5872E+01    2.2556E+01    1.7658E+01    8.4537E+01    6.3055E+01    2.0311E+01    5.3111E+00    2.2500E+01    7.6444E+00    1.0016E+01   
 3.3300E+01    6.0599E+01    6.7969E+01    2.5824E+01    2.2532E+01    1.7639E+01    8.4540E+01    6.3043E+01    2.0295E+01    5.3111E+00    2.2622E+01    7.6036E+00    1.0225E+01   
 3.3879E+01    6.0614E+01    6.7970E+01    2.5696E+01    2.2532E+01    1.7649E+01    8.4534E+01    6.3048E+01    2.0292E+01    5.3315E+00    2.2541E+01    7.6240E+00    1.0121E+01   
 3.4380E+01    6.0614E+01    6.7992E+01    2.5464E+01    2.2557E+01    1.7649E+01    8.4563E+01    6.3050E+01    2.0281E+01    5.3315E+00    2.2622E+01    7.5782E+00    1.0016E+01   
 3.4880E+01    6.0604E+01    6.7987E+01    2.5464E+01    2.2610E+01    1.7666E+01    8.4571E+01    6.3050E+01    2.0312E+01    5.3111E+00    2.2500E+01    7.5018E+00    1.0121E+01   
 3.5380E+01    6.0615E+01    6.7987E+01    2.5363E+01    2.2541E+01    1.7661E+01    8.4593E+01    6.3058E+01    2.0300E+01    5.3111E+00    2.2622E+01    7.6240E+00    1.0121E+01   
 3.5992E+01    6.0623E+01    6.7987E+01    2.5231E+01    2.2581E+01    1.7665E+01    8.4593E+01    6.3059E+01    2.0296E+01    5.3315E+00    2.2683E+01    7.4713E+00    1.0016E+01   
 3.6492E+01    6.0627E+01    6.8009E+01    2.5085E+01    2.2594E+01    1.7653E+01    8.4592E+01    6.3061E+01    2.0290E+01    5.3111E+00    2.2602E+01    7.3847E+00    1.0225E+01   
 3.6992E+01    6.0627E+01    6.8003E+01    2.5052E+01    2.2594E+01    1.7635E+01    8.4612E+01    6.3066E+01    2.0290E+01    5.3111E+00    2.2622E+01    7.4967E+00    1.0121E+01   
 3.7492E+01    6.0629E+01    6.8003E+01    2.5070E+01    2.2623E+01    1.7635E+01    8.4594E+01    6.3064E+01    2.0288E+01    5.3111E+00    2.2561E+01    7.6545E+00    1.0225E+01   
 3.8064E+01    6.0638E+01    6.8000E+01    2.5128E+01    2.2588E+01    1.7597E+01    8.4592E+01    6.3064E+01    2.0292E+01    5.3111E+00    2.2398E+01    7.5120E+00    1.0121E+01   
 3.8564E+01    6.0656E+01    6.8009E+01    2.5144E+01    2.2550E+01    1.7608E+01    8.4594E+01    6.3065E+01    2.0298E+01    5.3111E+00    2.2480E+01    7.4255E+00    1.0121E+01   
 3.9065E+01    6.0654E+01    6.8009E+01    2.5062E+01    2.2608E+01    1.7617E+01    8.4594E+01    6.3076E+01    2.0301E+01    5.3111E+00    2.2398E+01    7.6545E+00    1.0121E+01   
 3.9565E+01    6.0676E+01    6.8030E+01    2.5115E+01    2.2624E+01    1.7608E+01    8.4603E+01    6.3076E+01    2.0301E+01    5.3111E+00    2.2500E+01    7.6749E+00    1.0225E+01   
 4.0169E+01    6.0684E+01    6.8029E+01    2.5096E+01    2.2714E+01    1.7607E+01    8.4621E+01    6.3065E+01    2.0288E+01    5.3111E+00    2.2683E+01    7.3593E+00    1.0016E+01   
 4.0669E+01    6.0684E+01    6.8024E+01    2.5090E+01    2.2573E+01    1.7607E+01    8.4608E+01    6.3075E+01    2.0279E+01    5.3111E+00    2.2663E+01    7.3746E+00    1.0225E+01   
 4.1169E+01    6.0689E+01    6.8035E+01    2.5094E+01    2.2578E+01    1.7599E+01    8.4599E+01    6.3075E+01    2.0280E+01    5.3111E+00    2.2561E+01    7.6495E+00    1.0121E+01   
 4.1669E+01    6.0699E+01    6.8050E+01    2.5110E+01    2.2653E+01    1.7571E+01    8.4584E+01    6.3082E+01    2.0267E+01    5.3111E+00    2.2561E+01    7.3440E+00    1.0016E+01   
 4.2241E+01    6.0702E+01    6.8060E+01    2.5276E+01    2.2707E+01    1.7550E+01    8.4584E+01    6.3070E+01    2.0263E+01    5.3111E+00    2.2398E+01    7.3389E+00    1.0016E+01   
 4.2741E+01    6.0698E+01    6.8055E+01    2.5342E+01    2.2713E+01    1.7563E+01    8.4572E+01    6.3091E+01    2.0263E+01    5.3111E+00    2.2561E+01    7.3440E+00    1.0016E+01   
 4.3241E+01    6.0698E+01    6.8069E+01    2.5386E+01    2.2713E+01    1.7575E+01    8.4563E+01    6.3093E+01    2.0263E+01    5.3111E+00    2.2419E+01    7.4815E+00    1.0016E+01   
 4.3741E+01    6.0711E+01    6.8070E+01    2.5581E+01    2.2646E+01    1.7575E+01    8.4558E+01    6.3094E+01    2.0279E+01    5.3111E+00    2.2561E+01    7.3898E+00    1.0016E+01   
 4.4321E+01    6.0738E+01    6.8082E+01    2.5782E+01    2.2672E+01    1.7571E+01    8.4581E+01    6.3094E+01    2.0259E+01    5.3111E+00    2.2419E+01    7.4255E+00    1.0121E+01   
 4.4821E+01    6.0748E+01    6.8082E+01    2.5782E+01    2.2670E+01    1.7549E+01    8.4585E+01    6.3104E+01    2.0260E+01    5.3111E+00    2.2459E+01    7.3542E+00    1.0121E+01   
 4.5321E+01    6.0750E+01    6.8091E+01    2.5936E+01    2.2747E+01    1.7577E+01    8.4585E+01    6.3101E+01    2.0273E+01    5.3111E+00    2.2419E+01    7.4916E+00    1.0121E+01   
 4.5822E+01    6.0738E+01    6.8087E+01    2.6225E+01    2.2747E+01    1.7603E+01    8.4590E+01    6.3098E+01    2.0273E+01    5.3111E+00    2.2622E+01    7.6495E+00    1.0225E+01   
 4.6402E+01    6.0724E+01    6.8070E+01    2.6385E+01    2.2766E+01    1.7629E+01    8.4607E+01    6.3102E+01    2.0291E+01    5.3111E+00    2.2643E+01    7.3542E+00    1.0121E+01   
 4.6902E+01    6.0743E+01    6.8087E+01    2.6499E+01    2.2792E+01    1.7629E+01    8.4592E+01    6.3082E+01    2.0267E+01    5.3111E+00    2.2724E+01    7.5884E+00    1.0121E+01   
# Time (s)      T1w (C)       T2w (C)       T1a (C)       T2a (C)       T1r (C)       T2r (C)       T3r (C)       T4r (C)       P1 (bar)      P2 (bar)      Ic (amp)      Qc (l/min)    
 4.7402E+01    6.0735E+01    6.8090E+01    2.6499E+01    2.2790E+01    1.7633E+01    8.4587E+01    6.3082E+01    2.0272E+01    5.3111E+00    2.2439E+01    7.6698E+00    1.0016E+01   
 4.7903E+01    6.0743E+01    6.8090E+01    2.6410E+01    2.2841E+01    1.7608E+01    8.4587E+01    6.3100E+01    2.0277E+01    5.3111E+00    2.2581E+01    7.3949E+00    1.0225E+01   
 4.8497E+01    6.0724E+01    6.8064E+01    2.6354E+01    2.2829E+01    1.7600E+01    8.4581E+01    6.3086E+01    2.0268E+01    5.3111E+00    2.2561E+01    7.4102E+00    1.0016E+01   
 4.8998E+01    6.0713E+01    6.8068E+01    2.6446E+01    2.2770E+01    1.7612E+01    8.4604E+01    6.3103E+01    2.0268E+01    5.3111E+00    2.2459E+01    7.6800E+00    1.0016E+01   
 4.9498E+01    6.0699E+01    6.8046E+01    2.6503E+01    2.2755E+01    1.7612E+01    8.4597E+01    6.3096E+01    2.0300E+01    5.3315E+00    2.2622E+01    7.4000E+00    1.0121E+01   
 4.9998E+01    6.0717E+01    6.8064E+01    2.6351E+01    2.2722E+01    1.7634E+01    8.4623E+01    6.3110E+01    2.0296E+01    5.3111E+00    2.2459E+01    7.4560E+00    1.0016E+01   
 5.0570E+01    6.0741E+01    6.8083E+01    2.6366E+01    2.2827E+01    1.7643E+01    8.4622E+01    6.3110E+01    2.0303E+01    5.3111E+00    2.2581E+01    7.6647E+00    1.0016E+01   
 5.1070E+01    6.0735E+01    6.8083E+01    2.6265E+01    2.2826E+01    1.7616E+01    8.4626E+01    6.3102E+01    2.0299E+01    5.3315E+00    2.2683E+01    7.7004E+00    1.0121E+01   
 5.1570E+01    6.0728E+01    6.8084E+01    2.6175E+01    2.2768E+01    1.7596E+01    8.4626E+01    6.3098E+01    2.0317E+01    5.3315E+00    2.2561E+01    7.6240E+00    1.0016E+01   
 5.2071E+01    6.0728E+01    6.8074E+01    2.5891E+01    2.2768E+01    1.7630E+01    8.4595E+01    6.3100E+01    2.0317E+01    5.3111E+00    2.2683E+01    7.4713E+00    1.0225E+01   
 5.2666E+01    6.0745E+01    6.8076E+01    2.5855E+01    2.2838E+01    1.7638E+01    8.4586E+01    6.3129E+01    2.0289E+01    5.3315E+00    2.2683E+01    7.4102E+00    1.0121E+01   
 5.3166E+01    6.0733E+01    6.8101E+01    2.5895E+01    2.2690E+01    1.7638E+01    8.4592E+01    6.3121E+01    2.0291E+01    5.3315E+00    2.2704E+01    7.3695E+00    1.0016E+01   
 5.3666E+01    6.0761E+01    6.8097E+01    2.5910E+01    2.2742E+01    1.7648E+01    8.4574E+01    6.3121E+01    2.0304E+01    5.3315E+00    2.2683E+01    7.6749E+00    1.0121E+01   
 5.4167E+01    6.0756E+01    6.8097E+01    2.5932E+01    2.2748E+01    1.7663E+01    8.4574E+01    6.3123E+01    2.0288E+01    5.3111E+00    2.2744E+01    7.3949E+00    1.0016E+01   
 5.4738E+01    6.0766E+01    6.8104E+01    2.5697E+01    2.2699E+01    1.7686E+01    8.4572E+01    6.3129E+01    2.0298E+01    5.3315E+00    2.2683E+01    7.3593E+00    1.0121E+01   
 5.5238E+01    6.0766E+01    6.8116E+01    2.5655E+01    2.2699E+01    1.7691E+01    8.4574E+01    6.3138E+01    2.0298E+01    5.3315E+00    2.2459E+01    7.3644E+00    1.0225E+01   
 5.5739E+01    6.0782E+01    6.8144E+01    2.5631E+01    2.2741E+01    1.7691E+01    8.4597E+01    6.3123E+01    2.0293E+01    5.3315E+00    2.2541E+01    7.3593E+00    1.0016E+01   
 5.6239E+01    6.0788E+01    6.8143E+01    2.5640E+01    2.2711E+01    1.7673E+01    8.4590E+01    6.3123E+01    2.0279E+01    5.3315E+00    2.2480E+01    7.4051E+00    1.0016E+01   
 5.6835E+01    6.0790E+01    6.8154E+01    2.5640E+01    2.2767E+01    1.7623E+01    8.4606E+01    6.3121E+01    2.0283E+01    5.3111E+00    2.2561E+01    7.4458E+00    1.0016E+01   
 5.7335E+01    6.0796E+01    6.8154E+01    2.5721E+01    2.2665E+01    1.7594E+01    8.4606E+01    6.3120E+01    2.0262E+01    5.3111E+00    2.2744E+01    7.3847E+00    1.0016E+01   
 5.7836E+01    6.0794E+01    6.8142E+01    2.5685E+01    2.2606E+01    1.7555E+01    8.4590E+01    6.3127E+01    2.0262E+01    5.3111E+00    2.2419E+01    7.3695E+00    1.0121E+01   
 5.8336E+01    6.0794E+01    6.8149E+01    2.5667E+01    2.2606E+01    1.7562E+01    8.4634E+01    6.3132E+01    2.0264E+01    5.3111E+00    2.2643E+01    7.6698E+00    1.0225E+01   
 5.8907E+01    6.0804E+01    6.8154E+01    2.5681E+01    2.2654E+01    1.7562E+01    8.4656E+01    6.3128E+01    2.0264E+01    5.3111E+00    2.2602E+01    7.6902E+00    1.0225E+01   
 5.9407E+01    6.0806E+01    6.8155E+01    2.5697E+01    2.2615E+01    1.7600E+01    8.4631E+01    6.3128E+01    2.0269E+01    5.3111E+00    2.2459E+01    7.6240E+00    1.0121E+01   
 5.9907E+01    6.0808E+01    6.8141E+01    2.5681E+01    2.2537E+01    1.7591E+01    8.4655E+01    6.3127E+01    2.0258E+01    5.3111E+00    2.2581E+01    7.4815E+00    1.0121E+01   
 6.0408E+01    6.0801E+01    6.8159E+01    2.5720E+01    2.2520E+01    1.7548E+01    8.4655E+01    6.3124E+01    2.0260E+01    5.3111E+00    2.2663E+01    7.5578E+00    1.0121E+01   
 6.1003E+01    6.0825E+01    6.8159E+01    2.5832E+01    2.2561E+01    1.7539E+01    8.4666E+01    6.3115E+01    2.0255E+01    5.3111E+00    2.2643E+01    7.3796E+00    1.0016E+01   
 6.1503E+01    6.0825E+01    6.8180E+01    2.5949E+01    2.2561E+01    1.7554E+01    8.4645E+01    6.3131E+01    2.0255E+01    5.3111E+00    2.2724E+01    7.4866E+00    1.0121E+01   
 6.2004E+01    6.0844E+01    6.8165E+01    2.5932E+01    2.2551E+01    1.7554E+01    8.4666E+01    6.3123E+01    2.0255E+01    5.3111E+00    2.2561E+01    7.4153E+00    1.0016E+01   
 6.2504E+01    6.0855E+01    6.8179E+01    2.5916E+01    2.2567E+01    1.7568E+01    8.4671E+01    6.3123E+01    2.0231E+01    5.3111E+00    2.2643E+01    7.3695E+00    1.0016E+01   
# Time (s)      T1w (C)       T2w (C)       T1a (C)       T2a (C)       T1r (C)       T2r (C)       T3r (C)       T4r (C)       P1 (bar)      P2 (bar)      Ic (amp)      Qc (l/min)    
 6.3100E+01    6.0864E+01    6.8181E+01    2.5891E+01    2.2479E+01    1.7571E+01    8.4687E+01    6.3130E+01    2.0243E+01    5.3111E+00    2.2643E+01    7.3898E+00    1.0016E+01   
 6.3600E+01    6.0848E+01    6.8167E+01    2.5931E+01    2.2453E+01    1.7576E+01    8.4701E+01    6.3145E+01    2.0246E+01    5.2906E+00    2.2602E+01    7.5426E+00    1.0016E+01   
 6.4100E+01    6.0846E+01    6.8169E+01    2.5892E+01    2.2337E+01    1.7553E+01    8.4726E+01    6.3150E+01    2.0246E+01    5.3111E+00    2.2724E+01    7.4153E+00    9.9092E+00   
 6.4601E+01    6.0831E+01    6.8152E+01    2.5794E+01    2.2321E+01    1.7566E+01    8.4738E+01    6.3162E+01    2.0258E+01    5.2906E+00    2.2520E+01    7.6698E+00    1.0225E+01   
 6.5180E+01    6.0837E+01    6.8179E+01    2.5780E+01    2.2370E+01    1.7566E+01    8.4720E+01    6.3176E+01    2.0254E+01    5.2906E+00    2.2765E+01    7.4356E+00    1.0016E+01   
 6.5680E+01    6.0844E+01    6.8171E+01    2.5756E+01    2.2404E+01    1.7555E+01    8.4720E+01    6.3176E+01    2.0249E+01    5.3111E+00    2.2785E+01    7.6953E+00    1.0121E+01   
 6.6180E+01    6.0846E+01    6.8171E+01    2.5756E+01    2.2395E+01    1.7559E+01    8.4703E+01    6.3182E+01    2.0255E+01    5.2906E+00    2.2744E+01    7.3746E+00    1.0016E+01   
 6.6681E+01    6.0829E+01    6.8152E+01    2.5802E+01    2.2420E+01    1.7530E+01    8.4717E+01    6.3207E+01    2.0261E+01    5.2906E+00    2.2744E+01    7.4458E+00    1.0121E+01   
 6.7252E+01    6.0846E+01    6.8179E+01    2.5708E+01    2.2379E+01    1.7487E+01    8.4706E+01    6.3203E+01    2.0261E+01    5.2906E+00    2.2683E+01    7.6393E+00    1.0121E+01   
 6.7752E+01    6.0846E+01    6.8176E+01    2.5694E+01    2.2379E+01    1.7486E+01    8.4681E+01    6.3188E+01    2.0235E+01    5.3111E+00    2.2480E+01    7.6800E+00    1.0121E+01   
 6.8253E+01    6.0860E+01    6.8172E+01    2.5735E+01    2.2464E+01    1.7486E+01    8.4698E+01    6.3203E+01    2.0223E+01    5.2906E+00    2.2765E+01    7.5985E+00    1.0016E+01   
 6.8753E+01    6.0858E+01    6.8200E+01    2.5751E+01    2.2459E+01    1.7497E+01    8.4705E+01    6.3189E+01    2.0213E+01    5.2906E+00    2.2459E+01    7.4306E+00    1.0121E+01   
 6.9348E+01    6.0864E+01    6.8200E+01    2.5779E+01    2.2390E+01    1.7501E+01    8.4725E+01    6.3190E+01    2.0197E+01    5.2906E+00    2.2439E+01    7.4306E+00    1.0121E+01   
 6.9849E+01    6.0893E+01    6.8230E+01    2.5792E+01    2.2426E+01    1.7517E+01    8.4739E+01    6.3196E+01    2.0213E+01    5.2906E+00    2.2480E+01    7.3593E+00    1.0225E+01   
 7.0349E+01    6.0916E+01    6.8221E+01    2.5834E+01    2.2426E+01    1.7503E+01    8.4710E+01    6.3206E+01    2.0213E+01    5.3111E+00    2.2459E+01    7.6800E+00    1.0016E+01   
 7.0849E+01    6.0916E+01    6.8224E+01    2.5746E+01    2.2463E+01    1.7487E+01    8.4693E+01    6.3199E+01    2.0181E+01    5.2906E+00    2.2480E+01    7.3949E+00    1.0121E+01   
 7.1420E+01    6.0911E+01    6.8230E+01    2.5688E+01    2.2454E+01    1.7492E+01    8.4695E+01    6.3206E+01    2.0197E+01    5.2906E+00    2.2643E+01    7.3644E+00    1.0225E+01   
 7.1921E+01    6.0920E+01    6.8250E+01    2.5688E+01    2.2415E+01    1.7508E+01    8.4712E+01    6.3221E+01    2.0213E+01    5.2906E+00    2.2683E+01    7.3695E+00    1.0225E+01   
 7.2421E+01    6.0928E+01    6.8250E+01    2.5626E+01    2.2486E+01    1.7522E+01    8.4712E+01    6.3230E+01    2.0198E+01    5.2702E+00    2.2602E+01    7.4866E+00    1.0016E+01   
 7.2921E+01    6.0938E+01    6.8232E+01    2.5737E+01    2.2357E+01    1.7531E+01    8.4758E+01    6.3248E+01    2.0219E+01    5.2906E+00    2.2480E+01    7.6342E+00    1.0016E+01   
 7.3533E+01    6.0941E+01    6.8253E+01    2.5741E+01    2.2303E+01    1.7530E+01    8.4773E+01    6.3250E+01    2.0219E+01    5.2702E+00    2.2744E+01    7.6291E+00    1.0016E+01   
 7.4033E+01    6.0926E+01    6.8232E+01    2.5718E+01    2.2287E+01    1.7523E+01    8.4783E+01    6.3251E+01    2.0223E+01    5.2702E+00    2.2622E+01    7.3644E+00    1.0225E+01   
 7.4534E+01    6.0934E+01    6.8230E+01    2.5722E+01    2.2265E+01    1.7523E+01    8.4814E+01    6.3256E+01    2.0206E+01    5.2906E+00    2.2561E+01    7.5680E+00    1.0225E+01   
 7.5034E+01    6.0930E+01    6.8230E+01    2.5722E+01    2.2263E+01    1.7552E+01    8.4809E+01    6.3270E+01    2.0223E+01    5.2702E+00    2.2541E+01    7.4306E+00    1.0225E+01   
 7.5613E+01    6.0943E+01    6.8260E+01    2.5758E+01    2.2221E+01    1.7521E+01    8.4817E+01    6.3253E+01    2.0220E+01    5.2702E+00    2.2785E+01    7.4204E+00    1.0016E+01   
 7.6113E+01    6.0950E+01    6.8274E+01    2.5809E+01    2.2303E+01    1.7513E+01    8.4817E+01    6.3271E+01    2.0225E+01    5.2702E+00    2.2765E+01    7.3644E+00    1.0121E+01   
 7.6614E+01    6.0950E+01    6.8271E+01    2.5864E+01    2.2303E+01    1.7520E+01    8.4846E+01    6.3269E+01    2.0225E+01    5.2702E+00    2.2480E+01    7.4815E+00    1.0016E+01   
 7.7114E+01    6.0961E+01    6.8280E+01    2.5711E+01    2.2226E+01    1.7520E+01    8.4850E+01    6.3266E+01    2.0244E+01    5.2906E+00    2.2744E+01    7.3796E+00    9.9092E+00   
 7.7701E+01    6.0956E+01    6.8283E+01    2.5815E+01    2.2195E+01    1.7542E+01    8.4871E+01    6.3275E+01    2.0232E+01    5.2702E+00    2.2480E+01    7.6291E+00    1.0121E+01   
 7.8202E+01    6.0967E+01    6.8297E+01    2.5815E+01    2.2185E+01    1.7549E+01    8.4890E+01    6.3275E+01    2.0216E+01    5.2702E+00    2.2643E+01    7.5527E+00    1.0016E+01   
# Time (s)      T1w (C)       T2w (C)       T1a (C)       T2a (C)       T1r (C)       T2r (C)       T3r (C)       T4r (C)       P1 (bar)      P2 (bar)      Ic (amp)      Qc (l/min)    
 7.8702E+01    6.0980E+01    6.8297E+01    2.5849E+01    2.2174E+01    1.7528E+01    8.4890E+01    6.3266E+01    2.0234E+01    5.2702E+00    2.2480E+01    7.4407E+00    1.0016E+01   
 7.9202E+01    6.0983E+01    6.8287E+01    2.5825E+01    2.2158E+01    1.7504E+01    8.4879E+01    6.3270E+01    2.0234E+01    5.2702E+00    2.2602E+01    7.6902E+00    1.0121E+01   
 7.9782E+01    6.0963E+01    6.8285E+01    2.5723E+01    2.2142E+01    1.7548E+01    8.4869E+01    6.3264E+01    2.0229E+01    5.2702E+00    2.2480E+01    7.6698E+00    1.0121E+01   
 8.0282E+01    6.0963E+01    6.8300E+01    2.5743E+01    2.2183E+01    1.7548E+01    8.4898E+01    6.3279E+01    2.0222E+01    5.2702E+00    2.2541E+01    7.5324E+00    1.0016E+01   
 8.0782E+01    6.0978E+01    6.8302E+01    2.5785E+01    2.2248E+01    1.7565E+01    8.4893E+01    6.3279E+01    2.0234E+01    5.2702E+00    2.2500E+01    7.4153E+00    1.0016E+01   
 8.1283E+01    6.1004E+01    6.8302E+01    2.5785E+01    2.2211E+01    1.7555E+01    8.4893E+01    6.3270E+01    2.0237E+01    5.2702E+00    2.2561E+01    7.6953E+00    9.9092E+00   
 8.1870E+01    6.1016E+01    6.8301E+01    2.5819E+01    2.2144E+01    1.7557E+01    8.4888E+01    6.3271E+01    2.0225E+01    5.2702E+00    2.2704E+01    7.4967E+00    1.0225E+01   
 8.2370E+01    6.1028E+01    6.8305E+01    2.5866E+01    2.2133E+01    1.7523E+01    8.4888E+01    6.3281E+01    2.0238E+01    5.2702E+00    2.2805E+01    7.5985E+00    1.0121E+01   
 8.2871E+01    6.1028E+01    6.8311E+01    2.5817E+01    2.2133E+01    1.7518E+01    8.4894E+01    6.3290E+01    2.0238E+01    5.2906E+00    2.2500E+01    7.4509E+00    1.0016E+01   
 8.3371E+01    6.1019E+01    6.8311E+01    2.5831E+01    2.2180E+01    1.7518E+01    8.4891E+01    6.3285E+01    2.0220E+01    5.2702E+00    2.2805E+01    7.3796E+00    1.0016E+01   
 8.3951E+01    6.1030E+01    6.8315E+01    2.5828E+01    2.2209E+01    1.7522E+01    8.4927E+01    6.3291E+01    2.0224E+01    5.2702E+00    2.2622E+01    7.5476E+00    1.0121E+01   
 8.4451E+01    6.1029E+01    6.8315E+01    2.5828E+01    2.2245E+01    1.7537E+01    8.4917E+01    6.3291E+01    2.0222E+01    5.2702E+00    2.2500E+01    7.6596E+00    1.0121E+01   
 8.4951E+01    6.1045E+01    6.8326E+01    2.5793E+01    2.2217E+01    1.7538E+01    8.4917E+01    6.3298E+01    2.0220E+01    5.2702E+00    2.2704E+01    7.3847E+00    1.0121E+01   
 8.5452E+01    6.1054E+01    6.8332E+01    2.5822E+01    2.2215E+01    1.7549E+01    8.4925E+01    6.3310E+01    2.0220E+01    5.2702E+00    2.2520E+01    7.5935E+00    1.0121E+01   
 8.6047E+01    6.1054E+01    6.8319E+01    2.5868E+01    2.2215E+01    1.7565E+01    8.4882E+01    6.3310E+01    2.0220E+01    5.2702E+00    2.2785E+01    7.5171E+00    1.0121E+01   
 8.6547E+01    6.1058E+01    6.8336E+01    2.5882E+01    2.2268E+01    1.7565E+01    8.4870E+01    6.3312E+01    2.0224E+01    5.2702E+00    2.2785E+01    7.4051E+00    1.0225E+01   
 8.7047E+01    6.1052E+01    6.8338E+01    2.5881E+01    2.2170E+01    1.7573E+01    8.4855E+01    6.3312E+01    2.0230E+01    5.2702E+00    2.2785E+01    7.7055E+00    1.0016E+01   
 8.7547E+01    6.1050E+01    6.8338E+01    2.5881E+01    2.2284E+01    1.7557E+01    8.4891E+01    6.3323E+01    2.0208E+01    5.2702E+00    2.2520E+01    7.4204E+00    1.0016E+01   
 8.8151E+01    6.1086E+01    6.8349E+01    2.5900E+01    2.2283E+01    1.7509E+01    8.4891E+01    6.3322E+01    2.0210E+01    5.2702E+00    2.2663E+01    7.3695E+00    1.0225E+01   
 8.8651E+01    6.1082E+01    6.8360E+01    2.5941E+01    2.2202E+01    1.7509E+01    8.4885E+01    6.3328E+01    2.0232E+01    5.2702E+00    2.2643E+01    7.4967E+00    1.0016E+01   
 8.9151E+01    6.1082E+01    6.8370E+01    2.5987E+01    2.2202E+01    1.7532E+01    8.4875E+01    6.3336E+01    2.0232E+01    5.2702E+00    2.2663E+01    7.4916E+00    1.0016E+01   
 8.9652E+01    6.1089E+01    6.8369E+01    2.5829E+01    2.2148E+01    1.7532E+01    8.4899E+01    6.3319E+01    2.0222E+01    5.2702E+00    2.2663E+01    7.6902E+00    9.9092E+00   
 9.0239E+01    6.1103E+01    6.8391E+01    2.5646E+01    2.2136E+01    1.7535E+01    8.4901E+01    6.3305E+01    2.0208E+01    5.2702E+00    2.2724E+01    7.4102E+00    1.0225E+01   
 9.0739E+01    6.1100E+01    6.8391E+01    2.5646E+01    2.2205E+01    1.7557E+01    8.4928E+01    6.3321E+01    2.0200E+01    5.2702E+00    2.2520E+01    7.3847E+00    1.0121E+01   
 9.1240E+01    6.1120E+01    6.8394E+01    2.5550E+01    2.2284E+01    1.7536E+01    8.4928E+01    6.3342E+01    2.0234E+01    5.2702E+00    2.2724E+01    7.6596E+00    1.0016E+01   
 9.1740E+01    6.1138E+01    6.8375E+01    2.5405E+01    2.2065E+01    1.7510E+01    8.4915E+01    6.3328E+01    2.0218E+01    5.2702E+00    2.2520E+01    7.5833E+00    1.0121E+01   
 9.2319E+01    6.1124E+01    6.8374E+01    2.5408E+01    2.2065E+01    1.7532E+01    8.4941E+01    6.3344E+01    2.0202E+01    5.2702E+00    2.2805E+01    7.6036E+00    1.0121E+01   
 9.2820E+01    6.1118E+01    6.8397E+01    2.5370E+01    2.2131E+01    1.7532E+01    8.4949E+01    6.3338E+01    2.0199E+01    5.2702E+00    2.2724E+01    7.3746E+00    1.0121E+01   
 9.3320E+01    6.1131E+01    6.8396E+01    2.5370E+01    2.2072E+01    1.7532E+01    8.4957E+01    6.3338E+01    2.0199E+01    5.2702E+00    2.2785E+01    7.7004E+00    1.0016E+01   
 9.3820E+01    6.1132E+01    6.8396E+01    2.5314E+01    2.2153E+01    1.7555E+01    8.4957E+01    6.3343E+01    2.0195E+01    5.2906E+00    2.2724E+01    7.5120E+00    1.0121E+01   
# Time (s)      T1w (C)       T2w (C)       T1a (C)       T2a (C)       T1r (C)       T2r (C)       T3r (C)       T4r (C)       P1 (bar)      P2 (bar)      Ic (amp)      Qc (l/min)    
 9.4408E+01    6.1140E+01    6.8408E+01    2.5366E+01    2.2092E+01    1.7556E+01    8.4957E+01    6.3367E+01    2.0205E+01    5.2702E+00    2.2622E+01    7.7004E+00    1.0121E+01   
 9.4908E+01    6.1143E+01    6.8403E+01    2.5361E+01    2.2191E+01    1.7533E+01    8.4966E+01    6.3357E+01    2.0189E+01    5.2702E+00    2.2765E+01    7.3695E+00    1.0016E+01   
 9.5409E+01    6.1143E+01    6.8420E+01    2.5263E+01    2.2191E+01    1.7523E+01    8.4959E+01    6.3350E+01    2.0173E+01    5.2702E+00    2.2541E+01    7.5680E+00    1.0121E+01   
 9.5909E+01    6.1130E+01    6.8419E+01    2.5278E+01    2.2117E+01    1.7523E+01    8.4968E+01    6.3363E+01    2.0182E+01    5.2906E+00    2.2785E+01    7.6749E+00    1.0121E+01   
 9.6488E+01    6.1114E+01    6.8414E+01    2.5341E+01    2.2199E+01    1.7530E+01    8.4967E+01    6.3363E+01    2.0174E+01    5.2702E+00    2.2581E+01    7.6342E+00    1.0016E+01   
 9.6988E+01    6.1150E+01    6.8428E+01    2.5356E+01    2.2128E+01    1.7528E+01    8.4967E+01    6.3348E+01    2.0162E+01    5.2906E+00    2.2622E+01    7.5935E+00    1.0121E+01   
 9.7489E+01    6.1157E+01    6.8435E+01    2.5307E+01    2.2122E+01    1.7554E+01    8.4967E+01    6.3360E+01    2.0147E+01    5.2906E+00    2.2581E+01    7.4000E+00    1.0016E+01   
 9.7989E+01    6.1158E+01    6.8445E+01    2.5145E+01    2.2138E+01    1.7538E+01    8.4941E+01    6.3349E+01    2.0147E+01    5.2906E+00    2.2622E+01    7.6953E+00    1.0121E+01   
 9.8576E+01    6.1158E+01    6.8454E+01    2.5029E+01    2.2147E+01    1.7528E+01    8.4935E+01    6.3359E+01    2.0163E+01    5.2702E+00    2.2602E+01    7.3695E+00    1.0016E+01   
 9.9077E+01    6.1157E+01    6.8458E+01    2.4972E+01    2.2158E+01    1.7528E+01    8.4959E+01    6.3363E+01    2.0157E+01    5.2906E+00    2.2765E+01    7.5833E+00    1.0016E+01   
 9.9577E+01    6.1175E+01    6.8473E+01    2.4972E+01    2.2114E+01    1.7533E+01    8.4967E+01    6.3363E+01    2.0133E+01    5.2906E+00    2.2867E+01    7.3695E+00    9.9092E+00   
 1.0008E+02    6.1175E+01    6.8473E+01    2.5072E+01    2.2146E+01    1.7563E+01    8.4967E+01    6.3364E+01    2.0163E+01    5.2702E+00    2.2765E+01    7.3847E+00    1.0121E+01   
 1.0066E+02    6.1178E+01    6.8466E+01    2.5022E+01    2.2148E+01    1.7547E+01    8.4950E+01    6.3378E+01    2.0147E+01    5.2702E+00    2.2541E+01    7.5426E+00    1.0121E+01   
 1.0117E+02    6.1178E+01    6.8466E+01    2.5114E+01    2.2297E+01    1.7500E+01    8.4934E+01    6.3388E+01    2.0147E+01    5.2702E+00    2.2704E+01    7.3746E+00    1.0121E+01   
 1.0167E+02    6.1178E+01    6.8455E+01    2.5324E+01    2.2297E+01    1.7500E+01    8.4931E+01    6.3377E+01    2.0139E+01    5.2702E+00    2.2602E+01    7.6036E+00    1.0225E+01   
 1.0217E+02    6.1137E+01    6.8463E+01    2.5317E+01    2.2236E+01    1.7455E+01    8.4937E+01    6.3377E+01    2.0140E+01    5.2702E+00    2.2846E+01    7.4153E+00    1.0121E+01   
 1.0275E+02    6.1156E+01    6.8479E+01    2.5317E+01    2.2240E+01    1.7465E+01    8.4938E+01    6.3388E+01    2.0157E+01    5.2702E+00    2.2846E+01    7.5120E+00    1.0121E+01   
 1.0325E+02    6.1154E+01    6.8479E+01    2.5375E+01    2.2293E+01    1.7500E+01    8.4952E+01    6.3396E+01    2.0147E+01    5.2702E+00    2.2785E+01    7.4102E+00    1.0121E+01   
 1.0375E+02    6.1153E+01    6.8481E+01    2.5334E+01    2.2209E+01    1.7523E+01    8.4952E+01    6.3406E+01    2.0148E+01    5.2702E+00    2.2826E+01    7.7156E+00    1.0016E+01   
 1.0425E+02    6.1168E+01    6.8489E+01    2.5267E+01    2.2225E+01    1.7502E+01    8.4968E+01    6.3408E+01    2.0148E+01    5.2702E+00    2.2765E+01    7.6749E+00    1.0121E+01   
 1.0483E+02    6.1153E+01    6.8487E+01    2.5280E+01    2.2199E+01    1.7502E+01    8.4960E+01    6.3384E+01    2.0147E+01    5.2906E+00    2.2846E+01    7.6953E+00    1.0121E+01   
 1.0533E+02    6.1129E+01    6.8475E+01    2.5231E+01    2.2214E+01    1.7511E+01    8.4954E+01    6.3406E+01    2.0156E+01    5.2702E+00    2.2887E+01    7.4000E+00    1.0121E+01   
 1.0583E+02    6.1121E+01    6.8472E+01    2.5231E+01    2.2176E+01    1.7519E+01    8.4939E+01    6.3406E+01    2.0157E+01    5.2702E+00    2.2765E+01    7.5426E+00    1.0016E+01   
 1.0633E+02    6.1134E+01    6.8487E+01    2.5251E+01    2.2276E+01    1.7548E+01    8.4939E+01    6.3401E+01    2.0162E+01    5.2906E+00    2.2867E+01    7.6800E+00    1.0225E+01   
 1.0692E+02    6.1146E+01    6.8519E+01    2.5330E+01    2.2317E+01    1.7539E+01    8.4910E+01    6.3391E+01    2.0133E+01    5.2702E+00    2.2561E+01    7.6087E+00    1.0225E+01   
 1.0742E+02    6.1152E+01    6.8519E+01    2.5390E+01    2.2317E+01    1.7542E+01    8.4927E+01    6.3396E+01    2.0133E+01    5.2702E+00    2.2602E+01    7.6444E+00    1.0016E+01   
 1.0792E+02    6.1152E+01    6.8535E+01    2.5304E+01    2.2262E+01    1.7542E+01    8.4910E+01    6.3388E+01    2.0150E+01    5.2702E+00    2.2581E+01    7.3746E+00    1.0225E+01   
 1.0842E+02    6.1144E+01    6.8530E+01    2.5178E+01    2.2315E+01    1.7511E+01    8.4945E+01    6.3388E+01    2.0152E+01    5.2702E+00    2.2663E+01    7.4102E+00    1.0016E+01   
 1.0900E+02    6.1137E+01    6.8536E+01    2.5194E+01    2.2420E+01    1.7479E+01    8.4933E+01    6.3369E+01    2.0140E+01    5.2702E+00    2.2561E+01    7.3796E+00    1.0121E+01   
 1.0950E+02    6.1134E+01    6.8536E+01    2.5184E+01    2.2371E+01    1.7504E+01    8.4933E+01    6.3391E+01    2.0141E+01    5.2906E+00    2.2602E+01    7.6495E+00    1.0428E+01   
# Time (s)      T1w (C)       T2w (C)       T1a (C)       T2a (C)       T1r (C)       T2r (C)       T3r (C)       T4r (C)       P1 (bar)      P2 (bar)      Ic (amp)      Qc (l/min)    
 1.1000E+02    6.1128E+01    6.8547E+01    2.5139E+01    2.2434E+01    1.7522E+01    8.4938E+01    6.3379E+01    2.0125E+01    5.2702E+00    2.2581E+01    7.3898E+00    1.0121E+01   
 1.1050E+02    6.1128E+01    6.8539E+01    2.5187E+01    2.2434E+01    1.7515E+01    8.4964E+01    6.3381E+01    2.0131E+01    5.2702E+00    2.2663E+01    7.3796E+00    1.0121E+01   
 1.1109E+02    6.1135E+01    6.8549E+01    2.5230E+01    2.2399E+01    1.7515E+01    8.5001E+01    6.3378E+01    2.0128E+01    5.2702E+00    2.2805E+01    7.3898E+00    1.0327E+01   
 1.1159E+02    6.1136E+01    6.8550E+01    2.5173E+01    2.2251E+01    1.7521E+01    8.4998E+01    6.3378E+01    2.0130E+01    5.2906E+00    2.2520E+01    7.7004E+00    1.0016E+01   
 1.1209E+02    6.1151E+01    6.8550E+01    2.5173E+01    2.2267E+01    1.7493E+01    8.5006E+01    6.3373E+01    2.0104E+01    5.2702E+00    2.2846E+01    7.6749E+00    1.0016E+01   
 1.1259E+02    6.1144E+01    6.8543E+01    2.5135E+01    2.2189E+01    1.7490E+01    8.5006E+01    6.3389E+01    2.0124E+01    5.2906E+00    2.2683E+01    7.3898E+00    1.0121E+01   
 1.1317E+02    6.1146E+01    6.8551E+01    2.5280E+01    2.2293E+01    1.7489E+01    8.4986E+01    6.3387E+01    2.0129E+01    5.2702E+00    2.2724E+01    7.4713E+00    1.0121E+01   
 1.1367E+02    6.1146E+01    6.8551E+01    2.5537E+01    2.2293E+01    1.7493E+01    8.4986E+01    6.3395E+01    2.0129E+01    5.2906E+00    2.2887E+01    7.3898E+00    1.0016E+01   
 1.1417E+02    6.1140E+01    6.8564E+01    2.5566E+01    2.2216E+01    1.7493E+01    8.4951E+01    6.3401E+01    2.0148E+01    5.2906E+00    2.2867E+01    7.6444E+00    1.0121E+01   
 1.1467E+02    6.1129E+01    6.8555E+01    2.5566E+01    2.2258E+01    1.7498E+01    8.4960E+01    6.3401E+01    2.0129E+01    5.2702E+00    2.2846E+01    7.6240E+00    1.0121E+01   
 1.1527E+02    6.1124E+01    6.8553E+01    2.5465E+01    2.2237E+01    1.7492E+01    8.4971E+01    6.3393E+01    2.0147E+01    5.2702E+00    2.2826E+01    7.4611E+00    9.6914E+00   
 1.1577E+02    6.1118E+01    6.8553E+01    2.5616E+01    2.2129E+01    1.7500E+01    8.4971E+01    6.3413E+01    2.0129E+01    5.2906E+00    2.2643E+01    7.5171E+00    9.3522E+00   
 1.1627E+02    6.1120E+01    6.8551E+01    2.5715E+01    2.2158E+01    1.7498E+01    8.4978E+01    6.3403E+01    2.0129E+01    5.2702E+00    2.2826E+01    7.4153E+00    9.6914E+00   
 1.1677E+02    6.1120E+01    6.8536E+01    2.5540E+01    2.2158E+01    1.7498E+01    8.4989E+01    6.3421E+01    2.0130E+01    5.2702E+00    2.2683E+01    7.6444E+00    9.9092E+00   
 1.1735E+02    6.1100E+01    6.8546E+01    2.5295E+01    2.2200E+01    1.7457E+01    8.4983E+01    6.3435E+01    2.0152E+01    5.2702E+00    2.2846E+01    7.3898E+00    9.8011E+00   
 1.1785E+02    6.1089E+01    6.8562E+01    2.5216E+01    2.2286E+01    1.7446E+01    8.4972E+01    6.3435E+01    2.0163E+01    5.2702E+00    2.2785E+01    7.5222E+00    9.9092E+00   
 1.1835E+02    6.1087E+01    6.8548E+01    2.5200E+01    2.2226E+01    1.7460E+01    8.4972E+01    6.3447E+01    2.0162E+01    5.2906E+00    2.2846E+01    7.5324E+00    9.9092E+00   
 1.1885E+02    6.1067E+01    6.8536E+01    2.5168E+01    2.2213E+01    1.7448E+01    8.4937E+01    6.3441E+01    2.0160E+01    5.2702E+00    2.2785E+01    7.3847E+00    9.8011E+00   
 1.1943E+02    6.1072E+01    6.8559E+01    2.5255E+01    2.2120E+01    1.7477E+01    8.4949E+01    6.3473E+01    2.0176E+01    5.2906E+00    2.2846E+01    7.3949E+00    9.9092E+00   
 1.1993E+02    6.1072E+01    6.8558E+01    2.5388E+01    2.2120E+01    1.7477E+01    8.4972E+01    6.3479E+01    2.0187E+01    5.2702E+00    2.2785E+01    7.3847E+00    9.9092E+00   
 1.2043E+02    6.1035E+01    6.8571E+01    2.5416E+01    2.2214E+01    1.7493E+01    8.4986E+01    6.3499E+01    2.0202E+01    5.2702E+00    2.2867E+01    7.5833E+00    9.9092E+00   
 1.2093E+02    6.1045E+01    6.8589E+01    2.5416E+01    2.2269E+01    1.7505E+01    8.4982E+01    6.3499E+01    2.0211E+01    5.2906E+00    2.2805E+01    7.4866E+00    9.8011E+00   
 1.2151E+02    6.1024E+01    6.8575E+01    2.5322E+01    2.2263E+01    1.7531E+01    8.4982E+01    6.3507E+01    2.0222E+01    5.2702E+00    2.2846E+01    7.5527E+00    9.6914E+00   
 1.2201E+02    6.1026E+01    6.8593E+01    2.5371E+01    2.2173E+01    1.7542E+01    8.5018E+01    6.3514E+01    2.0231E+01    5.2906E+00    2.2683E+01    7.3847E+00    9.9092E+00   
 1.2251E+02    6.1014E+01    6.8595E+01    2.5253E+01    2.2173E+01    1.7558E+01    8.5012E+01    6.3523E+01    2.0231E+01    5.2906E+00    2.2867E+01    7.7105E+00    1.0016E+01   
 1.2301E+02    6.1000E+01    6.8575E+01    2.5224E+01    2.2235E+01    1.7558E+01    8.5034E+01    6.3540E+01    2.0237E+01    5.2906E+00    2.2846E+01    7.5324E+00    9.8011E+00   
 1.2359E+02    6.1006E+01    6.8594E+01    2.5223E+01    2.2348E+01    1.7581E+01    8.5018E+01    6.3536E+01    2.0219E+01    5.2906E+00    2.2846E+01    7.5782E+00    9.6914E+00   
 1.2409E+02    6.0987E+01    6.8575E+01    2.5223E+01    2.2291E+01    1.7606E+01    8.5044E+01    6.3536E+01    2.0206E+01    5.2906E+00    2.2887E+01    7.5069E+00    9.8011E+00   
 1.2459E+02    6.0982E+01    6.8575E+01    2.5248E+01    2.2292E+01    1.7622E+01    8.5044E+01    6.3527E+01    2.0227E+01    5.2906E+00    2.2622E+01    7.4662E+00    9.6914E+00   
 1.2509E+02    6.0988E+01    6.8610E+01    2.5385E+01    2.2361E+01    1.7639E+01    8.5057E+01    6.3547E+01    2.0243E+01    5.2906E+00    2.2846E+01    7.7258E+00    9.9092E+00   
# Time (s)      T1w (C)       T2w (C)       T1a (C)       T2a (C)       T1r (C)       T2r (C)       T3r (C)       T4r (C)       P1 (bar)      P2 (bar)      Ic (amp)      Qc (l/min)    
 1.2567E+02    6.0969E+01    6.8603E+01    2.5334E+01    2.2361E+01    1.7621E+01    8.5036E+01    6.3558E+01    2.0247E+01    5.2906E+00    2.2826E+01    7.7156E+00    9.8011E+00   
 1.2617E+02    6.0955E+01    6.8585E+01    2.5262E+01    2.2295E+01    1.7621E+01    8.5040E+01    6.3549E+01    2.0233E+01    5.2906E+00    2.2704E+01    7.7156E+00    9.8011E+00   
 1.2667E+02    6.0968E+01    6.8582E+01    2.5283E+01    2.2342E+01    1.7608E+01    8.5034E+01    6.3549E+01    2.0259E+01    5.2702E+00    2.2805E+01    7.4356E+00    9.8011E+00   
 1.2717E+02    6.0938E+01    6.8582E+01    2.5283E+01    2.2245E+01    1.7610E+01    8.5025E+01    6.3547E+01    2.0258E+01    5.2702E+00    2.2805E+01    7.4051E+00    9.9092E+00   
 1.2776E+02    6.0957E+01    6.8581E+01    2.5270E+01    2.2219E+01    1.7586E+01    8.5025E+01    6.3555E+01    2.0257E+01    5.2702E+00    2.2561E+01    7.4458E+00    9.8011E+00   
 1.2826E+02    6.0948E+01    6.8579E+01    2.5312E+01    2.2230E+01    1.7566E+01    8.5004E+01    6.3566E+01    2.0257E+01    5.2906E+00    2.2785E+01    7.3898E+00    9.9092E+00   
 1.2876E+02    6.0948E+01    6.8585E+01    2.5372E+01    2.2230E+01    1.7560E+01    8.4972E+01    6.3568E+01    2.0248E+01    5.2906E+00    2.2541E+01    7.3796E+00    9.9092E+00   
 1.2926E+02    6.0927E+01    6.8557E+01    2.5390E+01    2.2313E+01    1.7544E+01    8.4976E+01    6.3534E+01    2.0254E+01    5.2906E+00    2.2663E+01    7.3746E+00    9.8011E+00   
 1.2984E+02    6.0919E+01    6.8560E+01    2.5489E+01    2.2207E+01    1.7550E+01    8.4979E+01    6.3534E+01    2.0247E+01    5.2906E+00    2.2561E+01    7.3847E+00    1.0016E+01   
 1.3034E+02    6.0922E+01    6.8574E+01    2.5489E+01    2.2228E+01    1.7607E+01    8.4979E+01    6.3550E+01    2.0240E+01    5.2906E+00    2.2541E+01    7.4916E+00    9.9092E+00   
 1.3084E+02    6.0917E+01    6.8574E+01    2.5510E+01    2.2169E+01    1.7650E+01    8.4979E+01    6.3546E+01    2.0252E+01    5.2906E+00    2.2561E+01    7.5476E+00    9.6914E+00   
 1.3134E+02    6.0910E+01    6.8567E+01    2.5434E+01    2.2169E+01    1.7641E+01    8.4996E+01    6.3571E+01    2.0252E+01    5.2702E+00    2.2561E+01    7.3796E+00    9.9092E+00   
 1.3192E+02    6.0914E+01    6.8564E+01    2.5342E+01    2.2114E+01    1.7643E+01    8.5012E+01    6.3580E+01    2.0241E+01    5.2906E+00    2.2785E+01    7.5018E+00    9.8011E+00   
 1.3243E+02    6.0914E+01    6.8563E+01    2.5299E+01    2.2074E+01    1.7643E+01    8.5002E+01    6.3577E+01    2.0251E+01    5.2906E+00    2.2846E+01    7.3847E+00    1.0016E+01   
 1.3293E+02    6.0916E+01    6.8566E+01    2.5299E+01    2.2206E+01    1.7660E+01    8.4992E+01    6.3577E+01    2.0242E+01    5.2702E+00    2.2846E+01    7.7258E+00    9.9092E+00   
 1.3343E+02    6.0906E+01    6.8566E+01    2.5291E+01    2.2195E+01    1.7640E+01    8.5006E+01    6.3590E+01    2.0276E+01    5.2702E+00    2.2846E+01    7.7055E+00    9.6914E+00   
 1.3403E+02    6.0885E+01    6.8563E+01    2.5369E+01    2.2273E+01    1.7590E+01    8.5021E+01    6.3600E+01    2.0264E+01    5.2702E+00    2.2704E+01    7.3796E+00    9.5801E+00   
 1.3453E+02    6.0886E+01    6.8545E+01    2.5433E+01    2.2261E+01    1.7597E+01    8.5028E+01    6.3605E+01    2.0264E+01    5.2702E+00    2.2765E+01    7.4458E+00    9.9092E+00   
 1.3503E+02    6.0886E+01    6.8548E+01    2.5482E+01    2.2261E+01    1.7629E+01    8.5031E+01    6.3609E+01    2.0258E+01    5.2702E+00    2.2724E+01    7.6138E+00    9.8011E+00   
 1.3553E+02    6.0865E+01    6.8544E+01    2.5416E+01    2.2278E+01    1.7629E+01    8.5027E+01    6.3616E+01    2.0276E+01    5.2906E+00    2.2744E+01    7.3898E+00    9.8011E+00   
 1.3611E+02    6.0857E+01    6.8541E+01    2.5465E+01    2.2188E+01    1.7631E+01    8.5029E+01    6.3616E+01    2.0275E+01    5.2906E+00    2.2663E+01    7.3847E+00    9.8011E+00   
 1.3661E+02    6.0842E+01    6.8543E+01    2.5465E+01    2.2210E+01    1.7636E+01    8.5037E+01    6.3622E+01    2.0283E+01    5.2906E+00    2.2704E+01    7.3746E+00    9.6914E+00   
 1.3711E+02    6.0846E+01    6.8543E+01    2.5465E+01    2.2272E+01    1.7657E+01    8.5037E+01    6.3620E+01    2.0278E+01    5.2906E+00    2.2826E+01    7.3898E+00    9.8011E+00   
 1.3761E+02    6.0842E+01    6.8540E+01    2.5510E+01    2.2272E+01    1.7686E+01    8.5013E+01    6.3621E+01    2.0278E+01    5.2906E+00    2.2561E+01    7.5069E+00    9.8011E+00   
 1.3819E+02    6.0848E+01    6.8521E+01    2.5508E+01    2.2223E+01    1.7725E+01    8.5067E+01    6.3626E+01    2.0298E+01    5.2906E+00    2.2622E+01    7.5527E+00    9.8011E+00   
 1.3869E+02    6.0848E+01    6.8539E+01    2.5449E+01    2.2292E+01    1.7725E+01    8.5073E+01    6.3657E+01    2.0291E+01    5.2906E+00    2.2663E+01    7.3796E+00    9.6914E+00   
 1.3919E+02    6.0838E+01    6.8520E+01    2.5449E+01    2.2317E+01    1.7725E+01    8.5090E+01    6.3672E+01    2.0303E+01    5.2906E+00    2.2622E+01    7.7055E+00    9.9092E+00   
 1.3969E+02    6.0827E+01    6.8520E+01    2.5417E+01    2.2247E+01    1.7708E+01    8.5090E+01    6.3669E+01    2.0298E+01    5.2906E+00    2.2704E+01    7.5324E+00    9.6914E+00   
 1.4027E+02    6.0824E+01    6.8519E+01    2.5357E+01    2.2260E+01    1.7707E+01    8.5103E+01    6.3675E+01    2.0342E+01    5.2906E+00    2.2520E+01    7.5731E+00    9.6914E+00   
 1.4077E+02    6.0806E+01    6.8501E+01    2.5377E+01    2.2260E+01    1.7658E+01    8.5109E+01    6.3686E+01    2.0342E+01    5.2702E+00    2.2663E+01    7.4815E+00    9.9092E+00   
# Time (s)      T1w (C)       T2w (C)       T1a (C)       T2a (C)       T1r (C)       T2r (C)       T3r (C)       T4r (C)       P1 (bar)      P2 (bar)      Ic (amp)      Qc (l/min)    
 1.4127E+02    6.0806E+01    6.8511E+01    2.5449E+01    2.2281E+01    1.7642E+01    8.5100E+01    6.3672E+01    2.0335E+01    5.2906E+00    2.2765E+01    7.6393E+00    9.9092E+00   
 1.4177E+02    6.0789E+01    6.8515E+01    2.5511E+01    2.2259E+01    1.7657E+01    8.5088E+01    6.3672E+01    2.0322E+01    5.2906E+00    2.2663E+01    7.7105E+00    9.9092E+00   
 1.4235E+02    6.0805E+01    6.8491E+01    2.5511E+01    2.2222E+01    1.7680E+01    8.5113E+01    6.3676E+01    2.0325E+01    5.2702E+00    2.2520E+01    7.6851E+00    9.8011E+00   
 1.4285E+02    6.0793E+01    6.8491E+01    2.5481E+01    2.2115E+01    1.7680E+01    8.5113E+01    6.3669E+01    2.0330E+01    5.2906E+00    2.2846E+01    7.3847E+00    9.8011E+00   
 1.4335E+02    6.0788E+01    6.8493E+01    2.5493E+01    2.2124E+01    1.7693E+01    8.5103E+01    6.3665E+01    2.0330E+01    5.2906E+00    2.2541E+01    7.4255E+00    9.8011E+00   
 1.4385E+02    6.0786E+01    6.8485E+01    2.5552E+01    2.2124E+01    1.7703E+01    8.5085E+01    6.3666E+01    2.0338E+01    5.2906E+00    2.2622E+01    7.7105E+00    9.9092E+00   
 1.4444E+02    6.0786E+01    6.8491E+01    2.5542E+01    2.2136E+01    1.7687E+01    8.5053E+01    6.3663E+01    2.0329E+01    5.2906E+00    2.2785E+01    7.4967E+00    9.9092E+00   
 1.4494E+02    6.0785E+01    6.8492E+01    2.5560E+01    2.2187E+01    1.7712E+01    8.5053E+01    6.3662E+01    2.0330E+01    5.2906E+00    2.2785E+01    7.5629E+00    9.8011E+00   
 1.4544E+02    6.0783E+01    6.8482E+01    2.5560E+01    2.2262E+01    1.7743E+01    8.5066E+01    6.3677E+01    2.0348E+01    5.2906E+00    2.2805E+01    7.3695E+00    9.6914E+00   
 1.4594E+02    6.0779E+01    6.8482E+01    2.5556E+01    2.2206E+01    1.7730E+01    8.5066E+01    6.3675E+01    2.0328E+01    5.2906E+00    2.2744E+01    7.3746E+00    9.8011E+00   
 1.4652E+02    6.0784E+01    6.8478E+01    2.5601E+01    2.2210E+01    1.7741E+01    8.5031E+01    6.3681E+01    2.0324E+01    5.2906E+00    2.2805E+01    7.3695E+00    9.9092E+00   
 1.4702E+02    6.0771E+01    6.8470E+01    2.5482E+01    2.2210E+01    1.7756E+01    8.5053E+01    6.3682E+01    2.0324E+01    5.2906E+00    2.2826E+01    7.5680E+00    9.9092E+00   
 1.4752E+02    6.0771E+01    6.8473E+01    2.5383E+01    2.2212E+01    1.7740E+01    8.5026E+01    6.3671E+01    2.0321E+01    5.2702E+00    2.2785E+01    7.4356E+00    1.0121E+01   
 1.4802E+02    6.0777E+01    6.8454E+01    2.5383E+01    2.2195E+01    1.7698E+01    8.5027E+01    6.3671E+01    2.0305E+01    5.2906E+00    2.2805E+01    7.5120E+00    9.9092E+00   
 1.4861E+02    6.0775E+01    6.8448E+01    2.5287E+01    2.2184E+01    1.7692E+01    8.5013E+01    6.3669E+01    2.0311E+01    5.2906E+00    2.2500E+01    7.3949E+00    9.9092E+00   
 1.4911E+02    6.0771E+01    6.8448E+01    2.5313E+01    2.2255E+01    1.7694E+01    8.5013E+01    6.3667E+01    2.0315E+01    5.2702E+00    2.2602E+01    7.3695E+00    9.9092E+00   
 1.4961E+02    6.0758E+01    6.8451E+01    2.5308E+01    2.2279E+01    1.7653E+01    8.5016E+01    6.3661E+01    2.0315E+01    5.2906E+00    2.2520E+01    7.6545E+00    9.9092E+00   
 1.5011E+02    6.0758E+01    6.8453E+01    2.5308E+01    2.2279E+01    1.7643E+01    8.5021E+01    6.3651E+01    2.0312E+01    5.2702E+00    2.2581E+01    7.6036E+00    9.9092E+00   
 1.5070E+02    6.0751E+01    6.8448E+01    2.5276E+01    2.2347E+01    1.7643E+01    8.5010E+01    6.3655E+01    2.0328E+01    5.2906E+00    2.2785E+01    7.6647E+00    1.0016E+01   
 1.5120E+02    6.0740E+01    6.8448E+01    2.5377E+01    2.2317E+01    1.7718E+01    8.5054E+01    6.3669E+01    2.0339E+01    5.2906E+00    2.2765E+01    7.5680E+00    9.8011E+00   
 1.5170E+02    6.0736E+01    6.8448E+01    2.5377E+01    2.2260E+01    1.7707E+01    8.5026E+01    6.3684E+01    2.0357E+01    5.2702E+00    2.2765E+01    7.4051E+00    9.8011E+00   
 1.5220E+02    6.0731E+01    6.8448E+01    2.5389E+01    2.2272E+01    1.7707E+01    8.5026E+01    6.3690E+01    2.0348E+01    5.2906E+00    2.2765E+01    7.6800E+00    9.9092E+00   
 1.5278E+02    6.0729E+01    6.8454E+01    2.5404E+01    2.2249E+01    1.7727E+01    8.5042E+01    6.3679E+01    2.0348E+01    5.2906E+00    2.2541E+01    7.4204E+00    9.8011E+00   
 1.5328E+02    6.0737E+01    6.8450E+01    2.5504E+01    2.2249E+01    1.7724E+01    8.5047E+01    6.3689E+01    2.0355E+01    5.2906E+00    2.2602E+01    7.5985E+00    9.8011E+00   
 1.5378E+02    6.0737E+01    6.8443E+01    2.5447E+01    2.2284E+01    1.7724E+01    8.5030E+01    6.3685E+01    2.0344E+01    5.2906E+00    2.2520E+01    7.3644E+00    9.9092E+00   
 1.5428E+02    6.0707E+01    6.8424E+01    2.5432E+01    2.2307E+01    1.7665E+01    8.5007E+01    6.3671E+01    2.0326E+01    5.2702E+00    2.2643E+01    7.3593E+00    9.8011E+00   
 1.5489E+02    6.0706E+01    6.8414E+01    2.5382E+01    2.2354E+01    1.7683E+01    8.4964E+01    6.3673E+01    2.0337E+01    5.2906E+00    2.2480E+01    7.6138E+00    9.8011E+00   
 1.5539E+02    6.0719E+01    6.8414E+01    2.5397E+01    2.2373E+01    1.7665E+01    8.4950E+01    6.3672E+01    2.0334E+01    5.2906E+00    2.2480E+01    7.5935E+00    9.8011E+00   
 1.5589E+02    6.0694E+01    6.8420E+01    2.5371E+01    2.2302E+01    1.7710E+01    8.4959E+01    6.3675E+01    2.0334E+01    5.2906E+00    2.2480E+01    7.3746E+00    9.9092E+00   
 1.5639E+02    6.0708E+01    6.8425E+01    2.5342E+01    2.2318E+01    1.7718E+01    8.4960E+01    6.3686E+01    2.0322E+01    5.2702E+00    2.2459E+01    7.6393E+00    9.8011E+00   
# Time (s)      T1w (C)       T2w (C)       T1a (C)       T2a (C)       T1r (C)       T2r (C)       T3r (C)       T4r (C)       P1 (bar)      P2 (bar)      Ic (amp)      Qc (l/min)    
 1.5697E+02    6.0708E+01    6.8420E+01    2.5368E+01    2.2272E+01    1.7718E+01    8.4947E+01    6.3677E+01    2.0322E+01    5.2906E+00    2.2622E+01    7.6240E+00    9.8011E+00   
 1.5747E+02    6.0691E+01    6.8418E+01    2.5387E+01    2.2255E+01    1.7670E+01    8.4914E+01    6.3648E+01    2.0285E+01    5.2906E+00    2.2439E+01    7.6698E+00    9.9092E+00   
 1.5797E+02    6.0677E+01    6.8418E+01    2.5387E+01    2.2257E+01    1.7670E+01    8.4922E+01    6.3663E+01    2.0287E+01    5.2906E+00    2.2561E+01    7.5476E+00    9.9092E+00   
 1.5847E+02    6.0726E+01    6.8429E+01    2.5417E+01    2.2275E+01    1.7671E+01    8.4908E+01    6.3648E+01    2.0282E+01    5.2906E+00    2.2500E+01    7.6545E+00    9.9092E+00   
 1.5906E+02    6.0728E+01    6.8413E+01    2.5406E+01    2.2251E+01    1.7667E+01    8.4893E+01    6.3655E+01    2.0282E+01    5.2906E+00    2.2602E+01    7.3695E+00    1.0016E+01   
 1.5956E+02    6.0728E+01    6.8431E+01    2.5544E+01    2.2251E+01    1.7668E+01    8.4847E+01    6.3646E+01    2.0262E+01    5.2906E+00    2.2459E+01    7.3542E+00    9.8011E+00   
 1.6006E+02    6.0728E+01    6.8413E+01    2.5935E+01    2.2269E+01    1.7668E+01    8.4843E+01    6.3641E+01    2.0266E+01    5.2702E+00    2.2663E+01    7.3695E+00    9.9092E+00   
 1.6056E+02    6.0718E+01    6.8399E+01    2.5919E+01    2.2242E+01    1.7654E+01    8.4825E+01    6.3627E+01    2.0259E+01    5.2906E+00    2.2561E+01    7.4204E+00    1.0016E+01   
 1.6114E+02    6.0707E+01    6.8408E+01    2.5887E+01    2.2398E+01    1.7666E+01    8.4815E+01    6.3616E+01    2.0252E+01    5.2906E+00    2.2561E+01    7.4560E+00    9.8011E+00   
 1.6165E+02    6.0708E+01    6.8408E+01    2.5771E+01    2.2370E+01    1.7688E+01    8.4815E+01    6.3623E+01    2.0260E+01    5.2906E+00    2.2459E+01    7.3847E+00    9.8011E+00   
 1.6215E+02    6.0682E+01    6.8404E+01    2.5752E+01    2.2370E+01    1.7690E+01    8.4819E+01    6.3634E+01    2.0260E+01    5.2906E+00    2.2602E+01    7.5222E+00    9.9092E+00   
 1.6265E+02    6.0682E+01    6.8399E+01    2.5727E+01    2.2314E+01    1.7690E+01    8.4829E+01    6.3639E+01    2.0267E+01    5.2702E+00    2.2459E+01    7.6495E+00    9.9092E+00   
 1.6323E+02    6.0691E+01    6.8386E+01    2.5627E+01    2.2273E+01    1.7700E+01    8.4828E+01    6.3642E+01    2.0275E+01    5.2906E+00    2.2663E+01    7.5884E+00    1.0016E+01   
 1.6373E+02    6.0664E+01    6.8398E+01    2.5627E+01    2.2199E+01    1.7674E+01    8.4837E+01    6.3642E+01    2.0257E+01    5.2906E+00    2.2581E+01    7.4509E+00    9.9092E+00   
 1.6423E+02    6.0685E+01    6.8398E+01    2.5590E+01    2.2276E+01    1.7631E+01    8.4837E+01    6.3641E+01    2.0262E+01    5.2906E+00    2.2561E+01    7.5375E+00    9.9092E+00   
 1.6473E+02    6.0662E+01    6.8383E+01    2.5597E+01    2.2275E+01    1.7667E+01    8.4841E+01    6.3654E+01    2.0262E+01    5.2906E+00    2.2459E+01    7.6596E+00    9.9092E+00   
 1.6531E+02    6.0665E+01    6.8372E+01    2.5659E+01    2.2304E+01    1.7685E+01    8.4795E+01    6.3649E+01    2.0280E+01    5.2906E+00    2.2704E+01    7.3746E+00    9.9092E+00   
 1.6581E+02    6.0665E+01    6.8385E+01    2.5663E+01    2.2304E+01    1.7685E+01    8.4794E+01    6.3663E+01    2.0271E+01    5.2702E+00    2.2704E+01    7.6596E+00    9.8011E+00   
 1.6631E+02    6.0662E+01    6.8388E+01    2.5544E+01    2.2329E+01    1.7659E+01    8.4798E+01    6.3663E+01    2.0284E+01    5.2906E+00    2.2602E+01    7.3695E+00    9.9092E+00   
 1.6681E+02    6.0660E+01    6.8357E+01    2.5544E+01    2.2321E+01    1.7634E+01    8.4782E+01    6.3668E+01    2.0281E+01    5.2702E+00    2.2724E+01    7.3949E+00    9.8011E+00   
 1.6741E+02    6.0640E+01    6.8357E+01    2.5474E+01    2.2430E+01    1.7637E+01    8.4776E+01    6.3675E+01    2.0286E+01    5.2906E+00    2.2683E+01    7.5120E+00    9.8011E+00   
 1.6791E+02    6.0620E+01    6.8359E+01    2.5463E+01    2.2377E+01    1.7650E+01    8.4776E+01    6.3664E+01    2.0278E+01    5.2906E+00    2.2683E+01    7.3542E+00    9.8011E+00   
 1.6841E+02    6.0622E+01    6.8361E+01    2.5305E+01    2.2377E+01    1.7669E+01    8.4792E+01    6.3695E+01    2.0294E+01    5.2906E+00    2.2704E+01    7.6851E+00    9.8011E+00   
 1.6891E+02    6.0622E+01    6.8340E+01    2.5332E+01    2.2417E+01    1.7669E+01    8.4801E+01    6.3690E+01    2.0293E+01    5.2702E+00    2.2744E+01    7.4611E+00    9.9092E+00   
 1.6948E+02    6.0625E+01    6.8347E+01    2.5403E+01    2.2358E+01    1.7664E+01    8.4784E+01    6.3697E+01    2.0297E+01    5.2906E+00    2.2561E+01    7.3644E+00    9.8011E+00   
 1.6998E+02    6.0618E+01    6.8355E+01    2.5403E+01    2.2363E+01    1.7661E+01    8.4794E+01    6.3697E+01    2.0297E+01    5.2906E+00    2.2398E+01    7.3542E+00    9.6914E+00   
 1.7048E+02    6.0627E+01    6.8370E+01    2.5434E+01    2.2458E+01    1.7668E+01    8.4794E+01    6.3689E+01    2.0291E+01    5.2906E+00    2.2520E+01    7.5935E+00    9.9092E+00   
 1.7098E+02    6.0607E+01    6.8366E+01    2.5429E+01    2.2392E+01    1.7663E+01    8.4797E+01    6.3690E+01    2.0291E+01    5.2906E+00    2.2398E+01    7.5375E+00    9.8011E+00   
 1.7158E+02    6.0630E+01    6.8362E+01    2.5468E+01    2.2408E+01    1.7688E+01    8.4800E+01    6.3713E+01    2.0315E+01    5.2906E+00    2.2419E+01    7.4764E+00    9.8011E+00   
 1.7208E+02    6.0630E+01    6.8375E+01    2.5569E+01    2.2482E+01    1.7688E+01    8.4800E+01    6.3713E+01    2.0322E+01    5.2906E+00    2.2480E+01    7.6749E+00    9.8011E+00   
# Time (s)      T1w (C)       T2w (C)       T1a (C)       T2a (C)       T1r (C)       T2r (C)       T3r (C)       T4r (C)       P1 (bar)      P2 (bar)      Ic (amp)      Qc (l/min)    
 1.7258E+02    6.0647E+01    6.8359E+01    2.5569E+01    2.2414E+01    1.7681E+01    8.4787E+01    6.3698E+01    2.0309E+01    5.2906E+00    2.2398E+01    7.3440E+00    9.9092E+00   
 1.7308E+02    6.0653E+01    6.8363E+01    2.5569E+01    2.2449E+01    1.7680E+01    8.4775E+01    6.3684E+01    2.0305E+01    5.2906E+00    2.2439E+01    7.4764E+00    9.6914E+00   
 1.7365E+02    6.0639E+01    6.8348E+01    2.5499E+01    2.2414E+01    1.7661E+01    8.4761E+01    6.3675E+01    2.0293E+01    5.2906E+00    2.2561E+01    7.6647E+00    9.9092E+00   
 1.7415E+02    6.0631E+01    6.8358E+01    2.5383E+01    2.2404E+01    1.7683E+01    8.4751E+01    6.3677E+01    2.0293E+01    5.2906E+00    2.2398E+01    7.6698E+00    9.8011E+00   
 1.7465E+02    6.0617E+01    6.8335E+01    2.5302E+01    2.2389E+01    1.7669E+01    8.4728E+01    6.3663E+01    2.0266E+01    5.2702E+00    2.2541E+01    7.3898E+00    9.9092E+00   
 1.7515E+02    6.0605E+01    6.8336E+01    2.5377E+01    2.2423E+01    1.7669E+01    8.4710E+01    6.3668E+01    2.0272E+01    5.2906E+00    2.2622E+01    7.4611E+00    1.0016E+01   
 1.7575E+02    6.0595E+01    6.8340E+01    2.5323E+01    2.2459E+01    1.7673E+01    8.4668E+01    6.3639E+01    2.0225E+01    5.2702E+00    2.2643E+01    7.3949E+00    9.9092E+00   
 1.7625E+02    6.0579E+01    6.8322E+01    2.5323E+01    2.2307E+01    1.7643E+01    8.4639E+01    6.3637E+01    2.0228E+01    5.2702E+00    2.2480E+01    7.3491E+00    9.8011E+00   
 1.7675E+02    6.0555E+01    6.8308E+01    2.5290E+01    2.2331E+01    1.7625E+01    8.4639E+01    6.3632E+01    2.0238E+01    5.2906E+00    2.2663E+01    7.6495E+00    9.8011E+00   
 1.7725E+02    6.0536E+01    6.8299E+01    2.5319E+01    2.2331E+01    1.7587E+01    8.4631E+01    6.3631E+01    2.0238E+01    5.2702E+00    2.2704E+01    7.3644E+00    9.8011E+00   
 1.7782E+02    6.0542E+01    6.8305E+01    2.5456E+01    2.2459E+01    1.7619E+01    8.4630E+01    6.3636E+01    2.0233E+01    5.2906E+00    2.2622E+01    7.3440E+00    9.9092E+00   
 1.7832E+02    6.0542E+01    6.8301E+01    2.5507E+01    2.2361E+01    1.7619E+01    8.4634E+01    6.3657E+01    2.0250E+01    5.2906E+00    2.2459E+01    7.5324E+00    9.8011E+00   
 1.7882E+02    6.0556E+01    6.8320E+01    2.5523E+01    2.2252E+01    1.7652E+01    8.4662E+01    6.3671E+01    2.0257E+01    5.2906E+00    2.2622E+01    7.4255E+00    9.9092E+00   
 1.7932E+02    6.0561E+01    6.8320E+01    2.5494E+01    2.2343E+01    1.7624E+01    8.4680E+01    6.3662E+01    2.0264E+01    5.2906E+00    2.2398E+01    7.3542E+00    9.8011E+00   
 1.7992E+02    6.0527E+01    6.8298E+01    2.5454E+01    2.2298E+01    1.7606E+01    8.4694E+01    6.3665E+01    2.0273E+01    5.2702E+00    2.2398E+01    7.6393E+00    9.8011E+00   
 1.8042E+02    6.0519E+01    6.8295E+01    2.5519E+01    2.2275E+01    1.7612E+01    8.4677E+01    6.3667E+01    2.0273E+01    5.2906E+00    2.2358E+01    7.5222E+00    9.8011E+00   
 1.8092E+02    6.0519E+01    6.8288E+01    2.5538E+01    2.2275E+01    1.7625E+01    8.4690E+01    6.3649E+01    2.0271E+01    5.2906E+00    2.2358E+01    7.3746E+00    1.0016E+01   
 1.8142E+02    6.0537E+01    6.8267E+01    2.5546E+01    2.2393E+01    1.7641E+01    8.4699E+01    6.3676E+01    2.0300E+01    5.2906E+00    2.2358E+01    7.6495E+00    9.8011E+00   
 1.8199E+02    6.0487E+01    6.8246E+01    2.5515E+01    2.2318E+01    1.7639E+01    8.4706E+01    6.3676E+01    2.0289E+01    5.2906E+00    2.2459E+01    7.6087E+00    9.9092E+00   
 1.8249E+02    6.0459E+01    6.8232E+01    2.5595E+01    2.2164E+01    1.7645E+01    8.4677E+01    6.3676E+01    2.0287E+01    5.2906E+00    2.2520E+01    7.5426E+00    9.9092E+00   
 1.8299E+02    6.0443E+01    6.8222E+01    2.5506E+01    2.2198E+01    1.7650E+01    8.4677E+01    6.3677E+01    2.0287E+01    5.2906E+00    2.2602E+01    7.3440E+00    9.9092E+00   
 1.8349E+02    6.0450E+01    6.8218E+01    2.5552E+01    2.2198E+01    1.7655E+01    8.4681E+01    6.3679E+01    2.0297E+01    5.2906E+00    2.2500E+01    7.6444E+00    9.8011E+00   
 1.8408E+02    6.0441E+01    6.8197E+01    2.5493E+01    2.2248E+01    1.7640E+01    8.4681E+01    6.3684E+01    2.0304E+01    5.2906E+00    2.2541E+01    7.3389E+00    9.9092E+00   
 1.8458E+02    6.0441E+01    6.8186E+01    2.5390E+01    2.2210E+01    1.7640E+01    8.4668E+01    6.3668E+01    2.0285E+01    5.2906E+00    2.2520E+01    7.5527E+00    9.9092E+00   
 1.8508E+02    6.0433E+01    6.8192E+01    2.5390E+01    2.2120E+01    1.7638E+01    8.4691E+01    6.3668E+01    2.0311E+01    5.2906E+00    2.2561E+01    7.4662E+00    9.8011E+00   
 1.8558E+02    6.0448E+01    6.8207E+01    2.5521E+01    2.2320E+01    1.7649E+01    8.4677E+01    6.3655E+01    2.0279E+01    5.2906E+00    2.2581E+01    7.3338E+00    9.8011E+00   
 1.8616E+02    6.0438E+01    6.8200E+01    2.5536E+01    2.2169E+01    1.7624E+01    8.4680E+01    6.3640E+01    2.0288E+01    5.2906E+00    2.2663E+01    7.4000E+00    9.8011E+00   
 1.8666E+02    6.0438E+01    6.8199E+01    2.5366E+01    2.2169E+01    1.7643E+01    8.4680E+01    6.3653E+01    2.0288E+01    5.2906E+00    2.2500E+01    7.4458E+00    9.8011E+00   
 1.8716E+02    6.0438E+01    6.8203E+01    2.5391E+01    2.2179E+01    1.7643E+01    8.4654E+01    6.3641E+01    2.0262E+01    5.2906E+00    2.2643E+01    7.3440E+00    9.9092E+00   
 1.8766E+02    6.0432E+01    6.8187E+01    2.5344E+01    2.2279E+01    1.7643E+01    8.4654E+01    6.3641E+01    2.0282E+01    5.2906E+00    2.2480E+01    7.3287E+00    9.8011E+00   
# Time (s)      T1w (C)       T2w (C)       T1a (C)       T2a (C)       T1r (C)       T2r (C)       T3r (C)       T4r (C)       P1 (bar)      P2 (bar)      Ic (amp)      Qc (l/min)    
 1.8825E+02    6.0433E+01    6.8189E+01    2.5344E+01    2.2159E+01    1.7633E+01    8.4651E+01    6.3655E+01    2.0279E+01    5.2906E+00    2.2459E+01    7.6342E+00    9.8011E+00   
 1.8875E+02    6.0421E+01    6.8189E+01    2.5218E+01    2.2126E+01    1.7616E+01    8.4651E+01    6.3634E+01    2.0266E+01    5.2906E+00    2.2358E+01    7.3542E+00    9.8011E+00   
 1.8925E+02    6.0420E+01    6.8170E+01    2.5391E+01    2.2211E+01    1.7636E+01    8.4635E+01    6.3635E+01    2.0266E+01    5.2906E+00    2.2500E+01    7.3491E+00    9.6914E+00   
 1.8975E+02    6.0413E+01    6.8170E+01    2.5499E+01    2.2211E+01    1.7674E+01    8.4642E+01    6.3648E+01    2.0282E+01    5.2702E+00    2.2500E+01    7.3898E+00    1.0016E+01   
 1.9032E+02    6.0413E+01    6.8161E+01    2.5570E+01    2.2158E+01    1.7674E+01    8.4644E+01    6.3639E+01    2.0283E+01    5.2906E+00    2.2337E+01    7.4458E+00    9.9092E+00   
 1.9083E+02    6.0382E+01    6.8139E+01    2.5636E+01    2.2177E+01    1.7654E+01    8.4640E+01    6.3653E+01    2.0291E+01    5.2702E+00    2.2439E+01    7.3593E+00    9.8011E+00   
 1.9133E+02    6.0384E+01    6.8123E+01    2.5636E+01    2.2101E+01    1.7664E+01    8.4644E+01    6.3659E+01    2.0295E+01    5.2702E+00    2.2480E+01    7.3287E+00    9.8011E+00   
 1.9183E+02    6.0379E+01    6.8123E+01    2.5572E+01    2.2158E+01    1.7650E+01    8.4658E+01    6.3658E+01    2.0304E+01    5.2702E+00    2.2459E+01    7.6393E+00    9.8011E+00   
 1.9242E+02    6.0373E+01    6.8133E+01    2.5707E+01    2.2194E+01    1.7626E+01    8.4625E+01    6.3660E+01    2.0304E+01    5.2702E+00    2.2459E+01    7.3338E+00    9.9092E+00   
 1.9292E+02    6.0365E+01    6.8119E+01    2.5769E+01    2.2194E+01    1.7645E+01    8.4638E+01    6.3663E+01    2.0307E+01    5.2702E+00    2.2480E+01    7.5731E+00    9.8011E+00   
 1.9342E+02    6.0365E+01    6.8124E+01    2.5752E+01    2.2147E+01    1.7645E+01    8.4645E+01    6.3673E+01    2.0313E+01    5.2906E+00    2.2500E+01    7.3542E+00    9.9092E+00   
 1.9392E+02    6.0357E+01    6.8100E+01    2.5659E+01    2.2155E+01    1.7648E+01    8.4629E+01    6.3673E+01    2.0310E+01    5.2702E+00    2.2459E+01    7.3389E+00    9.8011E+00   
 1.9449E+02    6.0350E+01    6.8108E+01    2.5659E+01    2.2258E+01    1.7688E+01    8.4621E+01    6.3681E+01    2.0314E+01    5.2906E+00    2.2561E+01    7.4560E+00    9.8011E+00   
 1.9499E+02    6.0362E+01    6.8122E+01    2.5682E+01    2.2191E+01    1.7635E+01    8.4607E+01    6.3649E+01    2.0288E+01    5.2906E+00    2.2581E+01    7.4916E+00    9.8011E+00   
 1.9549E+02    6.0337E+01    6.8118E+01    2.5924E+01    2.2157E+01    1.7646E+01    8.4606E+01    6.3648E+01    2.0288E+01    5.2906E+00    2.2581E+01    7.3236E+00    9.8011E+00   
 1.9599E+02    6.0337E+01    6.8104E+01    2.5805E+01    2.2157E+01    1.7638E+01    8.4596E+01    6.3654E+01    2.0294E+01    5.2906E+00    2.2561E+01    7.3287E+00    9.8011E+00   
 1.9659E+02    6.0324E+01    6.8082E+01    2.5810E+01    2.2236E+01    1.7638E+01    8.4600E+01    6.3652E+01    2.0292E+01    5.2906E+00    2.2520E+01    7.5782E+00    9.9092E+00   
 1.9709E+02    6.0304E+01    6.8076E+01    2.5802E+01    2.2194E+01    1.7634E+01    8.4575E+01    6.3652E+01    2.0284E+01    5.2906E+00    2.2480E+01    7.3389E+00    9.8011E+00   
 1.9759E+02    6.0315E+01    6.8076E+01    2.5802E+01    2.2291E+01    1.7662E+01    8.4575E+01    6.3629E+01    2.0266E+01    5.2906E+00    2.2337E+01    7.6240E+00    9.8011E+00   
 1.9809E+02    6.0327E+01    6.8082E+01    2.5653E+01    2.2250E+01    1.7689E+01    8.4575E+01    6.3629E+01    2.0278E+01    5.2906E+00    2.2459E+01    7.5731E+00    9.9092E+00   
 1.9866E+02    6.0289E+01    6.8066E+01    2.5568E+01    2.2192E+01    1.7708E+01    8.4602E+01    6.3636E+01    2.0294E+01    5.2906E+00    2.2276E+01    7.3695E+00    9.9092E+00   
 1.9916E+02    6.0289E+01    6.8045E+01    2.5398E+01    2.2192E+01    1.7691E+01    8.4588E+01    6.3624E+01    2.0280E+01    5.2906E+00    2.2378E+01    7.3236E+00    9.9092E+00   
 1.9966E+02    6.0259E+01    6.8030E+01    2.5352E+01    2.2185E+01    1.7675E+01    8.4561E+01    6.3609E+01    2.0262E+01    5.2906E+00    2.2296E+01    7.6342E+00    9.9092E+00   
 2.0016E+02    6.0257E+01    6.8034E+01    2.5352E+01    2.2151E+01    1.7655E+01    8.4553E+01    6.3618E+01    2.0272E+01    5.2906E+00    2.2378E+01    7.5731E+00    9.8011E+00   
 2.0076E+02    6.0235E+01    6.8001E+01    2.5251E+01    2.2206E+01    1.7669E+01    8.4541E+01    6.3637E+01    2.0288E+01    5.2906E+00    2.2378E+01    7.3593E+00    9.9092E+00   
 2.0126E+02    6.0226E+01    6.8001E+01    2.5231E+01    2.2210E+01    1.7659E+01    8.4541E+01    6.3632E+01    2.0269E+01    5.2906E+00    2.2439E+01    7.6342E+00    9.9092E+00   
 2.0176E+02    6.0226E+01    6.8015E+01    2.5136E+01    2.2210E+01    1.7663E+01    8.4548E+01    6.3631E+01    2.0285E+01    5.2906E+00    2.2378E+01    7.3084E+00    9.8011E+00   
 2.0226E+02    6.0226E+01    6.8004E+01    2.5233E+01    2.2093E+01    1.7663E+01    8.4562E+01    6.3631E+01    2.0270E+01    5.2906E+00    2.2419E+01    7.3746E+00    1.0016E+01   
 2.0284E+02    6.0220E+01    6.8009E+01    2.5229E+01    2.2202E+01    1.7670E+01    8.4577E+01    6.3644E+01    2.0288E+01    5.2906E+00    2.2256E+01    7.3440E+00    9.6914E+00   
 2.0334E+02    6.0226E+01    6.8000E+01    2.5229E+01    2.2111E+01    1.7652E+01    8.4578E+01    6.3644E+01    2.0277E+01    5.2906E+00    2.2378E+01    7.4153E+00    9.8011E+00   
# Time (s)      T1w (C)       T2w (C)       T1a (C)       T2a (C)       T1r (C)       T2r (C)       T3r (C)       T4r (C)       P1 (bar)      P2 (bar)      Ic (amp)      Qc (l/min)    
 2.0384E+02    6.0223E+01    6.8000E+01    2.5182E+01    2.2023E+01    1.7640E+01    8.4592E+01    6.3642E+01    2.0294E+01    5.2702E+00    2.2500E+01    7.3287E+00    1.0016E+01   
 2.0434E+02    6.0225E+01    6.7993E+01    2.5144E+01    2.2156E+01    1.7661E+01    8.4581E+01    6.3658E+01    2.0294E+01    5.2702E+00    2.2480E+01    7.5935E+00    9.9092E+00   
 2.0493E+02    6.0214E+01    6.7991E+01    2.5241E+01    2.2121E+01    1.7670E+01    8.4589E+01    6.3662E+01    2.0315E+01    5.2906E+00    2.2378E+01    7.6138E+00    9.9092E+00   
 2.0544E+02    6.0214E+01    6.7988E+01    2.5319E+01    2.2121E+01    1.7683E+01    8.4582E+01    6.3659E+01    2.0302E+01    5.2906E+00    2.2317E+01    7.3898E+00    9.8011E+00   
 2.0594E+02    6.0217E+01    6.7979E+01    2.5495E+01    2.2161E+01    1.7683E+01    8.4579E+01    6.3659E+01    2.0299E+01    5.2906E+00    2.2358E+01    7.4713E+00    9.9092E+00   
 2.0644E+02    6.0197E+01    6.7966E+01    2.5495E+01    2.2129E+01    1.7654E+01    8.4559E+01    6.3649E+01    2.0290E+01    5.2906E+00    2.2398E+01    7.5935E+00    9.9092E+00   
 2.0701E+02    6.0215E+01    6.7966E+01    2.5416E+01    2.2116E+01    1.7654E+01    8.4570E+01    6.3650E+01    2.0290E+01    5.2702E+00    2.2480E+01    7.4153E+00    9.8011E+00   
 2.0751E+02    6.0216E+01    6.7967E+01    2.5368E+01    2.2193E+01    1.7650E+01    8.4570E+01    6.3645E+01    2.0289E+01    5.2906E+00    2.2541E+01    7.3389E+00    1.0016E+01   
 2.0801E+02    6.0214E+01    6.7957E+01    2.5371E+01    2.2193E+01    1.7641E+01    8.4560E+01    6.3640E+01    2.0289E+01    5.2702E+00    2.2419E+01    7.4916E+00    9.6914E+00   
 2.0851E+02    6.0214E+01    6.7952E+01    2.5448E+01    2.2110E+01    1.7641E+01    8.4555E+01    6.3650E+01    2.0281E+01    5.2702E+00    2.2541E+01    7.6138E+00    9.8011E+00   
 2.0910E+02    6.0189E+01    6.7957E+01    2.5402E+01    2.2031E+01    1.7632E+01    8.4546E+01    6.3644E+01    2.0265E+01    5.2906E+00    2.2541E+01    7.3236E+00    9.9092E+00   
 2.0960E+02    6.0201E+01    6.7956E+01    2.5402E+01    2.2136E+01    1.7629E+01    8.4554E+01    6.3644E+01    2.0268E+01    5.2702E+00    2.2541E+01    7.5985E+00    9.9092E+00   
 2.1010E+02    6.0174E+01    6.7956E+01    2.5409E+01    2.2055E+01    1.7630E+01    8.4554E+01    6.3638E+01    2.0275E+01    5.2906E+00    2.2561E+01    7.3135E+00    9.9092E+00   
 2.1060E+02    6.0183E+01    6.7940E+01    2.5493E+01    2.2057E+01    1.7603E+01    8.4526E+01    6.3637E+01    2.0275E+01    5.2906E+00    2.2561E+01    7.3440E+00    9.8011E+00   
 2.1118E+02    6.0167E+01    6.7951E+01    2.5430E+01    2.2057E+01    1.7609E+01    8.4511E+01    6.3621E+01    2.0256E+01    5.2702E+00    2.2419E+01    7.5120E+00    9.8011E+00   
 2.1168E+02    6.0167E+01    6.7933E+01    2.5513E+01    2.2040E+01    1.7609E+01    8.4540E+01    6.3614E+01    2.0258E+01    5.2906E+00    2.2358E+01    7.5578E+00    9.6914E+00   
 2.1218E+02    6.0157E+01    6.7928E+01    2.5579E+01    2.2049E+01    1.7616E+01    8.4533E+01    6.3614E+01    2.0247E+01    5.2906E+00    2.2419E+01    7.2982E+00    9.8011E+00   
 2.1268E+02    6.0152E+01    6.7928E+01    2.5579E+01    2.2045E+01    1.7626E+01    8.4548E+01    6.3628E+01    2.0250E+01    5.2702E+00    2.2215E+01    7.3236E+00    9.9092E+00   
 2.1327E+02    6.0144E+01    6.7928E+01    2.5541E+01    2.2081E+01    1.7619E+01    8.4548E+01    6.3614E+01    2.0240E+01    5.2702E+00    2.2235E+01    7.4356E+00    9.8011E+00   
 2.1377E+02    6.0151E+01    6.7918E+01    2.5436E+01    2.2015E+01    1.7589E+01    8.4540E+01    6.3600E+01    2.0240E+01    5.2702E+00    2.2215E+01    7.2829E+00    9.8011E+00   
 2.1427E+02    6.0148E+01    6.7920E+01    2.5428E+01    2.2015E+01    1.7573E+01    8.4563E+01    6.3594E+01    2.0253E+01    5.2702E+00    2.2215E+01    7.6189E+00    9.6914E+00   
 2.1477E+02    6.0148E+01    6.7913E+01    2.5438E+01    2.1995E+01    1.7573E+01    8.4563E+01    6.3591E+01    2.0250E+01    5.2702E+00    2.2215E+01    7.3898E+00    9.9092E+00   
 2.1534E+02    6.0152E+01    6.7911E+01    2.5475E+01    2.1983E+01    1.7556E+01    8.4540E+01    6.3591E+01    2.0232E+01    5.2702E+00    2.2398E+01    7.4306E+00    9.6914E+00   
 2.1584E+02    6.0166E+01    6.7920E+01    2.5491E+01    2.2059E+01    1.7574E+01    8.4519E+01    6.3580E+01    2.0227E+01    5.2702E+00    2.2337E+01    7.3695E+00    9.6914E+00   
 2.1634E+02    6.0148E+01    6.7920E+01    2.5474E+01    2.2143E+01    1.7589E+01    8.4519E+01    6.3570E+01    2.0228E+01    5.2906E+00    2.2296E+01    7.4866E+00    9.8011E+00   
 2.1685E+02    6.0163E+01    6.7928E+01    2.5546E+01    2.2135E+01    1.7615E+01    8.4503E+01    6.3563E+01    2.0228E+01    5.2702E+00    2.2378E+01    7.3796E+00    9.8011E+00   
 2.1746E+02    6.0167E+01    6.7912E+01    2.5566E+01    2.2135E+01    1.7637E+01    8.4516E+01    6.3563E+01    2.0224E+01    5.2702E+00    2.2500E+01    7.2982E+00    9.9092E+00   
 2.1796E+02    6.0167E+01    6.7918E+01    2.5585E+01    2.2168E+01    1.7637E+01    8.4509E+01    6.3543E+01    2.0213E+01    5.2702E+00    2.2500E+01    7.3695E+00    9.9092E+00   
 2.1846E+02    6.0157E+01    6.7895E+01    2.5513E+01    2.2069E+01    1.7648E+01    8.4496E+01    6.3543E+01    2.0217E+01    5.2702E+00    2.2215E+01    7.3033E+00    9.9092E+00   
 2.1896E+02    6.0136E+01    6.7905E+01    2.5513E+01    2.2062E+01    1.7596E+01    8.4509E+01    6.3532E+01    2.0208E+01    5.2702E+00    2.2500E+01    7.2931E+00    9.8011E+00   
# Time (s)      T1w (C)       T2w (C)       T1a (C)       T2a (C)       T1r (C)       T2r (C)       T3r (C)       T4r (C)       P1 (bar)      P2 (bar)      Ic (amp)      Qc (l/min)    
 2.1954E+02    6.0142E+01    6.7905E+01    2.5464E+01    2.2104E+01    1.7590E+01    8.4509E+01    6.3540E+01    2.0195E+01    5.2906E+00    2.2215E+01    7.4204E+00    9.9092E+00   
 2.2005E+02    6.0132E+01    6.7882E+01    2.5545E+01    2.2200E+01    1.7595E+01    8.4500E+01    6.3535E+01    2.0195E+01    5.2906E+00    2.2317E+01    7.3186E+00    9.9092E+00   
 2.2055E+02    6.0123E+01    6.7872E+01    2.5535E+01    2.2200E+01    1.7612E+01    8.4473E+01    6.3527E+01    2.0179E+01    5.2702E+00    2.2215E+01    7.6087E+00    9.8011E+00   
 2.2105E+02    6.0109E+01    6.7857E+01    2.5655E+01    2.2117E+01    1.7596E+01    8.4459E+01    6.3507E+01    2.0161E+01    5.2702E+00    2.2215E+01    7.3287E+00    9.9092E+00   
 2.2163E+02    6.0099E+01    6.7864E+01    2.5718E+01    2.2130E+01    1.7585E+01    8.4455E+01    6.3507E+01    2.0180E+01    5.2702E+00    2.2215E+01    7.5680E+00    9.9092E+00   
 2.2213E+02    6.0099E+01    6.7849E+01    2.5718E+01    2.2139E+01    1.7573E+01    8.4466E+01    6.3505E+01    2.0175E+01    5.2702E+00    2.2195E+01    7.2982E+00    9.9092E+00   
 2.2263E+02    6.0094E+01    6.7849E+01    2.5565E+01    2.2115E+01    1.7569E+01    8.4466E+01    6.3505E+01    2.0177E+01    5.2702E+00    2.2215E+01    7.5273E+00    1.0016E+01   
 2.2313E+02    6.0081E+01    6.7859E+01    2.5614E+01    2.2115E+01    1.7581E+01    8.4482E+01    6.3496E+01    2.0177E+01    5.2702E+00    2.2195E+01    7.5171E+00    9.9092E+00   
 2.2371E+02    6.0058E+01    6.7850E+01    2.5563E+01    2.2089E+01    1.7596E+01    8.4477E+01    6.3500E+01    2.0176E+01    5.2702E+00    2.2500E+01    7.5222E+00    9.6914E+00   
 2.2421E+02    6.0058E+01    6.7842E+01    2.5514E+01    2.2121E+01    1.7596E+01    8.4490E+01    6.3508E+01    2.0163E+01    5.2702E+00    2.2317E+01    7.4255E+00    9.8011E+00   
 2.2471E+02    6.0065E+01    6.7834E+01    2.5514E+01    2.2081E+01    1.7572E+01    8.4487E+01    6.3508E+01    2.0169E+01    5.2702E+00    2.2215E+01    7.5324E+00    9.9092E+00   
 2.2521E+02    6.0057E+01    6.7834E+01    2.5636E+01    2.2051E+01    1.7584E+01    8.4487E+01    6.3505E+01    2.0164E+01    5.2702E+00    2.2296E+01    7.6087E+00    9.9092E+00   
 2.2579E+02    6.0052E+01    6.7812E+01    2.5719E+01    2.2067E+01    1.7546E+01    8.4444E+01    6.3451E+01    2.0132E+01    5.2702E+00    2.2459E+01    7.6189E+00    9.8011E+00   
 2.2629E+02    6.0038E+01    6.7814E+01    2.5791E+01    2.2084E+01    1.7551E+01    8.4441E+01    6.3463E+01    2.0132E+01    5.2702E+00    2.2500E+01    7.3236E+00    9.8011E+00   
 2.2679E+02    6.0038E+01    6.7828E+01    2.5820E+01    2.2084E+01    1.7551E+01    8.4424E+01    6.3456E+01    2.0141E+01    5.2702E+00    2.2500E+01    7.4815E+00    9.9092E+00   
 2.2729E+02    6.0060E+01    6.7838E+01    2.5841E+01    2.2096E+01    1.7555E+01    8.4436E+01    6.3456E+01    2.0136E+01    5.2702E+00    2.2480E+01    7.5578E+00    9.9092E+00   
 2.2786E+02    6.0055E+01    6.7807E+01    2.5841E+01    2.2008E+01    1.7539E+01    8.4412E+01    6.3466E+01    2.0148E+01    5.2702E+00    2.2378E+01    7.3338E+00    9.8011E+00   
 2.2836E+02    6.0055E+01    6.7807E+01    2.5871E+01    2.2177E+01    1.7557E+01    8.4412E+01    6.3449E+01    2.0135E+01    5.2498E+00    2.2439E+01    7.4713E+00    9.8011E+00   
 2.2886E+02    6.0057E+01    6.7840E+01    2.5893E+01    2.2161E+01    1.7498E+01    8.4395E+01    6.3420E+01    2.0119E+01    5.2702E+00    2.2419E+01    7.5527E+00    9.8011E+00   
 2.2936E+02    6.0025E+01    6.7821E+01    2.5827E+01    2.2161E+01    1.7502E+01    8.4381E+01    6.3416E+01    2.0130E+01    5.2702E+00    2.2195E+01    7.4662E+00    9.9092E+00   
 2.2995E+02    6.0039E+01    6.7840E+01    2.5750E+01    2.2205E+01    1.7502E+01    8.4390E+01    6.3402E+01    2.0115E+01    5.2702E+00    2.2235E+01    7.2931E+00    9.8011E+00   
 2.3045E+02    6.0044E+01    6.7833E+01    2.5703E+01    2.2190E+01    1.7542E+01    8.4388E+01    6.3402E+01    2.0116E+01    5.2702E+00    2.2174E+01    7.5782E+00    9.9092E+00   
 2.3095E+02    6.0027E+01    6.7819E+01    2.5703E+01    2.2166E+01    1.7511E+01    8.4375E+01    6.3384E+01    2.0110E+01    5.2702E+00    2.2296E+01    7.4102E+00    9.8011E+00   
 2.3146E+02    6.0022E+01    6.7819E+01    2.5684E+01    2.2153E+01    1.7507E+01    8.4375E+01    6.3390E+01    2.0096E+01    5.2906E+00    2.2195E+01    7.5476E+00    1.0016E+01   
 2.3203E+02    6.0042E+01    6.7828E+01    2.5686E+01    2.2217E+01    1.7502E+01    8.4375E+01    6.3377E+01    2.0080E+01    5.2906E+00    2.2154E+01    7.5782E+00    9.9092E+00   
 2.3253E+02    6.0021E+01    6.7816E+01    2.5636E+01    2.2217E+01    1.7491E+01    8.4357E+01    6.3355E+01    2.0092E+01    5.2906E+00    2.2317E+01    7.5018E+00    9.9092E+00   
 2.3303E+02    6.0021E+01    6.7823E+01    2.5489E+01    2.2187E+01    1.7491E+01    8.4374E+01    6.3352E+01    2.0082E+01    5.2702E+00    2.2174E+01    7.5273E+00    9.9092E+00   
 2.3353E+02    6.0023E+01    6.7820E+01    2.5512E+01    2.2109E+01    1.7486E+01    8.4337E+01    6.3352E+01    2.0076E+01    5.2906E+00    2.2256E+01    7.6087E+00    1.0016E+01   
 2.3412E+02    6.0012E+01    6.7793E+01    2.5497E+01    2.2149E+01    1.7482E+01    8.4309E+01    6.3358E+01    2.0087E+01    5.2702E+00    2.2235E+01    7.2778E+00    9.6914E+00   
 2.3462E+02    6.0007E+01    6.7793E+01    2.5476E+01    2.2172E+01    1.7512E+01    8.4309E+01    6.3341E+01    2.0080E+01    5.2702E+00    2.2276E+01    7.5018E+00    9.8011E+00   
# Time (s)      T1w (C)       T2w (C)       T1a (C)       T2a (C)       T1r (C)       T2r (C)       T3r (C)       T4r (C)       P1 (bar)      P2 (bar)      Ic (amp)      Qc (l/min)    
 2.3512E+02    5.9991E+01    6.7785E+01    2.5454E+01    2.2085E+01    1.7525E+01    8.4324E+01    6.3372E+01    2.0096E+01    5.2702E+00    2.2276E+01    7.3033E+00    9.9092E+00   
 2.3562E+02    5.9991E+01    6.7771E+01    2.5454E+01    2.2085E+01    1.7500E+01    8.4317E+01    6.3366E+01    2.0088E+01    5.2906E+00    2.2296E+01    7.2982E+00    9.6914E+00   
 2.3620E+02    5.9977E+01    6.7772E+01    2.5700E+01    2.2215E+01    1.7516E+01    8.4318E+01    6.3377E+01    2.0122E+01    5.2702E+00    2.2296E+01    7.4764E+00    9.8011E+00   
 2.3670E+02    5.9981E+01    6.7753E+01    2.5981E+01    2.2118E+01    1.7524E+01    8.4313E+01    6.3377E+01    2.0113E+01    5.2906E+00    2.2439E+01    7.5833E+00    9.9092E+00   
 2.3720E+02    5.9959E+01    6.7740E+01    2.5981E+01    2.2098E+01    1.7520E+01    8.4353E+01    6.3370E+01    2.0112E+01    5.2906E+00    2.2317E+01    7.2931E+00    9.9092E+00   
 2.3770E+02    5.9957E+01    6.7740E+01    2.6122E+01    2.2173E+01    1.7526E+01    8.4353E+01    6.3372E+01    2.0133E+01    5.2702E+00    2.2419E+01    7.3491E+00    9.8011E+00   
 2.3829E+02    5.9954E+01    6.7740E+01    2.6095E+01    2.2151E+01    1.7548E+01    8.4364E+01    6.3386E+01    2.0149E+01    5.2702E+00    2.2378E+01    7.3695E+00    1.0016E+01   
 2.3879E+02    5.9952E+01    6.7757E+01    2.6084E+01    2.2151E+01    1.7553E+01    8.4350E+01    6.3384E+01    2.0141E+01    5.2702E+00    2.2398E+01    7.2829E+00    9.9092E+00   
 2.3929E+02    5.9938E+01    6.7749E+01    2.6222E+01    2.2142E+01    1.7553E+01    8.4346E+01    6.3373E+01    2.0128E+01    5.2702E+00    2.2358E+01    7.5985E+00    9.9092E+00   
 2.3979E+02    5.9939E+01    6.7716E+01    2.6222E+01    2.2160E+01    1.7571E+01    8.4328E+01    6.3373E+01    2.0137E+01    5.2702E+00    2.2378E+01    7.3033E+00    9.9092E+00   
 2.4036E+02    5.9915E+01    6.7705E+01    2.6230E+01    2.2134E+01    1.7554E+01    8.4307E+01    6.3384E+01    2.0126E+01    5.2702E+00    2.2419E+01    7.2778E+00    1.0016E+01   
 2.4086E+02    5.9927E+01    6.7705E+01    2.6170E+01    2.2067E+01    1.7531E+01    8.4307E+01    6.3377E+01    2.0126E+01    5.2702E+00    2.2256E+01    7.2778E+00    9.9092E+00   
 2.4136E+02    5.9912E+01    6.7700E+01    2.5849E+01    2.2067E+01    1.7526E+01    8.4287E+01    6.3386E+01    2.0126E+01    5.2702E+00    2.2296E+01    7.5578E+00    1.0016E+01   
 2.4186E+02    5.9912E+01    6.7702E+01    2.5700E+01    2.2135E+01    1.7526E+01    8.4282E+01    6.3375E+01    2.0127E+01    5.2702E+00    2.2358E+01    7.2880E+00    9.9092E+00   
 2.4246E+02    5.9882E+01    6.7685E+01    2.5570E+01    2.2159E+01    1.7522E+01    8.4297E+01    6.3361E+01    2.0148E+01    5.2702E+00    2.2235E+01    7.5884E+00    9.9092E+00   
 2.4296E+02    5.9884E+01    6.7683E+01    2.5495E+01    2.2126E+01    1.7503E+01    8.4286E+01    6.3361E+01    2.0129E+01    5.2702E+00    2.2134E+01    7.5782E+00    9.8011E+00   
 2.4346E+02    5.9868E+01    6.7683E+01    2.5495E+01    2.2195E+01    1.7503E+01    8.4291E+01    6.3351E+01    2.0127E+01    5.2906E+00    2.2235E+01    7.5629E+00    1.0016E+01   
 2.4396E+02    5.9879E+01    6.7695E+01    2.5570E+01    2.2174E+01    1.7547E+01    8.4291E+01    6.3334E+01    2.0119E+01    5.2702E+00    2.2195E+01    7.5935E+00    9.9092E+00   
 2.4453E+02    5.9881E+01    6.7693E+01    2.5490E+01    2.2143E+01    1.7564E+01    8.4295E+01    6.3330E+01    2.0119E+01    5.2702E+00    2.2154E+01    7.4662E+00    9.6914E+00   
 2.4503E+02    5.9881E+01    6.7670E+01    2.5444E+01    2.2143E+01    1.7549E+01    8.4284E+01    6.3342E+01    2.0117E+01    5.2702E+00    2.2215E+01    7.3440E+00    1.0016E+01   
 2.4553E+02    5.9877E+01    6.7658E+01    2.5570E+01    2.2115E+01    1.7549E+01    8.4300E+01    6.3342E+01    2.0115E+01    5.2702E+00    2.2134E+01    7.5833E+00    9.8011E+00   
 2.4603E+02    5.9846E+01    6.7641E+01    2.5570E+01    2.2072E+01    1.7518E+01    8.4307E+01    6.3335E+01    2.0127E+01    5.2702E+00    2.2215E+01    7.5833E+00    9.9092E+00   
 2.4663E+02    5.9858E+01    6.7641E+01    2.5479E+01    2.2120E+01    1.7556E+01    8.4291E+01    6.3335E+01    2.0134E+01    5.2702E+00    2.2215E+01    7.2829E+00    9.8011E+00   
 2.4713E+02    5.9860E+01    6.7658E+01    2.5482E+01    2.2127E+01    1.7549E+01    8.4305E+01    6.3358E+01    2.0153E+01    5.2702E+00    2.2134E+01    7.5273E+00    1.0016E+01   
 2.4763E+02    5.9860E+01    6.7656E+01    2.5515E+01    2.2127E+01    1.7547E+01    8.4299E+01    6.3331E+01    2.0153E+01    5.2702E+00    2.2174E+01    7.2727E+00    9.9092E+00   
 2.4813E+02    5.9845E+01    6.7639E+01    2.5622E+01    2.2098E+01    1.7563E+01    8.4299E+01    6.3352E+01    2.0166E+01    5.2702E+00    2.2174E+01    7.3186E+00    9.8011E+00   
 2.4872E+02    5.9840E+01    6.7626E+01    2.5705E+01    2.2001E+01    1.7567E+01    8.4322E+01    6.3353E+01    2.0159E+01    5.2906E+00    2.2419E+01    7.2727E+00    9.8011E+00   
 2.4922E+02    5.9843E+01    6.7629E+01    2.5705E+01    2.2164E+01    1.7598E+01    8.4286E+01    6.3367E+01    2.0181E+01    5.2702E+00    2.2317E+01    7.2727E+00    9.8011E+00   
 2.4972E+02    5.9836E+01    6.7629E+01    2.5745E+01    2.2183E+01    1.7611E+01    8.4286E+01    6.3355E+01    2.0178E+01    5.2702E+00    2.2358E+01    7.4153E+00    1.0016E+01   
 2.5022E+02    5.9847E+01    6.7620E+01    2.5579E+01    2.2244E+01    1.7596E+01    8.4287E+01    6.3360E+01    2.0178E+01    5.2702E+00    2.2358E+01    7.3033E+00    9.8011E+00   
# Time (s)      T1w (C)       T2w (C)       T1a (C)       T2a (C)       T1r (C)       T2r (C)       T3r (C)       T4r (C)       P1 (bar)      P2 (bar)      Ic (amp)      Qc (l/min)    
 2.5081E+02    5.9829E+01    6.7605E+01    2.5459E+01    2.2244E+01    1.7566E+01    8.4274E+01    6.3356E+01    2.0180E+01    5.2702E+00    2.2378E+01    7.5527E+00    9.8011E+00   
 2.5131E+02    5.9829E+01    6.7614E+01    2.5348E+01    2.2193E+01    1.7547E+01    8.4277E+01    6.3347E+01    2.0183E+01    5.2702E+00    2.2337E+01    7.4662E+00    9.9092E+00   
 2.5181E+02    5.9820E+01    6.7620E+01    2.5316E+01    2.2150E+01    1.7547E+01    8.4276E+01    6.3347E+01    2.0184E+01    5.2702E+00    2.2378E+01    7.3084E+00    9.9092E+00   
 2.5231E+02    5.9828E+01    6.7612E+01    2.5316E+01    2.2153E+01    1.7528E+01    8.4263E+01    6.3324E+01    2.0159E+01    5.2702E+00    2.2134E+01    7.4916E+00    9.8011E+00   
 2.5290E+02    5.9811E+01    6.7612E+01    2.5347E+01    2.2166E+01    1.7541E+01    8.4244E+01    6.3311E+01    2.0169E+01    5.2702E+00    2.2134E+01    7.3644E+00    9.9092E+00   
 2.5340E+02    5.9796E+01    6.7590E+01    2.5230E+01    2.2265E+01    1.7540E+01    8.4244E+01    6.3299E+01    2.0171E+01    5.2702E+00    2.2235E+01    7.4713E+00    9.9092E+00   
 2.5390E+02    5.9781E+01    6.7587E+01    2.5256E+01    2.2265E+01    1.7554E+01    8.4242E+01    6.3314E+01    2.0171E+01    5.2702E+00    2.2134E+01    7.2524E+00    9.6914E+00   
 2.5440E+02    5.9781E+01    6.7575E+01    2.5308E+01    2.2191E+01    1.7554E+01    8.4253E+01    6.3306E+01    2.0159E+01    5.2702E+00    2.2195E+01    7.2676E+00    9.9092E+00   
 2.5500E+02    5.9781E+01    6.7577E+01    2.5365E+01    2.2249E+01    1.7563E+01    8.4269E+01    6.3293E+01    2.0171E+01    5.2906E+00    2.2195E+01    7.4509E+00    9.8011E+00   
 2.5550E+02    5.9776E+01    6.7573E+01    2.5365E+01    2.2156E+01    1.7567E+01    8.4282E+01    6.3293E+01    2.0162E+01    5.2906E+00    2.2256E+01    7.2676E+00    9.8011E+00   
 2.5600E+02    5.9760E+01    6.7573E+01    2.5342E+01    2.2075E+01    1.7595E+01    8.4282E+01    6.3295E+01    2.0195E+01    5.2906E+00    2.2195E+01    7.3898E+00    9.8011E+00   
 2.5650E+02    5.9782E+01    6.7568E+01    2.5422E+01    2.2183E+01    1.7631E+01    8.4295E+01    6.3297E+01    2.0195E+01    5.2906E+00    2.2235E+01    7.3695E+00    9.8011E+00   
 2.5711E+02    5.9769E+01    6.7562E+01    2.5483E+01    2.2245E+01    1.7638E+01    8.4290E+01    6.3304E+01    2.0175E+01    5.2702E+00    2.2276E+01    7.2676E+00    9.9092E+00   
 2.5761E+02    5.9769E+01    6.7564E+01    2.5545E+01    2.2245E+01    1.7641E+01    8.4270E+01    6.3292E+01    2.0177E+01    5.2702E+00    2.2154E+01    7.3287E+00    9.9092E+00   
 2.5811E+02    5.9751E+01    6.7539E+01    2.5513E+01    2.2226E+01    1.7641E+01    8.4260E+01    6.3287E+01    2.0157E+01    5.2702E+00    2.2317E+01    7.4051E+00    9.8011E+00   
 2.5861E+02    5.9737E+01    6.7538E+01    2.5513E+01    2.2238E+01    1.7597E+01    8.4265E+01    6.3287E+01    2.0177E+01    5.2702E+00    2.2072E+01    7.2473E+00    9.5801E+00   
 2.5921E+02    5.9734E+01    6.7511E+01    2.5434E+01    2.2167E+01    1.7557E+01    8.4262E+01    6.3275E+01    2.0184E+01    5.2702E+00    2.2317E+01    7.5273E+00    9.6914E+00   
 2.5971E+02    5.9697E+01    6.7511E+01    2.5819E+01    2.2273E+01    1.7554E+01    8.4262E+01    6.3271E+01    2.0187E+01    5.2702E+00    2.2378E+01    7.4560E+00    1.0016E+01   
 2.6021E+02    5.9696E+01    6.7501E+01    2.5992E+01    2.2273E+01    1.7587E+01    8.4255E+01    6.3264E+01    2.0187E+01    5.2906E+00    2.2134E+01    7.2575E+00    9.8011E+00   
 2.6071E+02    5.9696E+01    6.7497E+01    2.5977E+01    2.2339E+01    1.7587E+01    8.4265E+01    6.3249E+01    2.0172E+01    5.2906E+00    2.2358E+01    7.5833E+00    9.6914E+00   
 2.6128E+02    5.9680E+01    6.7486E+01    2.5887E+01    2.2257E+01    1.7617E+01    8.4247E+01    6.3253E+01    2.0184E+01    5.2906E+00    2.2256E+01    7.4967E+00    9.9092E+00   
 2.6178E+02    5.9681E+01    6.7481E+01    2.5887E+01    2.2298E+01    1.7632E+01    8.4245E+01    6.3253E+01    2.0171E+01    5.2906E+00    2.2072E+01    7.4051E+00    9.8011E+00   
 2.6228E+02    5.9696E+01    6.7496E+01    2.5953E+01    2.2259E+01    1.7635E+01    8.4245E+01    6.3264E+01    2.0172E+01    5.2906E+00    2.2174E+01    7.5171E+00    9.8011E+00   
 2.6278E+02    5.9686E+01    6.7482E+01    2.6112E+01    2.2283E+01    1.7622E+01    8.4225E+01    6.3250E+01    2.0172E+01    5.2702E+00    2.2174E+01    7.2727E+00    9.8011E+00   
 2.6337E+02    5.9706E+01    6.7517E+01    2.6319E+01    2.2314E+01    1.7593E+01    8.4228E+01    6.3245E+01    2.0175E+01    5.2906E+00    2.2072E+01    7.2676E+00    9.6914E+00   
 2.6388E+02    5.9706E+01    6.7500E+01    2.6343E+01    2.2360E+01    1.7593E+01    8.4252E+01    6.3232E+01    2.0173E+01    5.2906E+00    2.2011E+01    7.4967E+00    9.9092E+00   
 2.6438E+02    5.9716E+01    6.7508E+01    2.6396E+01    2.2263E+01    1.7606E+01    8.4211E+01    6.3232E+01    2.0172E+01    5.2906E+00    2.2072E+01    7.2778E+00    9.9092E+00   
 2.6488E+02    5.9705E+01    6.7510E+01    2.6396E+01    2.2315E+01    1.7582E+01    8.4217E+01    6.3221E+01    2.0165E+01    5.2906E+00    2.2052E+01    7.2778E+00    9.8011E+00   
 2.6545E+02    5.9717E+01    6.7525E+01    2.6285E+01    2.2398E+01    1.7589E+01    8.4217E+01    6.3219E+01    2.0183E+01    5.2906E+00    2.2093E+01    7.4509E+00    9.8011E+00   
 2.6595E+02    5.9708E+01    6.7511E+01    2.6345E+01    2.2350E+01    1.7594E+01    8.4188E+01    6.3217E+01    2.0183E+01    5.2702E+00    2.2154E+01    7.5527E+00    9.8011E+00   
# Time (s)      T1w (C)       T2w (C)       T1a (C)       T2a (C)       T1r (C)       T2r (C)       T3r (C)       T4r (C)       P1 (bar)      P2 (bar)      Ic (amp)      Qc (l/min)    
 2.6645E+02    5.9723E+01    6.7523E+01    2.6172E+01    2.2365E+01    1.7576E+01    8.4202E+01    6.3204E+01    2.0191E+01    5.2906E+00    2.2052E+01    7.2626E+00    9.8011E+00   
 2.6695E+02    5.9723E+01    6.7510E+01    2.6431E+01    2.2346E+01    1.7576E+01    8.4191E+01    6.3198E+01    2.0185E+01    5.2906E+00    2.2195E+01    7.3236E+00    9.8011E+00   
 2.6755E+02    5.9730E+01    6.7522E+01    2.6592E+01    2.2359E+01    1.7590E+01    8.4178E+01    6.3194E+01    2.0178E+01    5.2906E+00    2.2154E+01    7.5426E+00    9.9092E+00   
 2.6805E+02    5.9711E+01    6.7497E+01    2.6592E+01    2.2374E+01    1.7616E+01    8.4163E+01    6.3194E+01    2.0182E+01    5.2906E+00    2.2235E+01    7.2575E+00    9.8011E+00   
 2.6855E+02    5.9686E+01    6.7497E+01    2.6207E+01    2.2313E+01    1.7624E+01    8.4163E+01    6.3195E+01    2.0179E+01    5.2702E+00    2.2195E+01    7.4967E+00    9.8011E+00   
 2.6905E+02    5.9697E+01    6.7498E+01    2.5906E+01    2.2339E+01    1.7617E+01    8.4177E+01    6.3188E+01    2.0179E+01    5.2906E+00    2.2154E+01    7.4866E+00    9.8011E+00   
 2.6964E+02    5.9680E+01    6.7485E+01    2.5673E+01    2.2339E+01    1.7609E+01    8.4184E+01    6.3201E+01    2.0183E+01    5.2702E+00    2.2154E+01    7.5629E+00    9.9092E+00   
 2.7014E+02    5.9680E+01    6.7477E+01    2.5622E+01    2.2446E+01    1.7609E+01    8.4183E+01    6.3193E+01    2.0176E+01    5.2702E+00    2.2215E+01    7.5731E+00    9.9092E+00   
 2.7064E+02    5.9663E+01    6.7481E+01    2.5633E+01    2.2358E+01    1.7581E+01    8.4176E+01    6.3193E+01    2.0180E+01    5.2906E+00    2.2195E+01    7.3135E+00    9.8011E+00   
 2.7114E+02    5.9660E+01    6.7465E+01    2.5633E+01    2.2310E+01    1.7573E+01    8.4173E+01    6.3186E+01    2.0173E+01    5.2702E+00    2.2154E+01    7.4153E+00    9.6914E+00   
 2.7174E+02    5.9660E+01    6.7465E+01    2.5698E+01    2.2376E+01    1.7576E+01    8.4173E+01    6.3197E+01    2.0168E+01    5.2702E+00    2.2195E+01    7.2626E+00    9.9092E+00   
 2.7224E+02    5.9650E+01    6.7458E+01    2.5872E+01    2.2296E+01    1.7593E+01    8.4178E+01    6.3182E+01    2.0168E+01    5.2702E+00    2.2256E+01    7.2880E+00    9.9092E+00   
 2.7274E+02    5.9648E+01    6.7472E+01    2.5603E+01    2.2296E+01    1.7608E+01    8.4151E+01    6.3180E+01    2.0175E+01    5.2906E+00    2.2174E+01    7.4866E+00    9.9092E+00   
 2.7324E+02    5.9648E+01    6.7445E+01    2.5531E+01    2.2341E+01    1.7592E+01    8.4142E+01    6.3167E+01    2.0151E+01    5.2906E+00    2.2174E+01    7.2575E+00    9.8011E+00   
 2.7381E+02    5.9638E+01    6.7447E+01    2.5511E+01    2.2265E+01    1.7613E+01    8.4139E+01    6.3167E+01    2.0154E+01    5.2906E+00    2.2276E+01    7.2727E+00    9.8011E+00   
 2.7431E+02    5.9625E+01    6.7426E+01    2.5511E+01    2.2256E+01    1.7614E+01    8.4127E+01    6.3134E+01    2.0129E+01    5.2906E+00    2.2296E+01    7.3338E+00    9.8011E+00   
 2.7481E+02    5.9638E+01    6.7426E+01    2.5588E+01    2.2166E+01    1.7587E+01    8.4127E+01    6.3135E+01    2.0121E+01    5.2906E+00    2.2296E+01    7.2676E+00    9.9092E+00   
 2.7531E+02    5.9626E+01    6.7427E+01    2.5782E+01    2.2141E+01    1.7589E+01    8.4129E+01    6.3129E+01    2.0121E+01    5.2906E+00    2.2317E+01    7.2473E+00    9.8011E+00   
 2.7590E+02    5.9618E+01    6.7443E+01    2.5862E+01    2.2141E+01    1.7572E+01    8.4118E+01    6.3135E+01    2.0110E+01    5.2906E+00    2.2317E+01    7.5527E+00    9.9092E+00   
 2.7640E+02    5.9633E+01    6.7443E+01    2.5881E+01    2.2242E+01    1.7557E+01    8.4082E+01    6.3105E+01    2.0103E+01    5.2702E+00    2.2296E+01    7.2727E+00    9.6914E+00   
 2.7691E+02    5.9627E+01    6.7432E+01    2.5930E+01    2.2223E+01    1.7531E+01    8.4093E+01    6.3105E+01    2.0101E+01    5.2702E+00    2.2296E+01    7.4611E+00    9.8011E+00   
 2.7741E+02    5.9629E+01    6.7446E+01    2.5945E+01    2.2343E+01    1.7549E+01    8.4059E+01    6.3112E+01    2.0106E+01    5.2906E+00    2.2276E+01    7.5120E+00    9.8011E+00   
 2.7798E+02    5.9638E+01    6.7440E+01    2.5830E+01    2.2213E+01    1.7548E+01    8.4059E+01    6.3127E+01    2.0104E+01    5.2906E+00    2.2134E+01    7.2982E+00    9.8011E+00   
 2.7848E+02    5.9644E+01    6.7454E+01    2.5840E+01    2.2295E+01    1.7575E+01    8.4060E+01    6.3124E+01    2.0104E+01    5.2906E+00    2.2235E+01    7.2575E+00    9.9092E+00   
 2.7898E+02    5.9644E+01    6.7445E+01    2.5804E+01    2.2295E+01    1.7624E+01    8.4056E+01    6.3118E+01    2.0106E+01    5.2906E+00    2.2174E+01    7.5375E+00    9.8011E+00   
 2.7948E+02    5.9652E+01    6.7450E+01    2.5783E+01    2.2289E+01    1.7624E+01    8.4063E+01    6.3096E+01    2.0084E+01    5.2702E+00    2.2174E+01    7.2626E+00    9.9092E+00   
 2.8007E+02    5.9642E+01    6.7448E+01    2.5848E+01    2.2304E+01    1.7627E+01    8.4054E+01    6.3096E+01    2.0092E+01    5.2702E+00    2.2276E+01    7.2473E+00    9.8011E+00   
 2.8057E+02    5.9631E+01    6.7439E+01    2.5848E+01    2.2224E+01    1.7611E+01    8.4063E+01    6.3098E+01    2.0071E+01    5.2702E+00    2.1991E+01    7.5578E+00    9.6914E+00   
 2.8107E+02    5.9642E+01    6.7439E+01    2.5719E+01    2.2231E+01    1.7558E+01    8.4063E+01    6.3101E+01    2.0093E+01    5.2906E+00    2.2011E+01    7.2422E+00    9.8011E+00   
 2.8157E+02    5.9609E+01    6.7420E+01    2.5739E+01    2.2215E+01    1.7504E+01    8.4052E+01    6.3073E+01    2.0077E+01    5.2702E+00    2.1971E+01    7.3746E+00    9.9092E+00   
# Time (s)      T1w (C)       T2w (C)       T1a (C)       T2a (C)       T1r (C)       T2r (C)       T3r (C)       T4r (C)       P1 (bar)      P2 (bar)      Ic (amp)      Qc (l/min)    
 2.8215E+02    5.9609E+01    6.7422E+01    2.5836E+01    2.2251E+01    1.7481E+01    8.4041E+01    6.3051E+01    2.0068E+01    5.2702E+00    2.2154E+01    7.2422E+00    9.6914E+00   
 2.8265E+02    5.9592E+01    6.7419E+01    2.5799E+01    2.2265E+01    1.7481E+01    8.4021E+01    6.3059E+01    2.0068E+01    5.2702E+00    2.2154E+01    7.5476E+00    9.9092E+00   
 2.8315E+02    5.9589E+01    6.7406E+01    2.5799E+01    2.2233E+01    1.7478E+01    8.4009E+01    6.3059E+01    2.0059E+01    5.2906E+00    2.2032E+01    7.3033E+00    9.8011E+00   
 2.8365E+02    5.9586E+01    6.7406E+01    2.5746E+01    2.2181E+01    1.7487E+01    8.3995E+01    6.3029E+01    2.0038E+01    5.2702E+00    2.2113E+01    7.4051E+00    1.0016E+01   
 2.8424E+02    5.9585E+01    6.7402E+01    2.5680E+01    2.2177E+01    1.7475E+01    8.4002E+01    6.3031E+01    2.0043E+01    5.2906E+00    2.2113E+01    7.2473E+00    9.9092E+00   
 2.8474E+02    5.9562E+01    6.7397E+01    2.5837E+01    2.2177E+01    1.7474E+01    8.4012E+01    6.3011E+01    2.0043E+01    5.2702E+00    2.2134E+01    7.2676E+00    9.9092E+00   
 2.8524E+02    5.9562E+01    6.7396E+01    2.5800E+01    2.2231E+01    1.7474E+01    8.4029E+01    6.3020E+01    2.0019E+01    5.2702E+00    2.2093E+01    7.4866E+00    9.9092E+00   
 2.8574E+02    5.9555E+01    6.7388E+01    2.5852E+01    2.2243E+01    1.7490E+01    8.4011E+01    6.3020E+01    2.0025E+01    5.2702E+00    2.2134E+01    7.2473E+00    9.6914E+00   
 2.8631E+02    5.9567E+01    6.7390E+01    2.5852E+01    2.2185E+01    1.7438E+01    8.3986E+01    6.2993E+01    2.0003E+01    5.2702E+00    2.2235E+01    7.2473E+00    9.6914E+00   
 2.8681E+02    5.9561E+01    6.7390E+01    2.5824E+01    2.2283E+01    1.7460E+01    8.3986E+01    6.2986E+01    2.0005E+01    5.2702E+00    2.2256E+01    7.4509E+00    9.8011E+00   
 2.8731E+02    5.9567E+01    6.7384E+01    2.5726E+01    2.2189E+01    1.7422E+01    8.3966E+01    6.2955E+01    1.9989E+01    5.2702E+00    2.2195E+01    7.2727E+00    9.9092E+00   
 2.8781E+02    5.9567E+01    6.7384E+01    2.5888E+01    2.2189E+01    1.7398E+01    8.3969E+01    6.2942E+01    1.9960E+01    5.2702E+00    2.2235E+01    7.2422E+00    9.8011E+00   
 2.8841E+02    5.9555E+01    6.7371E+01    2.5956E+01    2.2108E+01    1.7382E+01    8.3938E+01    6.2929E+01    1.9969E+01    5.2702E+00    2.2235E+01    7.5629E+00    9.8011E+00   
 2.8891E+02    5.9561E+01    6.7373E+01    2.5987E+01    2.2163E+01    1.7371E+01    8.3948E+01    6.2913E+01    1.9960E+01    5.2702E+00    2.2256E+01    7.2422E+00    9.9092E+00   
 2.8941E+02    5.9561E+01    6.7364E+01    2.5987E+01    2.2280E+01    1.7328E+01    8.3901E+01    6.2899E+01    1.9946E+01    5.2702E+00    2.2256E+01    7.3135E+00    9.6914E+00   
 2.8991E+02    5.9557E+01    6.7364E+01    2.6011E+01    2.2291E+01    1.7369E+01    8.3901E+01    6.2890E+01    1.9939E+01    5.2702E+00    2.2276E+01    7.5629E+00    9.9092E+00   
 2.9050E+02    5.9559E+01    6.7367E+01    2.5987E+01    2.2246E+01    1.7404E+01    8.3901E+01    6.2896E+01    1.9951E+01    5.2702E+00    2.1971E+01    7.3440E+00    1.0016E+01   
 2.9100E+02    5.9549E+01    6.7345E+01    2.5752E+01    2.2246E+01    1.7404E+01    8.3892E+01    6.2891E+01    1.9951E+01    5.2702E+00    2.2032E+01    7.4255E+00    9.9092E+00   
 2.9150E+02    5.9549E+01    6.7340E+01    2.5702E+01    2.2182E+01    1.7404E+01    8.3891E+01    6.2897E+01    1.9940E+01    5.2702E+00    2.2195E+01    7.3084E+00    9.9092E+00   
 2.9200E+02    5.9540E+01    6.7351E+01    2.5755E+01    2.2190E+01    1.7405E+01    8.3861E+01    6.2897E+01    1.9941E+01    5.2702E+00    2.2052E+01    7.2371E+00    9.9092E+00   
 2.9259E+02    5.9538E+01    6.7335E+01    2.5755E+01    2.2242E+01    1.7420E+01    8.3848E+01    6.2897E+01    1.9961E+01    5.2702E+00    2.2072E+01    7.4560E+00    9.9092E+00   
 2.9310E+02    5.9523E+01    6.7335E+01    2.5771E+01    2.2283E+01    1.7414E+01    8.3848E+01    6.2897E+01    1.9958E+01    5.2702E+00    2.2072E+01    7.3440E+00    9.6914E+00   
 2.9360E+02    5.9517E+01    6.7339E+01    2.5504E+01    2.2207E+01    1.7433E+01    8.3842E+01    6.2884E+01    1.9958E+01    5.2702E+00    2.2032E+01    7.5324E+00    9.8011E+00   
 2.9410E+02    5.9517E+01    6.7339E+01    2.5418E+01    2.2207E+01    1.7422E+01    8.3827E+01    6.2880E+01    1.9942E+01    5.2702E+00    2.2011E+01    7.2422E+00    9.9092E+00   
 2.9467E+02    5.9508E+01    6.7329E+01    2.5444E+01    2.2166E+01    1.7406E+01    8.3817E+01    6.2864E+01    1.9926E+01    5.2702E+00    2.2113E+01    7.2371E+00    9.8011E+00   
 2.9517E+02    5.9501E+01    6.7330E+01    2.5482E+01    2.2188E+01    1.7384E+01    8.3820E+01    6.2864E+01    1.9926E+01    5.2702E+00    2.2195E+01    7.2371E+00    1.0016E+01   
 2.9567E+02    5.9491E+01    6.7326E+01    2.5482E+01    2.2239E+01    1.7390E+01    8.3837E+01    6.2858E+01    1.9920E+01    5.2702E+00    2.2113E+01    7.4102E+00    9.9092E+00   
 2.9617E+02    5.9499E+01    6.7326E+01    2.5390E+01    2.2163E+01    1.7333E+01    8.3837E+01    6.2859E+01    1.9914E+01    5.2702E+00    2.2174E+01    7.3033E+00    9.9092E+00   
 2.9676E+02    5.9469E+01    6.7325E+01    2.5309E+01    2.2172E+01    1.7332E+01    8.3826E+01    6.2853E+01    1.9914E+01    5.2702E+00    2.2113E+01    7.4764E+00    9.6914E+00   
 2.9726E+02    5.9463E+01    6.7308E+01    2.5233E+01    2.2172E+01    1.7325E+01    8.3839E+01    6.2855E+01    1.9914E+01    5.2702E+00    2.2154E+01    7.4611E+00    9.6914E+00   
# Time (s)      T1w (C)       T2w (C)       T1a (C)       T2a (C)       T1r (C)       T2r (C)       T3r (C)       T4r (C)       P1 (bar)      P2 (bar)      Ic (amp)      Qc (l/min)    
 2.9776E+02    5.9463E+01    6.7301E+01    2.5198E+01    2.2111E+01    1.7341E+01    8.3836E+01    6.2859E+01    1.9937E+01    5.2702E+00    2.2154E+01    7.2676E+00    9.9092E+00   
 2.9826E+02    5.9463E+01    6.7300E+01    2.5108E+01    2.2128E+01    1.7356E+01    8.3831E+01    6.2859E+01    1.9937E+01    5.2702E+00    2.2154E+01    7.5375E+00    9.9092E+00   
 2.9884E+02    5.9456E+01    6.7307E+01    2.5108E+01    2.2200E+01    1.7388E+01    8.3857E+01    6.2870E+01    1.9957E+01    5.2702E+00    2.2195E+01    7.4713E+00    9.9092E+00   
 2.9934E+02    5.9449E+01    6.7307E+01    2.5092E+01    2.2301E+01    1.7366E+01    8.3857E+01    6.2874E+01    1.9983E+01    5.2702E+00    2.2235E+01    7.2473E+00    9.6914E+00   
 2.9984E+02    5.9447E+01    6.7292E+01    2.5211E+01    2.2292E+01    1.7415E+01    8.3893E+01    6.2882E+01    1.9983E+01    5.2702E+00    2.2215E+01    7.5375E+00    9.9092E+00   
 3.0034E+02    5.9447E+01    6.7291E+01    2.5335E+01    2.2292E+01    1.7415E+01    8.3908E+01    6.2894E+01    1.9975E+01    5.2702E+00    2.2235E+01    7.5527E+00    9.8011E+00   
 3.0093E+02    5.9450E+01    6.7286E+01    2.5490E+01    2.2257E+01    1.7427E+01    8.3892E+01    6.2880E+01    1.9947E+01    5.2702E+00    2.2195E+01    7.2422E+00    9.8011E+00   
 3.0143E+02    5.9456E+01    6.7288E+01    2.5315E+01    2.2280E+01    1.7438E+01    8.3895E+01    6.2880E+01    1.9953E+01    5.2702E+00    2.2134E+01    7.5222E+00    9.9092E+00   
 3.0193E+02    5.9442E+01    6.7288E+01    2.5315E+01    2.2337E+01    1.7410E+01    8.3861E+01    6.2888E+01    1.9959E+01    5.2702E+00    2.2256E+01    7.2320E+00    9.8011E+00   
 3.0243E+02    5.9448E+01    6.7280E+01    2.5546E+01    2.2316E+01    1.7411E+01    8.3861E+01    6.2882E+01    1.9951E+01    5.2702E+00    2.2174E+01    7.2982E+00    9.8011E+00   
 3.0300E+02    5.9443E+01    6.7268E+01    2.5550E+01    2.2314E+01    1.7403E+01    8.3847E+01    6.2891E+01    1.9951E+01    5.2702E+00    2.2032E+01    7.5069E+00    9.8011E+00   
 3.0350E+02    5.9443E+01    6.7280E+01    2.5482E+01    2.2314E+01    1.7375E+01    8.3855E+01    6.2877E+01    1.9943E+01    5.2702E+00    2.1889E+01    7.5324E+00    9.9092E+00   
 3.0400E+02    5.9421E+01    6.7249E+01    2.5590E+01    2.2327E+01    1.7375E+01    8.3870E+01    6.2877E+01    1.9944E+01    5.2702E+00    2.2093E+01    7.4967E+00    9.6914E+00   
 3.0451E+02    5.9430E+01    6.7250E+01    2.5590E+01    2.2297E+01    1.7380E+01    8.3886E+01    6.2877E+01    1.9927E+01    5.2498E+00    2.1930E+01    7.3847E+00    9.9092E+00   
 3.0510E+02    5.9427E+01    6.7252E+01    2.5538E+01    2.2223E+01    1.7411E+01    8.3913E+01    6.2874E+01    1.9950E+01    5.2702E+00    2.1930E+01    7.2218E+00    1.0016E+01   
 3.0560E+02    5.9401E+01    6.7238E+01    2.5370E+01    2.2118E+01    1.7398E+01    8.3927E+01    6.2889E+01    1.9952E+01    5.2702E+00    2.1889E+01    7.2626E+00    9.8011E+00   
 3.0610E+02    5.9414E+01    6.7223E+01    2.5326E+01    2.2118E+01    1.7382E+01    8.3919E+01    6.2889E+01    1.9952E+01    5.2498E+00    2.2113E+01    7.5426E+00    9.9092E+00   
 3.0660E+02    5.9414E+01    6.7231E+01    2.5295E+01    2.2282E+01    1.7398E+01    8.3914E+01    6.2896E+01    1.9984E+01    5.2702E+00    2.1910E+01    7.2218E+00    9.6914E+00   
 3.0717E+02    5.9388E+01    6.7227E+01    2.5292E+01    2.2244E+01    1.7393E+01    8.3931E+01    6.2898E+01    1.9971E+01    5.2702E+00    2.1930E+01    7.2269E+00    9.6914E+00   
 3.0767E+02    5.9368E+01    6.7182E+01    2.5260E+01    2.2171E+01    1.7416E+01    8.3942E+01    6.2913E+01    2.0003E+01    5.2702E+00    2.2011E+01    7.2829E+00    9.9092E+00   
 3.0817E+02    5.9360E+01    6.7182E+01    2.5323E+01    2.2190E+01    1.7424E+01    8.3942E+01    6.2911E+01    1.9985E+01    5.2702E+00    2.2052E+01    7.5426E+00    9.8011E+00   
 3.0867E+02    5.9333E+01    6.7162E+01    2.5257E+01    2.2154E+01    1.7457E+01    8.3960E+01    6.2934E+01    2.0001E+01    5.2702E+00    2.2011E+01    7.2116E+00    9.8011E+00   
 3.0926E+02    5.9327E+01    6.7166E+01    2.5133E+01    2.2154E+01    1.7467E+01    8.3948E+01    6.2913E+01    2.0005E+01    5.2702E+00    2.2195E+01    7.3389E+00    9.8011E+00   
 3.0976E+02    5.9312E+01    6.7150E+01    2.5309E+01    2.2245E+01    1.7467E+01    8.3960E+01    6.2915E+01    2.0009E+01    5.2702E+00    2.1991E+01    7.2880E+00    9.6914E+00   
 3.1026E+02    5.9309E+01    6.7146E+01    2.5166E+01    2.2272E+01    1.7483E+01    8.3960E+01    6.2915E+01    1.9995E+01    5.2702E+00    2.2195E+01    7.5375E+00    9.6914E+00   
 3.1076E+02    5.9294E+01    6.7113E+01    2.5135E+01    2.2237E+01    1.7477E+01    8.3928E+01    6.2914E+01    1.9993E+01    5.2498E+00    2.2154E+01    7.2982E+00    9.8011E+00   
 3.1134E+02    5.9259E+01    6.7113E+01    2.5029E+01    2.2164E+01    1.7495E+01    8.3928E+01    6.2909E+01    2.0001E+01    5.2702E+00    2.2072E+01    7.3287E+00    9.6914E+00   
 3.1184E+02    5.9269E+01    6.7109E+01    2.4985E+01    2.2158E+01    1.7508E+01    8.3920E+01    6.2902E+01    2.0001E+01    5.2702E+00    2.2134E+01    7.2524E+00    1.0016E+01   
 3.1234E+02    5.9249E+01    6.7095E+01    2.4958E+01    2.2158E+01    1.7490E+01    8.3923E+01    6.2902E+01    1.9998E+01    5.2702E+00    2.2032E+01    7.5324E+00    1.0016E+01   
 3.1284E+02    5.9249E+01    6.7105E+01    2.4902E+01    2.2143E+01    1.7490E+01    8.3905E+01    6.2908E+01    1.9988E+01    5.2498E+00    2.2154E+01    7.5018E+00    9.9092E+00   
# Time (s)      T1w (C)       T2w (C)       T1a (C)       T2a (C)       T1r (C)       T2r (C)       T3r (C)       T4r (C)       P1 (bar)      P2 (bar)      Ic (amp)      Qc (l/min)    
 3.1343E+02    5.9256E+01    6.7101E+01    2.4862E+01    2.2088E+01    1.7454E+01    8.3890E+01    6.2908E+01    1.9984E+01    5.2702E+00    2.1889E+01    7.4407E+00    9.9092E+00   
 3.1393E+02    5.9270E+01    6.7083E+01    2.4862E+01    2.2183E+01    1.7460E+01    8.3914E+01    6.2902E+01    1.9991E+01    5.2702E+00    2.1889E+01    7.4458E+00    9.9092E+00   
 3.1443E+02    5.9244E+01    6.7083E+01    2.4802E+01    2.2151E+01    1.7460E+01    8.3914E+01    6.2893E+01    1.9989E+01    5.2498E+00    2.1971E+01    7.2269E+00    9.6914E+00   
 3.1493E+02    5.9242E+01    6.7086E+01    2.4781E+01    2.2135E+01    1.7420E+01    8.3900E+01    6.2888E+01    1.9989E+01    5.2702E+00    2.1889E+01    7.4866E+00    9.8011E+00   
 3.1551E+02    5.9250E+01    6.7081E+01    2.4722E+01    2.2151E+01    1.7412E+01    8.3898E+01    6.2884E+01    1.9977E+01    5.2498E+00    2.2093E+01    7.2676E+00    9.8011E+00   
 3.1601E+02    5.9264E+01    6.7095E+01    2.4785E+01    2.2158E+01    1.7412E+01    8.3899E+01    6.2874E+01    1.9973E+01    5.2498E+00    2.2032E+01    7.3491E+00    9.8011E+00   
 3.1651E+02    5.9241E+01    6.7072E+01    2.4832E+01    2.2135E+01    1.7416E+01    8.3901E+01    6.2874E+01    1.9958E+01    5.2702E+00    2.2072E+01    7.2167E+00    9.9092E+00   
 3.1701E+02    5.9246E+01    6.7072E+01    2.4832E+01    2.2126E+01    1.7448E+01    8.3890E+01    6.2869E+01    1.9953E+01    5.2498E+00    2.2072E+01    7.2167E+00    9.8011E+00   
 3.1760E+02    5.9260E+01    6.7102E+01    2.5007E+01    2.2231E+01    1.7487E+01    8.3904E+01    6.2891E+01    1.9968E+01    5.2702E+00    2.1950E+01    7.2015E+00    9.9092E+00   
 3.1810E+02    5.9245E+01    6.7087E+01    2.5115E+01    2.2135E+01    1.7525E+01    8.3889E+01    6.2876E+01    1.9968E+01    5.2702E+00    2.1950E+01    7.4204E+00    1.0016E+01   
 3.1860E+02    5.9260E+01    6.7090E+01    2.5284E+01    2.2151E+01    1.7488E+01    8.3872E+01    6.2868E+01    1.9947E+01    5.2498E+00    2.2093E+01    7.2167E+00    9.5801E+00   
 3.1910E+02    5.9261E+01    6.7102E+01    2.5473E+01    2.2196E+01    1.7488E+01    8.3875E+01    6.2868E+01    1.9954E+01    5.2498E+00    2.1991E+01    7.3542E+00    9.8011E+00   
 3.1968E+02    5.9260E+01    6.7091E+01    2.5396E+01    2.2208E+01    1.7481E+01    8.3855E+01    6.2883E+01    1.9986E+01    5.2702E+00    2.1869E+01    7.2167E+00    9.6914E+00   
 3.2018E+02    5.9249E+01    6.7084E+01    2.5396E+01    2.2206E+01    1.7453E+01    8.3852E+01    6.2873E+01    1.9970E+01    5.2498E+00    2.1849E+01    7.4764E+00    9.8011E+00   
 3.2068E+02    5.9244E+01    6.7084E+01    2.5223E+01    2.2212E+01    1.7438E+01    8.3852E+01    6.2877E+01    1.9974E+01    5.2702E+00    2.1828E+01    7.3898E+00    9.8011E+00   
 3.2118E+02    5.9244E+01    6.7093E+01    2.5324E+01    2.2212E+01    1.7434E+01    8.3847E+01    6.2860E+01    1.9974E+01    5.2498E+00    2.1971E+01    7.4916E+00    9.6914E+00   
 3.2177E+02    5.9212E+01    6.7064E+01    2.5334E+01    2.2065E+01    1.7432E+01    8.3859E+01    6.2858E+01    1.9977E+01    5.2498E+00    2.2052E+01    7.3135E+00    9.8011E+00   
 3.2227E+02    5.9212E+01    6.7052E+01    2.5445E+01    2.2002E+01    1.7432E+01    8.3864E+01    6.2853E+01    1.9977E+01    5.2702E+00    2.2093E+01    7.2320E+00    9.6914E+00   
 3.2277E+02    5.9192E+01    6.7033E+01    2.5430E+01    2.1969E+01    1.7442E+01    8.3859E+01    6.2853E+01    1.9980E+01    5.2498E+00    2.1991E+01    7.5171E+00    9.9092E+00   
 3.2327E+02    5.9185E+01    6.7033E+01    2.5537E+01    2.1983E+01    1.7449E+01    8.3859E+01    6.2849E+01    1.9987E+01    5.2498E+00    2.2134E+01    7.4815E+00    9.9092E+00   
 3.2385E+02    5.9174E+01    6.7019E+01    2.5450E+01    2.1973E+01    1.7453E+01    8.3868E+01    6.2843E+01    1.9976E+01    5.2498E+00    2.1991E+01    7.4916E+00    9.6914E+00   
 3.2435E+02    5.9192E+01    6.7026E+01    2.5375E+01    2.2061E+01    1.7451E+01    8.3873E+01    6.2832E+01    1.9976E+01    5.2498E+00    2.1971E+01    7.2218E+00    1.0016E+01   
 3.2485E+02    5.9192E+01    6.7026E+01    2.5217E+01    2.2061E+01    1.7466E+01    8.3887E+01    6.2846E+01    1.9983E+01    5.2498E+00    2.1930E+01    7.3898E+00    9.6914E+00   
 3.2535E+02    5.9179E+01    6.7024E+01    2.5091E+01    2.2043E+01    1.7442E+01    8.3862E+01    6.2846E+01    1.9976E+01    5.2702E+00    2.1991E+01    7.4560E+00    9.9092E+00   
 3.2594E+02    5.9193E+01    6.7032E+01    2.5239E+01    2.2122E+01    1.7458E+01    8.3856E+01    6.2845E+01    1.9977E+01    5.2498E+00    2.2093E+01    7.4713E+00    9.8011E+00   
 3.2644E+02    5.9173E+01    6.7032E+01    2.5239E+01    2.2002E+01    1.7468E+01    8.3859E+01    6.2838E+01    1.9971E+01    5.2498E+00    2.1971E+01    7.5171E+00    9.9092E+00   
 3.2694E+02    5.9189E+01    6.7039E+01    2.5349E+01    2.2170E+01    1.7466E+01    8.3873E+01    6.2848E+01    1.9986E+01    5.2498E+00    2.2154E+01    7.2422E+00    9.9092E+00   
 3.2744E+02    5.9183E+01    6.7032E+01    2.5301E+01    2.2170E+01    1.7444E+01    8.3886E+01    6.2840E+01    1.9989E+01    5.2498E+00    2.2032E+01    7.3135E+00    9.6914E+00   
 3.2802E+02    5.9183E+01    6.7008E+01    2.5374E+01    2.2138E+01    1.7444E+01    8.3892E+01    6.2838E+01    1.9995E+01    5.2498E+00    2.2052E+01    7.3033E+00    9.9092E+00   
 3.2852E+02    5.9178E+01    6.7011E+01    2.5485E+01    2.2101E+01    1.7442E+01    8.3871E+01    6.2838E+01    1.9979E+01    5.2498E+00    2.2134E+01    7.5171E+00    1.0016E+01   
# Time (s)      T1w (C)       T2w (C)       T1a (C)       T2a (C)       T1r (C)       T2r (C)       T3r (C)       T4r (C)       P1 (bar)      P2 (bar)      Ic (amp)      Qc (l/min)    
 3.2902E+02    5.9181E+01    6.7002E+01    2.5485E+01    2.2031E+01    1.7431E+01    8.3861E+01    6.2848E+01    1.9979E+01    5.2498E+00    2.2072E+01    7.2066E+00    9.8011E+00   
 3.2952E+02    5.9178E+01    6.7002E+01    2.5566E+01    2.2046E+01    1.7445E+01    8.3861E+01    6.2828E+01    1.9965E+01    5.2498E+00    2.2072E+01    7.3542E+00    1.0016E+01   
 3.3010E+02    5.9167E+01    6.7002E+01    2.5477E+01    2.2032E+01    1.7444E+01    8.3865E+01    6.2822E+01    1.9986E+01    5.2498E+00    2.1849E+01    7.2015E+00    1.0016E+01   
 3.3060E+02    5.9165E+01    6.7000E+01    2.5515E+01    2.2032E+01    1.7465E+01    8.3872E+01    6.2825E+01    1.9986E+01    5.2498E+00    2.1869E+01    7.3135E+00    9.9092E+00   
 3.3110E+02    5.9165E+01    6.6992E+01    2.5473E+01    2.2110E+01    1.7465E+01    8.3888E+01    6.2801E+01    1.9963E+01    5.2498E+00    2.1828E+01    7.2218E+00    9.6914E+00   
 3.3161E+02    5.9154E+01    6.6975E+01    2.5489E+01    2.2094E+01    1.7471E+01    8.3868E+01    6.2801E+01    1.9969E+01    5.2498E+00    2.1828E+01    7.2066E+00    9.8011E+00   
 3.3219E+02    5.9153E+01    6.6972E+01    2.5489E+01    2.2051E+01    1.7455E+01    8.3877E+01    6.2795E+01    1.9962E+01    5.2498E+00    2.1991E+01    7.3847E+00    9.8011E+00   
 3.3269E+02    5.9143E+01    6.6972E+01    2.5568E+01    2.1940E+01    1.7455E+01    8.3877E+01    6.2780E+01    1.9961E+01    5.2498E+00    2.2052E+01    7.2116E+00    9.9092E+00   
 3.3319E+02    5.9146E+01    6.6977E+01    2.5460E+01    2.2067E+01    1.7447E+01    8.3852E+01    6.2789E+01    1.9961E+01    5.2498E+00    2.1991E+01    7.5069E+00    1.0016E+01   
 3.3369E+02    5.9146E+01    6.6962E+01    2.5476E+01    2.2067E+01    1.7450E+01    8.3855E+01    6.2751E+01    1.9945E+01    5.2498E+00    2.1971E+01    7.3338E+00    9.8011E+00   
 3.3431E+02    5.9154E+01    6.6968E+01    2.5496E+01    2.2032E+01    1.7444E+01    8.3835E+01    6.2767E+01    1.9958E+01    5.2498E+00    2.1950E+01    7.3491E+00    9.8011E+00   
 3.3481E+02    5.9143E+01    6.6954E+01    2.5503E+01    2.2048E+01    1.7444E+01    8.3838E+01    6.2759E+01    1.9959E+01    5.2498E+00    2.2011E+01    7.2524E+00    9.6914E+00   
 3.3531E+02    5.9156E+01    6.6975E+01    2.5503E+01    2.2132E+01    1.7426E+01    8.3824E+01    6.2759E+01    1.9947E+01    5.2498E+00    2.1930E+01    7.5171E+00    9.9092E+00   
 3.3581E+02    5.9139E+01    6.6975E+01    2.5506E+01    2.2066E+01    1.7433E+01    8.3824E+01    6.2745E+01    1.9968E+01    5.2294E+00    2.1869E+01    7.2015E+00    9.8011E+00   
 3.3639E+02    5.9144E+01    6.6948E+01    2.5471E+01    2.2016E+01    1.7405E+01    8.3816E+01    6.2723E+01    1.9963E+01    5.2498E+00    2.1889E+01    7.5120E+00    9.8011E+00   
 3.3689E+02    5.9136E+01    6.6962E+01    2.5452E+01    2.2016E+01    1.7397E+01    8.3810E+01    6.2721E+01    1.9963E+01    5.2498E+00    2.1930E+01    7.2473E+00    9.9092E+00   
 3.3739E+02    5.9136E+01    6.6952E+01    2.5449E+01    2.1837E+01    1.7397E+01    8.3821E+01    6.2721E+01    1.9956E+01    5.2498E+00    2.1869E+01    7.3135E+00    9.8011E+00   
 3.3789E+02    5.9138E+01    6.6947E+01    2.5465E+01    2.1833E+01    1.7362E+01    8.3815E+01    6.2706E+01    1.9949E+01    5.2498E+00    2.1869E+01    7.5222E+00    9.8011E+00   
 3.3848E+02    5.9151E+01    6.6953E+01    2.5465E+01    2.1871E+01    1.7367E+01    8.3803E+01    6.2703E+01    1.9932E+01    5.2498E+00    2.2072E+01    7.3746E+00    9.9092E+00   
 3.3898E+02    5.9119E+01    6.6953E+01    2.5480E+01    2.1890E+01    1.7360E+01    8.3789E+01    6.2688E+01    1.9930E+01    5.2498E+00    2.2052E+01    7.2626E+00    9.6914E+00   
 3.3948E+02    5.9123E+01    6.6932E+01    2.5462E+01    2.1979E+01    1.7382E+01    8.3807E+01    6.2680E+01    1.9930E+01    5.2702E+00    2.1787E+01    7.3084E+00    9.8011E+00   
 3.3998E+02    5.9123E+01    6.6937E+01    2.5596E+01    2.1979E+01    1.7353E+01    8.3804E+01    6.2640E+01    1.9891E+01    5.2498E+00    2.2052E+01    7.4000E+00    9.9092E+00   
 3.4056E+02    5.9113E+01    6.6927E+01    2.5623E+01    2.1956E+01    1.7353E+01    8.3793E+01    6.2657E+01    1.9909E+01    5.2294E+00    2.1991E+01    7.2066E+00    9.8011E+00   
 3.4106E+02    5.9126E+01    6.6949E+01    2.5486E+01    2.2000E+01    1.7331E+01    8.3768E+01    6.2642E+01    1.9887E+01    5.2498E+00    2.1950E+01    7.2778E+00    9.9092E+00   
 3.4156E+02    5.9102E+01    6.6935E+01    2.5486E+01    2.2056E+01    1.7354E+01    8.3778E+01    6.2631E+01    1.9892E+01    5.2498E+00    2.2032E+01    7.2167E+00    9.8011E+00   
 3.4206E+02    5.9128E+01    6.6950E+01    2.5481E+01    2.2033E+01    1.7357E+01    8.3778E+01    6.2623E+01    1.9875E+01    5.2498E+00    2.2052E+01    7.2015E+00    9.9092E+00   
 3.4265E+02    5.9116E+01    6.6950E+01    2.5416E+01    2.2084E+01    1.7387E+01    8.3783E+01    6.2610E+01    1.9875E+01    5.2702E+00    2.1787E+01    7.2015E+00    9.8011E+00   
 3.4315E+02    5.9134E+01    6.6953E+01    2.5405E+01    2.2100E+01    1.7414E+01    8.3792E+01    6.2615E+01    1.9871E+01    5.2498E+00    2.1747E+01    7.1811E+00    9.6914E+00   
 3.4365E+02    5.9134E+01    6.6949E+01    2.5311E+01    2.2071E+01    1.7414E+01    8.3808E+01    6.2608E+01    1.9899E+01    5.2498E+00    2.1787E+01    7.4458E+00    9.8011E+00   
 3.4415E+02    5.9142E+01    6.6952E+01    2.5266E+01    2.2196E+01    1.7404E+01    8.3817E+01    6.2608E+01    1.9904E+01    5.2498E+00    2.1787E+01    7.3847E+00    9.8011E+00   
# Time (s)      T1w (C)       T2w (C)       T1a (C)       T2a (C)       T1r (C)       T2r (C)       T3r (C)       T4r (C)       P1 (bar)      P2 (bar)      Ic (amp)      Qc (l/min)    
 3.4473E+02    5.9147E+01    6.6957E+01    2.5266E+01    2.2165E+01    1.7394E+01    8.3822E+01    6.2618E+01    1.9892E+01    5.2498E+00    2.1910E+01    7.4153E+00    9.9092E+00   
 3.4523E+02    5.9136E+01    6.6957E+01    2.5187E+01    2.2057E+01    1.7376E+01    8.3822E+01    6.2617E+01    1.9892E+01    5.2498E+00    2.1971E+01    7.3491E+00    9.9092E+00   
 3.4573E+02    5.9134E+01    6.6955E+01    2.5138E+01    2.2179E+01    1.7381E+01    8.3809E+01    6.2600E+01    1.9877E+01    5.2702E+00    2.1828E+01    7.4764E+00    9.8011E+00   
 3.4623E+02    5.9119E+01    6.6936E+01    2.5108E+01    2.2163E+01    1.7365E+01    8.3794E+01    6.2596E+01    1.9883E+01    5.2498E+00    2.1991E+01    7.2116E+00    9.8011E+00   
 3.4682E+02    5.9123E+01    6.6924E+01    2.5168E+01    2.2221E+01    1.7339E+01    8.3793E+01    6.2569E+01    1.9865E+01    5.2498E+00    2.2011E+01    7.2015E+00    9.9092E+00   
 3.4732E+02    5.9110E+01    6.6925E+01    2.5144E+01    2.2219E+01    1.7352E+01    8.3781E+01    6.2569E+01    1.9868E+01    5.2498E+00    2.1971E+01    7.5069E+00    9.9092E+00   
 3.4782E+02    5.9109E+01    6.6925E+01    2.5144E+01    2.2128E+01    1.7352E+01    8.3761E+01    6.2544E+01    1.9844E+01    5.2498E+00    2.1889E+01    7.2167E+00    1.0016E+01   
 3.4832E+02    5.9099E+01    6.6938E+01    2.5056E+01    2.2063E+01    1.7380E+01    8.3761E+01    6.2559E+01    1.9844E+01    5.2498E+00    2.1950E+01    7.2676E+00    9.8011E+00   
 3.4890E+02    5.9094E+01    6.6904E+01    2.4911E+01    2.2081E+01    1.7417E+01    8.3740E+01    6.2552E+01    1.9844E+01    5.2498E+00    2.1869E+01    7.2167E+00    9.6914E+00   
 3.4940E+02    5.9094E+01    6.6895E+01    2.5038E+01    2.2081E+01    1.7412E+01    8.3722E+01    6.2548E+01    1.9837E+01    5.2498E+00    2.1889E+01    7.4916E+00    9.9092E+00   
 3.4990E+02    5.9089E+01    6.6894E+01    2.5140E+01    2.2215E+01    1.7412E+01    8.3715E+01    6.2548E+01    1.9838E+01    5.2498E+00    2.1849E+01    7.1862E+00    9.8011E+00   
 3.5040E+02    5.9090E+01    6.6906E+01    2.5140E+01    2.2126E+01    1.7406E+01    8.3726E+01    6.2551E+01    1.9833E+01    5.2498E+00    2.1849E+01    7.2167E+00    9.8011E+00   
 3.5099E+02    5.9068E+01    6.6906E+01    2.5206E+01    2.2191E+01    1.7388E+01    8.3720E+01    6.2540E+01    1.9839E+01    5.2498E+00    2.2052E+01    7.1862E+00    9.8011E+00   
 3.5149E+02    5.9074E+01    6.6902E+01    2.5082E+01    2.2137E+01    1.7339E+01    8.3720E+01    6.2542E+01    1.9820E+01    5.2498E+00    2.1991E+01    7.4458E+00    9.9092E+00   
 3.5199E+02    5.9040E+01    6.6873E+01    2.5004E+01    2.2121E+01    1.7329E+01    8.3739E+01    6.2560E+01    1.9836E+01    5.2498E+00    2.2032E+01    7.3949E+00    9.9092E+00   
 3.5249E+02    5.9040E+01    6.6874E+01    2.4965E+01    2.2055E+01    1.7329E+01    8.3751E+01    6.2535E+01    1.9860E+01    5.2498E+00    2.2011E+01    7.3033E+00    9.8011E+00   
 3.5307E+02    5.9046E+01    6.6873E+01    2.4942E+01    2.2230E+01    1.7340E+01    8.3772E+01    6.2555E+01    1.9842E+01    5.2498E+00    2.1950E+01    7.3491E+00    9.8011E+00   
 3.5357E+02    5.9056E+01    6.6885E+01    2.4942E+01    2.2141E+01    1.7359E+01    8.3750E+01    6.2555E+01    1.9854E+01    5.2498E+00    2.1971E+01    7.1913E+00    9.8011E+00   
 3.5407E+02    5.9060E+01    6.6885E+01    2.4967E+01    2.2171E+01    1.7391E+01    8.3764E+01    6.2562E+01    1.9854E+01    5.2498E+00    2.1971E+01    7.4866E+00    9.8011E+00   
 3.5457E+02    5.9053E+01    6.6867E+01    2.5128E+01    2.2219E+01    1.7395E+01    8.3781E+01    6.2549E+01    1.9854E+01    5.2498E+00    2.1991E+01    7.3644E+00    9.8011E+00   
 3.5516E+02    5.9044E+01    6.6854E+01    2.5219E+01    2.2247E+01    1.7414E+01    8.3775E+01    6.2568E+01    1.9859E+01    5.2498E+00    2.1787E+01    7.4916E+00    9.8011E+00   
 3.5566E+02    5.9044E+01    6.6870E+01    2.5353E+01    2.2247E+01    1.7414E+01    8.3784E+01    6.2563E+01    1.9842E+01    5.2498E+00    2.1767E+01    7.4866E+00    9.8011E+00   
 3.5616E+02    5.9062E+01    6.6876E+01    2.5670E+01    2.2152E+01    1.7399E+01    8.3767E+01    6.2563E+01    1.9861E+01    5.2498E+00    2.1767E+01    7.2167E+00    9.8011E+00   
 3.5666E+02    5.9067E+01    6.6878E+01    2.5670E+01    2.2237E+01    1.7367E+01    8.3752E+01    6.2565E+01    1.9846E+01    5.2498E+00    2.1726E+01    7.2676E+00    9.6914E+00   
 3.5724E+02    5.9051E+01    6.6878E+01    2.5871E+01    2.2197E+01    1.7337E+01    8.3738E+01    6.2538E+01    1.9837E+01    5.2498E+00    2.1849E+01    7.2422E+00    9.8011E+00   
 3.5774E+02    5.9050E+01    6.6880E+01    2.5989E+01    2.2206E+01    1.7356E+01    8.3736E+01    6.2532E+01    1.9837E+01    5.2498E+00    2.1747E+01    7.4916E+00    9.6914E+00   
 3.5824E+02    5.9052E+01    6.6893E+01    2.6116E+01    2.2222E+01    1.7341E+01    8.3708E+01    6.2503E+01    1.9831E+01    5.2498E+00    2.1849E+01    7.1862E+00    9.9092E+00   
 3.5874E+02    5.9052E+01    6.6882E+01    2.5943E+01    2.2293E+01    1.7341E+01    8.3712E+01    6.2510E+01    1.9827E+01    5.2498E+00    2.1787E+01    7.2269E+00    9.6914E+00   
 3.5932E+02    5.9039E+01    6.6882E+01    2.5868E+01    2.2325E+01    1.7350E+01    8.3710E+01    6.2510E+01    1.9817E+01    5.2498E+00    2.1869E+01    7.1811E+00    9.6914E+00   
 3.5982E+02    5.9036E+01    6.6879E+01    2.5868E+01    2.2226E+01    1.7350E+01    8.3703E+01    6.2503E+01    1.9821E+01    5.2498E+00    2.1971E+01    7.2167E+00    9.9092E+00   
# Time (s)      T1w (C)       T2w (C)       T1a (C)       T2a (C)       T1r (C)       T2r (C)       T3r (C)       T4r (C)       P1 (bar)      P2 (bar)      Ic (amp)      Qc (l/min)    
 3.6032E+02    5.9025E+01    6.6879E+01    2.5769E+01    2.2219E+01    1.7339E+01    8.3703E+01    6.2511E+01    1.9811E+01    5.2498E+00    2.1849E+01    7.3644E+00    9.8011E+00   
 3.6082E+02    5.9023E+01    6.6871E+01    2.5786E+01    2.2290E+01    1.7344E+01    8.3713E+01    6.2526E+01    1.9827E+01    5.2498E+00    2.1910E+01    7.2727E+00    9.8011E+00   
 3.6140E+02    5.9017E+01    6.6855E+01    2.5747E+01    2.2290E+01    1.7363E+01    8.3758E+01    6.2509E+01    1.9821E+01    5.2498E+00    2.1828E+01    7.3135E+00    9.9092E+00   
 3.6190E+02    5.9003E+01    6.6836E+01    2.5735E+01    2.2202E+01    1.7379E+01    8.3768E+01    6.2506E+01    1.9861E+01    5.2702E+00    2.1767E+01    7.4306E+00    9.8011E+00   
 3.6241E+02    5.8987E+01    6.6839E+01    2.5536E+01    2.2281E+01    1.7400E+01    8.3781E+01    6.2506E+01    1.9849E+01    5.2498E+00    2.1787E+01    7.4866E+00    9.8011E+00   
 3.6291E+02    5.8987E+01    6.6839E+01    2.5536E+01    2.2261E+01    1.7421E+01    8.3781E+01    6.2512E+01    1.9838E+01    5.2498E+00    2.1808E+01    7.2982E+00    9.8011E+00   
 3.6349E+02    5.8966E+01    6.6824E+01    2.5408E+01    2.2143E+01    1.7407E+01    8.3781E+01    6.2516E+01    1.9840E+01    5.2702E+00    2.1991E+01    7.4967E+00    9.8011E+00   
 3.6399E+02    5.8980E+01    6.6827E+01    2.5320E+01    2.2188E+01    1.7404E+01    8.3787E+01    6.2505E+01    1.9840E+01    5.2498E+00    2.1991E+01    7.4662E+00    9.8011E+00   
 3.6449E+02    5.8980E+01    6.6815E+01    2.5325E+01    2.2188E+01    1.7400E+01    8.3788E+01    6.2506E+01    1.9826E+01    5.2498E+00    2.1950E+01    7.2727E+00    9.9092E+00   
 3.6499E+02    5.8963E+01    6.6803E+01    2.5224E+01    2.2192E+01    1.7400E+01    8.3790E+01    6.2492E+01    1.9831E+01    5.2498E+00    2.1991E+01    7.3389E+00    9.9092E+00   
 3.6557E+02    5.8974E+01    6.6812E+01    2.5063E+01    2.2238E+01    1.7365E+01    8.3792E+01    6.2492E+01    1.9825E+01    5.2294E+00    2.1950E+01    7.2931E+00    9.8011E+00   
 3.6607E+02    5.8958E+01    6.6810E+01    2.5079E+01    2.2187E+01    1.7365E+01    8.3796E+01    6.2498E+01    1.9832E+01    5.2498E+00    2.1991E+01    7.4866E+00    9.9092E+00   
 3.6657E+02    5.8968E+01    6.6810E+01    2.5008E+01    2.2120E+01    1.7334E+01    8.3796E+01    6.2504E+01    1.9812E+01    5.2498E+00    2.1869E+01    7.1709E+00    9.9092E+00   
 3.6707E+02    5.8955E+01    6.6813E+01    2.4951E+01    2.2233E+01    1.7370E+01    8.3804E+01    6.2488E+01    1.9812E+01    5.2498E+00    2.1910E+01    7.3338E+00    9.8011E+00   
 3.6766E+02    5.8960E+01    6.6798E+01    2.4892E+01    2.2233E+01    1.7379E+01    8.3790E+01    6.2484E+01    1.9817E+01    5.2702E+00    2.1828E+01    7.1709E+00    9.8011E+00   
 3.6816E+02    5.8960E+01    6.6804E+01    2.4932E+01    2.2180E+01    1.7379E+01    8.3796E+01    6.2479E+01    1.9814E+01    5.2498E+00    2.1706E+01    7.1760E+00    9.8011E+00   
 3.6866E+02    5.8959E+01    6.6794E+01    2.4932E+01    2.2186E+01    1.7369E+01    8.3772E+01    6.2479E+01    1.9807E+01    5.2498E+00    2.1828E+01    7.2116E+00    9.9092E+00   
 3.6916E+02    5.8943E+01    6.6794E+01    2.4877E+01    2.2135E+01    1.7340E+01    8.3772E+01    6.2465E+01    1.9801E+01    5.2294E+00    2.1686E+01    7.1760E+00    9.9092E+00   
 3.6977E+02    5.8957E+01    6.6790E+01    2.5030E+01    2.2180E+01    1.7321E+01    8.3796E+01    6.2460E+01    1.9784E+01    5.2294E+00    2.1971E+01    7.2575E+00    9.6914E+00   
 3.7027E+02    5.8920E+01    6.6789E+01    2.5112E+01    2.2145E+01    1.7327E+01    8.3772E+01    6.2465E+01    1.9784E+01    5.2294E+00    2.1991E+01    7.4916E+00    9.9092E+00   
 3.7077E+02    5.8920E+01    6.6776E+01    2.5150E+01    2.2145E+01    1.7293E+01    8.3776E+01    6.2467E+01    1.9799E+01    5.2498E+00    2.1950E+01    7.1709E+00    9.9092E+00   
 3.7127E+02    5.8935E+01    6.6765E+01    2.5205E+01    2.2209E+01    1.7293E+01    8.3764E+01    6.2455E+01    1.9787E+01    5.2294E+00    2.1849E+01    7.1658E+00    9.6914E+00   
 3.7185E+02    5.8927E+01    6.6775E+01    2.5209E+01    2.2179E+01    1.7296E+01    8.3770E+01    6.2455E+01    1.9781E+01    5.2294E+00    2.1828E+01    7.2371E+00    9.9092E+00   
 3.7235E+02    5.8922E+01    6.6754E+01    2.5209E+01    2.2233E+01    1.7338E+01    8.3761E+01    6.2435E+01    1.9774E+01    5.2294E+00    2.1686E+01    7.4713E+00    9.8011E+00   
 3.7285E+02    5.8930E+01    6.6754E+01    2.5133E+01    2.2228E+01    1.7345E+01    8.3761E+01    6.2421E+01    1.9774E+01    5.2294E+00    2.1971E+01    7.4764E+00    9.5801E+00   
 3.7335E+02    5.8910E+01    6.6754E+01    2.5127E+01    2.2228E+01    1.7377E+01    8.3769E+01    6.2444E+01    1.9790E+01    5.2294E+00    2.1910E+01    7.1658E+00    9.9092E+00   
 3.7393E+02    5.8910E+01    6.6754E+01    2.5348E+01    2.2101E+01    1.7352E+01    8.3781E+01    6.2444E+01    1.9779E+01    5.2294E+00    2.1828E+01    7.1607E+00    9.8011E+00   
 3.7443E+02    5.8906E+01    6.6739E+01    2.5430E+01    2.2074E+01    1.7368E+01    8.3801E+01    6.2447E+01    1.9784E+01    5.2294E+00    2.1808E+01    7.2473E+00    9.8011E+00   
 3.7493E+02    5.8909E+01    6.6737E+01    2.5430E+01    2.2189E+01    1.7331E+01    8.3803E+01    6.2447E+01    1.9774E+01    5.2498E+00    2.1787E+01    7.3338E+00    9.9092E+00   
 3.7543E+02    5.8893E+01    6.6737E+01    2.5388E+01    2.2170E+01    1.7361E+01    8.3817E+01    6.2463E+01    1.9786E+01    5.2294E+00    2.1808E+01    7.1658E+00    9.8011E+00   
# Time (s)      T1w (C)       T2w (C)       T1a (C)       T2a (C)       T1r (C)       T2r (C)       T3r (C)       T4r (C)       P1 (bar)      P2 (bar)      Ic (amp)      Qc (l/min)    
 3.7601E+02    5.8893E+01    6.6735E+01    2.5375E+01    2.2159E+01    1.7365E+01    8.3836E+01    6.2480E+01    1.9803E+01    5.2294E+00    2.1950E+01    7.2880E+00    1.0016E+01   
 3.7651E+02    5.8911E+01    6.6722E+01    2.5496E+01    2.2150E+01    1.7360E+01    8.3834E+01    6.2456E+01    1.9803E+01    5.2498E+00    2.1787E+01    7.2015E+00    9.8011E+00   
 3.7702E+02    5.8911E+01    6.6729E+01    2.5490E+01    2.2150E+01    1.7360E+01    8.3818E+01    6.2456E+01    1.9803E+01    5.2498E+00    2.1971E+01    7.4764E+00    9.6914E+00   
 3.7752E+02    5.8881E+01    6.6727E+01    2.5418E+01    2.2150E+01    1.7348E+01    8.3812E+01    6.2456E+01    1.9808E+01    5.2294E+00    2.1849E+01    7.4560E+00    9.6914E+00   
 3.7809E+02    5.8903E+01    6.6726E+01    2.5418E+01    2.2234E+01    1.7337E+01    8.3819E+01    6.2444E+01    1.9797E+01    5.2294E+00    2.1889E+01    7.4713E+00    9.9092E+00   
 3.7859E+02    5.8885E+01    6.6726E+01    2.5381E+01    2.2127E+01    1.7324E+01    8.3819E+01    6.2446E+01    1.9783E+01    5.2294E+00    2.1930E+01    7.1964E+00    9.8011E+00   
 3.7910E+02    5.8853E+01    6.6692E+01    2.5253E+01    2.2118E+01    1.7336E+01    8.3807E+01    6.2436E+01    1.9783E+01    5.2294E+00    2.1930E+01    7.2931E+00    9.9092E+00   
 3.7960E+02    5.8881E+01    6.6700E+01    2.5304E+01    2.2118E+01    1.7320E+01    8.3803E+01    6.2428E+01    1.9779E+01    5.2294E+00    2.1930E+01    7.4560E+00    9.6914E+00   
 3.8017E+02    5.8881E+01    6.6687E+01    2.5683E+01    2.2158E+01    1.7320E+01    8.3812E+01    6.2436E+01    1.9782E+01    5.2294E+00    2.1808E+01    7.4662E+00    9.9092E+00   
 3.8068E+02    5.8859E+01    6.6670E+01    2.5796E+01    2.2089E+01    1.7289E+01    8.3828E+01    6.2436E+01    1.9783E+01    5.2294E+00    2.1869E+01    7.4204E+00    9.9092E+00   
 3.8118E+02    5.8840E+01    6.6662E+01    2.5780E+01    2.2039E+01    1.7275E+01    8.3839E+01    6.2411E+01    1.9760E+01    5.2294E+00    2.1787E+01    7.2982E+00    9.9092E+00   
 3.8168E+02    5.8860E+01    6.6662E+01    2.5890E+01    2.2079E+01    1.7284E+01    8.3839E+01    6.2406E+01    1.9764E+01    5.2294E+00    2.1808E+01    7.3796E+00    1.0016E+01   
 3.8226E+02    5.8815E+01    6.6645E+01    2.6050E+01    2.2011E+01    1.7300E+01    8.3839E+01    6.2411E+01    1.9764E+01    5.2294E+00    2.1726E+01    7.3440E+00    9.8011E+00   
 3.8276E+02    5.8830E+01    6.6635E+01    2.6201E+01    2.2011E+01    1.7312E+01    8.3846E+01    6.2403E+01    1.9770E+01    5.2294E+00    2.1787E+01    7.4051E+00    9.9092E+00   
 3.8326E+02    5.8830E+01    6.6617E+01    2.6324E+01    2.2035E+01    1.7312E+01    8.3805E+01    6.2390E+01    1.9763E+01    5.7600E+00    2.1095E+01   -2.5148E-01    9.8011E+00   
 3.8376E+02    5.8803E+01    6.6614E+01    2.6190E+01    2.1941E+01    1.7548E+01    8.3723E+01    6.2390E+01    1.9648E+01    5.9028E+00    2.0668E+01   -6.7910E-01    9.6914E+00   
 3.8434E+02    5.8791E+01    6.6612E+01    2.6190E+01    2.2021E+01    1.9100E+01    8.3610E+01    6.2286E+01    1.9644E+01    5.8212E+00    2.0260E+01   -7.1474E-01    9.8011E+00   
 3.8484E+02    5.8793E+01    6.6612E+01    2.6177E+01    2.1973E+01    1.9244E+01    8.3610E+01    6.2105E+01    1.9648E+01    5.8416E+00    1.9935E+01   -7.1474E-01    1.0016E+01   
 3.8534E+02    5.8801E+01    6.6490E+01    2.6007E+01    2.2001E+01    1.9311E+01    8.3507E+01    6.1962E+01    1.9664E+01    5.8620E+00    1.9670E+01   -7.1983E-01    9.8011E+00   
 3.8584E+02    5.8801E+01    6.6222E+01    2.5911E+01    2.2001E+01    1.9406E+01    8.3387E+01    6.1806E+01    1.9682E+01    5.8620E+00    1.9446E+01   -7.1983E-01    1.0016E+01   
 3.8642E+02    5.8807E+01    6.5867E+01    2.5862E+01    2.2031E+01    1.9406E+01    8.3264E+01    6.1661E+01    1.9723E+01    5.8824E+00    1.9242E+01   -7.1983E-01    9.9092E+00   
 3.8692E+02    5.8810E+01    6.5476E+01    2.5551E+01    2.1938E+01    1.9511E+01    8.3158E+01    6.1661E+01    1.9799E+01    5.9028E+00    1.9161E+01   -7.1983E-01    9.8011E+00   
 3.8742E+02    5.8814E+01    6.5490E+01    2.5567E+01    2.2112E+01    1.9601E+01    8.3061E+01    6.1538E+01    1.9881E+01    5.9028E+00    1.9507E+01   -7.1983E-01    9.9092E+00   
 3.8792E+02    5.8809E+01    6.5082E+01    2.5551E+01    2.2179E+01    1.9675E+01    8.3061E+01    6.1415E+01    1.9958E+01    5.9232E+00    1.9853E+01   -7.1983E-01    9.9092E+00   
 3.8851E+02    5.8821E+01    6.4666E+01    2.5530E+01    2.2110E+01    1.9766E+01    8.2957E+01    6.1312E+01    1.9958E+01    5.9436E+00    1.9813E+01   -7.1983E-01    9.9092E+00   
 3.8901E+02    5.8821E+01    6.4267E+01    2.5402E+01    2.2110E+01    1.9840E+01    8.2878E+01    6.1208E+01    2.0031E+01    5.9436E+00    1.9690E+01   -7.1983E-01    9.9092E+00   
 3.8951E+02    5.8814E+01    6.4034E+01    2.5344E+01    2.2064E+01    1.9840E+01    8.2782E+01    6.1107E+01    2.0112E+01    5.9640E+00    1.9589E+01   -7.1983E-01    9.8011E+00   
 3.9001E+02    5.8830E+01    6.3919E+01    2.5344E+01    2.2133E+01    1.9910E+01    8.2675E+01    6.1107E+01    2.0173E+01    5.9844E+00    1.9466E+01   -7.1983E-01    9.6914E+00   
 3.9059E+02    5.8828E+01    6.3919E+01    2.5456E+01    2.2190E+01    1.9984E+01    8.2602E+01    6.1041E+01    2.0249E+01    5.9844E+00    1.9344E+01   -7.1983E-01    9.8011E+00   
 3.9109E+02    5.8814E+01    6.3784E+01    2.5527E+01    2.2238E+01    2.0069E+01    8.2602E+01    6.0952E+01    2.0317E+01    5.9844E+00    1.9242E+01   -7.1983E-01    9.9092E+00   
# Time (s)      T1w (C)       T2w (C)       T1a (C)       T2a (C)       T1r (C)       T2r (C)       T3r (C)       T4r (C)       P1 (bar)      P2 (bar)      Ic (amp)      Qc (l/min)    
 3.9159E+02    5.8836E+01    6.3623E+01    2.5537E+01    2.2254E+01    2.0119E+01    8.2507E+01    6.0870E+01    2.0317E+01    6.0048E+00    1.9141E+01   -7.1983E-01    9.6914E+00   
 3.9209E+02    5.8836E+01    6.3443E+01    2.5499E+01    2.2240E+01    2.0135E+01    8.2430E+01    6.0809E+01    2.0383E+01    6.0048E+00    1.9059E+01   -7.1983E-01    9.9092E+00   
 3.9268E+02    5.8823E+01    6.3337E+01    2.5548E+01    2.2287E+01    2.0212E+01    8.2335E+01    6.0760E+01    2.0456E+01    6.0252E+00    1.8957E+01   -7.1983E-01    9.9092E+00   
 3.9318E+02    5.8844E+01    6.3223E+01    2.5676E+01    2.2330E+01    2.0267E+01    8.2242E+01    6.0760E+01    2.0503E+01    6.0252E+00    1.8856E+01   -7.1983E-01    9.9092E+00   
 3.9368E+02    5.8845E+01    6.3223E+01    2.5676E+01    2.2452E+01    2.0326E+01    8.2242E+01    6.0687E+01    2.0543E+01    6.0252E+00    1.8795E+01   -7.1983E-01    9.8011E+00   
 3.9418E+02    5.8861E+01    6.3086E+01    2.5747E+01    2.2537E+01    2.0347E+01    8.2131E+01    6.0621E+01    2.0527E+01    6.0456E+00    1.8713E+01   -7.1983E-01    1.0016E+01   
 3.9477E+02    5.8860E+01    6.2918E+01    2.5703E+01    2.2456E+01    2.0412E+01    8.2037E+01    6.0547E+01    2.0577E+01    6.0456E+00    1.8652E+01   -7.1983E-01    9.9092E+00   
 3.9527E+02    5.8860E+01    6.2745E+01    2.5658E+01    2.2456E+01    2.0427E+01    8.1956E+01    6.0498E+01    2.0636E+01    6.0456E+00    1.8571E+01   -7.1983E-01    9.8011E+00   
 3.9577E+02    5.8851E+01    6.2558E+01    2.5597E+01    2.2525E+01    2.0456E+01    8.1852E+01    6.0498E+01    2.0685E+01    6.0660E+00    1.8530E+01   -7.1983E-01    9.6914E+00   
 3.9627E+02    5.8847E+01    6.2399E+01    2.5597E+01    2.2474E+01    2.0525E+01    8.1771E+01    6.0425E+01    2.0717E+01    6.0660E+00    1.8489E+01   -7.1983E-01    9.8011E+00   
 3.9684E+02    5.8863E+01    6.2399E+01    2.5534E+01    2.2501E+01    2.0563E+01    8.1677E+01    6.0390E+01    2.0762E+01    6.0660E+00    1.8448E+01   -7.1983E-01    9.8011E+00   
 3.9734E+02    5.8842E+01    6.2239E+01    2.5501E+01    2.2641E+01    2.0581E+01    8.1663E+01    6.0325E+01    2.0747E+01    6.0660E+00    1.8387E+01   -7.1983E-01    9.8011E+00   
 3.9784E+02    5.8847E+01    6.2079E+01    2.5453E+01    2.2641E+01    2.0629E+01    8.1582E+01    6.0281E+01    2.0782E+01    6.0864E+00    1.8347E+01   -7.1983E-01    9.8011E+00   
 3.9834E+02    5.8862E+01    6.1975E+01    2.5490E+01    2.2721E+01    2.0645E+01    8.1504E+01    6.0230E+01    2.0821E+01    6.0864E+00    1.8306E+01   -7.1983E-01    9.8011E+00   
 3.9893E+02    5.8852E+01    6.1851E+01    2.5461E+01    2.2767E+01    2.0663E+01    8.1397E+01    6.0230E+01    2.0869E+01    6.0864E+00    1.8245E+01   -7.1983E-01    9.8011E+00   
 3.9943E+02    5.8875E+01    6.1739E+01    2.5461E+01    2.2798E+01    2.0699E+01    8.1302E+01    6.0155E+01    2.0865E+01    6.0864E+00    1.8184E+01   -7.1983E-01    9.8011E+00   
 3.9993E+02    5.8845E+01    6.1739E+01    2.5409E+01    2.2818E+01    2.0726E+01    8.1302E+01    6.0114E+01    2.0890E+01    6.0864E+00    1.8143E+01   -7.1983E-01    9.9092E+00   
 4.0043E+02    5.8860E+01    6.1634E+01    2.5400E+01    2.2972E+01    2.0735E+01    8.1199E+01    6.0052E+01    2.0875E+01    6.1068E+00    1.8123E+01   -7.1983E-01    9.8011E+00   
 4.0102E+02    5.8853E+01    6.1533E+01    2.5433E+01    2.2972E+01    2.0767E+01    8.1117E+01    5.9994E+01    2.0919E+01    6.1068E+00    1.8062E+01   -7.1983E-01    9.9092E+00   
 4.0152E+02    5.8868E+01    6.1443E+01    2.5420E+01    2.3123E+01    2.0767E+01    8.1030E+01    5.9932E+01    2.0933E+01    6.1068E+00    1.8021E+01   -7.1983E-01    9.6914E+00   
 4.0202E+02    5.8867E+01    6.1339E+01    2.5432E+01    2.3306E+01    2.0796E+01    8.0939E+01    5.9932E+01    2.0954E+01    6.1272E+00    1.7980E+01   -7.1983E-01    9.8011E+00   
 4.0252E+02    5.8856E+01    6.1339E+01    2.5432E+01    2.3248E+01    2.0820E+01    8.0855E+01    5.9891E+01    2.0980E+01    6.1068E+00    1.7939E+01   -7.1983E-01    9.8011E+00   
 4.0310E+02    5.8855E+01    6.1261E+01    2.5435E+01    2.3277E+01    2.0851E+01    8.0855E+01    5.9846E+01    2.1010E+01    6.1272E+00    1.7919E+01   -7.1983E-01    9.6914E+00   
 4.0360E+02    5.8851E+01    6.1166E+01    2.5385E+01    2.3266E+01    2.0873E+01    8.0765E+01    5.9796E+01    2.1010E+01    6.1272E+00    1.7858E+01   -7.1983E-01    9.9092E+00   
 4.0410E+02    5.8851E+01    6.1096E+01    2.5353E+01    2.3266E+01    2.0891E+01    8.0670E+01    5.9743E+01    2.1028E+01    6.1272E+00    1.7838E+01   -7.1983E-01    9.9092E+00   
 4.0460E+02    5.8865E+01    6.0999E+01    2.5318E+01    2.3228E+01    2.0891E+01    8.0590E+01    5.9699E+01    2.1051E+01    6.1272E+00    1.7797E+01   -7.1983E-01    9.8011E+00   
 4.0518E+02    5.8857E+01    6.0924E+01    2.5302E+01    2.3257E+01    2.0934E+01    8.0503E+01    5.9699E+01    2.1071E+01    6.1272E+00    1.7777E+01   -7.1983E-01    9.9092E+00   
 4.0568E+02    5.8848E+01    6.0924E+01    2.5302E+01    2.3382E+01    2.0943E+01    8.0421E+01    5.9652E+01    2.1094E+01    6.1476E+00    1.7736E+01   -7.1983E-01    9.8011E+00   
 4.0618E+02    5.8832E+01    6.0836E+01    2.5335E+01    2.3389E+01    2.0981E+01    8.0421E+01    5.9597E+01    2.1111E+01    6.1272E+00    1.7715E+01   -7.1983E-01    9.8011E+00   
 4.0668E+02    5.8826E+01    6.0758E+01    2.5393E+01    2.3449E+01    2.0972E+01    8.0308E+01    5.9542E+01    2.1095E+01    6.1476E+00    1.7695E+01   -7.1983E-01    9.8011E+00   
# Time (s)      T1w (C)       T2w (C)       T1a (C)       T2a (C)       T1r (C)       T2r (C)       T3r (C)       T4r (C)       P1 (bar)      P2 (bar)      Ic (amp)      Qc (l/min)    
 4.0726E+02    5.8826E+01    6.0689E+01    2.5440E+01    2.3449E+01    2.1024E+01    8.0230E+01    5.9510E+01    2.1119E+01    6.1476E+00    1.7654E+01   -7.1983E-01    9.9092E+00   
 4.0776E+02    5.8835E+01    6.0605E+01    2.5408E+01    2.3496E+01    2.1024E+01    8.0139E+01    5.9446E+01    2.1138E+01    6.1476E+00    1.7634E+01   -7.1983E-01    9.8011E+00   
 4.0826E+02    5.8841E+01    6.0552E+01    2.5408E+01    2.3710E+01    2.1010E+01    8.0044E+01    5.9446E+01    2.1161E+01    6.1476E+00    1.7593E+01   -7.1983E-01    9.6914E+00   
 4.0876E+02    5.8825E+01    6.0552E+01    2.5368E+01    2.3806E+01    2.1027E+01    8.0044E+01    5.9383E+01    2.1173E+01    6.1476E+00    1.7573E+01   -7.1983E-01    9.6914E+00   
 4.0935E+02    5.8824E+01    6.0481E+01    2.5351E+01    2.3781E+01    2.1050E+01    7.9980E+01    5.9359E+01    2.1191E+01    6.1476E+00    1.7553E+01   -7.1983E-01    9.8011E+00   
 4.0985E+02    5.8819E+01    6.0426E+01    2.5319E+01    2.3794E+01    2.1080E+01    7.9886E+01    5.9302E+01    2.1191E+01    6.1476E+00    1.7512E+01   -7.1983E-01    9.8011E+00   
 4.1035E+02    5.8819E+01    6.0357E+01    2.5311E+01    2.3794E+01    2.1080E+01    7.9800E+01    5.9247E+01    2.1199E+01    6.1680E+00    1.7492E+01   -7.1983E-01    9.6914E+00   
 4.1085E+02    5.8813E+01    6.0301E+01    2.5306E+01    2.3912E+01    2.1089E+01    7.9709E+01    5.9247E+01    2.1225E+01    6.1476E+00    1.7471E+01   -7.1983E-01    9.8011E+00   
 4.1145E+02    5.8813E+01    6.0247E+01    2.5294E+01    2.4042E+01    2.1120E+01    7.9631E+01    5.9220E+01    2.1247E+01    6.1680E+00    1.7430E+01   -7.1983E-01    9.6914E+00   
 4.1195E+02    5.8803E+01    6.0247E+01    2.5294E+01    2.4040E+01    2.1120E+01    7.9541E+01    5.9178E+01    2.1252E+01    6.1680E+00    1.7410E+01   -7.1983E-01    9.9092E+00   
 4.1245E+02    5.8810E+01    6.0200E+01    2.5297E+01    2.4105E+01    2.1152E+01    7.9556E+01    5.9155E+01    2.1283E+01    6.1680E+00    1.7390E+01   -7.1983E-01    9.6914E+00   
 4.1295E+02    5.8817E+01    6.0137E+01    2.5304E+01    2.4168E+01    2.1164E+01    7.9472E+01    5.9089E+01    2.1283E+01    6.1680E+00    1.7390E+01   -7.1983E-01    9.8011E+00   
 4.1353E+02    5.8817E+01    6.0085E+01    2.5288E+01    2.4168E+01    2.1175E+01    7.9404E+01    5.9047E+01    2.1293E+01    6.1680E+00    1.7349E+01   -7.1983E-01    9.8011E+00   
 4.1403E+02    5.8800E+01    6.0027E+01    2.5293E+01    2.4241E+01    2.1175E+01    7.9297E+01    5.8978E+01    2.1312E+01    6.1884E+00    1.7349E+01   -7.1983E-01    9.6914E+00   
 4.1453E+02    5.8789E+01    5.9968E+01    2.5293E+01    2.4342E+01    2.1205E+01    7.9225E+01    5.8978E+01    2.1324E+01    6.1680E+00    1.7308E+01   -7.1983E-01    9.9092E+00   
 4.1503E+02    5.8778E+01    5.9968E+01    2.5299E+01    2.4449E+01    2.1218E+01    7.9225E+01    5.8928E+01    2.1329E+01    6.1884E+00    1.7308E+01   -7.1983E-01    9.8011E+00   
 4.1561E+02    5.8774E+01    5.9928E+01    2.5266E+01    2.4556E+01    2.1215E+01    7.9141E+01    5.8880E+01    2.1353E+01    6.1884E+00    1.7288E+01   -7.1983E-01    9.8011E+00   
 4.1611E+02    5.8757E+01    5.9889E+01    2.5227E+01    2.4562E+01    2.1235E+01    7.9060E+01    5.8841E+01    2.1353E+01    6.1884E+00    1.7268E+01   -7.1983E-01    9.8011E+00   
 4.1661E+02    5.8757E+01    5.9840E+01    2.5214E+01    2.4562E+01    2.1219E+01    7.8975E+01    5.8768E+01    2.1332E+01    6.1884E+00    1.7247E+01   -7.1983E-01    9.8011E+00   
 4.1711E+02    5.8754E+01    5.9803E+01    2.5240E+01    2.4613E+01    2.1222E+01    7.8891E+01    5.8768E+01    2.1332E+01    6.1884E+00    1.7247E+01   -7.1983E-01    9.9092E+00   
 4.1769E+02    5.8742E+01    5.9761E+01    2.5265E+01    2.4640E+01    2.1232E+01    7.8830E+01    5.8760E+01    2.1372E+01    6.1884E+00    1.7227E+01   -7.1983E-01    9.6914E+00   
 4.1819E+02    5.8728E+01    5.9761E+01    2.5265E+01    2.4703E+01    2.1273E+01    7.8752E+01    5.8698E+01    2.1385E+01    6.1884E+00    1.7206E+01   -7.1983E-01    9.8011E+00   
 4.1869E+02    5.8719E+01    5.9724E+01    2.5261E+01    2.4795E+01    2.1299E+01    7.8766E+01    5.8650E+01    2.1401E+01    6.1884E+00    1.7186E+01   -7.1983E-01    9.6914E+00   
 4.1919E+02    5.8719E+01    5.9685E+01    2.5235E+01    2.4795E+01    2.1297E+01    7.8679E+01    5.8604E+01    2.1395E+01    6.1884E+00    1.7186E+01   -7.1983E-01    9.8011E+00   
 4.1977E+02    5.8733E+01    5.9662E+01    2.5215E+01    2.4862E+01    2.1297E+01    7.8589E+01    5.8552E+01    2.1418E+01    6.2089E+00    1.7166E+01   -7.1983E-01    9.8011E+00   
 4.2027E+02    5.8728E+01    5.9619E+01    2.5190E+01    2.4877E+01    2.1312E+01    7.8503E+01    5.8552E+01    2.1428E+01    6.1884E+00    1.7145E+01   -7.1983E-01    9.8011E+00   
 4.2077E+02    5.8703E+01    5.9619E+01    2.5190E+01    2.4931E+01    2.1354E+01    7.8448E+01    5.8525E+01    2.1471E+01    6.2089E+00    1.7125E+01   -7.1983E-01    9.9092E+00   
 4.2127E+02    5.8693E+01    5.9582E+01    2.5184E+01    2.4995E+01    2.1349E+01    7.8448E+01    5.8447E+01    2.1464E+01    6.2089E+00    1.7125E+01   -7.1983E-01    9.8011E+00   
 4.2186E+02    5.8699E+01    5.9569E+01    2.5205E+01    2.5105E+01    2.1351E+01    7.8345E+01    5.8393E+01    2.1448E+01    6.2089E+00    1.7105E+01   -7.1983E-01    9.6914E+00   
 4.2236E+02    5.8691E+01    5.9536E+01    2.5200E+01    2.5121E+01    2.1341E+01    7.8264E+01    5.8339E+01    2.1466E+01    6.2089E+00    1.7105E+01   -7.1983E-01    9.8011E+00   
# Time (s)      T1w (C)       T2w (C)       T1a (C)       T2a (C)       T1r (C)       T2r (C)       T3r (C)       T4r (C)       P1 (bar)      P2 (bar)      Ic (amp)      Qc (l/min)    
 4.2286E+02    5.8705E+01    5.9529E+01    2.5206E+01    2.5242E+01    2.1341E+01    7.8198E+01    5.8276E+01    2.1476E+01    6.2089E+00    1.7084E+01   -7.1983E-01    9.8011E+00   
 4.2336E+02    5.8706E+01    5.9488E+01    2.5217E+01    2.5247E+01    2.1381E+01    7.8144E+01    5.8291E+01    2.1500E+01    6.2089E+00    1.7064E+01   -7.1983E-01    9.8011E+00   
 4.2394E+02    5.8686E+01    5.9455E+01    2.5217E+01    2.5205E+01    2.1405E+01    7.8062E+01    5.8243E+01    2.1491E+01    6.2089E+00    1.7064E+01   -7.1983E-01    9.8011E+00   
 4.2444E+02    5.8683E+01    5.9455E+01    2.5236E+01    2.5200E+01    2.1408E+01    7.8062E+01    5.8175E+01    2.1502E+01    6.2089E+00    1.7044E+01   -7.1983E-01    9.8011E+00   
 4.2494E+02    5.8666E+01    5.9421E+01    2.5228E+01    2.5147E+01    2.1395E+01    7.7973E+01    5.8139E+01    2.1502E+01    6.2089E+00    1.7044E+01   -7.1983E-01    9.8011E+00   
 4.2544E+02    5.8651E+01    5.9388E+01    2.5200E+01    2.5131E+01    2.1434E+01    7.7917E+01    5.8109E+01    2.1528E+01    6.2089E+00    1.7023E+01   -7.1983E-01    9.8011E+00   
 4.2602E+02    5.8648E+01    5.9351E+01    2.5184E+01    2.5190E+01    2.1434E+01    7.7846E+01    5.8051E+01    2.1534E+01    6.2089E+00    1.7003E+01   -7.1983E-01    9.6914E+00   
 4.2652E+02    5.8619E+01    5.9312E+01    2.5155E+01    2.5233E+01    2.1441E+01    7.7754E+01    5.8051E+01    2.1552E+01    6.2089E+00    1.6983E+01   -7.1983E-01    9.9092E+00   
 4.2702E+02    5.8616E+01    5.9312E+01    2.5155E+01    2.5130E+01    2.1450E+01    7.7662E+01    5.7996E+01    2.1557E+01    6.2089E+00    1.6983E+01   -7.1983E-01    9.6914E+00   
 4.2752E+02    5.8607E+01    5.9266E+01    2.5149E+01    2.5162E+01    2.1455E+01    7.7662E+01    5.7935E+01    2.1557E+01    6.2293E+00    1.6983E+01   -7.1983E-01    9.8011E+00   
 4.2810E+02    5.8589E+01    5.9261E+01    2.5120E+01    2.5220E+01    2.1452E+01    7.7599E+01    5.7874E+01    2.1555E+01    6.2293E+00    1.6962E+01   -7.1983E-01    9.6914E+00   
 4.2860E+02    5.8589E+01    5.9227E+01    2.5126E+01    2.5220E+01    2.1477E+01    7.7527E+01    5.7829E+01    2.1582E+01    6.2293E+00    1.6962E+01   -7.1983E-01    9.8011E+00   
 4.2910E+02    5.8584E+01    5.9203E+01    2.5162E+01    2.5193E+01    2.1477E+01    7.7447E+01    5.7829E+01    2.1579E+01    6.2293E+00    1.6942E+01   -7.1983E-01    9.8011E+00   
 4.2960E+02    5.8562E+01    5.9179E+01    2.5162E+01    2.5234E+01    2.1476E+01    7.7382E+01    5.7776E+01    2.1594E+01    6.2293E+00    1.6942E+01   -7.1983E-01    9.9092E+00   
 4.3019E+02    5.8535E+01    5.9179E+01    2.5165E+01    2.5348E+01    2.1479E+01    7.7309E+01    5.7731E+01    2.1599E+01    6.2293E+00    1.6921E+01   -7.1983E-01    9.6914E+00   
 4.3069E+02    5.8519E+01    5.9153E+01    2.5145E+01    2.5530E+01    2.1494E+01    7.7309E+01    5.7677E+01    2.1590E+01    6.2293E+00    1.6901E+01   -7.1983E-01    9.6914E+00   
 4.3119E+02    5.8488E+01    5.9116E+01    2.5150E+01    2.5530E+01    2.1494E+01    7.7224E+01    5.7638E+01    2.1590E+01    6.2293E+00    1.6901E+01   -7.1983E-01    9.8011E+00   
 4.3169E+02    5.8488E+01    5.9113E+01    2.5129E+01    2.5449E+01    2.1509E+01    7.7171E+01    5.7583E+01    2.1610E+01    6.2293E+00    1.6901E+01   -7.1983E-01    9.6914E+00   
 4.3229E+02    5.8489E+01    5.9082E+01    2.5125E+01    2.5423E+01    2.1524E+01    7.7096E+01    5.7531E+01    2.1614E+01    6.2293E+00    1.6881E+01   -7.1983E-01    9.8011E+00   
 4.3279E+02    5.8476E+01    5.9049E+01    2.5105E+01    2.5587E+01    2.1528E+01    7.7012E+01    5.7531E+01    2.1626E+01    6.2293E+00    1.6881E+01   -7.1983E-01    9.8011E+00   
 4.3329E+02    5.8449E+01    5.9049E+01    2.5105E+01    2.5521E+01    2.1543E+01    7.6945E+01    5.7487E+01    2.1637E+01    6.2293E+00    1.6860E+01   -7.1983E-01    9.8011E+00   
 4.3379E+02    5.8418E+01    5.9025E+01    2.5100E+01    2.5625E+01    2.1551E+01    7.6959E+01    5.7438E+01    2.1653E+01    6.2293E+00    1.6860E+01   -7.1983E-01    9.5801E+00   
 4.3438E+02    5.8411E+01    5.9001E+01    2.5085E+01    2.5489E+01    2.1546E+01    7.6887E+01    5.7387E+01    2.1671E+01    6.2293E+00    1.6840E+01   -7.1983E-01    9.6914E+00   
 4.3488E+02    5.8396E+01    5.8970E+01    2.5054E+01    2.5474E+01    2.1589E+01    7.6809E+01    5.7338E+01    2.1667E+01    6.2293E+00    1.6840E+01   -7.1983E-01    9.6914E+00   
 4.3538E+02    5.8375E+01    5.8942E+01    2.5048E+01    2.5633E+01    2.1589E+01    7.6747E+01    5.7338E+01    2.1690E+01    6.2293E+00    1.6820E+01   -7.1983E-01    9.8011E+00   
 4.3588E+02    5.8335E+01    5.8906E+01    2.5032E+01    2.5487E+01    2.1595E+01    7.6656E+01    5.7288E+01    2.1702E+01    6.2293E+00    1.6820E+01   -7.1983E-01    9.6914E+00   
 4.3646E+02    5.8319E+01    5.8906E+01    2.5029E+01    2.5461E+01    2.1608E+01    7.6598E+01    5.7240E+01    2.1700E+01    6.2293E+00    1.6820E+01   -7.1983E-01    9.6914E+00   
 4.3696E+02    5.8295E+01    5.8876E+01    2.5020E+01    2.5563E+01    2.1611E+01    7.6598E+01    5.7194E+01    2.1712E+01    6.2293E+00    1.6799E+01   -7.1983E-01    9.8011E+00   
 4.3746E+02    5.8272E+01    5.8852E+01    2.4998E+01    2.5563E+01    2.1603E+01    7.6526E+01    5.7140E+01    2.1712E+01    6.2293E+00    1.6799E+01   -7.1983E-01    9.8011E+00   
 4.3796E+02    5.8272E+01    5.8845E+01    2.5001E+01    2.5613E+01    2.1603E+01    7.6453E+01    5.7102E+01    2.1723E+01    6.2293E+00    1.6779E+01   -7.1983E-01    9.8011E+00   
# Time (s)      T1w (C)       T2w (C)       T1a (C)       T2a (C)       T1r (C)       T2r (C)       T3r (C)       T4r (C)       P1 (bar)      P2 (bar)      Ic (amp)      Qc (l/min)    
 4.3854E+02    5.8277E+01    5.8817E+01    2.5018E+01    2.5549E+01    2.1598E+01    7.6393E+01    5.7102E+01    2.1716E+01    6.2497E+00    1.6779E+01   -7.1983E-01    9.6914E+00   
 4.3904E+02    5.8267E+01    5.8780E+01    2.5018E+01    2.5696E+01    2.1611E+01    7.6310E+01    5.7050E+01    2.1720E+01    6.2293E+00    1.6759E+01   -7.1983E-01    9.8011E+00   
 4.3954E+02    5.8270E+01    5.8795E+01    2.5044E+01    2.5633E+01    2.1621E+01    7.6324E+01    5.7017E+01    2.1747E+01    6.2497E+00    1.6759E+01   -7.1983E-01    9.8011E+00   
 4.4004E+02    5.8243E+01    5.8781E+01    2.5063E+01    2.5563E+01    2.1637E+01    7.6262E+01    5.6947E+01    2.1747E+01    6.2293E+00    1.6759E+01   -7.1983E-01    9.9092E+00   
 4.4062E+02    5.8210E+01    5.8777E+01    2.5067E+01    2.5563E+01    2.1644E+01    7.6159E+01    5.6880E+01    2.1721E+01    6.2497E+00    1.6738E+01   -7.1983E-01    9.8011E+00   
 4.4112E+02    5.8210E+01    5.8732E+01    2.5097E+01    2.5473E+01    2.1644E+01    7.6084E+01    5.6835E+01    2.1743E+01    6.2497E+00    1.6738E+01   -7.1983E-01    9.8011E+00   
 4.4162E+02    5.8187E+01    5.8712E+01    2.5128E+01    2.5564E+01    2.1640E+01    7.6038E+01    5.6850E+01    2.1756E+01    6.2497E+00    1.6718E+01   -7.1983E-01    9.6914E+00   
 4.4212E+02    5.8163E+01    5.8696E+01    2.5128E+01    2.5554E+01    2.1647E+01    7.5946E+01    5.6789E+01    2.1753E+01    6.2497E+00    1.6718E+01   -7.1983E-01    9.8011E+00   
 4.4271E+02    5.8115E+01    5.8696E+01    2.5133E+01    2.5736E+01    2.1676E+01    7.5960E+01    5.6759E+01    2.1797E+01    6.2497E+00    1.6718E+01   -7.1983E-01    9.9092E+00   
 4.4321E+02    5.8107E+01    5.8665E+01    2.5150E+01    2.5844E+01    2.1675E+01    7.5893E+01    5.6703E+01    2.1797E+01    6.2497E+00    1.6697E+01   -7.1983E-01    9.9092E+00   
 4.4371E+02    5.8090E+01    5.8642E+01    2.5186E+01    2.5844E+01    2.1682E+01    7.5833E+01    5.6641E+01    2.1773E+01    6.2497E+00    1.6697E+01   -7.1983E-01    9.8011E+00   
 4.4421E+02    5.8090E+01    5.8626E+01    2.5152E+01    2.5823E+01    2.1682E+01    7.5763E+01    5.6600E+01    2.1786E+01    6.2497E+00    1.6697E+01   -7.1983E-01    9.8011E+00   
 4.4479E+02    5.8054E+01    5.8595E+01    2.5161E+01    2.5720E+01    2.1705E+01    7.5690E+01    5.6615E+01    2.1795E+01    6.2497E+00    1.6677E+01   -7.1983E-01    9.6914E+00   
 4.4529E+02    5.8044E+01    5.8590E+01    2.5161E+01    2.5705E+01    2.1706E+01    7.5630E+01    5.6560E+01    2.1809E+01    6.2497E+00    1.6677E+01   -7.1983E-01    9.8011E+00   
 4.4579E+02    5.8014E+01    5.8590E+01    2.5181E+01    2.5836E+01    2.1701E+01    7.5630E+01    5.6506E+01    2.1815E+01    6.2497E+00    1.6677E+01   -7.1983E-01    9.6914E+00   
 4.4629E+02    5.8002E+01    5.8555E+01    2.5168E+01    2.5780E+01    2.1714E+01    7.5560E+01    5.6463E+01    2.1815E+01    6.2497E+00    1.6657E+01   -7.1983E-01    9.8011E+00   
 4.4687E+02    5.7989E+01    5.8525E+01    2.5173E+01    2.5780E+01    2.1711E+01    7.5480E+01    5.6401E+01    2.1810E+01    6.2497E+00    1.6657E+01   -7.1983E-01    9.8011E+00   
 4.4737E+02    5.7989E+01    5.8515E+01    2.5149E+01    2.5682E+01    2.1711E+01    7.5402E+01    5.6348E+01    2.1816E+01    6.2497E+00    1.6636E+01   -7.1983E-01    9.8011E+00   
 4.4787E+02    5.7968E+01    5.8474E+01    2.5149E+01    2.5702E+01    2.1703E+01    7.5336E+01    5.6348E+01    2.1826E+01    6.2497E+00    1.6636E+01   -7.1983E-01    9.6914E+00   
 4.4837E+02    5.7968E+01    5.8474E+01    2.5139E+01    2.5746E+01    2.1708E+01    7.5262E+01    5.6299E+01    2.1821E+01    6.2497E+00    1.6616E+01   -7.1983E-01    9.8011E+00   
 4.4896E+02    5.7954E+01    5.8451E+01    2.5147E+01    2.5678E+01    2.1718E+01    7.5262E+01    5.6239E+01    2.1829E+01    6.2497E+00    1.6616E+01   -7.1983E-01    9.8011E+00   
 4.4946E+02    5.7923E+01    5.8422E+01    2.5181E+01    2.5578E+01    2.1717E+01    7.5201E+01    5.6187E+01    2.1829E+01    6.2701E+00    1.6616E+01   -7.1983E-01    9.8011E+00   
 4.4996E+02    5.7923E+01    5.8409E+01    2.5184E+01    2.5578E+01    2.1722E+01    7.5120E+01    5.6135E+01    2.1831E+01    6.2701E+00    1.6596E+01   -7.1983E-01    9.9092E+00   
 4.5046E+02    5.7892E+01    5.8383E+01    2.5145E+01    2.5534E+01    2.1722E+01    7.5059E+01    5.6135E+01    2.1835E+01    6.2497E+00    1.6575E+01   -7.1983E-01    9.6914E+00   
 4.5108E+02    5.7857E+01    5.8333E+01    2.5169E+01    2.5556E+01    2.1726E+01    7.4984E+01    5.6093E+01    2.1838E+01    6.2497E+00    1.6575E+01   -7.1983E-01    9.5801E+00   
 4.5158E+02    5.7813E+01    5.8334E+01    2.5169E+01    2.5505E+01    2.1731E+01    7.4915E+01    5.6055E+01    2.1829E+01    6.2701E+00    1.6575E+01   -7.1983E-01    9.8011E+00   
 4.5208E+02    5.7799E+01    5.8334E+01    2.5197E+01    2.5448E+01    2.1715E+01    7.4915E+01    5.5984E+01    2.1841E+01    6.2701E+00    1.6575E+01   -7.1983E-01    9.9092E+00   
 4.5258E+02    5.7787E+01    5.8312E+01    2.5221E+01    2.5398E+01    2.1736E+01    7.4847E+01    5.5950E+01    2.1841E+01    6.2701E+00    1.6555E+01   -7.1983E-01    9.9092E+00   
 4.5318E+02    5.7736E+01    5.8268E+01    2.5229E+01    2.5398E+01    2.1733E+01    7.4779E+01    5.5879E+01    2.1834E+01    6.2701E+00    1.6555E+01   -7.1983E-01    9.8011E+00   
 4.5369E+02    5.7736E+01    5.8246E+01    2.5202E+01    2.5371E+01    2.1733E+01    7.4696E+01    5.5832E+01    2.1853E+01    6.2701E+00    1.6535E+01   -7.1983E-01    9.6914E+00   
# Time (s)      T1w (C)       T2w (C)       T1a (C)       T2a (C)       T1r (C)       T2r (C)       T3r (C)       T4r (C)       P1 (bar)      P2 (bar)      Ic (amp)      Qc (l/min)    
 4.5419E+02    5.7718E+01    5.8231E+01    2.5189E+01    2.5333E+01    2.1728E+01    7.4636E+01    5.5832E+01    2.1857E+01    6.2701E+00    1.6535E+01   -7.1983E-01    9.9092E+00   
 4.5469E+02    5.7719E+01    5.8193E+01    2.5189E+01    2.5314E+01    2.1756E+01    7.4562E+01    5.5781E+01    2.1846E+01    6.2701E+00    1.6535E+01   -7.1983E-01    9.6914E+00   
 4.5527E+02    5.7698E+01    5.8193E+01    2.5158E+01    2.5303E+01    2.1757E+01    7.4562E+01    5.5756E+01    2.1864E+01    6.2701E+00    1.6535E+01   -7.1983E-01    9.8011E+00   
 4.5577E+02    5.7680E+01    5.8202E+01    2.5162E+01    2.5255E+01    2.1743E+01    7.4509E+01    5.5707E+01    2.1864E+01    6.2701E+00    1.6514E+01   -7.1983E-01    9.8011E+00   
 4.5627E+02    5.7656E+01    5.8152E+01    2.5145E+01    2.5255E+01    2.1743E+01    7.4427E+01    5.5654E+01    2.1854E+01    6.2701E+00    1.6494E+01   -7.1983E-01    9.6914E+00   
 4.5677E+02    5.7671E+01    5.8160E+01    2.5187E+01    2.5300E+01    2.1743E+01    7.4367E+01    5.5654E+01    2.1861E+01    6.2701E+00    1.6494E+01   -7.1983E-01    9.8011E+00   
 4.5735E+02    5.7633E+01    5.8138E+01    2.5203E+01    2.5226E+01    2.1742E+01    7.4297E+01    5.5611E+01    2.1858E+01    6.2701E+00    1.6494E+01   -7.1983E-01    9.6914E+00   
 4.5785E+02    5.7630E+01    5.8129E+01    2.5218E+01    2.5218E+01    2.1752E+01    7.4219E+01    5.5560E+01    2.1852E+01    6.2701E+00    1.6474E+01   -7.1983E-01    9.8011E+00   
 4.5835E+02    5.7600E+01    5.8129E+01    2.5213E+01    2.5216E+01    2.1771E+01    7.4219E+01    5.5521E+01    2.1852E+01    6.2701E+00    1.6474E+01   -7.1983E-01    9.9092E+00   
 4.5885E+02    5.7600E+01    5.8120E+01    2.5226E+01    2.5231E+01    2.1764E+01    7.4159E+01    5.5478E+01    2.1863E+01    6.2701E+00    1.6474E+01   -7.1983E-01    9.5801E+00   
 4.5943E+02    5.7589E+01    5.8081E+01    2.5212E+01    2.5199E+01    2.1764E+01    7.4085E+01    5.5414E+01    2.1864E+01    6.2701E+00    1.6453E+01   -7.1983E-01    9.8011E+00   
 4.5993E+02    5.7603E+01    5.8078E+01    2.5200E+01    2.5197E+01    2.1749E+01    7.4006E+01    5.5399E+01    2.1852E+01    6.2701E+00    1.6453E+01   -7.1983E-01    9.6914E+00   
 4.6043E+02    5.7578E+01    5.8037E+01    2.5200E+01    2.5194E+01    2.1743E+01    7.3920E+01    5.5347E+01    2.1868E+01    6.2701E+00    1.6453E+01   -7.1983E-01    9.8011E+00   
 4.6093E+02    5.7551E+01    5.8037E+01    2.5179E+01    2.5196E+01    2.1762E+01    7.3920E+01    5.5288E+01    2.1853E+01    6.2701E+00    1.6433E+01   -7.1983E-01    9.6914E+00   
 4.6151E+02    5.7529E+01    5.8025E+01    2.5130E+01    2.5181E+01    2.1766E+01    7.3864E+01    5.5237E+01    2.1872E+01    6.2701E+00    1.6412E+01   -7.1983E-01    9.8011E+00   
 4.6201E+02    5.7483E+01    5.8013E+01    2.5096E+01    2.5181E+01    2.1770E+01    7.3802E+01    5.5195E+01    2.1872E+01    6.2701E+00    1.6412E+01   -7.1983E-01    9.8011E+00   
 4.6251E+02    5.7483E+01    5.7978E+01    2.5115E+01    2.5160E+01    2.1770E+01    7.3740E+01    5.5140E+01    2.1862E+01    6.2701E+00    1.6412E+01   -7.1983E-01    9.8011E+00   
 4.6301E+02    5.7467E+01    5.7945E+01    2.5116E+01    2.5157E+01    2.1750E+01    7.3662E+01    5.5125E+01    2.1847E+01    6.2905E+00    1.6392E+01   -7.1983E-01    9.6914E+00   
 4.6362E+02    5.7465E+01    5.7936E+01    2.5145E+01    2.5147E+01    2.1761E+01    7.3581E+01    5.5061E+01    2.1868E+01    6.2905E+00    1.6392E+01   -7.1983E-01    9.8011E+00   
 4.6412E+02    5.7447E+01    5.7914E+01    2.5145E+01    2.5116E+01    2.1769E+01    7.3525E+01    5.5029E+01    2.1897E+01    6.2701E+00    1.6392E+01   -7.1983E-01    9.6914E+00   
 4.6462E+02    5.7432E+01    5.7914E+01    2.5152E+01    2.5104E+01    2.1773E+01    7.3525E+01    5.4987E+01    2.1897E+01    6.2905E+00    1.6372E+01   -7.1983E-01    9.8011E+00   
 4.6512E+02    5.7411E+01    5.7877E+01    2.5159E+01    2.5104E+01    2.1769E+01    7.3447E+01    5.4920E+01    2.1864E+01    6.2905E+00    1.6372E+01   -7.1983E-01    9.6914E+00   
 4.6570E+02    5.7411E+01    5.7847E+01    2.5132E+01    2.5101E+01    2.1775E+01    7.3376E+01    5.4872E+01    2.1872E+01    6.2701E+00    1.6372E+01   -7.1983E-01    9.8011E+00   
 4.6620E+02    5.7410E+01    5.7850E+01    2.5154E+01    2.5116E+01    2.1775E+01    7.3326E+01    5.4872E+01    2.1880E+01    6.2905E+00    1.6372E+01   -7.1983E-01    9.6914E+00   
 4.6670E+02    5.7382E+01    5.7805E+01    2.5154E+01    2.5103E+01    2.1761E+01    7.3257E+01    5.4828E+01    2.1875E+01    6.2905E+00    1.6351E+01   -7.1983E-01    9.6914E+00   
 4.6720E+02    5.7340E+01    5.7805E+01    2.5142E+01    2.5123E+01    2.1768E+01    7.3257E+01    5.4780E+01    2.1881E+01    6.2905E+00    1.6351E+01   -7.1983E-01    9.6914E+00   
 4.6779E+02    5.7335E+01    5.7790E+01    2.5122E+01    2.5147E+01    2.1762E+01    7.3176E+01    5.4727E+01    2.1865E+01    6.2905E+00    1.6331E+01   -7.1983E-01    9.6914E+00   
 4.6829E+02    5.7311E+01    5.7769E+01    2.5147E+01    2.5147E+01    2.1759E+01    7.3114E+01    5.4665E+01    2.1862E+01    6.2905E+00    1.6331E+01   -7.1983E-01    9.8011E+00   
 4.6879E+02    5.7311E+01    5.7731E+01    2.5121E+01    2.5164E+01    2.1759E+01    7.3048E+01    5.4622E+01    2.1877E+01    6.2905E+00    1.6331E+01   -7.1983E-01    9.5801E+00   
 4.6929E+02    5.7284E+01    5.7710E+01    2.5096E+01    2.5158E+01    2.1781E+01    7.2974E+01    5.4622E+01    2.1880E+01    6.2905E+00    1.6311E+01   -7.1983E-01    9.5801E+00   
# Time (s)      T1w (C)       T2w (C)       T1a (C)       T2a (C)       T1r (C)       T2r (C)       T3r (C)       T4r (C)       P1 (bar)      P2 (bar)      Ic (amp)      Qc (l/min)    
 4.6987E+02    5.7266E+01    5.7700E+01    2.5096E+01    2.5146E+01    2.1745E+01    7.2898E+01    5.4554E+01    2.1878E+01    6.2905E+00    1.6311E+01   -7.1983E-01    9.9092E+00   
 4.7037E+02    5.7247E+01    5.7700E+01    2.5053E+01    2.5111E+01    2.1763E+01    7.2898E+01    5.4502E+01    2.1875E+01    6.2905E+00    1.6311E+01   -7.1983E-01    9.6914E+00   
 4.7087E+02    5.7245E+01    5.7671E+01    2.5037E+01    2.5138E+01    2.1779E+01    7.2837E+01    5.4478E+01    2.1891E+01    6.2905E+00    1.6290E+01   -7.1983E-01    9.6914E+00   
 4.7137E+02    5.7221E+01    5.7653E+01    2.5038E+01    2.5138E+01    2.1785E+01    7.2766E+01    5.4417E+01    2.1904E+01    6.2905E+00    1.6290E+01   -7.1983E-01    9.8011E+00   
 4.7196E+02    5.7221E+01    5.7637E+01    2.5078E+01    2.5157E+01    2.1801E+01    7.2732E+01    5.4380E+01    2.1933E+01    6.2905E+00    1.6290E+01   -7.1983E-01    9.5801E+00   
 4.7246E+02    5.7206E+01    5.7615E+01    2.5129E+01    2.5208E+01    2.1805E+01    7.2650E+01    5.4380E+01    2.1920E+01    6.2905E+00    1.6290E+01   -7.1983E-01    9.8011E+00   
 4.7296E+02    5.7175E+01    5.7591E+01    2.5129E+01    2.5211E+01    2.1803E+01    7.2588E+01    5.4331E+01    2.1945E+01    6.2905E+00    1.6270E+01   -7.1983E-01    9.6914E+00   
 4.7346E+02    5.7171E+01    5.7591E+01    2.5170E+01    2.5206E+01    2.1808E+01    7.2588E+01    5.4276E+01    2.1941E+01    6.2905E+00    1.6270E+01   -7.1983E-01    9.8011E+00   
 4.7407E+02    5.7151E+01    5.7571E+01    2.5221E+01    2.5274E+01    2.1828E+01    7.2553E+01    5.4251E+01    2.1957E+01    6.2905E+00    1.6250E+01   -7.1983E-01    9.8011E+00   
 4.7457E+02    5.7146E+01    5.7557E+01    2.5197E+01    2.5274E+01    2.1816E+01    7.2484E+01    5.4198E+01    2.1969E+01    6.2905E+00    1.6250E+01   -7.1983E-01    9.8011E+00   
 4.7507E+02    5.7146E+01    5.7551E+01    2.5244E+01    2.5284E+01    2.1816E+01    7.2418E+01    5.4136E+01    2.1981E+01    6.2905E+00    1.6250E+01   -7.1983E-01    9.8011E+00   
 4.7557E+02    5.7117E+01    5.7510E+01    2.5258E+01    2.5289E+01    2.1822E+01    7.2345E+01    5.4136E+01    2.1985E+01    6.2905E+00    1.6229E+01   -7.1983E-01    9.9092E+00   
 4.7616E+02    5.7106E+01    5.7491E+01    2.5258E+01    2.5279E+01    2.1846E+01    7.2288E+01    5.4107E+01    2.2004E+01    6.2905E+00    1.6229E+01   -7.1983E-01    9.9092E+00   
 4.7666E+02    5.7082E+01    5.7491E+01    2.5273E+01    2.5290E+01    2.1868E+01    7.2228E+01    5.4059E+01    2.2004E+01    6.2905E+00    1.6229E+01   -7.1983E-01    9.8011E+00   
 4.7716E+02    5.7070E+01    5.7478E+01    2.5269E+01    2.5279E+01    2.1858E+01    7.2242E+01    5.4019E+01    2.2020E+01    6.2905E+00    1.6209E+01   -7.1983E-01    9.6914E+00   
 4.7766E+02    5.7058E+01    5.7470E+01    2.5244E+01    2.5279E+01    2.1869E+01    7.2183E+01    5.3973E+01    2.2033E+01    6.2905E+00    1.6209E+01   -7.1983E-01    9.8011E+00   
 4.7824E+02    5.7043E+01    5.7416E+01    2.5252E+01    2.5221E+01    2.1869E+01    7.2116E+01    5.3937E+01    2.2032E+01    6.2905E+00    1.6209E+01   -7.1983E-01    9.5801E+00   
 4.7874E+02    5.7037E+01    5.7407E+01    2.5206E+01    2.5252E+01    2.1868E+01    7.2042E+01    5.3937E+01    2.2040E+01    6.2905E+00    1.6188E+01   -7.1983E-01    9.8011E+00   
 4.7924E+02    5.7017E+01    5.7395E+01    2.5222E+01    2.5294E+01    2.1878E+01    7.1985E+01    5.3894E+01    2.2068E+01    6.3109E+00    1.6188E+01   -7.1983E-01    9.8011E+00   
 4.7974E+02    5.7013E+01    5.7395E+01    2.5215E+01    2.5237E+01    2.1888E+01    7.1985E+01    5.3841E+01    2.2059E+01    6.3109E+00    1.6188E+01   -7.1983E-01    1.0016E+01   
 4.8032E+02    5.6996E+01    5.7379E+01    2.5211E+01    2.5324E+01    2.1915E+01    7.1931E+01    5.3798E+01    2.2075E+01    6.3109E+00    1.6188E+01   -7.1983E-01    9.6914E+00   
 4.8082E+02    5.6986E+01    5.7374E+01    2.5177E+01    2.5324E+01    2.1924E+01    7.1893E+01    5.3765E+01    2.2113E+01    6.3109E+00    1.6168E+01   -7.1983E-01    9.8011E+00   
 4.8132E+02    5.6986E+01    5.7343E+01    2.5106E+01    2.5337E+01    2.1924E+01    7.1843E+01    5.3765E+01    2.2115E+01    6.3109E+00    1.6168E+01   -7.1983E-01    9.8011E+00   
 4.8182E+02    5.6968E+01    5.7335E+01    2.5121E+01    2.5392E+01    2.1947E+01    7.1785E+01    5.3745E+01    2.2143E+01    6.3109E+00    1.6148E+01   -7.1983E-01    9.6914E+00   
 4.8241E+02    5.6955E+01    5.7334E+01    2.5078E+01    2.5420E+01    2.1948E+01    7.1717E+01    5.3698E+01    2.2150E+01    6.3109E+00    1.6148E+01   -7.1983E-01    9.6914E+00   
 4.8291E+02    5.6924E+01    5.7334E+01    2.5064E+01    2.5416E+01    2.1974E+01    7.1732E+01    5.3650E+01    2.2166E+01    6.3109E+00    1.6148E+01   -7.1983E-01    9.8011E+00   
 4.8341E+02    5.6884E+01    5.7300E+01    2.5072E+01    2.5416E+01    2.1986E+01    7.1678E+01    5.3605E+01    2.2166E+01    6.3109E+00    1.6148E+01   -7.1983E-01    9.6914E+00   
 4.8391E+02    5.6869E+01    5.7262E+01    2.5089E+01    2.5401E+01    2.1991E+01    7.1616E+01    5.3543E+01    2.2179E+01    6.3109E+00    1.6127E+01   -7.1983E-01    9.9092E+00   
 4.8449E+02    5.6842E+01    5.7253E+01    2.5070E+01    2.5405E+01    2.1991E+01    7.1547E+01    5.3485E+01    2.2195E+01    6.3109E+00    1.6127E+01   -7.1983E-01    9.6914E+00   
 4.8499E+02    5.6839E+01    5.7251E+01    2.5004E+01    2.5433E+01    2.1981E+01    7.1500E+01    5.3485E+01    2.2199E+01    6.3109E+00    1.6127E+01   -7.1983E-01    9.8011E+00   
# Time (s)      T1w (C)       T2w (C)       T1a (C)       T2a (C)       T1r (C)       T2r (C)       T3r (C)       T4r (C)       P1 (bar)      P2 (bar)      Ic (amp)      Qc (l/min)    
 4.8549E+02    5.6826E+01    5.7251E+01    2.5004E+01    2.5410E+01    2.1985E+01    7.1433E+01    5.3447E+01    2.2202E+01    6.3109E+00    1.6107E+01   -7.1983E-01    9.6914E+00   
 4.8599E+02    5.6801E+01    5.7235E+01    2.4973E+01    2.5433E+01    2.2002E+01    7.1433E+01    5.3409E+01    2.2202E+01    6.3109E+00    1.6107E+01   -7.1983E-01    9.9092E+00   
 4.8658E+02    5.6797E+01    5.7219E+01    2.5002E+01    2.5384E+01    2.2005E+01    7.1373E+01    5.3354E+01    2.2221E+01    6.3109E+00    1.6107E+01   -7.1983E-01    9.9092E+00   
 4.8708E+02    5.6782E+01    5.7179E+01    2.4996E+01    2.5368E+01    2.2014E+01    7.1300E+01    5.3286E+01    2.2235E+01    6.3109E+00    1.6087E+01   -7.1983E-01    9.8011E+00   
 4.8758E+02    5.6762E+01    5.7155E+01    2.5045E+01    2.5378E+01    2.2014E+01    7.1259E+01    5.3286E+01    2.2246E+01    6.3109E+00    1.6087E+01   -7.1983E-01    9.8011E+00   
 4.8808E+02    5.6721E+01    5.7126E+01    2.5045E+01    2.5346E+01    2.2005E+01    7.1181E+01    5.3256E+01    2.2246E+01    6.3109E+00    1.6087E+01   -7.1983E-01    9.8011E+00   
 4.8867E+02    5.6712E+01    5.7110E+01    2.5069E+01    2.5365E+01    2.1993E+01    7.1131E+01    5.3201E+01    2.2246E+01    6.3109E+00    1.6066E+01   -7.1983E-01    9.8011E+00   
 4.8917E+02    5.6691E+01    5.7110E+01    2.5103E+01    2.5436E+01    2.2042E+01    7.1146E+01    5.3181E+01    2.2284E+01    6.3109E+00    1.6066E+01   -7.1983E-01    9.6914E+00   
 4.8967E+02    5.6673E+01    5.7090E+01    2.5105E+01    2.5436E+01    2.2025E+01    7.1080E+01    5.3133E+01    2.2284E+01    6.3109E+00    1.6066E+01   -7.1983E-01    9.8011E+00   
 4.9017E+02    5.6658E+01    5.7046E+01    2.5089E+01    2.5426E+01    2.2025E+01    7.1009E+01    5.3075E+01    2.2291E+01    6.3109E+00    1.6066E+01   -7.1983E-01    9.8011E+00   
 4.9077E+02    5.6648E+01    5.7028E+01    2.5104E+01    2.5412E+01    2.2050E+01    7.0956E+01    5.3028E+01    2.2313E+01    6.3109E+00    1.6046E+01   -7.1983E-01    9.5801E+00   
 4.9127E+02    5.6633E+01    5.6998E+01    2.5097E+01    2.5421E+01    2.2057E+01    7.0918E+01    5.3043E+01    2.2330E+01    6.3109E+00    1.6046E+01   -7.1983E-01    9.8011E+00   
 4.9177E+02    5.6623E+01    5.6998E+01    2.5097E+01    2.5420E+01    2.2072E+01    7.0844E+01    5.3001E+01    2.2336E+01    6.3109E+00    1.6046E+01   -7.1983E-01    9.6914E+00   
 4.9227E+02    5.6582E+01    5.6981E+01    2.5105E+01    2.5418E+01    2.2077E+01    7.0844E+01    5.2955E+01    2.2336E+01    6.3109E+00    1.6026E+01   -7.1983E-01    9.5801E+00   
 4.9284E+02    5.6573E+01    5.6974E+01    2.5125E+01    2.5407E+01    2.2078E+01    7.0791E+01    5.2917E+01    2.2340E+01    6.3109E+00    1.6026E+01   -7.1983E-01    9.8011E+00   
 4.9334E+02    5.6558E+01    5.6941E+01    2.5108E+01    2.5391E+01    2.2091E+01    7.0731E+01    5.2856E+01    2.2357E+01    6.3109E+00    1.6026E+01   -7.1983E-01    9.8011E+00   
 4.9384E+02    5.6547E+01    5.6905E+01    2.5099E+01    2.5377E+01    2.2091E+01    7.0666E+01    5.2856E+01    2.2383E+01    6.3313E+00    1.6005E+01   -7.1983E-01    9.8011E+00   
 4.9434E+02    5.6526E+01    5.6893E+01    2.5115E+01    2.5379E+01    2.2115E+01    7.0630E+01    5.2832E+01    2.2391E+01    6.3313E+00    1.6005E+01   -7.1983E-01    9.8011E+00   
 4.9493E+02    5.6505E+01    5.6893E+01    2.5138E+01    2.5367E+01    2.2124E+01    7.0566E+01    5.2786E+01    2.2407E+01    6.3109E+00    1.6005E+01   -7.1983E-01    9.6914E+00   
 4.9543E+02    5.6490E+01    5.6878E+01    2.5100E+01    2.5356E+01    2.2133E+01    7.0566E+01    5.2745E+01    2.2407E+01    6.3313E+00    1.6005E+01   -7.1983E-01    9.6914E+00   
 4.9593E+02    5.6444E+01    5.6856E+01    2.5091E+01    2.5356E+01    2.2148E+01    7.0524E+01    5.2710E+01    2.2431E+01    6.3109E+00    1.5985E+01   -7.1983E-01    9.6914E+00   
 4.9643E+02    5.6444E+01    5.6841E+01    2.5105E+01    2.5382E+01    2.2148E+01    7.0455E+01    5.2668E+01    2.2457E+01    6.3109E+00    1.5985E+01   -7.1983E-01    9.8011E+00   
 4.9700E+02    5.6447E+01    5.6818E+01    2.5117E+01    2.5383E+01    2.2146E+01    7.0393E+01    5.2668E+01    2.2453E+01    6.3313E+00    1.5985E+01   -7.1983E-01    9.8011E+00   
 4.9750E+02    5.6436E+01    5.6814E+01    2.5117E+01    2.5367E+01    2.2166E+01    7.0342E+01    5.2616E+01    2.2459E+01    6.3109E+00    1.5965E+01   -7.1983E-01    9.6914E+00   
 4.9800E+02    5.6389E+01    5.6799E+01    2.5118E+01    2.5358E+01    2.2169E+01    7.0357E+01    5.2604E+01    2.2491E+01    6.3313E+00    1.5965E+01   -7.1983E-01    9.5801E+00   
 4.9850E+02    5.6369E+01    5.6767E+01    2.5126E+01    2.5368E+01    2.2193E+01    7.0291E+01    5.2556E+01    2.2491E+01    6.3313E+00    1.5944E+01   -7.1983E-01    9.9092E+00   
 4.9910E+02    5.6350E+01    5.6744E+01    2.5103E+01    2.5368E+01    2.2203E+01    7.0235E+01    5.2510E+01    2.2501E+01    6.3109E+00    1.5944E+01   -7.1983E-01    9.8011E+00   
 4.9960E+02    5.6350E+01    5.6749E+01    2.5086E+01    2.5358E+01    2.2203E+01    7.0175E+01    5.2463E+01    2.2513E+01    6.3313E+00    1.5944E+01   -7.1983E-01    9.6914E+00   
 5.0010E+02    5.6343E+01    5.6719E+01    2.5084E+01    2.5375E+01    2.2211E+01    7.0133E+01    5.2478E+01    2.2548E+01    6.3313E+00    1.5924E+01   -7.1983E-01    9.8011E+00   
 5.0060E+02    5.6334E+01    5.6715E+01    2.5084E+01    2.5374E+01    2.2223E+01    7.0078E+01    5.2435E+01    2.2541E+01    6.3313E+00    1.5924E+01   -7.1983E-01    9.6914E+00   
# Time (s)      T1w (C)       T2w (C)       T1a (C)       T2a (C)       T1r (C)       T2r (C)       T3r (C)       T4r (C)       P1 (bar)      P2 (bar)      Ic (amp)      Qc (l/min)    
 5.0118E+02    5.6321E+01    5.6715E+01    2.5014E+01    2.5393E+01    2.2249E+01    7.0093E+01    5.2405E+01    2.2570E+01    6.3313E+00    1.5924E+01   -7.1983E-01    9.9092E+00   
 5.0168E+02    5.6291E+01    5.6695E+01    2.4978E+01    2.5405E+01    2.2257E+01    7.0034E+01    5.2348E+01    2.2570E+01    6.3313E+00    1.5924E+01   -7.1983E-01    9.9092E+00   
 5.0218E+02    5.6281E+01    5.6666E+01    2.4913E+01    2.5405E+01    2.2266E+01    6.9982E+01    5.2301E+01    2.2583E+01    6.3313E+00    1.5903E+01   -7.1983E-01    9.6914E+00   
 5.0268E+02    5.6281E+01    5.6645E+01    2.4864E+01    2.5441E+01    2.2266E+01    6.9911E+01    5.2301E+01    2.2594E+01    6.3313E+00    1.5903E+01   -7.1983E-01    9.5801E+00   
 5.0327E+02    5.6254E+01    5.6635E+01    2.4883E+01    2.5453E+01    2.2294E+01    6.9870E+01    5.2278E+01    2.2629E+01    6.3313E+00    1.5903E+01   -7.1983E-01    9.6914E+00   
 5.0377E+02    5.6229E+01    5.6605E+01    2.4883E+01    2.5407E+01    2.2309E+01    6.9826E+01    5.2212E+01    2.2638E+01    6.3313E+00    1.5903E+01   -7.1983E-01    9.9092E+00   
 5.0427E+02    5.6193E+01    5.6591E+01    2.4938E+01    2.5394E+01    2.2290E+01    6.9826E+01    5.2170E+01    2.2641E+01    6.3313E+00    1.5883E+01   -7.1983E-01    9.6914E+00   
 5.0477E+02    5.6188E+01    5.6578E+01    2.4986E+01    2.5396E+01    2.2315E+01    6.9754E+01    5.2124E+01    2.2641E+01    6.3313E+00    1.5883E+01   -7.1983E-01    9.5801E+00   
 5.0534E+02    5.6147E+01    5.6564E+01    2.5027E+01    2.5396E+01    2.2339E+01    6.9699E+01    5.2072E+01    2.2669E+01    6.3313E+00    1.5883E+01   -7.1983E-01    9.9092E+00   
 5.0584E+02    5.6147E+01    5.6543E+01    2.5073E+01    2.5383E+01    2.2339E+01    6.9646E+01    5.2024E+01    2.2662E+01    6.3313E+00    1.5863E+01   -7.1983E-01    9.8011E+00   
 5.0634E+02    5.6114E+01    5.6524E+01    2.5073E+01    2.5363E+01    2.2339E+01    6.9590E+01    5.2024E+01    2.2671E+01    6.3313E+00    1.5863E+01   -7.1983E-01    9.5801E+00   
 5.0684E+02    5.6099E+01    5.6524E+01    2.5061E+01    2.5367E+01    2.2352E+01    6.9535E+01    5.1984E+01    2.2683E+01    6.3313E+00    1.5863E+01   -7.1983E-01    9.8011E+00   
 5.0744E+02    5.6077E+01    5.6479E+01    2.5070E+01    2.5349E+01    2.2325E+01    6.9520E+01    5.1927E+01    2.2690E+01    6.3313E+00    1.5842E+01   -7.2492E-01    9.8011E+00   
 5.0794E+02    5.6033E+01    5.6465E+01    2.5083E+01    2.5351E+01    2.2346E+01    6.9477E+01    5.1873E+01    2.2690E+01    6.3313E+00    1.5842E+01   -7.1983E-01    9.6914E+00   
 5.0844E+02    5.6033E+01    5.6447E+01    2.5072E+01    2.5351E+01    2.2346E+01    6.9390E+01    5.1822E+01    2.2683E+01    6.3313E+00    1.5842E+01   -7.1983E-01    9.8011E+00   
 5.0894E+02    5.6039E+01    5.6434E+01    2.5077E+01    2.5330E+01    2.2346E+01    6.9313E+01    5.1822E+01    2.2670E+01    6.3517E+00    1.5822E+01   -7.1983E-01    9.8011E+00   
 5.0953E+02    5.6029E+01    5.6403E+01    2.5052E+01    2.5384E+01    2.2344E+01    6.9274E+01    5.1753E+01    2.2678E+01    6.3313E+00    1.5822E+01   -7.1983E-01    9.6914E+00   
 5.1003E+02    5.6002E+01    5.6403E+01    2.5052E+01    2.5420E+01    2.2354E+01    6.9214E+01    5.1703E+01    2.2690E+01    6.3313E+00    1.5822E+01   -7.1983E-01    9.5801E+00   
 5.1053E+02    5.6004E+01    5.6414E+01    2.5053E+01    2.5425E+01    2.2362E+01    6.9214E+01    5.1651E+01    2.2690E+01    6.3313E+00    1.5822E+01   -7.1983E-01    9.8011E+00   
 5.1103E+02    5.5992E+01    5.6382E+01    2.5089E+01    2.5425E+01    2.2384E+01    6.9157E+01    5.1632E+01    2.2713E+01    6.3313E+00    1.5802E+01   -7.1983E-01    9.6914E+00   
 5.1163E+02    5.5983E+01    5.6344E+01    2.5095E+01    2.5426E+01    2.2406E+01    6.9115E+01    5.1589E+01    2.2722E+01    6.3313E+00    1.5802E+01   -7.1983E-01    9.8011E+00   
 5.1213E+02    5.5998E+01    5.6348E+01    2.5102E+01    2.5417E+01    2.2422E+01    6.9070E+01    5.1563E+01    2.2771E+01    6.3313E+00    1.5802E+01   -7.1983E-01    9.6914E+00   
 5.1263E+02    5.5946E+01    5.6324E+01    2.5102E+01    2.5464E+01    2.2437E+01    6.9015E+01    5.1563E+01    2.2760E+01    6.3313E+00    1.5781E+01   -7.1983E-01    9.5801E+00   
 5.1313E+02    5.5926E+01    5.6339E+01    2.5130E+01    2.5478E+01    2.2454E+01    6.8980E+01    5.1532E+01    2.2794E+01    6.3517E+00    1.5781E+01   -7.1983E-01    9.8011E+00   
 5.1370E+02    5.5911E+01    5.6329E+01    2.5099E+01    2.5491E+01    2.2477E+01    6.8980E+01    5.1499E+01    2.2796E+01    6.3517E+00    1.5781E+01   -7.1983E-01    9.8011E+00   
 5.1420E+02    5.5877E+01    5.6316E+01    2.5103E+01    2.5512E+01    2.2467E+01    6.8892E+01    5.1434E+01    2.2780E+01    6.3517E+00    1.5781E+01   -7.1983E-01    9.8011E+00   
 5.1470E+02    5.5877E+01    5.6285E+01    2.5035E+01    2.5512E+01    2.2467E+01    6.8850E+01    5.1398E+01    2.2779E+01    6.3517E+00    1.5761E+01   -7.1983E-01    9.5801E+00   
 5.1520E+02    5.5861E+01    5.6278E+01    2.4862E+01    2.5551E+01    2.2494E+01    6.8787E+01    5.1398E+01    2.2803E+01    6.3517E+00    1.5761E+01   -7.1983E-01    9.6914E+00   
 5.1580E+02    5.5848E+01    5.6255E+01    2.4760E+01    2.5580E+01    2.2497E+01    6.8740E+01    5.1351E+01    2.2802E+01    6.3517E+00    1.5741E+01   -7.1983E-01    9.6914E+00   
 5.1630E+02    5.5840E+01    5.6255E+01    2.4760E+01    2.5597E+01    2.2523E+01    6.8674E+01    5.1286E+01    2.2807E+01    6.3517E+00    1.5741E+01   -7.1983E-01    9.5801E+00   
# Time (s)      T1w (C)       T2w (C)       T1a (C)       T2a (C)       T1r (C)       T2r (C)       T3r (C)       T4r (C)       P1 (bar)      P2 (bar)      Ic (amp)      Qc (l/min)    
 5.1680E+02    5.5811E+01    5.6249E+01    2.4655E+01    2.5610E+01    2.2543E+01    6.8674E+01    5.1252E+01    2.2807E+01    6.3517E+00    1.5741E+01   -7.1983E-01    9.6914E+00   
 5.1730E+02    5.5806E+01    5.6231E+01    2.4551E+01    2.5610E+01    2.2523E+01    6.8597E+01    5.1201E+01    2.2801E+01    6.3517E+00    1.5741E+01   -7.1983E-01    9.9092E+00   
 5.1787E+02    5.5806E+01    5.6208E+01    2.4443E+01    2.5637E+01    2.2553E+01    6.8553E+01    5.1154E+01    2.2807E+01    6.3517E+00    1.5720E+01   -7.1983E-01    9.6914E+00   
 5.1837E+02    5.5795E+01    5.6175E+01    2.4413E+01    2.5610E+01    2.2569E+01    6.8512E+01    5.1168E+01    2.2833E+01    6.3517E+00    1.5720E+01   -7.1983E-01    9.6914E+00   
 5.1887E+02    5.5784E+01    5.6166E+01    2.4413E+01    2.5614E+01    2.2589E+01    6.8454E+01    5.1131E+01    2.2845E+01    6.3517E+00    1.5720E+01   -7.1983E-01    9.9092E+00   
 5.1937E+02    5.5763E+01    5.6166E+01    2.4458E+01    2.5598E+01    2.2600E+01    6.8454E+01    5.1102E+01    2.2846E+01    6.3517E+00    1.5700E+01   -7.1983E-01    9.6914E+00   
 5.1997E+02    5.5733E+01    5.6138E+01    2.4534E+01    2.5572E+01    2.2613E+01    6.8400E+01    5.1049E+01    2.2846E+01    6.3517E+00    1.5700E+01   -7.1983E-01    9.5801E+00   
 5.2047E+02    5.5727E+01    5.6117E+01    2.4565E+01    2.5572E+01    2.2642E+01    6.8352E+01    5.1024E+01    2.2850E+01    6.3517E+00    1.5700E+01   -7.1983E-01    9.8011E+00   
 5.2097E+02    5.5727E+01    5.6100E+01    2.4578E+01    2.5557E+01    2.2642E+01    6.8287E+01    5.0974E+01    2.2855E+01    6.3517E+00    1.5679E+01   -7.1983E-01    9.9092E+00   
 5.2147E+02    5.5744E+01    5.6091E+01    2.4570E+01    2.5544E+01    2.2678E+01    6.8252E+01    5.0989E+01    2.2881E+01    6.3517E+00    1.5679E+01   -7.1983E-01    9.5801E+00   
 5.2204E+02    5.5707E+01    5.6082E+01    2.4570E+01    2.5531E+01    2.2691E+01    6.8191E+01    5.0955E+01    2.2899E+01    6.3517E+00    1.5679E+01   -7.1983E-01    9.8011E+00   
 5.2254E+02    5.5687E+01    5.6082E+01    2.4496E+01    2.5537E+01    2.2713E+01    6.8191E+01    5.0911E+01    2.2913E+01    6.3517E+00    1.5679E+01   -7.1983E-01    9.6914E+00   
 5.2304E+02    5.5669E+01    5.6036E+01    2.4379E+01    2.5494E+01    2.2727E+01    6.8142E+01    5.0877E+01    2.2913E+01    6.3517E+00    1.5659E+01   -7.1983E-01    9.8011E+00   
 5.2354E+02    5.5669E+01    5.6011E+01    2.4270E+01    2.5494E+01    2.2750E+01    6.8074E+01    5.0826E+01    2.2902E+01    6.3517E+00    1.5659E+01   -7.1983E-01    9.6914E+00   
 5.2415E+02    5.5648E+01    5.6000E+01    2.4174E+01    2.5447E+01    2.2802E+01    6.8026E+01    5.0802E+01    2.2928E+01    6.3517E+00    1.5639E+01   -7.1983E-01    9.6914E+00   
 5.2465E+02    5.5624E+01    5.5984E+01    2.4221E+01    2.5461E+01    2.2802E+01    6.8000E+01    5.0802E+01    2.2959E+01    6.3517E+00    1.5639E+01   -7.2492E-01    9.6914E+00   
 5.2516E+02    5.5588E+01    5.5968E+01    2.4221E+01    2.5492E+01    2.2772E+01    6.7931E+01    5.0740E+01    2.2946E+01    6.3517E+00    1.5639E+01   -7.1983E-01    9.6914E+00   
 5.2566E+02    5.5551E+01    5.5968E+01    2.4313E+01    2.5529E+01    2.2816E+01    6.7931E+01    5.0710E+01    2.2947E+01    6.3517E+00    1.5639E+01   -7.1983E-01    9.9092E+00   
 5.2623E+02    5.5541E+01    5.5939E+01    2.4456E+01    2.5580E+01    2.2824E+01    6.7873E+01    5.0659E+01    2.2947E+01    6.3517E+00    1.5618E+01   -7.1983E-01    9.8011E+00   
 5.2673E+02    5.5511E+01    5.5928E+01    2.4488E+01    2.5580E+01    2.2865E+01    6.7814E+01    5.0618E+01    2.2966E+01    6.3721E+00    1.5618E+01   -7.1983E-01    9.6914E+00   
 5.2723E+02    5.5526E+01    5.5931E+01    2.4506E+01    2.5583E+01    2.2865E+01    6.7757E+01    5.0561E+01    2.2979E+01    6.3721E+00    1.5618E+01   -7.1983E-01    9.6914E+00   
 5.2773E+02    5.5503E+01    5.5902E+01    2.4517E+01    2.5620E+01    2.2882E+01    6.7710E+01    5.0561E+01    2.2982E+01    6.3517E+00    1.5598E+01   -7.1983E-01    9.5801E+00   
 5.2832E+02    5.5492E+01    5.5897E+01    2.4533E+01    2.5666E+01    2.2886E+01    6.7648E+01    5.0525E+01    2.2977E+01    6.3721E+00    1.5598E+01   -7.1983E-01    9.6914E+00   
 5.2882E+02    5.5480E+01    5.5897E+01    2.4556E+01    2.5647E+01    2.2899E+01    6.7648E+01    5.0472E+01    2.2975E+01    6.3721E+00    1.5598E+01   -7.1983E-01    9.8011E+00   
 5.2932E+02    5.5458E+01    5.5894E+01    2.4633E+01    2.5717E+01    2.2939E+01    6.7588E+01    5.0419E+01    2.2975E+01    6.3721E+00    1.5598E+01   -7.1983E-01    9.8011E+00   
 5.2982E+02    5.5458E+01    5.5862E+01    2.4704E+01    2.5717E+01    2.2952E+01    6.7546E+01    5.0390E+01    2.2992E+01    6.3721E+00    1.5598E+01   -7.1983E-01    9.6914E+00   
 5.3040E+02    5.5441E+01    5.5855E+01    2.4722E+01    2.5768E+01    2.2952E+01    6.7486E+01    5.0348E+01    2.3010E+01    6.3721E+00    1.5578E+01   -7.1983E-01    9.9092E+00   
 5.3090E+02    5.5415E+01    5.5838E+01    2.4770E+01    2.5804E+01    2.2980E+01    6.7436E+01    5.0348E+01    2.3030E+01    6.3721E+00    1.5557E+01   -7.1983E-01    9.8011E+00   
 5.3140E+02    5.5397E+01    5.5838E+01    2.4770E+01    2.5817E+01    2.2982E+01    6.7384E+01    5.0303E+01    2.3030E+01    6.3721E+00    1.5557E+01   -7.1983E-01    9.8011E+00   
 5.3190E+02    5.5388E+01    5.5808E+01    2.4849E+01    2.5835E+01    2.2993E+01    6.7384E+01    5.0263E+01    2.3030E+01    6.3721E+00    1.5557E+01   -7.1983E-01    9.6914E+00   
# Time (s)      T1w (C)       T2w (C)       T1a (C)       T2a (C)       T1r (C)       T2r (C)       T3r (C)       T4r (C)       P1 (bar)      P2 (bar)      Ic (amp)      Qc (l/min)    
 5.3249E+02    5.5368E+01    5.5776E+01    2.4907E+01    2.5830E+01    2.3036E+01    6.7344E+01    5.0241E+01    2.3065E+01    6.3721E+00    1.5557E+01   -7.1983E-01    9.6914E+00   
 5.3299E+02    5.5368E+01    5.5751E+01    2.4936E+01    2.5830E+01    2.3056E+01    6.7280E+01    5.0203E+01    2.3064E+01    6.3721E+00    1.5537E+01   -7.1983E-01    9.8011E+00   
 5.3349E+02    5.5336E+01    5.5733E+01    2.4971E+01    2.5788E+01    2.3056E+01    6.7241E+01    5.0203E+01    2.3101E+01    6.3721E+00    1.5537E+01   -7.1983E-01    9.5801E+00   
 5.3399E+02    5.5328E+01    5.5702E+01    2.4971E+01    2.5784E+01    2.3078E+01    6.7181E+01    5.0158E+01    2.3095E+01    6.3721E+00    1.5537E+01   -7.1983E-01    9.8011E+00   
 5.3456E+02    5.5319E+01    5.5716E+01    2.4994E+01    2.5796E+01    2.3111E+01    6.7136E+01    5.0109E+01    2.3103E+01    6.3721E+00    1.5537E+01   -7.1983E-01    9.6914E+00   
 5.3506E+02    5.5343E+01    5.5694E+01    2.4975E+01    2.5769E+01    2.3133E+01    6.7136E+01    5.0083E+01    2.3124E+01    6.3721E+00    1.5517E+01   -7.1983E-01    9.8011E+00   
 5.3556E+02    5.5309E+01    5.5666E+01    2.4958E+01    2.5769E+01    2.3164E+01    6.7101E+01    5.0055E+01    2.3139E+01    6.3721E+00    1.5517E+01   -7.1983E-01    9.8011E+00   
 5.3607E+02    5.5309E+01    5.5653E+01    2.4955E+01    2.5796E+01    2.3164E+01    6.7047E+01    5.0016E+01    2.3134E+01    6.3721E+00    1.5496E+01   -7.1983E-01    9.8011E+00   
 5.3666E+02    5.5306E+01    5.5647E+01    2.5017E+01    2.5799E+01    2.3179E+01    6.6966E+01    4.9970E+01    2.3145E+01    6.3721E+00    1.5496E+01   -7.1983E-01    9.5801E+00   
 5.3716E+02    5.5287E+01    5.5618E+01    2.5067E+01    2.5810E+01    2.3189E+01    6.6919E+01    4.9970E+01    2.3148E+01    6.3721E+00    1.5496E+01   -7.1983E-01    9.8011E+00   
 5.3766E+02    5.5267E+01    5.5618E+01    2.5067E+01    2.5824E+01    2.3214E+01    6.6874E+01    4.9926E+01    2.3171E+01    6.3721E+00    1.5496E+01   -7.1983E-01    9.8011E+00   
 5.3816E+02    5.5233E+01    5.5596E+01    2.5127E+01    2.5804E+01    2.3221E+01    6.6874E+01    4.9894E+01    2.3171E+01    6.3721E+00    1.5496E+01   -7.1983E-01    9.6914E+00   
 5.3873E+02    5.5210E+01    5.5589E+01    2.5161E+01    2.5821E+01    2.3245E+01    6.6808E+01    4.9859E+01    2.3165E+01    6.3721E+00    1.5476E+01   -7.1983E-01    9.6914E+00   
 5.3923E+02    5.5210E+01    5.5576E+01    2.5174E+01    2.5821E+01    2.3245E+01    6.6769E+01    4.9785E+01    2.3195E+01    6.3721E+00    1.5476E+01   -7.1983E-01    9.6914E+00   
 5.3973E+02    5.5190E+01    5.5552E+01    2.5161E+01    2.5829E+01    2.3267E+01    6.6710E+01    4.9785E+01    2.3196E+01    6.3721E+00    1.5456E+01   -7.1983E-01    9.8011E+00   
 5.4023E+02    5.5172E+01    5.5527E+01    2.5161E+01    2.5833E+01    2.3282E+01    6.6655E+01    4.9764E+01    2.3196E+01    6.3721E+00    1.5456E+01   -7.1983E-01    9.8011E+00   
 5.4083E+02    5.5139E+01    5.5527E+01    2.5161E+01    2.5841E+01    2.3325E+01    6.6643E+01    4.9737E+01    2.3230E+01    6.3721E+00    1.5456E+01   -7.1983E-01    9.8011E+00   
 5.4133E+02    5.5125E+01    5.5517E+01    2.5178E+01    2.5845E+01    2.3365E+01    6.6658E+01    4.9706E+01    2.3246E+01    6.3721E+00    1.5456E+01   -7.1983E-01    9.8011E+00   
 5.4183E+02    5.5099E+01    5.5496E+01    2.5193E+01    2.5845E+01    2.3379E+01    6.6590E+01    4.9666E+01    2.3252E+01    6.3721E+00    1.5435E+01   -7.1983E-01    9.8011E+00   
 5.4233E+02    5.5099E+01    5.5487E+01    2.5190E+01    2.5844E+01    2.3379E+01    6.6545E+01    4.9637E+01    2.3272E+01    6.3721E+00    1.5435E+01   -7.1983E-01    9.9092E+00   
 5.4291E+02    5.5091E+01    5.5453E+01    2.5182E+01    2.5792E+01    2.3406E+01    6.6486E+01    4.9637E+01    2.3273E+01    6.3721E+00    1.5435E+01   -7.1983E-01    9.6914E+00   
 5.4341E+02    5.5068E+01    5.5447E+01    2.5182E+01    2.5730E+01    2.3422E+01    6.6443E+01    4.9591E+01    2.3288E+01    6.3925E+00    1.5435E+01   -7.1983E-01    9.5801E+00   
 5.4391E+02    5.5058E+01    5.5447E+01    2.5108E+01    2.5741E+01    2.3438E+01    6.6443E+01    4.9549E+01    2.3297E+01    6.3925E+00    1.5415E+01   -7.1983E-01    9.8011E+00   
 5.4441E+02    5.5035E+01    5.5421E+01    2.5032E+01    2.5766E+01    2.3458E+01    6.6391E+01    4.9501E+01    2.3297E+01    6.3721E+00    1.5415E+01   -7.1983E-01    9.6914E+00   
 5.4499E+02    5.4997E+01    5.5394E+01    2.4931E+01    2.5766E+01    2.3490E+01    6.6345E+01    4.9452E+01    2.3311E+01    6.3925E+00    1.5415E+01   -7.1983E-01    9.6914E+00   
 5.4549E+02    5.4997E+01    5.5380E+01    2.4841E+01    2.5776E+01    2.3490E+01    6.6274E+01    4.9413E+01    2.3317E+01    6.3721E+00    1.5394E+01   -7.1983E-01    9.6914E+00   
 5.4599E+02    5.4964E+01    5.5347E+01    2.4753E+01    2.5780E+01    2.3510E+01    6.6230E+01    4.9413E+01    2.3337E+01    6.3925E+00    1.5394E+01   -7.1983E-01    9.8011E+00   
 5.4649E+02    5.4936E+01    5.5332E+01    2.4737E+01    2.5772E+01    2.3555E+01    6.6204E+01    4.9400E+01    2.3364E+01    6.3925E+00    1.5394E+01   -7.1983E-01    9.8011E+00   
 5.4706E+02    5.4923E+01    5.5331E+01    2.4661E+01    2.5779E+01    2.3553E+01    6.6204E+01    4.9357E+01    2.3370E+01    6.3721E+00    1.5394E+01   -7.1983E-01    9.8011E+00   
 5.4756E+02    5.4928E+01    5.5299E+01    2.4608E+01    2.5740E+01    2.3597E+01    6.6159E+01    4.9341E+01    2.3386E+01    6.3925E+00    1.5374E+01   -7.1983E-01    9.8011E+00   
# Time (s)      T1w (C)       T2w (C)       T1a (C)       T2a (C)       T1r (C)       T2r (C)       T3r (C)       T4r (C)       P1 (bar)      P2 (bar)      Ic (amp)      Qc (l/min)    
 5.4806E+02    5.4928E+01    5.5293E+01    2.4550E+01    2.5740E+01    2.3615E+01    6.6127E+01    4.9303E+01    2.3401E+01    6.3925E+00    1.5374E+01   -7.1983E-01    9.8011E+00   
 5.4856E+02    5.4934E+01    5.5280E+01    2.4478E+01    2.5742E+01    2.3631E+01    6.6083E+01    4.9318E+01    2.3425E+01    6.3925E+00    1.5374E+01   -7.1983E-01    9.8011E+00   
 5.4915E+02    5.4902E+01    5.5274E+01    2.4534E+01    2.5713E+01    2.3634E+01    6.6038E+01    4.9270E+01    2.3427E+01    6.3925E+00    1.5354E+01   -7.1983E-01    9.6914E+00   
 5.4965E+02    5.4859E+01    5.5236E+01    2.4518E+01    2.5705E+01    2.3687E+01    6.5996E+01    4.9263E+01    2.3455E+01    6.3925E+00    1.5354E+01   -7.1983E-01    9.6914E+00   
 5.5015E+02    5.4843E+01    5.5236E+01    2.4558E+01    2.5759E+01    2.3714E+01    6.5996E+01    4.9225E+01    2.3455E+01    6.3925E+00    1.5354E+01   -7.1983E-01    9.9092E+00   
 5.5065E+02    5.4845E+01    5.5230E+01    2.4569E+01    2.5857E+01    2.3723E+01    6.5939E+01    4.9188E+01    2.3475E+01    6.3925E+00    1.5354E+01   -7.1983E-01    9.4671E+00   
 5.5123E+02    5.4845E+01    5.5203E+01    2.4677E+01    2.5857E+01    2.3742E+01    6.5884E+01    4.9154E+01    2.3480E+01    6.3925E+00    1.5333E+01   -7.1983E-01    9.8011E+00   
 5.5173E+02    5.4833E+01    5.5182E+01    2.4743E+01    2.5889E+01    2.3742E+01    6.5857E+01    4.9154E+01    2.3489E+01    6.3925E+00    1.5333E+01   -7.1983E-01    9.8011E+00   
 5.5223E+02    5.4815E+01    5.5161E+01    2.4743E+01    2.5941E+01    2.3762E+01    6.5803E+01    4.9122E+01    2.3500E+01    6.3925E+00    1.5313E+01   -7.1983E-01    9.8011E+00   
 5.5273E+02    5.4784E+01    5.5146E+01    2.4766E+01    2.5989E+01    2.3772E+01    6.5803E+01    4.9075E+01    2.3491E+01    6.3925E+00    1.5313E+01   -7.1983E-01    9.5801E+00   
 5.5333E+02    5.4763E+01    5.5130E+01    2.4826E+01    2.5982E+01    2.3801E+01    6.5755E+01    4.9055E+01    2.3506E+01    6.3925E+00    1.5313E+01   -7.1983E-01    9.9092E+00   
 5.5383E+02    5.4732E+01    5.5109E+01    2.4862E+01    2.5947E+01    2.3818E+01    6.5705E+01    4.9007E+01    2.3506E+01    6.3925E+00    1.5313E+01   -7.1983E-01    9.8011E+00   
 5.5433E+02    5.4732E+01    5.5094E+01    2.4870E+01    2.5947E+01    2.3818E+01    6.5648E+01    4.8974E+01    2.3526E+01    6.3925E+00    1.5313E+01   -7.1983E-01    9.8011E+00   
 5.5483E+02    5.4699E+01    5.5071E+01    2.4887E+01    2.5942E+01    2.3852E+01    6.5609E+01    4.8989E+01    2.3554E+01    6.3925E+00    1.5293E+01   -7.1983E-01    9.8011E+00   
 5.5541E+02    5.4692E+01    5.5054E+01    2.4912E+01    2.5929E+01    2.3887E+01    6.5580E+01    4.8975E+01    2.3571E+01    6.3925E+00    1.5293E+01   -7.1983E-01    9.5801E+00   
 5.5591E+02    5.4654E+01    5.5039E+01    2.4896E+01    2.5908E+01    2.3904E+01    6.5531E+01    4.8928E+01    2.3580E+01    6.3925E+00    1.5272E+01   -7.1983E-01    9.8011E+00   
 5.5641E+02    5.4640E+01    5.5021E+01    2.4905E+01    2.5887E+01    2.3934E+01    6.5546E+01    4.8900E+01    2.3596E+01    6.3925E+00    1.5293E+01   -7.1983E-01    9.8011E+00   
 5.5691E+02    5.4623E+01    5.5001E+01    2.4923E+01    2.5887E+01    2.3964E+01    6.5495E+01    4.8870E+01    2.3612E+01    6.3925E+00    1.5272E+01   -7.1983E-01    9.9092E+00   
 5.5750E+02    5.4623E+01    5.4978E+01    2.4934E+01    2.5891E+01    2.3999E+01    6.5465E+01    4.8838E+01    2.3626E+01    6.3925E+00    1.5272E+01   -7.1983E-01    9.6914E+00   
 5.5800E+02    5.4603E+01    5.4975E+01    2.4922E+01    2.5881E+01    2.3999E+01    6.5425E+01    4.8838E+01    2.3634E+01    6.3925E+00    1.5272E+01   -7.1983E-01    9.5801E+00   
 5.5850E+02    5.4562E+01    5.4928E+01    2.4907E+01    2.5875E+01    2.3992E+01    6.5353E+01    4.8791E+01    2.3628E+01    6.3925E+00    1.5252E+01   -7.1983E-01    9.6914E+00   
 5.5900E+02    5.4541E+01    5.4928E+01    2.4909E+01    2.5870E+01    2.4015E+01    6.5353E+01    4.8748E+01    2.3641E+01    6.3925E+00    1.5252E+01   -7.1983E-01    9.8011E+00   
 5.5958E+02    5.4545E+01    5.4932E+01    2.4900E+01    2.5893E+01    2.4034E+01    6.5318E+01    4.8715E+01    2.3641E+01    6.3925E+00    1.5252E+01   -7.1983E-01    9.5801E+00   
 5.6008E+02    5.4543E+01    5.4908E+01    2.4848E+01    2.5893E+01    2.4048E+01    6.5256E+01    4.8661E+01    2.3652E+01    6.4129E+00    1.5232E+01   -7.1983E-01    9.8011E+00   
 5.6058E+02    5.4543E+01    5.4885E+01    2.4879E+01    2.5887E+01    2.4048E+01    6.5205E+01    4.8635E+01    2.3667E+01    6.3925E+00    1.5232E+01   -7.1983E-01    9.6914E+00   
 5.6108E+02    5.4515E+01    5.4883E+01    2.4867E+01    2.5880E+01    2.4059E+01    6.5168E+01    4.8635E+01    2.3654E+01    6.3925E+00    1.5232E+01   -7.1983E-01    9.6914E+00   
 5.6166E+02    5.4509E+01    5.4853E+01    2.4867E+01    2.5893E+01    2.4083E+01    6.5110E+01    4.8588E+01    2.3671E+01    6.3925E+00    1.5232E+01   -7.1983E-01    9.9092E+00   
 5.6216E+02    5.4481E+01    5.4853E+01    2.4875E+01    2.5878E+01    2.4099E+01    6.5110E+01    4.8555E+01    2.3685E+01    6.4129E+00    1.5211E+01   -7.1983E-01    9.5801E+00   
 5.6266E+02    5.4496E+01    5.4853E+01    2.4877E+01    2.5827E+01    2.4125E+01    6.5079E+01    4.8526E+01    2.3700E+01    6.3925E+00    1.5211E+01   -7.1983E-01    9.6914E+00   
 5.6316E+02    5.4496E+01    5.4828E+01    2.4863E+01    2.5827E+01    2.4157E+01    6.5014E+01    4.8498E+01    2.3695E+01    6.4129E+00    1.5211E+01   -7.1983E-01    9.6914E+00   
# Time (s)      T1w (C)       T2w (C)       T1a (C)       T2a (C)       T1r (C)       T2r (C)       T3r (C)       T4r (C)       P1 (bar)      P2 (bar)      Ic (amp)      Qc (l/min)    
 5.6374E+02    5.4497E+01    5.4802E+01    2.4841E+01    2.5846E+01    2.4157E+01    6.4972E+01    4.8464E+01    2.3718E+01    6.4129E+00    1.5211E+01   -7.1983E-01    9.6914E+00   
 5.6424E+02    5.4454E+01    5.4785E+01    2.4841E+01    2.5839E+01    2.4180E+01    6.4921E+01    4.8464E+01    2.3720E+01    6.4129E+00    1.5191E+01   -7.1983E-01    9.8011E+00   
 5.6474E+02    5.4417E+01    5.4767E+01    2.4841E+01    2.5849E+01    2.4181E+01    6.4888E+01    4.8431E+01    2.3722E+01    6.4129E+00    1.5191E+01   -7.1983E-01    9.6914E+00   
 5.6524E+02    5.4387E+01    5.4767E+01    2.4893E+01    2.5872E+01    2.4199E+01    6.4888E+01    4.8381E+01    2.3734E+01    6.4129E+00    1.5191E+01   -7.1983E-01    9.6914E+00   
 5.6584E+02    5.4370E+01    5.4738E+01    2.4924E+01    2.5875E+01    2.4244E+01    6.4841E+01    4.8354E+01    2.3750E+01    6.4129E+00    1.5191E+01   -7.1983E-01    9.8011E+00   
 5.6634E+02    5.4360E+01    5.4729E+01    2.4915E+01    2.5875E+01    2.4259E+01    6.4795E+01    4.8326E+01    2.3759E+01    6.4129E+00    1.5170E+01   -7.1983E-01    9.6914E+00   
 5.6684E+02    5.4345E+01    5.4701E+01    2.4895E+01    2.5862E+01    2.4259E+01    6.4768E+01    4.8289E+01    2.3771E+01    6.4129E+00    1.5170E+01   -7.1983E-01    9.6914E+00   
 5.6734E+02    5.4336E+01    5.4678E+01    2.4881E+01    2.5930E+01    2.4265E+01    6.4696E+01    4.8289E+01    2.3780E+01    6.4129E+00    1.5170E+01   -7.1983E-01    9.8011E+00   
 5.6794E+02    5.4304E+01    5.4653E+01    2.4881E+01    2.5933E+01    2.4310E+01    6.4668E+01    4.8274E+01    2.3798E+01    6.4129E+00    1.5150E+01   -7.1983E-01    9.8011E+00   
 5.6844E+02    5.4303E+01    5.4653E+01    2.4918E+01    2.5913E+01    2.4325E+01    6.4668E+01    4.8221E+01    2.3785E+01    6.4129E+00    1.5150E+01   -7.1983E-01    9.5801E+00   
 5.6894E+02    5.4279E+01    5.4640E+01    2.4967E+01    2.5942E+01    2.4334E+01    6.4624E+01    4.8202E+01    2.3785E+01    6.4129E+00    1.5150E+01   -7.1983E-01    9.6914E+00   
 5.6944E+02    5.4279E+01    5.4622E+01    2.4973E+01    2.5942E+01    2.4344E+01    6.4581E+01    4.8150E+01    2.3804E+01    6.4129E+00    1.5130E+01   -7.1983E-01    9.8011E+00   
 5.7002E+02    5.4253E+01    5.4627E+01    2.4980E+01    2.6003E+01    2.4344E+01    6.4526E+01    4.8129E+01    2.3821E+01    6.4129E+00    1.5130E+01   -7.1983E-01    9.9092E+00   
 5.7053E+02    5.4246E+01    5.4612E+01    2.4964E+01    2.6019E+01    2.4395E+01    6.4500E+01    4.8144E+01    2.3840E+01    6.4129E+00    1.5130E+01   -7.1983E-01    9.8011E+00   
 5.7103E+02    5.4233E+01    5.4597E+01    2.4964E+01    2.6017E+01    2.4393E+01    6.4463E+01    4.8109E+01    2.3848E+01    6.4129E+00    1.5130E+01   -7.1983E-01    9.6914E+00   
 5.7153E+02    5.4228E+01    5.4597E+01    2.4953E+01    2.5975E+01    2.4407E+01    6.4449E+01    4.8057E+01    2.3851E+01    6.4129E+00    1.5109E+01   -7.1983E-01    9.6914E+00   
 5.7211E+02    5.4197E+01    5.4561E+01    2.4900E+01    2.5984E+01    2.4426E+01    6.4381E+01    4.8017E+01    2.3851E+01    6.4129E+00    1.5109E+01   -7.1983E-01    9.8011E+00   
 5.7261E+02    5.4185E+01    5.4565E+01    2.4820E+01    2.6000E+01    2.4427E+01    6.4340E+01    4.7977E+01    2.3852E+01    6.4129E+00    1.5109E+01   -7.1983E-01    9.6914E+00   
 5.7311E+02    5.4185E+01    5.4536E+01    2.4765E+01    2.6007E+01    2.4427E+01    6.4295E+01    4.7956E+01    2.3864E+01    6.4129E+00    1.5109E+01   -7.1983E-01    9.6914E+00   
 5.7361E+02    5.4171E+01    5.4524E+01    2.4765E+01    2.5985E+01    2.4452E+01    6.4251E+01    4.7956E+01    2.3882E+01    6.4129E+00    1.5089E+01   -7.1983E-01    9.6914E+00   
 5.7419E+02    5.4141E+01    5.4515E+01    2.4790E+01    2.6007E+01    2.4464E+01    6.4207E+01    4.7920E+01    2.3877E+01    6.4129E+00    1.5089E+01   -7.1983E-01    9.6914E+00   
 5.7469E+02    5.4125E+01    5.4530E+01    2.4846E+01    2.6009E+01    2.4479E+01    6.4193E+01    4.7870E+01    2.3878E+01    6.4129E+00    1.5089E+01   -7.1983E-01    9.6914E+00   
 5.7519E+02    5.4117E+01    5.4515E+01    2.4879E+01    2.6009E+01    2.4487E+01    6.4148E+01    4.7818E+01    2.3878E+01    6.4129E+00    1.5089E+01   -7.1983E-01    9.6914E+00   
 5.7569E+02    5.4132E+01    5.4497E+01    2.4939E+01    2.6033E+01    2.4487E+01    6.4099E+01    4.7798E+01    2.3881E+01    6.4129E+00    1.5069E+01   -7.1983E-01    9.9092E+00   
 5.7627E+02    5.4091E+01    5.4473E+01    2.4951E+01    2.6048E+01    2.4510E+01    6.4052E+01    4.7768E+01    2.3893E+01    6.4333E+00    1.5069E+01   -7.1983E-01    9.8011E+00   
 5.7677E+02    5.4079E+01    5.4460E+01    2.4951E+01    2.6055E+01    2.4527E+01    6.3994E+01    4.7768E+01    2.3905E+01    6.4129E+00    1.5069E+01   -7.1983E-01    9.9092E+00   
 5.7727E+02    5.4048E+01    5.4460E+01    2.4953E+01    2.6052E+01    2.4545E+01    6.3994E+01    4.7722E+01    2.3907E+01    6.4129E+00    1.5048E+01   -7.1983E-01    9.5801E+00   
 5.7777E+02    5.4036E+01    5.4442E+01    2.4973E+01    2.6047E+01    2.4550E+01    6.3946E+01    4.7691E+01    2.3891E+01    6.4333E+00    1.5048E+01   -7.1983E-01    9.9092E+00   
 5.7835E+02    5.4036E+01    5.4413E+01    2.4993E+01    2.6121E+01    2.4563E+01    6.3894E+01    4.7650E+01    2.3893E+01    6.4333E+00    1.5048E+01   -7.1983E-01    9.8011E+00   
 5.7885E+02    5.4036E+01    5.4401E+01    2.4965E+01    2.6121E+01    2.4563E+01    6.3855E+01    4.7629E+01    2.3901E+01    6.4333E+00    1.5028E+01   -7.1983E-01    9.8011E+00   
# Time (s)      T1w (C)       T2w (C)       T1a (C)       T2a (C)       T1r (C)       T2r (C)       T3r (C)       T4r (C)       P1 (bar)      P2 (bar)      Ic (amp)      Qc (l/min)    
 5.7935E+02    5.4029E+01    5.4375E+01    2.4967E+01    2.6132E+01    2.4581E+01    6.3812E+01    4.7629E+01    2.3907E+01    6.4333E+00    1.5028E+01   -7.1983E-01    9.8011E+00   
 5.7985E+02    5.4019E+01    5.4370E+01    2.4967E+01    2.6058E+01    2.4578E+01    6.3761E+01    4.7575E+01    2.3927E+01    6.4333E+00    1.5028E+01   -7.1983E-01    9.6914E+00   
 5.8046E+02    5.4022E+01    5.4338E+01    2.4994E+01    2.6069E+01    2.4599E+01    6.3716E+01    4.7547E+01    2.3923E+01    6.4333E+00    1.5028E+01   -7.1983E-01    9.6914E+00   
 5.8096E+02    5.3983E+01    5.4338E+01    2.4995E+01    2.6121E+01    2.4628E+01    6.3716E+01    4.7505E+01    2.3943E+01    6.4129E+00    1.5008E+01   -7.1983E-01    9.6914E+00   
 5.8146E+02    5.3978E+01    5.4317E+01    2.5012E+01    2.6121E+01    2.4628E+01    6.3664E+01    4.7475E+01    2.3943E+01    6.4333E+00    1.5008E+01   -7.1983E-01    9.6914E+00   
 5.8196E+02    5.3993E+01    5.4308E+01    2.5040E+01    2.6162E+01    2.4628E+01    6.3613E+01    4.7451E+01    2.3942E+01    6.4333E+00    1.5008E+01   -7.1983E-01    9.8011E+00   
 5.8254E+02    5.3939E+01    5.4286E+01    2.5032E+01    2.6132E+01    2.4650E+01    6.3570E+01    4.7418E+01    2.3941E+01    6.4333E+00    1.4987E+01   -7.1983E-01    9.6914E+00   
 5.8304E+02    5.3917E+01    5.4277E+01    2.5032E+01    2.6096E+01    2.4657E+01    6.3535E+01    4.7418E+01    2.3959E+01    6.4333E+00    1.4987E+01   -7.1983E-01    9.5801E+00   
 5.8354E+02    5.3893E+01    5.4277E+01    2.5047E+01    2.6086E+01    2.4686E+01    6.3535E+01    4.7368E+01    2.3965E+01    6.4333E+00    1.4987E+01   -7.1983E-01    9.9092E+00   
 5.8404E+02    5.3871E+01    5.4272E+01    2.5100E+01    2.6069E+01    2.4710E+01    6.3479E+01    4.7340E+01    2.3965E+01    6.4333E+00    1.4987E+01   -7.1983E-01    9.9092E+00   
 5.8462E+02    5.3859E+01    5.4236E+01    2.5146E+01    2.6069E+01    2.4712E+01    6.3431E+01    4.7308E+01    2.3976E+01    6.4333E+00    1.4987E+01   -7.1983E-01    9.6914E+00   
 5.8512E+02    5.3859E+01    5.4232E+01    2.5151E+01    2.6080E+01    2.4712E+01    6.3398E+01    4.7281E+01    2.3973E+01    6.4333E+00    1.4967E+01   -7.1983E-01    9.8011E+00   
 5.8562E+02    5.3846E+01    5.4216E+01    2.5133E+01    2.6084E+01    2.4740E+01    6.3342E+01    4.7281E+01    2.3986E+01    6.4333E+00    1.4967E+01   -7.1983E-01    9.8011E+00   
 5.8612E+02    5.3828E+01    5.4201E+01    2.5133E+01    2.6089E+01    2.4736E+01    6.3304E+01    4.7240E+01    2.3993E+01    6.4333E+00    1.4967E+01   -7.1983E-01    9.8011E+00   
 5.8671E+02    5.3808E+01    5.4201E+01    2.5111E+01    2.6089E+01    2.4774E+01    6.3304E+01    4.7209E+01    2.4006E+01    6.4333E+00    1.4967E+01   -7.1983E-01    9.6914E+00   
 5.8721E+02    5.3793E+01    5.4184E+01    2.5045E+01    2.6074E+01    2.4780E+01    6.3247E+01    4.7180E+01    2.4006E+01    6.4333E+00    1.4947E+01   -7.1983E-01    9.8011E+00   
 5.8771E+02    5.3783E+01    5.4164E+01    2.5010E+01    2.6058E+01    2.4792E+01    6.3214E+01    4.7121E+01    2.4024E+01    6.4333E+00    1.4947E+01   -7.1983E-01    9.6914E+00   
 5.8821E+02    5.3783E+01    5.4143E+01    2.4982E+01    2.6073E+01    2.4792E+01    6.3169E+01    4.7113E+01    2.4020E+01    6.4333E+00    1.4926E+01   -7.1983E-01    9.6914E+00   
 5.8879E+02    5.3793E+01    5.4159E+01    2.4962E+01    2.6102E+01    2.4812E+01    6.3115E+01    4.7113E+01    2.4030E+01    6.4333E+00    1.4926E+01   -7.1983E-01    9.8011E+00   
 5.8929E+02    5.3787E+01    5.4116E+01    2.4962E+01    2.6103E+01    2.4823E+01    6.3090E+01    4.7080E+01    2.4032E+01    6.4333E+00    1.4926E+01   -7.1983E-01    9.8011E+00   
 5.8979E+02    5.3736E+01    5.4101E+01    2.4949E+01    2.6100E+01    2.4844E+01    6.3090E+01    4.7033E+01    2.4034E+01    6.4333E+00    1.4926E+01   -7.1983E-01    9.6914E+00   
 5.9029E+02    5.3722E+01    5.4087E+01    2.4922E+01    2.6139E+01    2.4865E+01    6.3042E+01    4.6995E+01    2.4034E+01    6.4333E+00    1.4926E+01   -7.1983E-01    9.8011E+00   
 5.9088E+02    5.3727E+01    5.4071E+01    2.4911E+01    2.6155E+01    2.4881E+01    6.2998E+01    4.6975E+01    2.4049E+01    6.4333E+00    1.4906E+01   -7.1983E-01    9.5801E+00   
 5.9138E+02    5.3727E+01    5.4045E+01    2.4859E+01    2.6111E+01    2.4881E+01    6.2931E+01    4.6943E+01    2.4047E+01    6.4333E+00    1.4906E+01   -7.1983E-01    9.8011E+00   
 5.9188E+02    5.3730E+01    5.4053E+01    2.4859E+01    2.6119E+01    2.4890E+01    6.2894E+01    4.6943E+01    2.4055E+01    6.4333E+00    1.4885E+01   -7.1983E-01    9.8011E+00   
 5.9238E+02    5.3715E+01    5.4033E+01    2.4859E+01    2.6128E+01    2.4908E+01    6.2864E+01    4.6914E+01    2.4057E+01    6.4333E+00    1.4885E+01   -7.1983E-01    9.6914E+00   
 5.9296E+02    5.3681E+01    5.4033E+01    2.4895E+01    2.6126E+01    2.4920E+01    6.2864E+01    4.6877E+01    2.4076E+01    6.4333E+00    1.4885E+01   -7.1983E-01    9.8011E+00   
 5.9346E+02    5.3653E+01    5.4028E+01    2.4931E+01    2.6111E+01    2.4954E+01    6.2819E+01    4.6847E+01    2.4076E+01    6.4333E+00    1.4885E+01   -7.1983E-01    9.6914E+00   
 5.9396E+02    5.3668E+01    5.4017E+01    2.4997E+01    2.6127E+01    2.4948E+01    6.2770E+01    4.6809E+01    2.4073E+01    6.4333E+00    1.4865E+01   -7.1983E-01    9.8011E+00   
 5.9446E+02    5.3665E+01    5.3999E+01    2.4991E+01    2.6137E+01    2.4948E+01    6.2720E+01    4.6809E+01    2.4083E+01    6.4333E+00    1.4885E+01   -7.1983E-01    9.6914E+00   
# Time (s)      T1w (C)       T2w (C)       T1a (C)       T2a (C)       T1r (C)       T2r (C)       T3r (C)       T4r (C)       P1 (bar)      P2 (bar)      Ic (amp)      Qc (l/min)    
 5.9504E+02    5.3656E+01    5.3982E+01    2.5004E+01    2.6111E+01    2.4952E+01    6.2662E+01    4.6776E+01    2.4082E+01    6.4333E+00    1.4865E+01   -7.1983E-01    9.6914E+00   
 5.9554E+02    5.3627E+01    5.3955E+01    2.5004E+01    2.6119E+01    2.4988E+01    6.2637E+01    4.6758E+01    2.4094E+01    6.4537E+00    1.4865E+01   -7.1983E-01    9.6914E+00   
 5.9604E+02    5.3622E+01    5.3955E+01    2.4984E+01    2.6154E+01    2.4983E+01    6.2637E+01    4.6707E+01    2.4094E+01    6.4537E+00    1.4865E+01   -7.1983E-01    9.9092E+00   
 5.9654E+02    5.3600E+01    5.3948E+01    2.4987E+01    2.6154E+01    2.5005E+01    6.2593E+01    4.6677E+01    2.4109E+01    6.4537E+00    1.4865E+01   -7.1983E-01    9.8011E+00   
 5.9712E+02    5.3580E+01    5.3930E+01    2.5003E+01    2.6129E+01    2.5016E+01    6.2549E+01    4.6653E+01    2.4111E+01    6.4333E+00    1.4845E+01   -7.1983E-01    9.6914E+00   
 5.9762E+02    5.3580E+01    5.3916E+01    2.5001E+01    2.6121E+01    2.5016E+01    6.2507E+01    4.6653E+01    2.4122E+01    6.4537E+00    1.4845E+01   -7.1983E-01    9.6914E+00   
 5.9812E+02    5.3554E+01    5.3888E+01    2.5001E+01    2.6115E+01    2.5030E+01    6.2482E+01    4.6600E+01    2.4117E+01    6.4537E+00    1.4824E+01   -7.1983E-01    9.6914E+00   
 5.9862E+02    5.3522E+01    5.3888E+01    2.5000E+01    2.6111E+01    2.5072E+01    6.2482E+01    4.6581E+01    2.4126E+01    6.4333E+00    1.4824E+01   -7.1983E-01    9.8011E+00   
 5.9920E+02    5.3519E+01    5.3883E+01    2.4950E+01    2.6088E+01    2.5065E+01    6.2409E+01    4.6545E+01    2.4129E+01    6.4333E+00    1.4824E+01   -7.1983E-01    9.6914E+00   
 5.9970E+02    5.3507E+01    5.3849E+01    2.4938E+01    2.6088E+01    2.5082E+01    6.2378E+01    4.6520E+01    2.4129E+01    6.4537E+00    1.4824E+01   -7.1983E-01    9.6914E+00   
 6.0020E+02    5.3507E+01    5.3859E+01    2.4928E+01    2.6101E+01    2.5082E+01    6.2342E+01    4.6487E+01    2.4147E+01    6.4537E+00    1.4824E+01   -7.1983E-01    9.6914E+00   
 6.0070E+02    5.3495E+01    5.3823E+01    2.4928E+01    2.6132E+01    2.5095E+01    6.2295E+01    4.6487E+01    2.4156E+01    6.4537E+00    1.4804E+01   -7.1983E-01    9.8011E+00   
 6.0128E+02    5.3474E+01    5.3810E+01    2.4928E+01    2.6119E+01    2.5122E+01    6.2258E+01    4.6473E+01    2.4175E+01    6.4537E+00    1.4804E+01   -7.1983E-01    9.5801E+00   
 6.0178E+02    5.3462E+01    5.3810E+01    2.4943E+01    2.6105E+01    2.5161E+01    6.2273E+01    4.6452E+01    2.4185E+01    6.4537E+00    1.4784E+01   -7.1983E-01    9.6914E+00   
 6.0228E+02    5.3426E+01    5.3788E+01    2.4974E+01    2.6035E+01    2.5167E+01    6.2225E+01    4.6404E+01    2.4185E+01    6.4537E+00    1.4804E+01   -7.1983E-01    9.8011E+00   
 6.0278E+02    5.3424E+01    5.3772E+01    2.4982E+01    2.6035E+01    2.5196E+01    6.2187E+01    4.6399E+01    2.4220E+01    6.4537E+00    1.4784E+01   -7.1983E-01    9.5801E+00   
 6.0337E+02    5.3424E+01    5.3769E+01    2.5030E+01    2.6072E+01    2.5196E+01    6.2153E+01    4.6363E+01    2.4219E+01    6.4537E+00    1.4784E+01   -7.1983E-01    9.6914E+00   
 6.0387E+02    5.3428E+01    5.3750E+01    2.5049E+01    2.6083E+01    2.5228E+01    6.2122E+01    4.6379E+01    2.4238E+01    6.4537E+00    1.4784E+01   -7.1983E-01    9.8011E+00   
 6.0437E+02    5.3413E+01    5.3736E+01    2.5049E+01    2.6085E+01    2.5236E+01    6.2095E+01    4.6356E+01    2.4255E+01    6.4537E+00    1.4763E+01   -7.1983E-01    9.6914E+00   
 6.0487E+02    5.3389E+01    5.3736E+01    2.5064E+01    2.6055E+01    2.5256E+01    6.2095E+01    4.6325E+01    2.4266E+01    6.4537E+00    1.4763E+01   -7.1983E-01    9.6914E+00   
 6.0545E+02    5.3387E+01    5.3723E+01    2.5076E+01    2.6032E+01    2.5264E+01    6.2034E+01    4.6295E+01    2.4266E+01    6.4537E+00    1.4763E+01   -7.1983E-01    9.6914E+00   
 6.0595E+02    5.3382E+01    5.3711E+01    2.5071E+01    2.6032E+01    2.5279E+01    6.1997E+01    4.6238E+01    2.4268E+01    6.4537E+00    1.4763E+01   -7.1983E-01    9.8011E+00   
 6.0645E+02    5.3382E+01    5.3685E+01    2.5067E+01    2.6032E+01    2.5279E+01    6.1944E+01    4.6231E+01    2.4255E+01    6.4537E+00    1.4763E+01   -7.1983E-01    9.8011E+00   
 6.0695E+02    5.3361E+01    5.3663E+01    2.5069E+01    2.6029E+01    2.5299E+01    6.1905E+01    4.6231E+01    2.4274E+01    6.4537E+00    1.4743E+01   -7.1983E-01    9.8011E+00   
 6.0753E+02    5.3367E+01    5.3641E+01    2.5069E+01    2.6056E+01    2.5317E+01    6.1860E+01    4.6177E+01    2.4276E+01    6.4537E+00    1.4743E+01   -7.1983E-01    9.5801E+00   
 6.0803E+02    5.3322E+01    5.3627E+01    2.5056E+01    2.6080E+01    2.5306E+01    6.1860E+01    4.6144E+01    2.4282E+01    6.4537E+00    1.4743E+01   -7.1983E-01    9.6914E+00   
 6.0853E+02    5.3280E+01    5.3610E+01    2.5034E+01    2.6050E+01    2.5338E+01    6.1809E+01    4.6122E+01    2.4282E+01    6.4537E+00    1.4743E+01   -7.1983E-01    9.5801E+00   
 6.0904E+02    5.3280E+01    5.3598E+01    2.5041E+01    2.6050E+01    2.5338E+01    6.1764E+01    4.6087E+01    2.4287E+01    6.4537E+00    1.4723E+01   -7.1983E-01    9.8011E+00   
 6.0964E+02    5.3275E+01    5.3571E+01    2.5041E+01    2.6057E+01    2.5355E+01    6.1741E+01    4.6046E+01    2.4293E+01    6.4537E+00    1.4723E+01   -7.1983E-01    9.8011E+00   
 6.1014E+02    5.3254E+01    5.3558E+01    2.5039E+01    2.6071E+01    2.5384E+01    6.1689E+01    4.6061E+01    2.4322E+01    6.4537E+00    1.4723E+01   -7.1983E-01    9.8011E+00   
# Time (s)      T1w (C)       T2w (C)       T1a (C)       T2a (C)       T1r (C)       T2r (C)       T3r (C)       T4r (C)       P1 (bar)      P2 (bar)      Ic (amp)      Qc (l/min)    
 6.1064E+02    5.3237E+01    5.3545E+01    2.5039E+01    2.6132E+01    2.5392E+01    6.1657E+01    4.6041E+01    2.4329E+01    6.4537E+00    1.4702E+01   -7.1983E-01    9.8011E+00   
 6.1114E+02    5.3228E+01    5.3545E+01    2.5030E+01    2.6180E+01    2.5428E+01    6.1671E+01    4.6022E+01    2.4349E+01    6.4537E+00    1.4702E+01   -7.1983E-01    9.6914E+00   
 6.1173E+02    5.3210E+01    5.3523E+01    2.5000E+01    2.6185E+01    2.5442E+01    6.1647E+01    4.5986E+01    2.4349E+01    6.4537E+00    1.4702E+01   -7.1983E-01    9.6914E+00   
 6.1223E+02    5.3204E+01    5.3519E+01    2.5009E+01    2.6185E+01    2.5462E+01    6.1607E+01    4.5992E+01    2.4369E+01    6.4537E+00    1.4702E+01   -7.1983E-01    9.8011E+00   
 6.1273E+02    5.3204E+01    5.3494E+01    2.4987E+01    2.6208E+01    2.5462E+01    6.1557E+01    4.5956E+01    2.4380E+01    6.4537E+00    1.4682E+01   -7.1983E-01    9.8011E+00   
 6.1323E+02    5.3179E+01    5.3500E+01    2.4953E+01    2.6200E+01    2.5488E+01    6.1540E+01    4.5971E+01    2.4411E+01    6.4537E+00    1.4682E+01   -7.1983E-01    9.8011E+00   
 6.1381E+02    5.3179E+01    5.3472E+01    2.4953E+01    2.6186E+01    2.5512E+01    6.1511E+01    4.5931E+01    2.4416E+01    6.4537E+00    1.4682E+01   -7.1983E-01    9.6914E+00   
 6.1431E+02    5.3168E+01    5.3472E+01    2.4924E+01    2.6182E+01    2.5533E+01    6.1511E+01    4.5892E+01    2.4417E+01    6.4537E+00    1.4682E+01   -7.1983E-01    9.6914E+00   
 6.1481E+02    5.3137E+01    5.3457E+01    2.4889E+01    2.6183E+01    2.5542E+01    6.1455E+01    4.5864E+01    2.4417E+01    6.4537E+00    1.4661E+01   -7.1983E-01    9.5801E+00   
 6.1531E+02    5.3137E+01    5.3430E+01    2.4850E+01    2.6183E+01    2.5542E+01    6.1430E+01    4.5835E+01    2.4432E+01    6.4537E+00    1.4661E+01   -7.1983E-01    9.5801E+00   
 6.1589E+02    5.3124E+01    5.3423E+01    2.4785E+01    2.6193E+01    2.5566E+01    6.1364E+01    4.5821E+01    2.4438E+01    6.4741E+00    1.4661E+01   -7.1983E-01    9.8011E+00   
 6.1639E+02    5.3125E+01    5.3413E+01    2.4746E+01    2.6198E+01    2.5564E+01    6.1342E+01    4.5821E+01    2.4452E+01    6.4537E+00    1.4661E+01   -7.1983E-01    9.5801E+00   
 6.1689E+02    5.3085E+01    5.3413E+01    2.4746E+01    2.6220E+01    2.5588E+01    6.1277E+01    4.5781E+01    2.4446E+01    6.4741E+00    1.4661E+01   -7.1983E-01    9.8011E+00   
 6.1739E+02    5.3056E+01    5.3375E+01    2.4705E+01    2.6223E+01    2.5599E+01    6.1277E+01    4.5751E+01    2.4446E+01    6.4537E+00    1.4641E+01   -7.1983E-01    9.8011E+00   
 6.1800E+02    5.3046E+01    5.3359E+01    2.4701E+01    2.6212E+01    2.5636E+01    6.1253E+01    4.5730E+01    2.4464E+01    6.4537E+00    1.4641E+01   -7.1983E-01    9.8011E+00   
 6.1850E+02    5.3046E+01    5.3349E+01    2.4689E+01    2.6212E+01    2.5628E+01    6.1218E+01    4.5687E+01    2.4472E+01    6.4741E+00    1.4641E+01   -7.1983E-01    9.6914E+00   
 6.1900E+02    5.3020E+01    5.3335E+01    2.4675E+01    2.6216E+01    2.5628E+01    6.1177E+01    4.5666E+01    2.4471E+01    6.4537E+00    1.4621E+01   -7.1983E-01    9.8011E+00   
 6.1950E+02    5.3001E+01    5.3312E+01    2.4675E+01    2.6237E+01    2.5652E+01    6.1149E+01    4.5666E+01    2.4497E+01    6.4741E+00    1.4641E+01   -7.1983E-01    9.6914E+00   
 6.2008E+02    5.2963E+01    5.3308E+01    2.4627E+01    2.6151E+01    2.5688E+01    6.1108E+01    4.5653E+01    2.4510E+01    6.4741E+00    1.4621E+01   -7.1983E-01    9.8011E+00   
 6.2058E+02    5.2948E+01    5.3308E+01    2.4590E+01    2.6126E+01    2.5705E+01    6.1108E+01    4.5637E+01    2.4518E+01    6.4741E+00    1.4621E+01   -7.1983E-01    9.6914E+00   
 6.2108E+02    5.2946E+01    5.3303E+01    2.4581E+01    2.6164E+01    2.5735E+01    6.1077E+01    4.5591E+01    2.4534E+01    6.4741E+00    1.4621E+01   -7.1983E-01    9.6914E+00   
 6.2158E+02    5.2946E+01    5.3272E+01    2.4563E+01    2.6164E+01    2.5735E+01    6.1047E+01    4.5580E+01    2.4562E+01    6.4741E+00    1.4621E+01   -7.1983E-01    9.6914E+00   
 6.2216E+02    5.2942E+01    5.3275E+01    2.4592E+01    2.6175E+01    2.5724E+01    6.1011E+01    4.5554E+01    2.4551E+01    6.4741E+00    1.4600E+01   -7.1983E-01    9.8011E+00   
 6.2266E+02    5.2917E+01    5.3257E+01    2.4620E+01    2.6167E+01    2.5759E+01    6.0955E+01    4.5554E+01    2.4567E+01    6.4741E+00    1.4600E+01   -7.1983E-01    9.6914E+00   
 6.2316E+02    5.2933E+01    5.3257E+01    2.4620E+01    2.6223E+01    2.5787E+01    6.0970E+01    4.5539E+01    2.4595E+01    6.4741E+00    1.4600E+01   -7.1983E-01    9.8011E+00   
 6.2366E+02    5.2869E+01    5.3246E+01    2.4669E+01    2.6207E+01    2.5799E+01    6.0946E+01    4.5514E+01    2.4595E+01    6.4741E+00    1.4580E+01   -7.1983E-01    9.6914E+00   
 6.2425E+02    5.2866E+01    5.3231E+01    2.4706E+01    2.6237E+01    2.5805E+01    6.0891E+01    4.5493E+01    2.4589E+01    6.4741E+00    1.4580E+01   -7.1983E-01    9.8011E+00   
 6.2475E+02    5.2866E+01    5.3206E+01    2.4717E+01    2.6237E+01    2.5811E+01    6.0851E+01    4.5449E+01    2.4593E+01    6.4741E+00    1.4580E+01   -7.1983E-01    9.6914E+00   
 6.2525E+02    5.2831E+01    5.3204E+01    2.4739E+01    2.6242E+01    2.5811E+01    6.0813E+01    4.5449E+01    2.4615E+01    6.4741E+00    1.4580E+01   -7.2492E-01    9.6914E+00   
 6.2575E+02    5.2811E+01    5.3179E+01    2.4739E+01    2.6289E+01    2.5835E+01    6.0777E+01    4.5426E+01    2.4623E+01    6.4741E+00    1.4580E+01   -7.1983E-01    9.6914E+00   
# Time (s)      T1w (C)       T2w (C)       T1a (C)       T2a (C)       T1r (C)       T2r (C)       T3r (C)       T4r (C)       P1 (bar)      P2 (bar)      Ic (amp)      Qc (l/min)    
 6.2634E+02    5.2791E+01    5.3164E+01    2.4733E+01    2.6343E+01    2.5852E+01    6.0736E+01    4.5397E+01    2.4612E+01    6.4741E+00    1.4560E+01   -7.1983E-01    9.9092E+00   
 6.2685E+02    5.2781E+01    5.3140E+01    2.4751E+01    2.6355E+01    2.5876E+01    6.0736E+01    4.5368E+01    2.4612E+01    6.4741E+00    1.4560E+01   -7.1983E-01    9.8011E+00   
 6.2735E+02    5.2770E+01    5.3123E+01    2.4758E+01    2.6355E+01    2.5876E+01    6.0693E+01    4.5343E+01    2.4628E+01    6.4741E+00    1.4560E+01   -7.1983E-01    9.5801E+00   
 6.2785E+02    5.2770E+01    5.3098E+01    2.4768E+01    2.6360E+01    2.5876E+01    6.0645E+01    4.5315E+01    2.4648E+01    6.4741E+00    1.4560E+01   -7.1983E-01    9.5801E+00   
 6.2842E+02    5.2742E+01    5.3079E+01    2.4804E+01    2.6359E+01    2.5898E+01    6.0610E+01    4.5315E+01    2.4645E+01    6.4741E+00    1.4539E+01   -7.2492E-01    9.4671E+00   
 6.2892E+02    5.2732E+01    5.3058E+01    2.4804E+01    2.6351E+01    2.5925E+01    6.0574E+01    4.5293E+01    2.4650E+01    6.4741E+00    1.4539E+01   -7.1983E-01    9.9092E+00   
 6.2942E+02    5.2708E+01    5.3058E+01    2.4858E+01    2.6302E+01    2.5923E+01    6.0574E+01    4.5258E+01    2.4671E+01    6.4741E+00    1.4519E+01   -7.1983E-01    9.9092E+00   
 6.2992E+02    5.2700E+01    5.3022E+01    2.4890E+01    2.6285E+01    2.5930E+01    6.0528E+01    4.5226E+01    2.4671E+01    6.4741E+00    1.4519E+01   -7.1983E-01    9.6914E+00   
 6.3051E+02    5.2687E+01    5.3023E+01    2.4840E+01    2.6266E+01    2.5949E+01    6.0494E+01    4.5206E+01    2.4653E+01    6.4741E+00    1.4519E+01   -7.1983E-01    9.6914E+00   
 6.3101E+02    5.2687E+01    5.3002E+01    2.4803E+01    2.6266E+01    2.5949E+01    6.0459E+01    4.5172E+01    2.4669E+01    6.4741E+00    1.4519E+01   -7.1983E-01    9.6914E+00   
 6.3151E+02    5.2661E+01    5.2980E+01    2.4881E+01    2.6328E+01    2.5961E+01    6.0401E+01    4.5172E+01    2.4675E+01    6.4741E+00    1.4519E+01   -7.1983E-01    9.6914E+00   
 6.3201E+02    5.2640E+01    5.2956E+01    2.4881E+01    2.6306E+01    2.5980E+01    6.0361E+01    4.5157E+01    2.4672E+01    6.4945E+00    1.4499E+01   -7.1983E-01    9.8011E+00   
 6.3260E+02    5.2649E+01    5.2956E+01    2.4891E+01    2.6224E+01    2.5988E+01    6.0328E+01    4.5115E+01    2.4679E+01    6.4945E+00    1.4499E+01   -7.1983E-01    9.5801E+00   
 6.3310E+02    5.2649E+01    5.2959E+01    2.4922E+01    2.6144E+01    2.5996E+01    6.0328E+01    4.5105E+01    2.4679E+01    6.4741E+00    1.4499E+01   -7.1983E-01    9.5801E+00   
 6.3360E+02    5.2641E+01    5.2939E+01    2.4940E+01    2.6144E+01    2.6021E+01    6.0296E+01    4.5065E+01    2.4693E+01    6.4741E+00    1.4499E+01   -7.1983E-01    9.6914E+00   
 6.3410E+02    5.2656E+01    5.2930E+01    2.4948E+01    2.6109E+01    2.6005E+01    6.0240E+01    4.5018E+01    2.4681E+01    6.4741E+00    1.4499E+01   -7.1983E-01    9.8011E+00   
 6.3470E+02    5.2631E+01    5.2916E+01    2.4993E+01    2.6158E+01    2.6021E+01    6.0198E+01    4.5018E+01    2.4686E+01    6.4741E+00    1.4478E+01   -7.1983E-01    9.6914E+00   
 6.3520E+02    5.2628E+01    5.2915E+01    2.5009E+01    2.6172E+01    2.6024E+01    6.0158E+01    4.4994E+01    2.4699E+01    6.4945E+00    1.4478E+01   -7.1983E-01    9.8011E+00   
 6.3570E+02    5.2610E+01    5.2915E+01    2.5022E+01    2.6142E+01    2.6036E+01    6.0158E+01    4.4957E+01    2.4699E+01    6.4741E+00    1.4478E+01   -7.1983E-01    9.8011E+00   
 6.3620E+02    5.2606E+01    5.2900E+01    2.5041E+01    2.6151E+01    2.6039E+01    6.0102E+01    4.4925E+01    2.4683E+01    6.4945E+00    1.4478E+01   -7.1983E-01    9.6914E+00   
 6.3677E+02    5.2574E+01    5.2897E+01    2.5041E+01    2.6151E+01    2.6051E+01    6.0065E+01    4.4894E+01    2.4696E+01    6.4945E+00    1.4458E+01   -7.1983E-01    9.6914E+00   
 6.3727E+02    5.2574E+01    5.2884E+01    2.5011E+01    2.6126E+01    2.6051E+01    6.0028E+01    4.4868E+01    2.4683E+01    6.4945E+00    1.4458E+01   -7.1983E-01    9.6914E+00   
 6.3777E+02    5.2540E+01    5.2870E+01    2.4970E+01    2.6119E+01    2.6062E+01    5.9974E+01    4.4868E+01    2.4714E+01    6.4945E+00    1.4458E+01   -7.1983E-01    9.9092E+00   
 6.3827E+02    5.2523E+01    5.2854E+01    2.4970E+01    2.6120E+01    2.6100E+01    5.9955E+01    4.4847E+01    2.4732E+01    6.4945E+00    1.4458E+01   -7.1983E-01    9.8011E+00   
 6.3887E+02    5.2515E+01    5.2854E+01    2.4957E+01    2.6139E+01    2.6104E+01    5.9955E+01    4.4833E+01    2.4746E+01    6.4945E+00    1.4438E+01   -7.1983E-01    9.8011E+00   
 6.3937E+02    5.2514E+01    5.2832E+01    2.4945E+01    2.6123E+01    2.6133E+01    5.9928E+01    4.4790E+01    2.4746E+01    6.4945E+00    1.4438E+01   -7.1983E-01    9.5801E+00   
 6.3987E+02    5.2482E+01    5.2824E+01    2.4953E+01    2.6123E+01    2.6131E+01    5.9872E+01    4.4768E+01    2.4733E+01    6.4945E+00    1.4438E+01   -7.1983E-01    9.6914E+00   
 6.4037E+02    5.2482E+01    5.2805E+01    2.4946E+01    2.6117E+01    2.6146E+01    5.9859E+01    4.4779E+01    2.4777E+01    6.4945E+00    1.4438E+01   -7.1983E-01    9.9092E+00   
 6.4094E+02    5.2479E+01    5.2791E+01    2.4944E+01    2.6141E+01    2.6164E+01    5.9804E+01    4.4779E+01    2.4762E+01    6.4945E+00    1.4438E+01   -7.1983E-01    9.8011E+00   
 6.4144E+02    5.2467E+01    5.2770E+01    2.4944E+01    2.6161E+01    2.6175E+01    5.9770E+01    4.4734E+01    2.4757E+01    6.4945E+00    1.4417E+01   -7.1983E-01    9.6914E+00   
# Time (s)      T1w (C)       T2w (C)       T1a (C)       T2a (C)       T1r (C)       T2r (C)       T3r (C)       T4r (C)       P1 (bar)      P2 (bar)      Ic (amp)      Qc (l/min)    
 6.4194E+02    5.2454E+01    5.2770E+01    2.4961E+01    2.6138E+01    2.6165E+01    5.9770E+01    4.4689E+01    2.4757E+01    6.4945E+00    1.4417E+01   -7.1983E-01    9.8011E+00   
 6.4244E+02    5.2410E+01    5.2752E+01    2.4963E+01    2.6116E+01    2.6170E+01    5.9698E+01    4.4664E+01    2.4742E+01    6.4945E+00    1.4417E+01   -7.1983E-01    9.5801E+00   
 6.4303E+02    5.2396E+01    5.2736E+01    2.4992E+01    2.6116E+01    2.6198E+01    5.9665E+01    4.4625E+01    2.4739E+01    6.4945E+00    1.4417E+01   -7.1983E-01    9.8011E+00   
 6.4354E+02    5.2396E+01    5.2715E+01    2.4988E+01    2.6175E+01    2.6182E+01    5.9608E+01    4.4595E+01    2.4740E+01    6.4945E+00    1.4397E+01   -7.1983E-01    9.5801E+00   
 6.4404E+02    5.2387E+01    5.2699E+01    2.4969E+01    2.6174E+01    2.6204E+01    5.9568E+01    4.4595E+01    2.4734E+01    6.4945E+00    1.4397E+01   -7.1983E-01    9.8011E+00   
 6.4454E+02    5.2362E+01    5.2713E+01    2.4985E+01    2.6220E+01    2.6215E+01    5.9525E+01    4.4559E+01    2.4759E+01    6.4945E+00    1.4397E+01   -7.1983E-01    9.5801E+00   
 6.4511E+02    5.2351E+01    5.2681E+01    2.5002E+01    2.6252E+01    2.6214E+01    5.9540E+01    4.4573E+01    2.4739E+01    6.5149E+00    1.4397E+01   -7.1983E-01    9.8011E+00   
 6.4561E+02    5.2324E+01    5.2669E+01    2.5003E+01    2.6269E+01    2.6254E+01    5.9521E+01    4.4544E+01    2.4739E+01    6.4945E+00    1.4376E+01   -7.1983E-01    9.6914E+00   
 6.4611E+02    5.2324E+01    5.2646E+01    2.5013E+01    2.6269E+01    2.6254E+01    5.9463E+01    4.4532E+01    2.4650E+01    6.4945E+00    1.4376E+01   -7.1983E-01    9.6914E+00   
 6.4661E+02    5.2309E+01    5.2630E+01    2.5007E+01    2.6304E+01    2.6280E+01    5.9439E+01    4.4532E+01    2.4499E+01    6.4945E+00    1.4376E+01   -7.1983E-01    9.8011E+00   
 6.4720E+02    5.2315E+01    5.2631E+01    2.5051E+01    2.6313E+01    2.6317E+01    5.9404E+01    4.4554E+01    2.4353E+01    6.5149E+00    1.4376E+01   -7.1983E-01    9.5801E+00   
 6.4770E+02    5.2302E+01    5.2631E+01    2.5051E+01    2.6323E+01    2.6321E+01    5.9379E+01    4.4560E+01    2.4205E+01    6.4945E+00    1.4376E+01   -7.1983E-01    9.8011E+00   
 6.4820E+02    5.2259E+01    5.2604E+01    2.5031E+01    2.6272E+01    2.6344E+01    5.9379E+01    4.4575E+01    2.4205E+01    6.5149E+00    1.4356E+01   -7.1983E-01    9.5801E+00   
 6.4870E+02    5.2259E+01    5.2589E+01    2.5001E+01    2.6272E+01    2.6361E+01    5.9332E+01    4.4597E+01    2.4053E+01    6.5149E+00    1.4356E+01   -7.1983E-01    9.6914E+00   
 6.4928E+02    5.2274E+01    5.2590E+01    2.5000E+01    2.6283E+01    2.6356E+01    5.9287E+01    4.4601E+01    2.3932E+01    6.5149E+00    1.4356E+01   -7.1983E-01    9.5801E+00   
 6.4978E+02    5.2228E+01    5.2571E+01    2.4977E+01    2.6278E+01    2.6356E+01    5.9238E+01    4.4601E+01    2.3713E+01    6.5149E+00    1.4336E+01   -7.1983E-01    9.5801E+00   
 6.5028E+02    5.2206E+01    5.2569E+01    2.4977E+01    2.6284E+01    2.6378E+01    5.9210E+01    4.4647E+01    2.3608E+01    6.5149E+00    1.4336E+01   -7.1983E-01    9.6914E+00   
 6.5078E+02    5.2177E+01    5.2569E+01    2.4974E+01    2.6290E+01    2.6415E+01    5.9210E+01    4.4668E+01    2.3523E+01    6.5149E+00    1.4336E+01   -7.1983E-01    9.6914E+00   
 6.5137E+02    5.2144E+01    5.2528E+01    2.5002E+01    2.6280E+01    2.6420E+01    5.9155E+01    4.4715E+01    2.3507E+01    6.5149E+00    1.4336E+01   -7.1983E-01    9.9092E+00   
 6.5187E+02    5.2131E+01    5.2511E+01    2.4995E+01    2.6282E+01    2.6438E+01    5.9111E+01    4.4771E+01    2.3456E+01    6.5149E+00    1.4315E+01   -7.1983E-01    9.8011E+00   
 6.5237E+02    5.2131E+01    5.2494E+01    2.4996E+01    2.6282E+01    2.6422E+01    5.9063E+01    4.4829E+01    2.3414E+01    6.5149E+00    1.4315E+01   -7.1983E-01    9.8011E+00   
 6.5287E+02    5.2116E+01    5.2484E+01    2.5003E+01    2.6253E+01    2.6439E+01    5.9026E+01    4.4829E+01    2.3374E+01    6.5149E+00    1.4315E+01   -7.1983E-01    9.8011E+00   
 6.5344E+02    5.2095E+01    5.2447E+01    2.5003E+01    2.6284E+01    2.6470E+01    5.9000E+01    4.4880E+01    2.3376E+01    6.5149E+00    1.4315E+01   -7.1983E-01    9.8011E+00   
 6.5394E+02    5.2085E+01    5.2447E+01    2.4996E+01    2.6262E+01    2.6473E+01    5.9000E+01    4.4938E+01    2.3345E+01    6.5149E+00    1.4295E+01   -7.1983E-01    9.6914E+00   
 6.5445E+02    5.2072E+01    5.2432E+01    2.5003E+01    2.6268E+01    2.6523E+01    5.8977E+01    4.5045E+01    2.3361E+01    6.5149E+00    1.4295E+01   -7.1983E-01    9.6914E+00   
 6.5495E+02    5.2072E+01    5.2412E+01    2.5022E+01    2.6268E+01    2.6534E+01    5.8949E+01    4.5108E+01    2.3378E+01    6.5149E+00    1.4295E+01   -7.1983E-01    9.6914E+00   
 6.5554E+02    5.2060E+01    5.2369E+01    2.5010E+01    2.6264E+01    2.6550E+01    5.8903E+01    4.5206E+01    2.3362E+01    6.5149E+00    1.4295E+01   -7.2492E-01    9.5801E+00   
 6.5604E+02    5.2040E+01    5.2360E+01    2.5005E+01    2.6269E+01    2.6577E+01    5.8870E+01    4.5206E+01    2.3353E+01    6.5353E+00    1.4275E+01   -7.1983E-01    9.5801E+00   
 6.5654E+02    5.2028E+01    5.2355E+01    2.5020E+01    2.6268E+01    2.6613E+01    5.8853E+01    4.5286E+01    2.3373E+01    6.5353E+00    1.4275E+01   -7.1983E-01    9.8011E+00   
 6.5704E+02    5.2012E+01    5.2355E+01    2.5060E+01    2.6223E+01    2.6630E+01    5.8853E+01    4.5350E+01    2.3371E+01    6.5353E+00    1.4275E+01   -7.1983E-01    9.5801E+00   
# Time (s)      T1w (C)       T2w (C)       T1a (C)       T2a (C)       T1r (C)       T2r (C)       T3r (C)       T4r (C)       P1 (bar)      P2 (bar)      Ic (amp)      Qc (l/min)    
 6.5763E+02    5.1983E+01    5.2329E+01    2.5043E+01    2.6256E+01    2.6660E+01    5.8821E+01    4.5409E+01    2.3371E+01    6.5353E+00    1.4254E+01   -7.1983E-01    9.6914E+00   
 6.5813E+02    5.1938E+01    5.2307E+01    2.5045E+01    2.6256E+01    2.6661E+01    5.8777E+01    4.5485E+01    2.3371E+01    6.5353E+00    1.4254E+01   -7.1983E-01    9.8011E+00   
 6.5863E+02    5.1953E+01    5.2301E+01    2.5064E+01    2.6273E+01    2.6646E+01    5.8725E+01    4.5527E+01    2.3336E+01    6.5353E+00    1.4254E+01   -7.1983E-01    9.6914E+00   
 6.5913E+02    5.1939E+01    5.2296E+01    2.5056E+01    2.6285E+01    2.6683E+01    5.8682E+01    4.5527E+01    2.3344E+01    6.5353E+00    1.4234E+01   -7.1983E-01    9.8011E+00   
 6.5973E+02    5.1958E+01    5.2280E+01    2.5072E+01    2.6309E+01    2.6707E+01    5.8653E+01    4.5587E+01    2.3332E+01    6.5353E+00    1.4234E+01   -7.1983E-01    9.6914E+00   
 6.6023E+02    5.1927E+01    5.2280E+01    2.5058E+01    2.6333E+01    2.6722E+01    5.8653E+01    4.5639E+01    2.3343E+01    6.5353E+00    1.4234E+01   -7.1983E-01    9.6914E+00   
 6.6073E+02    5.1923E+01    5.2260E+01    2.5121E+01    2.6366E+01    2.6734E+01    5.8613E+01    4.5662E+01    2.3343E+01    6.5353E+00    1.4234E+01   -7.1983E-01    9.6914E+00   
 6.6123E+02    5.1923E+01    5.2242E+01    2.5128E+01    2.6366E+01    2.6772E+01    5.8592E+01    4.5728E+01    2.3330E+01    6.5353E+00    1.4214E+01   -7.1983E-01    9.5801E+00   
 6.6181E+02    5.1896E+01    5.2244E+01    2.5124E+01    2.6352E+01    2.6772E+01    5.8549E+01    4.5782E+01    2.3346E+01    6.5353E+00    1.4214E+01   -7.1983E-01    9.9092E+00   
 6.6231E+02    5.1873E+01    5.2198E+01    2.5129E+01    2.6339E+01    2.6796E+01    5.8528E+01    4.5797E+01    2.3380E+01    6.5353E+00    1.4214E+01   -7.1983E-01    9.6914E+00   
 6.6281E+02    5.1881E+01    5.2178E+01    2.5129E+01    2.6326E+01    2.6818E+01    5.8467E+01    4.5806E+01    2.3359E+01    6.5353E+00    1.4214E+01   -7.1983E-01    9.6914E+00   
 6.6331E+02    5.1853E+01    5.2163E+01    2.5105E+01    2.6309E+01    2.6845E+01    5.8482E+01    4.5850E+01    2.3375E+01    6.5353E+00    1.4214E+01   -7.1983E-01    9.5801E+00   
 6.6390E+02    5.1852E+01    5.2139E+01    2.5114E+01    2.6312E+01    2.6884E+01    5.8455E+01    4.5863E+01    2.3387E+01    6.5353E+00    1.4193E+01   -7.1983E-01    9.6914E+00   
 6.6440E+02    5.1832E+01    5.2132E+01    2.5098E+01    2.6312E+01    2.6920E+01    5.8435E+01    4.5916E+01    2.3393E+01    6.5557E+00    1.4193E+01   -7.1983E-01    9.6914E+00   
 6.6490E+02    5.1832E+01    5.2111E+01    2.5052E+01    2.6273E+01    2.6920E+01    5.8411E+01    4.5916E+01    2.3403E+01    6.5557E+00    1.4193E+01   -7.1983E-01    9.5801E+00   
 6.6540E+02    5.1788E+01    5.2065E+01    2.5049E+01    2.6285E+01    2.6955E+01    5.8372E+01    4.5944E+01    2.3420E+01    6.5557E+00    1.4173E+01   -7.1983E-01    9.6914E+00   
 6.6597E+02    5.1779E+01    5.2076E+01    2.5049E+01    2.6272E+01    2.6973E+01    5.8343E+01    4.5952E+01    2.3421E+01    6.5557E+00    1.4173E+01   -7.1983E-01    9.5801E+00   
 6.6647E+02    5.1776E+01    5.2091E+01    2.5042E+01    2.6318E+01    2.7030E+01    5.8358E+01    4.5963E+01    2.3437E+01    6.5557E+00    1.4173E+01   -7.1983E-01    9.6914E+00   
 6.6697E+02    5.1770E+01    5.2048E+01    2.5035E+01    2.6269E+01    2.7046E+01    5.8321E+01    4.5941E+01    2.3439E+01    6.5557E+00    1.4173E+01   -7.1983E-01    9.6914E+00   
 6.6748E+02    5.1785E+01    5.2038E+01    2.5042E+01    2.6285E+01    2.7046E+01    5.8289E+01    4.5919E+01    2.3437E+01    6.5557E+00    1.4152E+01   -7.1983E-01    9.6914E+00   
 6.6807E+02    5.1763E+01    5.2023E+01    2.5066E+01    2.6321E+01    2.7061E+01    5.8243E+01    4.5870E+01    2.3469E+01    6.5557E+00    1.4152E+01   -7.1983E-01    9.8011E+00   
 6.6857E+02    5.1734E+01    5.2020E+01    2.5049E+01    2.6303E+01    2.7078E+01    5.8209E+01    4.5855E+01    2.3436E+01    6.5557E+00    1.4152E+01   -7.1983E-01    9.6914E+00   
 6.6907E+02    5.1721E+01    5.2020E+01    2.5049E+01    2.6281E+01    2.7095E+01    5.8162E+01    4.5821E+01    2.3450E+01    6.5557E+00    1.4152E+01   -7.1983E-01    9.8011E+00   
 6.6957E+02    5.1710E+01    5.2016E+01    2.5059E+01    2.6268E+01    2.7106E+01    5.8162E+01    4.5779E+01    2.3450E+01    6.5557E+00    1.4152E+01   -7.1983E-01    9.6914E+00   
 6.7014E+02    5.1684E+01    5.1991E+01    2.5042E+01    2.6285E+01    2.7142E+01    5.8119E+01    4.5717E+01    2.3454E+01    6.5557E+00    1.4132E+01   -7.1983E-01    9.8011E+00   
 6.7064E+02    5.1684E+01    5.1963E+01    2.5042E+01    2.6285E+01    2.7169E+01    5.8097E+01    4.5669E+01    2.3469E+01    6.5557E+00    1.4132E+01   -7.1983E-01    9.8011E+00   
 6.7114E+02    5.1682E+01    5.1981E+01    2.5017E+01    2.6285E+01    2.7169E+01    5.8037E+01    4.5669E+01    2.3473E+01    6.5761E+00    1.4132E+01   -7.1983E-01    9.8011E+00   
 6.7164E+02    5.1640E+01    5.1925E+01    2.5001E+01    2.6269E+01    2.7185E+01    5.8015E+01    4.5632E+01    2.3480E+01    6.5761E+00    1.4112E+01   -7.1983E-01    9.5801E+00   
 6.7224E+02    5.1610E+01    5.1923E+01    2.5016E+01    2.6273E+01    2.7199E+01    5.7981E+01    4.5582E+01    2.3475E+01    6.5761E+00    1.4112E+01   -7.1983E-01    9.6914E+00   
 6.7274E+02    5.1582E+01    5.1908E+01    2.4975E+01    2.6262E+01    2.7254E+01    5.8010E+01    4.5566E+01    2.3506E+01    6.5761E+00    1.4112E+01   -7.1983E-01    9.5801E+00   
# Time (s)      T1w (C)       T2w (C)       T1a (C)       T2a (C)       T1r (C)       T2r (C)       T3r (C)       T4r (C)       P1 (bar)      P2 (bar)      Ic (amp)      Qc (l/min)    
 6.7324E+02    5.1571E+01    5.1894E+01    2.4980E+01    2.6249E+01    2.7281E+01    5.7972E+01    4.5520E+01    2.3528E+01    6.5761E+00    1.4112E+01   -7.1983E-01    9.6914E+00   
 6.7374E+02    5.1571E+01    5.1864E+01    2.4998E+01    2.6249E+01    2.7281E+01    5.7945E+01    4.5472E+01    2.3534E+01    6.5761E+00    1.4091E+01   -7.1983E-01    9.8011E+00   
 6.7431E+02    5.1558E+01    5.1864E+01    2.4986E+01    2.6290E+01    2.7301E+01    5.7909E+01    4.5472E+01    2.3546E+01    6.5761E+00    1.4091E+01   -7.1983E-01    9.6914E+00   
 6.7481E+02    5.1521E+01    5.1820E+01    2.4984E+01    2.6255E+01    2.7320E+01    5.7864E+01    4.5417E+01    2.3552E+01    6.5761E+00    1.4091E+01   -7.1983E-01    9.6914E+00   
 6.7531E+02    5.1508E+01    5.1820E+01    2.4984E+01    2.6258E+01    2.7358E+01    5.7864E+01    4.5364E+01    2.3551E+01    6.5761E+00    1.4071E+01   -7.1983E-01    9.6914E+00   
 6.7581E+02    5.1509E+01    5.1795E+01    2.4995E+01    2.6247E+01    2.7389E+01    5.7848E+01    4.5329E+01    2.3567E+01    6.5965E+00    1.4071E+01   -7.1983E-01    9.6914E+00   
 6.7641E+02    5.1504E+01    5.1788E+01    2.4991E+01    2.6219E+01    2.7410E+01    5.7801E+01    4.5302E+01    2.3575E+01    6.5761E+00    1.4071E+01   -7.1983E-01    9.6914E+00   
 6.7691E+02    5.1504E+01    5.1764E+01    2.4996E+01    2.6219E+01    2.7420E+01    5.7775E+01    4.5251E+01    2.3597E+01    6.5965E+00    1.4071E+01   -7.1983E-01    9.6914E+00   
 6.7741E+02    5.1465E+01    5.1751E+01    2.5003E+01    2.6207E+01    2.7435E+01    5.7742E+01    4.5266E+01    2.3618E+01    6.5965E+00    1.4051E+01   -7.1983E-01    9.6914E+00   
 6.7791E+02    5.1463E+01    5.1735E+01    2.5003E+01    2.6229E+01    2.7476E+01    5.7710E+01    4.5225E+01    2.3621E+01    6.5965E+00    1.4051E+01   -7.1983E-01    9.8011E+00   
 6.7850E+02    5.1445E+01    5.1735E+01    2.5014E+01    2.6225E+01    2.7498E+01    5.7690E+01    4.5205E+01    2.3658E+01    6.5965E+00    1.4051E+01   -7.1983E-01    9.6914E+00   
 6.7900E+02    5.1430E+01    5.1715E+01    2.5004E+01    2.6223E+01    2.7531E+01    5.7690E+01    4.5180E+01    2.3658E+01    6.5965E+00    1.4051E+01   -7.1983E-01    9.5801E+00   
 6.7950E+02    5.1382E+01    5.1696E+01    2.4972E+01    2.6171E+01    2.7566E+01    5.7654E+01    4.5140E+01    2.3652E+01    6.5965E+00    1.4030E+01   -7.1983E-01    9.6914E+00   
 6.8000E+02    5.1382E+01    5.1658E+01    2.4961E+01    2.6171E+01    2.7566E+01    5.7631E+01    4.5081E+01    2.3657E+01    6.5965E+00    1.4030E+01   -7.1983E-01    9.6914E+00   
 6.8059E+02    5.1379E+01    5.1647E+01    2.4954E+01    2.6175E+01    2.7566E+01    5.7596E+01    4.5081E+01    2.3667E+01    6.5965E+00    1.4030E+01   -7.1983E-01    9.6914E+00   
 6.8109E+02    5.1359E+01    5.1634E+01    2.4943E+01    2.6208E+01    2.7584E+01    5.7552E+01    4.5040E+01    2.3677E+01    6.5965E+00    1.4030E+01   -7.1983E-01    9.6914E+00   
 6.8159E+02    5.1331E+01    5.1619E+01    2.4927E+01    2.6193E+01    2.7615E+01    5.7552E+01    4.4998E+01    2.3683E+01    6.6169E+00    1.4030E+01   -7.1983E-01    9.6914E+00   
 6.8209E+02    5.1306E+01    5.1605E+01    2.4952E+01    2.6211E+01    2.7633E+01    5.7518E+01    4.4954E+01    2.3683E+01    6.5965E+00    1.4010E+01   -7.1983E-01    9.6914E+00   
 6.8267E+02    5.1291E+01    5.1580E+01    2.4927E+01    2.6217E+01    2.7654E+01    5.7495E+01    4.4903E+01    2.3697E+01    6.6169E+00    1.4010E+01   -7.1983E-01    9.8011E+00   
 6.8317E+02    5.1291E+01    5.1567E+01    2.4921E+01    2.6217E+01    2.7654E+01    5.7437E+01    4.4853E+01    2.3711E+01    6.5965E+00    1.4010E+01   -7.1983E-01    9.6914E+00   
 6.8367E+02    5.1301E+01    5.1582E+01    2.4929E+01    2.6271E+01    2.7676E+01    5.7417E+01    4.4853E+01    2.3723E+01    6.6169E+00    1.4010E+01   -7.1983E-01    9.6914E+00   
 6.8417E+02    5.1299E+01    5.1582E+01    2.4929E+01    2.6296E+01    2.7706E+01    5.7393E+01    4.4797E+01    2.3742E+01    6.6169E+00    1.3990E+01   -7.1983E-01    9.8011E+00   
 6.8477E+02    5.1276E+01    5.1558E+01    2.4984E+01    2.6303E+01    2.7707E+01    5.7393E+01    4.4745E+01    2.3727E+01    6.6169E+00    1.3990E+01   -7.1983E-01    9.5801E+00   
 6.8527E+02    5.1272E+01    5.1517E+01    2.5025E+01    2.6305E+01    2.7738E+01    5.7355E+01    4.4710E+01    2.3727E+01    6.6169E+00    1.3969E+01   -7.1983E-01    9.9092E+00   
 6.8577E+02    5.1239E+01    5.1514E+01    2.5105E+01    2.6305E+01    2.7764E+01    5.7307E+01    4.4647E+01    2.3745E+01    6.6169E+00    1.3990E+01   -7.1983E-01    9.8011E+00   
 6.8627E+02    5.1239E+01    5.1501E+01    2.5122E+01    2.6300E+01    2.7764E+01    5.7271E+01    4.4647E+01    2.3765E+01    6.6169E+00    1.3969E+01   -7.1983E-01    9.6914E+00   
 6.8684E+02    5.1218E+01    5.1471E+01    2.5163E+01    2.6344E+01    2.7785E+01    5.7240E+01    4.4588E+01    2.3777E+01    6.6169E+00    1.3969E+01   -7.1983E-01    9.8011E+00   
 6.8734E+02    5.1199E+01    5.1468E+01    2.5163E+01    2.6414E+01    2.7812E+01    5.7215E+01    4.4553E+01    2.3769E+01    6.6373E+00    1.3969E+01   -7.1983E-01    9.8011E+00   
 6.8784E+02    5.1169E+01    5.1468E+01    2.5140E+01    2.6376E+01    2.7825E+01    5.7215E+01    4.4505E+01    2.3769E+01    6.6373E+00    1.3949E+01   -7.1983E-01    9.6914E+00   
 6.8834E+02    5.1153E+01    5.1440E+01    2.5163E+01    2.6349E+01    2.7845E+01    5.7173E+01    4.4438E+01    2.3794E+01    6.6373E+00    1.3949E+01   -7.1983E-01    9.6914E+00   
# Time (s)      T1w (C)       T2w (C)       T1a (C)       T2a (C)       T1r (C)       T2r (C)       T3r (C)       T4r (C)       P1 (bar)      P2 (bar)      Ic (amp)      Qc (l/min)    
 6.8894E+02    5.1174E+01    5.1449E+01    2.5185E+01    2.6348E+01    2.7884E+01    5.7133E+01    4.4402E+01    2.3815E+01    6.6373E+00    1.3949E+01   -7.1983E-01    9.8011E+00   
 6.8944E+02    5.1174E+01    5.1423E+01    2.5137E+01    2.6348E+01    2.7884E+01    5.7100E+01    4.4343E+01    2.3813E+01    6.6373E+00    1.3949E+01   -7.1983E-01    9.6914E+00   
 6.8994E+02    5.1193E+01    5.1436E+01    2.5178E+01    2.6321E+01    2.7907E+01    5.7067E+01    4.4343E+01    2.3836E+01    6.6373E+00    1.3929E+01   -7.1983E-01    9.9092E+00   
 6.9044E+02    5.1179E+01    5.1436E+01    2.5178E+01    2.6299E+01    2.7920E+01    5.7025E+01    4.4287E+01    2.3839E+01    6.6373E+00    1.3929E+01   -7.1983E-01    9.6914E+00   
 6.9101E+02    5.1162E+01    5.1390E+01    2.5205E+01    2.6308E+01    2.7940E+01    5.7025E+01    4.4248E+01    2.3856E+01    6.6373E+00    1.3929E+01   -7.1983E-01    9.5801E+00   
 6.9151E+02    5.1153E+01    5.1376E+01    2.5200E+01    2.6270E+01    2.7967E+01    5.6989E+01    4.4202E+01    2.3856E+01    6.6373E+00    1.3908E+01   -7.1983E-01    9.6914E+00   
 6.9201E+02    5.1153E+01    5.1372E+01    2.5251E+01    2.6270E+01    2.7971E+01    5.6968E+01    4.4159E+01    2.3854E+01    6.6373E+00    1.3908E+01   -7.1983E-01    9.5801E+00   
 6.9251E+02    5.1157E+01    5.1348E+01    2.5227E+01    2.6235E+01    2.7971E+01    5.6914E+01    4.4159E+01    2.3869E+01    6.6373E+00    1.3908E+01   -7.1983E-01    9.5801E+00   
 6.9311E+02    5.1138E+01    5.1312E+01    2.5217E+01    2.6246E+01    2.7994E+01    5.6893E+01    4.4112E+01    2.3874E+01    6.6373E+00    1.3908E+01   -7.1983E-01    9.8011E+00   
 6.9361E+02    5.1115E+01    5.1312E+01    2.5217E+01    2.6269E+01    2.8026E+01    5.6863E+01    4.4066E+01    2.3898E+01    6.6373E+00    1.3908E+01   -7.1983E-01    9.5801E+00   
 6.9411E+02    5.1080E+01    5.1290E+01    2.5222E+01    2.6260E+01    2.8048E+01    5.6863E+01    4.4039E+01    2.3898E+01    6.6578E+00    1.3888E+01   -7.1983E-01    9.8011E+00   
 6.9461E+02    5.1056E+01    5.1313E+01    2.5198E+01    2.6239E+01    2.8061E+01    5.6833E+01    4.4001E+01    2.3905E+01    6.6578E+00    1.3888E+01   -7.1983E-01    9.5801E+00   
 6.9518E+02    5.1056E+01    5.1292E+01    2.5182E+01    2.6239E+01    2.8082E+01    5.6792E+01    4.3973E+01    2.3922E+01    6.6578E+00    1.3888E+01   -7.1983E-01    9.5801E+00   
 6.9568E+02    5.1050E+01    5.1257E+01    2.5138E+01    2.6192E+01    2.8082E+01    5.6759E+01    4.3973E+01    2.3921E+01    6.6578E+00    1.3888E+01   -7.1983E-01    1.3618E+01   
 6.9618E+02    5.1033E+01    5.1264E+01    2.5105E+01    2.6146E+01    2.8110E+01    5.6729E+01    4.3929E+01    2.3939E+01    6.6578E+00    1.3888E+01   -7.1983E-01    1.1986E+01   
 6.9668E+02    5.1019E+01    5.1264E+01    2.5105E+01    2.6131E+01    2.8133E+01    5.6729E+01    4.3905E+01    2.3945E+01    6.6578E+00    1.3867E+01   -7.1983E-01    9.2354E+00   
 6.9727E+02    5.1028E+01    5.1250E+01    2.5095E+01    2.6142E+01    2.8159E+01    5.6705E+01    4.3868E+01    2.3945E+01    6.6578E+00    1.3867E+01   -7.1983E-01    7.6382E+00   
 6.9777E+02    5.1026E+01    5.1249E+01    2.5060E+01    2.6103E+01    2.8161E+01    5.6667E+01    4.3842E+01    2.3968E+01    6.6578E+00    1.3867E+01   -7.1983E-01    7.7891E+00   
 6.9827E+02    5.1026E+01    5.1239E+01    2.5048E+01    2.6103E+01    2.8161E+01    5.6624E+01    4.3815E+01    2.3985E+01    6.6578E+00    1.3867E+01   -7.1983E-01    7.9360E+00   
 6.9878E+02    5.1016E+01    5.1250E+01    2.5035E+01    2.6134E+01    2.8181E+01    5.6585E+01    4.3815E+01    2.3985E+01    6.6782E+00    1.3867E+01   -7.1983E-01    7.9360E+00   
 6.9935E+02    5.1028E+01    5.1237E+01    2.5001E+01    2.6236E+01    2.8204E+01    5.6552E+01    4.3803E+01    2.3999E+01    6.6782E+00    1.3867E+01   -7.1983E-01    7.7891E+00   
 6.9985E+02    5.1006E+01    5.1237E+01    2.5001E+01    2.6277E+01    2.8210E+01    5.6552E+01    4.3773E+01    2.4007E+01    6.6782E+00    1.3867E+01   -7.1983E-01    7.7891E+00   
 7.0035E+02    5.1011E+01    5.1235E+01    2.5034E+01    2.6258E+01    2.8252E+01    5.6522E+01    4.3766E+01    2.4007E+01    6.6782E+00    1.3867E+01   -7.1983E-01    7.7891E+00   
 7.0085E+02    5.1011E+01    5.1235E+01    2.5049E+01    2.6258E+01    2.8266E+01    5.6502E+01    4.3743E+01    2.4027E+01    6.6782E+00    1.3867E+01   -7.1983E-01    7.4829E+00   
 7.0144E+02    5.1011E+01    5.1232E+01    2.5064E+01    2.6232E+01    2.8266E+01    5.6451E+01    4.3734E+01    2.4033E+01    6.6782E+00    1.3867E+01   -7.1983E-01    7.3228E+00   
 7.0194E+02    5.1018E+01    5.1271E+01    2.5090E+01    2.6213E+01    2.8248E+01    5.6421E+01    4.3719E+01    2.4047E+01    6.6782E+00    1.3847E+01   -7.1983E-01    6.9861E+00   
 7.0244E+02    5.1018E+01    5.1256E+01    2.5090E+01    2.6277E+01    2.8300E+01    5.6378E+01    4.3728E+01    2.4046E+01    6.6782E+00    1.3847E+01   -7.1983E-01    7.3228E+00   
 7.0294E+02    5.1032E+01    5.1270E+01    2.5098E+01    2.6451E+01    2.8304E+01    5.6378E+01    4.3710E+01    2.4048E+01    6.6782E+00    1.3847E+01   -7.1983E-01    7.1574E+00   
 7.0352E+02    5.1048E+01    5.1265E+01    2.5112E+01    2.6565E+01    2.8338E+01    5.6346E+01    4.3709E+01    2.4048E+01    6.6986E+00    1.3847E+01   -7.1983E-01    7.3228E+00   
