# Run number  6 on Tue 2026-05-26T14:05:55 BST
# Time (s)      T1w (C)       T2w (C)       T1a (C)       T2a (C)       T1r (C)       T2r (C)       T3r (C)       T4r (C)       P1 (bar)      P2 (bar)      Ic (amp)      Qc (l/min)    
 2.9671E-01    5.7963E+01    6.7155E+01    2.5733E+01    2.2625E+01    1.7954E+01    8.3476E+01    6.2269E+01    2.0262E+01    5.3111E+00    2.1950E+01    7.2320E+00    8.0791E+00   
 9.6498E-01    5.7984E+01    6.7170E+01    2.5747E+01    2.2699E+01    1.7984E+01    8.3459E+01    6.2295E+01    2.0246E+01    5.3111E+00    2.2134E+01    7.2422E+00    8.2188E+00   
 1.4652E+00    5.8008E+01    6.7170E+01    2.5674E+01    2.2788E+01    1.8041E+01    8.3467E+01    6.2301E+01    2.0265E+01    5.2906E+00    2.2052E+01    7.4407E+00    8.4887E+00   
 1.9654E+00    5.8002E+01    6.7155E+01    2.5674E+01    2.2679E+01    1.8025E+01    8.3469E+01    6.2305E+01    2.0258E+01    5.3111E+00    2.2072E+01    7.2575E+00    8.2188E+00   
 2.4657E+00    5.8002E+01    6.7179E+01    2.5659E+01    2.2672E+01    1.8066E+01    8.3480E+01    6.2305E+01    2.0279E+01    5.3111E+00    2.1991E+01    7.4509E+00    8.2188E+00   
 2.9660E+00    5.8010E+01    6.7175E+01    2.5610E+01    2.2656E+01    1.8133E+01    8.3472E+01    6.2306E+01    2.0259E+01    5.3111E+00    2.2032E+01    7.2473E+00    8.3552E+00   
 3.4662E+00    5.8008E+01    6.7167E+01    2.5650E+01    2.2656E+01    1.8092E+01    8.3472E+01    6.2329E+01    2.0259E+01    5.2906E+00    2.1950E+01    7.5375E+00    8.3552E+00   
 3.9665E+00    5.8011E+01    6.7167E+01    2.5696E+01    2.2667E+01    1.7959E+01    8.3486E+01    6.2348E+01    2.0280E+01    5.3111E+00    2.1930E+01    7.4458E+00    8.3552E+00   
 4.4668E+00    5.8004E+01    6.7160E+01    2.5696E+01    2.2746E+01    1.7959E+01    8.3477E+01    6.2347E+01    2.0294E+01    5.2906E+00    2.1950E+01    7.3236E+00    8.2188E+00   
 4.9671E+00    5.8004E+01    6.7169E+01    2.5729E+01    2.2695E+01    1.7898E+01    8.3465E+01    6.2333E+01    2.0289E+01    5.3111E+00    2.2032E+01    7.5324E+00    8.3552E+00   
 5.4673E+00    5.8013E+01    6.7175E+01    2.5809E+01    2.2743E+01    1.7884E+01    8.3482E+01    6.2342E+01    2.0307E+01    5.2906E+00    2.1991E+01    7.5375E+00    7.9360E+00   
 5.9677E+00    5.7996E+01    6.7173E+01    2.5795E+01    2.2743E+01    1.7866E+01    8.3468E+01    6.2337E+01    2.0291E+01    5.2906E+00    2.2093E+01    7.5527E+00    8.2188E+00   
 6.4680E+00    5.8020E+01    6.7173E+01    2.5753E+01    2.2648E+01    1.7889E+01    8.3476E+01    6.2345E+01    2.0302E+01    5.3111E+00    2.1991E+01    7.5375E+00    8.4887E+00   
 6.9683E+00    5.8019E+01    6.7168E+01    2.5753E+01    2.2664E+01    1.7889E+01    8.3493E+01    6.2331E+01    2.0282E+01    5.2906E+00    2.2113E+01    7.3236E+00    8.3552E+00   
 7.4686E+00    5.8033E+01    6.7199E+01    2.5699E+01    2.2660E+01    1.7871E+01    8.3481E+01    6.2363E+01    2.0303E+01    5.3111E+00    2.2052E+01    7.2371E+00    8.0791E+00   
 7.9689E+00    5.8014E+01    6.7196E+01    2.5716E+01    2.2665E+01    1.7874E+01    8.3491E+01    6.2352E+01    2.0289E+01    5.3315E+00    2.2032E+01    7.2626E+00    8.0791E+00   
 8.4692E+00    5.8041E+01    6.7199E+01    2.5751E+01    2.2665E+01    1.7837E+01    8.3477E+01    6.2341E+01    2.0289E+01    5.3111E+00    2.1950E+01    7.2727E+00    8.3552E+00   
 8.9695E+00    5.8038E+01    6.7199E+01    2.5826E+01    2.2708E+01    1.7837E+01    8.3489E+01    6.2362E+01    2.0298E+01    5.3315E+00    2.1991E+01    7.4204E+00    8.3552E+00   
 9.4698E+00    5.8068E+01    6.7203E+01    2.5826E+01    2.2734E+01    1.7837E+01    8.3507E+01    6.2362E+01    2.0310E+01    5.3111E+00    2.1950E+01    7.4000E+00    8.3552E+00   
 9.9702E+00    5.8068E+01    6.7211E+01    2.5903E+01    2.2668E+01    1.7848E+01    8.3502E+01    6.2376E+01    2.0304E+01    5.3111E+00    2.1930E+01    7.2473E+00    8.2188E+00   
 1.0470E+01    5.8076E+01    6.7206E+01    2.5943E+01    2.2674E+01    1.7805E+01    8.3521E+01    6.2371E+01    2.0306E+01    5.3111E+00    2.2134E+01    7.5629E+00    8.2188E+00   
 1.0993E+01    5.8101E+01    6.7213E+01    2.6044E+01    2.2674E+01    1.7759E+01    8.3521E+01    6.2384E+01    2.0322E+01    5.3111E+00    2.1991E+01    7.2829E+00    8.0791E+00   
 1.1498E+01    5.8100E+01    6.7213E+01    2.6156E+01    2.2767E+01    1.7784E+01    8.3563E+01    6.2397E+01    2.0342E+01    5.3111E+00    2.2072E+01    7.5018E+00    8.2188E+00   
 1.2003E+01    5.8112E+01    6.7228E+01    2.6156E+01    2.2635E+01    1.7784E+01    8.3586E+01    6.2421E+01    2.0356E+01    5.3111E+00    2.1991E+01    7.3135E+00    8.2188E+00   
 1.2505E+01    5.8127E+01    6.7243E+01    2.6166E+01    2.2695E+01    1.7757E+01    8.3585E+01    6.2421E+01    2.0362E+01    5.3111E+00    2.1930E+01    7.5018E+00    8.0791E+00   
 1.3074E+01    5.8107E+01    6.7235E+01    2.6075E+01    2.2710E+01    1.7753E+01    8.3575E+01    6.2417E+01    2.0342E+01    5.3111E+00    2.2052E+01    7.4051E+00    8.4887E+00   
 1.3576E+01    5.8116E+01    6.7261E+01    2.5968E+01    2.2710E+01    1.7750E+01    8.3575E+01    6.2435E+01    2.0338E+01    5.3111E+00    2.2032E+01    7.5629E+00    8.4887E+00   
 1.4078E+01    5.8133E+01    6.7261E+01    2.6004E+01    2.2638E+01    1.7756E+01    8.3593E+01    6.2422E+01    2.0338E+01    5.3111E+00    2.2195E+01    7.5782E+00    8.3552E+00   
 1.4580E+01    5.8122E+01    6.7261E+01    2.6085E+01    2.2608E+01    1.7762E+01    8.3585E+01    6.2433E+01    2.0332E+01    5.3315E+00    2.1869E+01    7.2575E+00    8.3552E+00   
 1.5178E+01    5.8106E+01    6.7248E+01    2.6070E+01    2.2606E+01    1.7756E+01    8.3593E+01    6.2451E+01    2.0303E+01    5.3315E+00    2.2174E+01    7.3033E+00    8.4887E+00   
# Time (s)      T1w (C)       T2w (C)       T1a (C)       T2a (C)       T1r (C)       T2r (C)       T3r (C)       T4r (C)       P1 (bar)      P2 (bar)      Ic (amp)      Qc (l/min)    
 1.5680E+01    5.8121E+01    6.7260E+01    2.6145E+01    2.2667E+01    1.7756E+01    8.3558E+01    6.2451E+01    2.0281E+01    5.3315E+00    2.1910E+01    7.2982E+00    8.0791E+00   
 1.6182E+01    5.8107E+01    6.7258E+01    2.6221E+01    2.2630E+01    1.7763E+01    8.3551E+01    6.2462E+01    2.0265E+01    5.3111E+00    2.1910E+01    7.5171E+00    8.2188E+00   
 1.6684E+01    5.8104E+01    6.7270E+01    2.6291E+01    2.2630E+01    1.7748E+01    8.3551E+01    6.2456E+01    2.0265E+01    5.3315E+00    2.1889E+01    7.3084E+00    8.0791E+00   
 1.7293E+01    5.8104E+01    6.7255E+01    2.6259E+01    2.2581E+01    1.7720E+01    8.3553E+01    6.2431E+01    2.0238E+01    5.3315E+00    2.2032E+01    7.4560E+00    8.2188E+00   
 1.7795E+01    5.8118E+01    6.7255E+01    2.6328E+01    2.2573E+01    1.7701E+01    8.3527E+01    6.2416E+01    2.0245E+01    5.3315E+00    2.1950E+01    7.2676E+00    8.4887E+00   
 1.8297E+01    5.8100E+01    6.7254E+01    2.6313E+01    2.2597E+01    1.7701E+01    8.3561E+01    6.2428E+01    2.0229E+01    5.3315E+00    2.2032E+01    7.5731E+00    8.4887E+00   
 1.8800E+01    5.8100E+01    6.7260E+01    2.6289E+01    2.2584E+01    1.7715E+01    8.3565E+01    6.2428E+01    2.0219E+01    5.3111E+00    2.2032E+01    7.4764E+00    8.3552E+00   
 1.9371E+01    5.8119E+01    6.7277E+01    2.6222E+01    2.2552E+01    1.7729E+01    8.3578E+01    6.2412E+01    2.0207E+01    5.3315E+00    2.2235E+01    7.3796E+00    8.0791E+00   
 1.9873E+01    5.8131E+01    6.7289E+01    2.5943E+01    2.2552E+01    1.7722E+01    8.3578E+01    6.2439E+01    2.0190E+01    5.3111E+00    2.2154E+01    7.3898E+00    8.0791E+00   
 2.0375E+01    5.8129E+01    6.7296E+01    2.5843E+01    2.2640E+01    1.7719E+01    8.3605E+01    6.2439E+01    2.0190E+01    5.3315E+00    2.2052E+01    7.2727E+00    8.2188E+00   
 2.0877E+01    5.8149E+01    6.7296E+01    2.5672E+01    2.2675E+01    1.7735E+01    8.3596E+01    6.2427E+01    2.0177E+01    5.3111E+00    2.2093E+01    7.2880E+00    8.2188E+00   
 2.1451E+01    5.8158E+01    6.7324E+01    2.5672E+01    2.2600E+01    1.7751E+01    8.3604E+01    6.2454E+01    2.0191E+01    5.3111E+00    2.2296E+01    7.3593E+00    8.3552E+00   
 2.1953E+01    5.8158E+01    6.7333E+01    2.5585E+01    2.2756E+01    1.7745E+01    8.3615E+01    6.2454E+01    2.0176E+01    5.3315E+00    2.2195E+01    7.5731E+00    8.3552E+00   
 2.2455E+01    5.8135E+01    6.7335E+01    2.5588E+01    2.2706E+01    1.7750E+01    8.3594E+01    6.2426E+01    2.0171E+01    5.3315E+00    2.2052E+01    7.5018E+00    8.3552E+00   
 2.2960E+01    5.8133E+01    6.7342E+01    2.5493E+01    2.2706E+01    1.7760E+01    8.3594E+01    6.2446E+01    2.0171E+01    5.3111E+00    2.2052E+01    7.2626E+00    8.3552E+00   
 2.3523E+01    5.8121E+01    6.7342E+01    2.5436E+01    2.2743E+01    1.7765E+01    8.3621E+01    6.2463E+01    2.0166E+01    5.3111E+00    2.1930E+01    7.2727E+00    8.0791E+00   
 2.4025E+01    5.8137E+01    6.7340E+01    2.5486E+01    2.2754E+01    1.7762E+01    8.3618E+01    6.2471E+01    2.0171E+01    5.3315E+00    2.2052E+01    7.2778E+00    8.4887E+00   
 2.4528E+01    5.8125E+01    6.7345E+01    2.5486E+01    2.2688E+01    1.7762E+01    8.3643E+01    6.2471E+01    2.0153E+01    5.3315E+00    2.2215E+01    7.5935E+00    8.3552E+00   
 2.5030E+01    5.8125E+01    6.7383E+01    2.5597E+01    2.2688E+01    1.7756E+01    8.3666E+01    6.2455E+01    2.0164E+01    5.3315E+00    2.2072E+01    7.4102E+00    8.4887E+00   
 2.5620E+01    5.8144E+01    6.7382E+01    2.5790E+01    2.2651E+01    1.7733E+01    8.3674E+01    6.2452E+01    2.0138E+01    5.3315E+00    2.2113E+01    7.3440E+00    7.9360E+00   
 2.6122E+01    5.8144E+01    6.7378E+01    2.5856E+01    2.2651E+01    1.7744E+01    8.3688E+01    6.2463E+01    2.0171E+01    5.3111E+00    2.2195E+01    7.5680E+00    8.6193E+00   
 2.6625E+01    5.8166E+01    6.7393E+01    2.5928E+01    2.2644E+01    1.7806E+01    8.3696E+01    6.2470E+01    2.0171E+01    5.3315E+00    2.2235E+01    7.5629E+00    8.0791E+00   
 2.7127E+01    5.8158E+01    6.7405E+01    2.6082E+01    2.2600E+01    1.7828E+01    8.3682E+01    6.2457E+01    2.0139E+01    5.3111E+00    2.1971E+01    7.3084E+00    8.4887E+00   
 2.7692E+01    5.8207E+01    6.7422E+01    2.6082E+01    2.2519E+01    1.7828E+01    8.3695E+01    6.2457E+01    2.0127E+01    5.3315E+00    2.2215E+01    7.2829E+00    8.2188E+00   
 2.8197E+01    5.8222E+01    6.7442E+01    2.6136E+01    2.2602E+01    1.7886E+01    8.3689E+01    6.2470E+01    2.0140E+01    5.3111E+00    2.1991E+01    7.2880E+00    8.0791E+00   
 2.8702E+01    5.8234E+01    6.7440E+01    2.6118E+01    2.2543E+01    1.7830E+01    8.3686E+01    6.2454E+01    2.0115E+01    5.3111E+00    2.2032E+01    7.4051E+00    8.4887E+00   
 2.9207E+01    5.8246E+01    6.7431E+01    2.6145E+01    2.2527E+01    1.7822E+01    8.3686E+01    6.2459E+01    2.0115E+01    5.3111E+00    2.2154E+01    7.4560E+00    8.3552E+00   
 2.9823E+01    5.8218E+01    6.7417E+01    2.6018E+01    2.2510E+01    1.7804E+01    8.3696E+01    6.2441E+01    2.0125E+01    5.3111E+00    2.2195E+01    7.3186E+00    8.3552E+00   
 3.0325E+01    5.8241E+01    6.7417E+01    2.5980E+01    2.2532E+01    1.7795E+01    8.3712E+01    6.2453E+01    2.0098E+01    5.3111E+00    2.2011E+01    7.5171E+00    8.4887E+00   
 3.0827E+01    5.8234E+01    6.7425E+01    2.5980E+01    2.2603E+01    1.7795E+01    8.3732E+01    6.2453E+01    2.0094E+01    5.3111E+00    2.2032E+01    7.3440E+00    8.3552E+00   
# Time (s)      T1w (C)       T2w (C)       T1a (C)       T2a (C)       T1r (C)       T2r (C)       T3r (C)       T4r (C)       P1 (bar)      P2 (bar)      Ic (amp)      Qc (l/min)    
 3.1329E+01    5.8234E+01    6.7431E+01    2.5971E+01    2.2563E+01    1.7794E+01    8.3732E+01    6.2447E+01    2.0101E+01    5.3111E+00    2.2052E+01    7.2727E+00    8.4887E+00   
 3.1892E+01    5.8253E+01    6.7448E+01    2.5933E+01    2.2590E+01    1.7751E+01    8.3728E+01    6.2444E+01    2.0077E+01    5.3111E+00    2.2174E+01    7.4000E+00    8.3552E+00   
 3.2394E+01    5.8243E+01    6.7448E+01    2.5970E+01    2.2590E+01    1.7763E+01    8.3728E+01    6.2445E+01    2.0078E+01    5.3111E+00    2.1930E+01    7.3898E+00    8.2188E+00   
 3.2897E+01    5.8248E+01    6.7448E+01    2.5938E+01    2.2603E+01    1.7770E+01    8.3730E+01    6.2441E+01    2.0078E+01    5.3111E+00    2.1950E+01    7.5884E+00    8.4887E+00   
 3.3399E+01    5.8280E+01    6.7452E+01    2.5954E+01    2.2634E+01    1.7786E+01    8.3739E+01    6.2449E+01    2.0089E+01    5.3111E+00    2.2011E+01    7.2727E+00    8.2188E+00   
 3.3981E+01    5.8278E+01    6.7474E+01    2.5945E+01    2.2666E+01    1.7823E+01    8.3771E+01    6.2443E+01    2.0078E+01    5.3111E+00    2.2235E+01    7.5680E+00    8.2188E+00   
 3.4483E+01    5.8278E+01    6.7473E+01    2.5917E+01    2.2616E+01    1.7851E+01    8.3781E+01    6.2443E+01    2.0079E+01    5.3111E+00    2.1991E+01    7.2727E+00    8.4887E+00   
 3.4985E+01    5.8294E+01    6.7480E+01    2.5842E+01    2.2603E+01    1.7856E+01    8.3786E+01    6.2451E+01    2.0061E+01    5.3111E+00    2.2011E+01    7.2931E+00    8.3552E+00   
 3.5490E+01    5.8282E+01    6.7493E+01    2.5892E+01    2.2603E+01    1.7888E+01    8.3786E+01    6.2459E+01    2.0061E+01    5.3111E+00    2.2011E+01    7.3338E+00    8.3552E+00   
 3.6053E+01    5.8304E+01    6.7493E+01    2.5922E+01    2.2506E+01    1.7896E+01    8.3793E+01    6.2469E+01    2.0068E+01    5.2906E+00    2.2215E+01    7.2880E+00    8.0791E+00   
 3.6555E+01    5.8320E+01    6.7495E+01    2.5983E+01    2.2600E+01    1.7917E+01    8.3781E+01    6.2461E+01    2.0055E+01    5.3111E+00    2.1991E+01    7.5884E+00    8.0791E+00   
 3.7057E+01    5.8309E+01    6.7484E+01    2.5983E+01    2.2558E+01    1.7917E+01    8.3771E+01    6.2461E+01    2.0076E+01    5.2906E+00    2.2174E+01    7.2931E+00    8.0791E+00   
 3.7559E+01    5.8324E+01    6.7530E+01    2.5979E+01    2.2620E+01    1.7901E+01    8.3804E+01    6.2471E+01    2.0094E+01    5.2906E+00    2.2011E+01    7.2626E+00    8.0791E+00   
 3.8149E+01    5.8335E+01    6.7514E+01    2.6002E+01    2.2599E+01    1.7892E+01    8.3814E+01    6.2465E+01    2.0106E+01    5.3111E+00    2.2052E+01    7.5680E+00    8.3552E+00   
 3.8651E+01    5.8358E+01    6.7522E+01    2.6063E+01    2.2599E+01    1.7917E+01    8.3814E+01    6.2463E+01    2.0106E+01    5.3111E+00    2.2296E+01    7.2727E+00    8.3552E+00   
 3.9154E+01    5.8366E+01    6.7522E+01    2.6070E+01    2.2573E+01    1.7966E+01    8.3828E+01    6.2489E+01    2.0122E+01    5.3111E+00    2.2174E+01    7.2829E+00    7.9360E+00   
 3.9656E+01    5.8367E+01    6.7525E+01    2.6086E+01    2.2643E+01    1.7966E+01    8.3859E+01    6.2485E+01    2.0117E+01    5.3111E+00    2.2093E+01    7.3084E+00    8.0791E+00   
 4.0222E+01    5.8366E+01    6.7546E+01    2.6054E+01    2.2587E+01    1.8054E+01    8.3863E+01    6.2485E+01    2.0096E+01    5.3111E+00    2.2276E+01    7.6036E+00    8.2188E+00   
 4.0726E+01    5.8380E+01    6.7565E+01    2.6026E+01    2.2665E+01    1.8152E+01    8.3872E+01    6.2495E+01    2.0109E+01    5.3111E+00    2.2113E+01    7.5985E+00    8.3552E+00   
 4.1231E+01    5.8393E+01    6.7563E+01    2.5982E+01    2.2665E+01    1.8274E+01    8.3872E+01    6.2490E+01    2.0119E+01    5.2906E+00    2.2093E+01    7.4458E+00    8.0791E+00   
 4.1733E+01    5.8404E+01    6.7563E+01    2.5957E+01    2.2746E+01    1.8325E+01    8.3858E+01    6.2518E+01    2.0119E+01    5.3111E+00    2.2276E+01    7.2880E+00    8.4887E+00   
 4.2318E+01    5.8405E+01    6.7569E+01    2.5951E+01    2.2782E+01    1.8184E+01    8.3883E+01    6.2518E+01    2.0158E+01    5.3111E+00    2.1971E+01    7.3287E+00    8.0791E+00   
 4.2820E+01    5.8404E+01    6.7586E+01    2.5951E+01    2.2752E+01    1.8184E+01    8.3912E+01    6.2518E+01    2.0190E+01    5.3111E+00    2.2093E+01    7.3084E+00    8.2188E+00   
 4.3322E+01    5.8389E+01    6.7566E+01    2.5954E+01    2.2695E+01    1.8066E+01    8.3937E+01    6.2533E+01    2.0247E+01    5.3111E+00    2.2215E+01    7.2778E+00    8.3552E+00   
 4.3824E+01    5.8398E+01    6.7581E+01    2.5943E+01    2.2747E+01    1.8020E+01    8.3954E+01    6.2568E+01    2.0288E+01    5.3111E+00    2.1991E+01    7.5629E+00    8.2188E+00   
 4.4390E+01    5.8405E+01    6.7577E+01    2.5908E+01    2.2747E+01    1.8001E+01    8.3968E+01    6.2592E+01    2.0319E+01    5.3111E+00    2.2052E+01    7.5884E+00    8.2188E+00   
 4.4892E+01    5.8415E+01    6.7577E+01    2.5902E+01    2.2766E+01    1.7976E+01    8.3997E+01    6.2607E+01    2.0319E+01    5.3111E+00    2.2256E+01    7.4306E+00    8.6193E+00   
 4.5395E+01    5.8421E+01    6.7580E+01    2.5908E+01    2.2757E+01    1.7936E+01    8.3977E+01    6.2633E+01    2.0344E+01    5.3111E+00    2.2195E+01    7.2829E+00    8.2188E+00   
 4.5897E+01    5.8430E+01    6.7587E+01    2.5908E+01    2.2776E+01    1.7936E+01    8.3986E+01    6.2633E+01    2.0354E+01    5.3111E+00    2.2154E+01    7.2982E+00    8.0791E+00   
 4.6489E+01    5.8426E+01    6.7577E+01    2.5893E+01    2.2710E+01    1.7990E+01    8.3999E+01    6.2664E+01    2.0390E+01    5.3111E+00    2.2052E+01    7.3389E+00    8.3552E+00   
# Time (s)      T1w (C)       T2w (C)       T1a (C)       T2a (C)       T1r (C)       T2r (C)       T3r (C)       T4r (C)       P1 (bar)      P2 (bar)      Ic (amp)      Qc (l/min)    
 4.6991E+01    5.8426E+01    6.7583E+01    2.5912E+01    2.2756E+01    1.8030E+01    8.4013E+01    6.2682E+01    2.0401E+01    5.3111E+00    2.2276E+01    7.5680E+00    8.3552E+00   
 4.7494E+01    5.8455E+01    6.7597E+01    2.5901E+01    2.2772E+01    1.8042E+01    8.3999E+01    6.2684E+01    2.0387E+01    5.3111E+00    2.1991E+01    7.2626E+00    8.3552E+00   
 4.7996E+01    5.8452E+01    6.7597E+01    2.5890E+01    2.2709E+01    1.8083E+01    8.4007E+01    6.2702E+01    2.0387E+01    5.3111E+00    2.2011E+01    7.5375E+00    8.3552E+00   
 4.8559E+01    5.8442E+01    6.7609E+01    2.5880E+01    2.2820E+01    1.8061E+01    8.4030E+01    6.2727E+01    2.0409E+01    5.3111E+00    2.2256E+01    7.6036E+00    7.9360E+00   
 4.9061E+01    5.8460E+01    6.7604E+01    2.5880E+01    2.2876E+01    1.8061E+01    8.4038E+01    6.2739E+01    2.0408E+01    5.3111E+00    2.2195E+01    7.4713E+00    8.2188E+00   
 4.9563E+01    5.8460E+01    6.7609E+01    2.5901E+01    2.2907E+01    1.8056E+01    8.4064E+01    6.2739E+01    2.0450E+01    5.3111E+00    2.2195E+01    7.2982E+00    8.3552E+00   
 5.0065E+01    5.8473E+01    6.7615E+01    2.5930E+01    2.2752E+01    1.8034E+01    8.4076E+01    6.2760E+01    2.0439E+01    5.3111E+00    2.2032E+01    7.2727E+00    8.0791E+00   
 5.0655E+01    5.8466E+01    6.7620E+01    2.6064E+01    2.2752E+01    1.8030E+01    8.4062E+01    6.2753E+01    2.0451E+01    5.3111E+00    2.2032E+01    7.5731E+00    8.2188E+00   
 5.1157E+01    5.8480E+01    6.7620E+01    2.6201E+01    2.2755E+01    1.8021E+01    8.4050E+01    6.2774E+01    2.0451E+01    5.3315E+00    2.2317E+01    7.2829E+00    8.2188E+00   
 5.1662E+01    5.8474E+01    6.7617E+01    2.6084E+01    2.2843E+01    1.7993E+01    8.4043E+01    6.2777E+01    2.0459E+01    5.3315E+00    2.2276E+01    7.3084E+00    8.0791E+00   
 5.2164E+01    5.8476E+01    6.7622E+01    2.6084E+01    2.2848E+01    1.7993E+01    8.4060E+01    6.2777E+01    2.0446E+01    5.3315E+00    2.2113E+01    7.3084E+00    8.3552E+00   
 5.2727E+01    5.8461E+01    6.7614E+01    2.6000E+01    2.2712E+01    1.7942E+01    8.4038E+01    6.2777E+01    2.0455E+01    5.3111E+00    2.2256E+01    7.5884E+00    8.3552E+00   
 5.3230E+01    5.8468E+01    6.7623E+01    2.5930E+01    2.2686E+01    1.7920E+01    8.4070E+01    6.2802E+01    2.0464E+01    5.3111E+00    2.2032E+01    7.5324E+00    8.2188E+00   
 5.3732E+01    5.8482E+01    6.7624E+01    2.5902E+01    2.2686E+01    1.7911E+01    8.4070E+01    6.2814E+01    2.0464E+01    5.3111E+00    2.2113E+01    7.3236E+00    8.2188E+00   
 5.4234E+01    5.8481E+01    6.7624E+01    2.5906E+01    2.2672E+01    1.7911E+01    8.4057E+01    6.2819E+01    2.0472E+01    5.3315E+00    2.2215E+01    7.3338E+00    8.2188E+00   
 5.4856E+01    5.8492E+01    6.7639E+01    2.5907E+01    2.2726E+01    1.7892E+01    8.4100E+01    6.2838E+01    2.0468E+01    5.3111E+00    2.2235E+01    7.4356E+00    8.0791E+00   
 5.5358E+01    5.8503E+01    6.7637E+01    2.5907E+01    2.2648E+01    1.7892E+01    8.4078E+01    6.2842E+01    2.0467E+01    5.3315E+00    2.2072E+01    7.4967E+00    8.2188E+00   
 5.5860E+01    5.8488E+01    6.7641E+01    2.5921E+01    2.2667E+01    1.7855E+01    8.4084E+01    6.2842E+01    2.0471E+01    5.3315E+00    2.2072E+01    7.2931E+00    8.3552E+00   
 5.6362E+01    5.8504E+01    6.7619E+01    2.5885E+01    2.2605E+01    1.7856E+01    8.4050E+01    6.2847E+01    2.0417E+01    5.3315E+00    2.2052E+01    7.4204E+00    8.4887E+00   
 5.6939E+01    5.8550E+01    6.7648E+01    2.5930E+01    2.2621E+01    1.7866E+01    8.4050E+01    6.2855E+01    2.0415E+01    5.3315E+00    2.2032E+01    7.2982E+00    8.2188E+00   
 5.7441E+01    5.8551E+01    6.7648E+01    2.5903E+01    2.2696E+01    1.7848E+01    8.4031E+01    6.2849E+01    2.0399E+01    5.3315E+00    2.2378E+01    7.3084E+00    8.3552E+00   
 5.7943E+01    5.8551E+01    6.7654E+01    2.5882E+01    2.2598E+01    1.7852E+01    8.4044E+01    6.2852E+01    2.0385E+01    5.3111E+00    2.2174E+01    7.3033E+00    8.0791E+00   
 5.8445E+01    5.8556E+01    6.7662E+01    2.5867E+01    2.2585E+01    1.7852E+01    8.4045E+01    6.2852E+01    2.0380E+01    5.3315E+00    2.2072E+01    7.3236E+00    8.3552E+00   
 5.9032E+01    5.8556E+01    6.7666E+01    2.5896E+01    2.2577E+01    1.7858E+01    8.4052E+01    6.2832E+01    2.0352E+01    5.3315E+00    2.2317E+01    7.6087E+00    8.3552E+00   
 5.9535E+01    5.8574E+01    6.7679E+01    2.5928E+01    2.2534E+01    1.7806E+01    8.4047E+01    6.2829E+01    2.0321E+01    5.3111E+00    2.2093E+01    7.3186E+00    8.0791E+00   
 6.0037E+01    5.8598E+01    6.7682E+01    2.5829E+01    2.2534E+01    1.7793E+01    8.4047E+01    6.2845E+01    2.0340E+01    5.3315E+00    2.2317E+01    7.3236E+00    8.2188E+00   
 6.0539E+01    5.8587E+01    6.7667E+01    2.5664E+01    2.2724E+01    1.7778E+01    8.4070E+01    6.2850E+01    2.0356E+01    5.3111E+00    2.2215E+01    7.2982E+00    8.3552E+00   
 6.1105E+01    5.8597E+01    6.7679E+01    2.5962E+01    2.2694E+01    1.7758E+01    8.4060E+01    6.2846E+01    2.0331E+01    5.3315E+00    2.2134E+01    7.4764E+00    8.4887E+00   
 6.1607E+01    5.8573E+01    6.7670E+01    2.5946E+01    2.2646E+01    1.7774E+01    8.4094E+01    6.2861E+01    2.0358E+01    5.3315E+00    2.2398E+01    7.6291E+00    8.2188E+00   
 6.2109E+01    5.8573E+01    6.7684E+01    2.6050E+01    2.2591E+01    1.7808E+01    8.4092E+01    6.2866E+01    2.0359E+01    5.3111E+00    2.2358E+01    7.3186E+00    8.0791E+00   
# Time (s)      T1w (C)       T2w (C)       T1a (C)       T2a (C)       T1r (C)       T2r (C)       T3r (C)       T4r (C)       P1 (bar)      P2 (bar)      Ic (amp)      Qc (l/min)    
 6.2611E+01    5.8588E+01    6.7692E+01    2.5866E+01    2.2591E+01    1.7801E+01    8.4078E+01    6.2847E+01    2.0320E+01    5.3315E+00    2.2215E+01    7.4815E+00    8.3552E+00   
 6.3185E+01    5.8600E+01    6.7703E+01    2.5835E+01    2.2650E+01    1.7794E+01    8.4101E+01    6.2846E+01    2.0309E+01    5.3111E+00    2.2134E+01    7.3644E+00    8.4887E+00   
 6.3687E+01    5.8609E+01    6.7689E+01    2.5758E+01    2.2597E+01    1.7763E+01    8.4092E+01    6.2840E+01    2.0309E+01    5.3111E+00    2.2378E+01    7.3491E+00    8.4887E+00   
 6.4190E+01    5.8619E+01    6.7703E+01    2.5758E+01    2.2571E+01    1.7763E+01    8.4125E+01    6.2832E+01    2.0320E+01    5.3111E+00    2.2256E+01    7.3135E+00    8.6193E+00   
 6.4692E+01    5.8619E+01    6.7700E+01    2.5776E+01    2.2554E+01    1.7760E+01    8.4130E+01    6.2832E+01    2.0323E+01    5.3315E+00    2.2215E+01    7.5833E+00    8.2188E+00   
 6.5257E+01    5.8623E+01    6.7719E+01    2.5747E+01    2.2584E+01    1.7752E+01    8.4147E+01    6.2830E+01    2.0304E+01    5.3315E+00    2.2276E+01    7.5171E+00    8.3552E+00   
 6.5759E+01    5.8634E+01    6.7734E+01    2.5687E+01    2.2584E+01    1.7752E+01    8.4133E+01    6.2819E+01    2.0284E+01    5.3315E+00    2.2113E+01    7.3236E+00    8.3552E+00   
 6.6262E+01    5.8646E+01    6.7736E+01    2.5694E+01    2.2653E+01    1.7792E+01    8.4160E+01    6.2821E+01    2.0284E+01    5.3315E+00    2.2358E+01    7.3287E+00    8.3552E+00   
 6.6764E+01    5.8653E+01    6.7736E+01    2.5694E+01    2.2673E+01    1.7816E+01    8.4173E+01    6.2834E+01    2.0274E+01    5.3111E+00    2.2256E+01    7.3135E+00    8.2188E+00   
 6.7356E+01    5.8645E+01    6.7733E+01    2.5649E+01    2.2634E+01    1.7789E+01    8.4192E+01    6.2828E+01    2.0258E+01    5.3111E+00    2.2215E+01    7.3236E+00    8.7472E+00   
 6.7859E+01    5.8650E+01    6.7748E+01    2.5649E+01    2.2665E+01    1.7789E+01    8.4190E+01    6.2828E+01    2.0239E+01    5.3111E+00    2.2358E+01    7.4306E+00    8.2188E+00   
 6.8361E+01    5.8650E+01    6.7765E+01    2.5674E+01    2.2611E+01    1.7739E+01    8.4204E+01    6.2842E+01    2.0240E+01    5.3315E+00    2.2134E+01    7.3084E+00    7.9360E+00   
 6.8863E+01    5.8671E+01    6.7775E+01    2.5709E+01    2.2611E+01    1.7759E+01    8.4204E+01    6.2837E+01    2.0214E+01    5.3315E+00    2.2174E+01    7.6189E+00    8.2188E+00   
 6.9426E+01    5.8683E+01    6.7776E+01    2.5722E+01    2.2660E+01    1.7738E+01    8.4192E+01    6.2823E+01    2.0214E+01    5.3111E+00    2.2174E+01    7.5476E+00    8.2188E+00   
 6.9928E+01    5.8684E+01    6.7776E+01    2.5749E+01    2.2604E+01    1.7796E+01    8.4219E+01    6.2841E+01    2.0230E+01    5.3315E+00    2.2378E+01    7.3389E+00    8.2188E+00   
 7.0430E+01    5.8693E+01    6.7795E+01    2.5749E+01    2.2516E+01    1.7796E+01    8.4255E+01    6.2841E+01    2.0220E+01    5.3111E+00    2.2296E+01    7.3491E+00    8.2188E+00   
 7.0933E+01    5.8678E+01    6.7797E+01    2.5721E+01    2.2533E+01    1.7808E+01    8.4243E+01    6.2841E+01    2.0196E+01    5.3315E+00    2.2195E+01    7.3084E+00    8.4887E+00   
 7.1522E+01    5.8676E+01    6.7778E+01    2.5704E+01    2.2536E+01    1.7852E+01    8.4246E+01    6.2830E+01    2.0188E+01    5.3315E+00    2.2419E+01    7.5018E+00    8.0791E+00   
 7.2024E+01    5.8664E+01    6.7798E+01    2.5804E+01    2.2536E+01    1.7866E+01    8.4246E+01    6.2830E+01    2.0180E+01    5.3111E+00    2.2134E+01    7.3287E+00    8.0791E+00   
 7.2527E+01    5.8682E+01    6.7798E+01    2.5998E+01    2.2561E+01    1.7837E+01    8.4241E+01    6.2820E+01    2.0164E+01    5.3315E+00    2.2378E+01    7.3338E+00    8.6193E+00   
 7.3029E+01    5.8687E+01    6.7797E+01    2.6029E+01    2.2478E+01    1.7825E+01    8.4241E+01    6.2805E+01    2.0146E+01    5.3111E+00    2.2276E+01    7.4815E+00    8.3552E+00   
 7.3594E+01    5.8688E+01    6.7814E+01    2.6029E+01    2.2483E+01    1.7809E+01    8.4214E+01    6.2796E+01    2.0138E+01    5.3315E+00    2.2276E+01    7.6138E+00    8.3552E+00   
 7.4097E+01    5.8688E+01    6.7810E+01    2.6126E+01    2.2564E+01    1.7810E+01    8.4217E+01    6.2796E+01    2.0110E+01    5.3111E+00    2.2439E+01    7.4102E+00    8.4887E+00   
 7.4599E+01    5.8674E+01    6.7817E+01    2.6021E+01    2.2505E+01    1.7794E+01    8.4194E+01    6.2774E+01    2.0105E+01    5.3111E+00    2.2235E+01    7.4102E+00    8.3552E+00   
 7.5101E+01    5.8681E+01    6.7826E+01    2.5962E+01    2.2505E+01    1.7748E+01    8.4194E+01    6.2776E+01    2.0088E+01    5.2906E+00    2.2378E+01    7.3338E+00    8.2188E+00   
 7.5715E+01    5.8702E+01    6.7852E+01    2.5856E+01    2.2508E+01    1.7740E+01    8.4212E+01    6.2790E+01    2.0104E+01    5.3111E+00    2.2337E+01    7.5731E+00    8.4887E+00   
 7.6217E+01    5.8695E+01    6.7852E+01    2.5799E+01    2.2498E+01    1.7719E+01    8.4206E+01    6.2803E+01    2.0110E+01    5.2906E+00    2.2419E+01    7.6393E+00    8.0791E+00   
 7.6719E+01    5.8697E+01    6.7847E+01    2.5799E+01    2.2485E+01    1.7719E+01    8.4218E+01    6.2783E+01    2.0125E+01    5.2906E+00    2.2317E+01    7.3949E+00    8.2188E+00   
 7.7222E+01    5.8697E+01    6.7858E+01    2.5838E+01    2.2509E+01    1.7693E+01    8.4221E+01    6.2783E+01    2.0115E+01    5.3111E+00    2.2276E+01    7.5782E+00    8.3552E+00   
 7.7790E+01    5.8713E+01    6.7872E+01    2.5860E+01    2.2521E+01    1.7680E+01    8.4227E+01    6.2795E+01    2.0104E+01    5.3111E+00    2.2358E+01    7.4916E+00    8.0791E+00   
# Time (s)      T1w (C)       T2w (C)       T1a (C)       T2a (C)       T1r (C)       T2r (C)       T3r (C)       T4r (C)       P1 (bar)      P2 (bar)      Ic (amp)      Qc (l/min)    
 7.8295E+01    5.8708E+01    6.7890E+01    2.5881E+01    2.2521E+01    1.7714E+01    8.4227E+01    6.2797E+01    2.0106E+01    5.3111E+00    2.2276E+01    7.3236E+00    8.3552E+00   
 7.8801E+01    5.8715E+01    6.7904E+01    2.5884E+01    2.2605E+01    1.7766E+01    8.4240E+01    6.2806E+01    2.0106E+01    5.3111E+00    2.2439E+01    7.4866E+00    8.3552E+00   
 7.9303E+01    5.8726E+01    6.7897E+01    2.5891E+01    2.2670E+01    1.7815E+01    8.4236E+01    6.2794E+01    2.0108E+01    5.3315E+00    2.2174E+01    7.3186E+00    8.2188E+00   
 7.9883E+01    5.8741E+01    6.7907E+01    2.5891E+01    2.2554E+01    1.7815E+01    8.4250E+01    6.2798E+01    2.0115E+01    5.3315E+00    2.2358E+01    7.3236E+00    8.3552E+00   
 8.0386E+01    5.8741E+01    6.7905E+01    2.5859E+01    2.2567E+01    1.7921E+01    8.4245E+01    6.2798E+01    2.0076E+01    5.3111E+00    2.2459E+01    7.3338E+00    8.2188E+00   
 8.0888E+01    5.8752E+01    6.7906E+01    2.5854E+01    2.2644E+01    1.8043E+01    8.4262E+01    6.2815E+01    2.0088E+01    5.3111E+00    2.2256E+01    7.3338E+00    8.2188E+00   
 8.1390E+01    5.8744E+01    6.7913E+01    2.5887E+01    2.2644E+01    1.7992E+01    8.4262E+01    6.2834E+01    2.0099E+01    5.2906E+00    2.2337E+01    7.5324E+00    8.2188E+00   
 8.1956E+01    5.8743E+01    6.7913E+01    2.5865E+01    2.2631E+01    1.7960E+01    8.4250E+01    6.2819E+01    2.0099E+01    5.3111E+00    2.2296E+01    7.3440E+00    8.2188E+00   
 8.2458E+01    5.8756E+01    6.7905E+01    2.5891E+01    2.2535E+01    1.7951E+01    8.4269E+01    6.2824E+01    2.0107E+01    5.3111E+00    2.2378E+01    7.3236E+00    8.4887E+00   
 8.2960E+01    5.8759E+01    6.7914E+01    2.5891E+01    2.2550E+01    1.7967E+01    8.4287E+01    6.2839E+01    2.0134E+01    5.3111E+00    2.2459E+01    7.3287E+00    7.9360E+00   
 8.3463E+01    5.8759E+01    6.7931E+01    2.6119E+01    2.2577E+01    1.8003E+01    8.4302E+01    6.2832E+01    2.0127E+01    5.3111E+00    2.2398E+01    7.6240E+00    8.2188E+00   
 8.4071E+01    5.8769E+01    6.7925E+01    2.6018E+01    2.2592E+01    1.7997E+01    8.4334E+01    6.2832E+01    2.0144E+01    5.3111E+00    2.2480E+01    7.3338E+00    8.2188E+00   
 8.4573E+01    5.8781E+01    6.7918E+01    2.5910E+01    2.2592E+01    1.8019E+01    8.4334E+01    6.2837E+01    2.0134E+01    5.3111E+00    2.2398E+01    7.6596E+00    8.3552E+00   
 8.5075E+01    5.8769E+01    6.7918E+01    2.5989E+01    2.2572E+01    1.8080E+01    8.4322E+01    6.2870E+01    2.0134E+01    5.3111E+00    2.2439E+01    7.3338E+00    8.3552E+00   
 8.5578E+01    5.8781E+01    6.7914E+01    2.5989E+01    2.2635E+01    1.8080E+01    8.4345E+01    6.2879E+01    2.0169E+01    5.3111E+00    2.2195E+01    7.4662E+00    8.3552E+00   
 8.6156E+01    5.8790E+01    6.7923E+01    2.5877E+01    2.2625E+01    1.8096E+01    8.4372E+01    6.2901E+01    2.0184E+01    5.3111E+00    2.2439E+01    7.3389E+00    8.3552E+00   
 8.6659E+01    5.8790E+01    6.7933E+01    2.5785E+01    2.2642E+01    1.8030E+01    8.4380E+01    6.2901E+01    2.0240E+01    5.3111E+00    2.2500E+01    7.3287E+00    8.4887E+00   
 8.7161E+01    5.8788E+01    6.7924E+01    2.5727E+01    2.2631E+01    1.8024E+01    8.4369E+01    6.2923E+01    2.0245E+01    5.3111E+00    2.2480E+01    7.3593E+00    8.0791E+00   
 8.7664E+01    5.8802E+01    6.7917E+01    2.5714E+01    2.2631E+01    1.8040E+01    8.4369E+01    6.2928E+01    2.0245E+01    5.3111E+00    2.2480E+01    7.6444E+00    8.6193E+00   
 8.8237E+01    5.8802E+01    6.7917E+01    2.5754E+01    2.2642E+01    1.8031E+01    8.4375E+01    6.2937E+01    2.0263E+01    5.3111E+00    2.2480E+01    7.6495E+00    8.0791E+00   
 8.8739E+01    5.8805E+01    6.7925E+01    2.5783E+01    2.2731E+01    1.8057E+01    8.4383E+01    6.2952E+01    2.0268E+01    5.3111E+00    2.2459E+01    7.5884E+00    8.0791E+00   
 8.9241E+01    5.8817E+01    6.7927E+01    2.5783E+01    2.2713E+01    1.8057E+01    8.4375E+01    6.2952E+01    2.0283E+01    5.3111E+00    2.2419E+01    7.3542E+00    8.2188E+00   
 8.9747E+01    5.8832E+01    6.7953E+01    2.5779E+01    2.2657E+01    1.8162E+01    8.4395E+01    6.2982E+01    2.0299E+01    5.3315E+00    2.2439E+01    7.6444E+00    8.4887E+00   
 9.0309E+01    5.8811E+01    6.7957E+01    2.5781E+01    2.2737E+01    1.8163E+01    8.4370E+01    6.2998E+01    2.0325E+01    5.3111E+00    2.2215E+01    7.4916E+00    8.2188E+00   
 9.0811E+01    5.8834E+01    6.7958E+01    2.5824E+01    2.2737E+01    1.8104E+01    8.4384E+01    6.3028E+01    2.0341E+01    5.3111E+00    2.2276E+01    7.4815E+00    8.2188E+00   
 9.1314E+01    5.8842E+01    6.7958E+01    2.5815E+01    2.2670E+01    1.8082E+01    8.4386E+01    6.3035E+01    2.0359E+01    5.3111E+00    2.2215E+01    7.3338E+00    8.3552E+00   
 9.1816E+01    5.8853E+01    6.7975E+01    2.5831E+01    2.2728E+01    1.8082E+01    8.4396E+01    6.3062E+01    2.0379E+01    5.3111E+00    2.2419E+01    7.3287E+00    8.0791E+00   
 9.2405E+01    5.8857E+01    6.7972E+01    2.5837E+01    2.2712E+01    1.8114E+01    8.4389E+01    6.3062E+01    2.0400E+01    5.3111E+00    2.2337E+01    7.5731E+00    8.3552E+00   
 9.2908E+01    5.8857E+01    6.7972E+01    2.5868E+01    2.2674E+01    1.8102E+01    8.4394E+01    6.3069E+01    2.0401E+01    5.3111E+00    2.2337E+01    7.6291E+00    8.3552E+00   
 9.3410E+01    5.8871E+01    6.7989E+01    2.5831E+01    2.2674E+01    1.8075E+01    8.4394E+01    6.3081E+01    2.0422E+01    5.3315E+00    2.2174E+01    7.4407E+00    8.4887E+00   
# Time (s)      T1w (C)       T2w (C)       T1a (C)       T2a (C)       T1r (C)       T2r (C)       T3r (C)       T4r (C)       P1 (bar)      P2 (bar)      Ic (amp)      Qc (l/min)    
 9.3912E+01    5.8870E+01    6.7989E+01    2.5779E+01    2.2784E+01    1.8061E+01    8.4406E+01    6.3099E+01    2.0422E+01    5.3111E+00    2.2480E+01    7.3491E+00    8.2188E+00   
 9.4501E+01    5.8874E+01    6.7989E+01    2.5807E+01    2.2743E+01    1.8025E+01    8.4432E+01    6.3128E+01    2.0463E+01    5.3111E+00    2.2500E+01    7.5935E+00    8.0791E+00   
 9.5007E+01    5.8888E+01    6.8013E+01    2.5787E+01    2.2790E+01    1.8001E+01    8.4461E+01    6.3124E+01    2.0474E+01    5.3315E+00    2.2317E+01    7.6189E+00    8.2188E+00   
 9.5510E+01    5.8888E+01    6.8007E+01    2.5787E+01    2.2824E+01    1.8001E+01    8.4483E+01    6.3124E+01    2.0476E+01    5.3315E+00    2.2317E+01    7.3695E+00    8.2188E+00   
 9.6012E+01    5.8903E+01    6.8016E+01    2.5752E+01    2.2745E+01    1.8036E+01    8.4510E+01    6.3146E+01    2.0499E+01    5.3315E+00    2.2358E+01    7.3949E+00    8.2188E+00   
 9.6622E+01    5.8894E+01    6.8020E+01    2.5816E+01    2.2733E+01    1.8074E+01    8.4544E+01    6.3174E+01    2.0517E+01    5.3315E+00    2.2276E+01    7.5476E+00    8.2188E+00   
 9.7125E+01    5.8911E+01    6.8026E+01    2.5810E+01    2.2749E+01    1.8124E+01    8.4558E+01    6.3187E+01    2.0553E+01    5.3111E+00    2.2296E+01    7.6596E+00    8.2188E+00   
 9.7627E+01    5.8923E+01    6.8026E+01    2.5603E+01    2.2720E+01    1.8144E+01    8.4582E+01    6.3193E+01    2.0553E+01    5.3315E+00    2.2480E+01    7.6596E+00    8.2188E+00   
 9.8130E+01    5.8933E+01    6.8030E+01    2.5603E+01    2.2761E+01    1.8144E+01    8.4586E+01    6.3205E+01    2.0537E+01    5.3315E+00    2.2500E+01    7.5731E+00    8.2188E+00   
 9.8694E+01    5.8933E+01    6.8044E+01    2.5490E+01    2.2736E+01    1.8148E+01    8.4602E+01    6.3205E+01    2.0531E+01    5.3315E+00    2.2276E+01    7.3389E+00    8.2188E+00   
 9.9196E+01    5.8933E+01    6.8035E+01    2.5531E+01    2.2845E+01    1.8095E+01    8.4607E+01    6.3221E+01    2.0545E+01    5.3111E+00    2.2358E+01    7.3389E+00    8.0791E+00   
 9.9699E+01    5.8944E+01    6.8042E+01    2.5542E+01    2.2845E+01    1.8038E+01    8.4607E+01    6.3241E+01    2.0551E+01    5.3111E+00    2.2317E+01    7.6545E+00    8.0791E+00   
 1.0020E+02    5.8951E+01    6.8042E+01    2.5679E+01    2.2762E+01    1.7994E+01    8.4598E+01    6.3243E+01    2.0551E+01    5.3315E+00    2.2541E+01    7.3440E+00    8.4887E+00   
 1.0079E+02    5.8953E+01    6.8058E+01    2.5738E+01    2.2760E+01    1.7994E+01    8.4578E+01    6.3256E+01    2.0569E+01    5.3315E+00    2.2500E+01    7.3389E+00    8.2188E+00   
 1.0129E+02    5.8944E+01    6.8063E+01    2.5738E+01    2.2769E+01    1.7994E+01    8.4572E+01    6.3267E+01    2.0578E+01    5.3315E+00    2.2500E+01    7.4000E+00    8.3552E+00   
 1.0180E+02    5.8944E+01    6.8070E+01    2.5767E+01    2.2760E+01    1.7994E+01    8.4583E+01    6.3267E+01    2.0576E+01    5.3315E+00    2.2459E+01    7.6291E+00    8.2188E+00   
 1.0230E+02    5.8970E+01    6.8063E+01    2.5811E+01    2.2743E+01    1.7996E+01    8.4590E+01    6.3269E+01    2.0576E+01    5.3315E+00    2.2378E+01    7.6240E+00    8.2188E+00   
 1.0286E+02    5.8971E+01    6.8079E+01    2.5906E+01    2.2743E+01    1.7954E+01    8.4591E+01    6.3260E+01    2.0558E+01    5.3315E+00    2.2317E+01    7.3542E+00    8.2188E+00   
 1.0337E+02    5.8976E+01    6.8060E+01    2.5989E+01    2.2676E+01    1.7963E+01    8.4591E+01    6.3274E+01    2.0558E+01    5.3315E+00    2.2296E+01    7.3491E+00    8.2188E+00   
 1.0387E+02    5.8965E+01    6.8046E+01    2.5970E+01    2.2725E+01    1.7969E+01    8.4578E+01    6.3270E+01    2.0542E+01    5.3315E+00    2.2235E+01    7.6647E+00    8.4887E+00   
 1.0437E+02    5.8973E+01    6.8076E+01    2.5970E+01    2.2765E+01    1.7969E+01    8.4589E+01    6.3271E+01    2.0520E+01    5.3315E+00    2.2439E+01    7.4713E+00    8.4887E+00   
 1.0496E+02    5.8985E+01    6.8086E+01    2.5986E+01    2.2741E+01    1.7958E+01    8.4578E+01    6.3271E+01    2.0518E+01    5.3111E+00    2.2480E+01    7.6647E+00    8.2188E+00   
 1.0546E+02    5.8985E+01    6.8082E+01    2.5981E+01    2.2809E+01    1.7953E+01    8.4604E+01    6.3272E+01    2.0525E+01    5.3315E+00    2.2378E+01    7.3644E+00    8.2188E+00   
 1.0597E+02    5.8990E+01    6.8083E+01    2.5953E+01    2.2809E+01    1.7917E+01    8.4590E+01    6.3268E+01    2.0514E+01    5.3315E+00    2.2235E+01    7.3440E+00    8.6193E+00   
 1.0648E+02    5.9000E+01    6.8083E+01    2.5959E+01    2.2730E+01    1.7900E+01    8.4591E+01    6.3275E+01    2.0514E+01    5.3315E+00    2.2378E+01    7.5426E+00    8.2188E+00   
 1.0703E+02    5.9018E+01    6.8088E+01    2.5974E+01    2.2768E+01    1.7920E+01    8.4633E+01    6.3272E+01    2.0508E+01    5.3315E+00    2.2317E+01    7.3389E+00    8.4887E+00   
 1.0753E+02    5.9013E+01    6.8095E+01    2.5974E+01    2.2793E+01    1.7920E+01    8.4622E+01    6.3291E+01    2.0507E+01    5.3315E+00    2.2378E+01    7.3949E+00    8.2188E+00   
 1.0804E+02    5.9028E+01    6.8113E+01    2.5996E+01    2.2667E+01    1.7905E+01    8.4603E+01    6.3276E+01    2.0496E+01    5.3315E+00    2.2500E+01    7.6444E+00    8.4887E+00   
 1.0854E+02    5.9017E+01    6.8120E+01    2.5987E+01    2.2663E+01    1.7913E+01    8.4629E+01    6.3283E+01    2.0460E+01    5.3315E+00    2.2561E+01    7.4153E+00    8.3552E+00   
 1.0911E+02    5.9041E+01    6.8134E+01    2.5994E+01    2.2663E+01    1.7915E+01    8.4615E+01    6.3256E+01    2.0425E+01    5.3315E+00    2.2541E+01    7.5578E+00    8.3552E+00   
# Time (s)      T1w (C)       T2w (C)       T1a (C)       T2a (C)       T1r (C)       T2r (C)       T3r (C)       T4r (C)       P1 (bar)      P2 (bar)      Ic (amp)      Qc (l/min)    
 1.0961E+02    5.9044E+01    6.8134E+01    2.6034E+01    2.2728E+01    1.7915E+01    8.4618E+01    6.3281E+01    2.0425E+01    5.3315E+00    2.2378E+01    7.6800E+00    8.3552E+00   
 1.1012E+02    5.9035E+01    6.8134E+01    2.5946E+01    2.2661E+01    1.7887E+01    8.4621E+01    6.3270E+01    2.0426E+01    5.3315E+00    2.2419E+01    7.3644E+00    8.0791E+00   
 1.1062E+02    5.9029E+01    6.8137E+01    2.5946E+01    2.2723E+01    1.7887E+01    8.4596E+01    6.3270E+01    2.0402E+01    5.3315E+00    2.2643E+01    7.3695E+00    8.3552E+00   
 1.1118E+02    5.9029E+01    6.8147E+01    2.5912E+01    2.2695E+01    1.7851E+01    8.4590E+01    6.3256E+01    2.0384E+01    5.3315E+00    2.2561E+01    7.4306E+00    8.3552E+00   
 1.1169E+02    5.9034E+01    6.8162E+01    2.5903E+01    2.2551E+01    1.7851E+01    8.4607E+01    6.3255E+01    2.0384E+01    5.3315E+00    2.2500E+01    7.6342E+00    8.3552E+00   
 1.1219E+02    5.9065E+01    6.8151E+01    2.5921E+01    2.2551E+01    1.7874E+01    8.4607E+01    6.3255E+01    2.0384E+01    5.3315E+00    2.2398E+01    7.6495E+00    8.2188E+00   
 1.1269E+02    5.9044E+01    6.8151E+01    2.5938E+01    2.2687E+01    1.7864E+01    8.4616E+01    6.3254E+01    2.0374E+01    5.3111E+00    2.2358E+01    7.6545E+00    8.3552E+00   
 1.1328E+02    5.9059E+01    6.8179E+01    2.5994E+01    2.2677E+01    1.7838E+01    8.4607E+01    6.3243E+01    2.0363E+01    5.3315E+00    2.2581E+01    7.3695E+00    8.2188E+00   
 1.1378E+02    5.9051E+01    6.8184E+01    2.5994E+01    2.2561E+01    1.7838E+01    8.4618E+01    6.3243E+01    2.0366E+01    5.3315E+00    2.2643E+01    7.6851E+00    8.4887E+00   
 1.1429E+02    5.9051E+01    6.8182E+01    2.6048E+01    2.2639E+01    1.7861E+01    8.4625E+01    6.3257E+01    2.0376E+01    5.3315E+00    2.2581E+01    7.3796E+00    8.3552E+00   
 1.1479E+02    5.9059E+01    6.8189E+01    2.6083E+01    2.2639E+01    1.7889E+01    8.4625E+01    6.3268E+01    2.0339E+01    5.3315E+00    2.2480E+01    7.3796E+00    8.3552E+00   
 1.1536E+02    5.9062E+01    6.8185E+01    2.6173E+01    2.2618E+01    1.7877E+01    8.4636E+01    6.3263E+01    2.0350E+01    5.3315E+00    2.2520E+01    7.6800E+00    7.9360E+00   
 1.1586E+02    5.9066E+01    6.8185E+01    2.6132E+01    2.2631E+01    1.7906E+01    8.4669E+01    6.3251E+01    2.0350E+01    5.3315E+00    2.2581E+01    7.3796E+00    8.3552E+00   
 1.1637E+02    5.9093E+01    6.8210E+01    2.6132E+01    2.2692E+01    1.7906E+01    8.4675E+01    6.3260E+01    2.0338E+01    5.3315E+00    2.2643E+01    7.6902E+00    8.0791E+00   
 1.1687E+02    5.9093E+01    6.8203E+01    2.6237E+01    2.2680E+01    1.7918E+01    8.4666E+01    6.3260E+01    2.0345E+01    5.3315E+00    2.2480E+01    7.5222E+00    8.4887E+00   
 1.1747E+02    5.9088E+01    6.8210E+01    2.6174E+01    2.2710E+01    1.7909E+01    8.4677E+01    6.3253E+01    2.0323E+01    5.3111E+00    2.2480E+01    7.6495E+00    8.0791E+00   
 1.1797E+02    5.9107E+01    6.8217E+01    2.6181E+01    2.2669E+01    1.7867E+01    8.4656E+01    6.3228E+01    2.0313E+01    5.3315E+00    2.2439E+01    7.3593E+00    8.4887E+00   
 1.1848E+02    5.9094E+01    6.8230E+01    2.6294E+01    2.2669E+01    1.7843E+01    8.4656E+01    6.3239E+01    2.0305E+01    5.3315E+00    2.2480E+01    7.3644E+00    8.2188E+00   
 1.1898E+02    5.9104E+01    6.8230E+01    2.6203E+01    2.2717E+01    1.7838E+01    8.4657E+01    6.3235E+01    2.0305E+01    5.3315E+00    2.2520E+01    7.6240E+00    8.2188E+00   
 1.1955E+02    5.9099E+01    6.8229E+01    2.6050E+01    2.2659E+01    1.7892E+01    8.4665E+01    6.3229E+01    2.0291E+01    5.3519E+00    2.2520E+01    7.3644E+00    8.2188E+00   
 1.2005E+02    5.9119E+01    6.8231E+01    2.6050E+01    2.2668E+01    1.7892E+01    8.4661E+01    6.3237E+01    2.0295E+01    5.3315E+00    2.2337E+01    7.3644E+00    8.3552E+00   
 1.2055E+02    5.9119E+01    6.8236E+01    2.5971E+01    2.2619E+01    1.7932E+01    8.4675E+01    6.3237E+01    2.0293E+01    5.3315E+00    2.2622E+01    7.3695E+00    8.4887E+00   
 1.2105E+02    5.9119E+01    6.8245E+01    2.5903E+01    2.2619E+01    1.7960E+01    8.4675E+01    6.3238E+01    2.0263E+01    5.3315E+00    2.2602E+01    7.4102E+00    8.2188E+00   
 1.2164E+02    5.9128E+01    6.8264E+01    2.5909E+01    2.2567E+01    1.7951E+01    8.4684E+01    6.3246E+01    2.0265E+01    5.3111E+00    2.2419E+01    7.3695E+00    8.4887E+00   
 1.2214E+02    5.9111E+01    6.8250E+01    2.5910E+01    2.2556E+01    1.7954E+01    8.4691E+01    6.3226E+01    2.0265E+01    5.3315E+00    2.2337E+01    7.5680E+00    8.3552E+00   
 1.2265E+02    5.9113E+01    6.8236E+01    2.5910E+01    2.2573E+01    1.7954E+01    8.4692E+01    6.3222E+01    2.0261E+01    5.3315E+00    2.2643E+01    7.3695E+00    8.2188E+00   
 1.2315E+02    5.9098E+01    6.8245E+01    2.5887E+01    2.2626E+01    1.7959E+01    8.4691E+01    6.3222E+01    2.0262E+01    5.3315E+00    2.2337E+01    7.6902E+00    8.2188E+00   
 1.2371E+02    5.9116E+01    6.8239E+01    2.5930E+01    2.2609E+01    1.7926E+01    8.4698E+01    6.3227E+01    2.0255E+01    5.3315E+00    2.2500E+01    7.4764E+00    8.4887E+00   
 1.2422E+02    5.9115E+01    6.8246E+01    2.5895E+01    2.2609E+01    1.7891E+01    8.4698E+01    6.3228E+01    2.0259E+01    5.3315E+00    2.2378E+01    7.6800E+00    8.4887E+00   
 1.2472E+02    5.9119E+01    6.8246E+01    2.5967E+01    2.2644E+01    1.7871E+01    8.4711E+01    6.3206E+01    2.0259E+01    5.3111E+00    2.2419E+01    7.5222E+00    8.3552E+00   
# Time (s)      T1w (C)       T2w (C)       T1a (C)       T2a (C)       T1r (C)       T2r (C)       T3r (C)       T4r (C)       P1 (bar)      P2 (bar)      Ic (amp)      Qc (l/min)    
 1.2522E+02    5.9122E+01    6.8259E+01    2.5978E+01    2.2681E+01    1.7870E+01    8.4707E+01    6.3220E+01    2.0256E+01    5.3315E+00    2.2683E+01    7.3796E+00    8.2188E+00   
 1.2581E+02    5.9123E+01    6.8267E+01    2.5917E+01    2.2661E+01    1.7870E+01    8.4716E+01    6.3218E+01    2.0256E+01    5.3315E+00    2.2378E+01    7.3746E+00    8.0791E+00   
 1.2631E+02    5.9114E+01    6.8266E+01    2.5917E+01    2.2681E+01    1.7871E+01    8.4696E+01    6.3204E+01    2.0221E+01    5.3315E+00    2.2439E+01    7.6698E+00    8.3552E+00   
 1.2682E+02    5.9114E+01    6.8274E+01    2.5893E+01    2.2694E+01    1.7913E+01    8.4685E+01    6.3205E+01    2.0227E+01    5.3111E+00    2.2602E+01    7.4866E+00    8.4887E+00   
 1.2732E+02    5.9139E+01    6.8275E+01    2.6037E+01    2.2709E+01    1.7885E+01    8.4671E+01    6.3192E+01    2.0201E+01    5.3315E+00    2.2643E+01    7.3796E+00    8.4887E+00   
 1.2788E+02    5.9151E+01    6.8299E+01    2.5995E+01    2.2782E+01    1.7904E+01    8.4664E+01    6.3195E+01    2.0201E+01    5.3315E+00    2.2561E+01    7.4204E+00    8.4887E+00   
 1.2839E+02    5.9132E+01    6.8284E+01    2.5937E+01    2.2720E+01    1.7946E+01    8.4667E+01    6.3194E+01    2.0214E+01    5.3111E+00    2.2643E+01    7.3746E+00    8.3552E+00   
 1.2889E+02    5.9150E+01    6.8278E+01    2.5937E+01    2.2657E+01    1.7946E+01    8.4683E+01    6.3192E+01    2.0210E+01    5.3315E+00    2.2358E+01    7.6545E+00    8.3552E+00   
 1.2940E+02    5.9135E+01    6.8277E+01    2.5860E+01    2.2684E+01    1.7984E+01    8.4695E+01    6.3192E+01    2.0210E+01    5.3315E+00    2.2378E+01    7.4255E+00    8.2188E+00   
 1.2999E+02    5.9142E+01    6.8276E+01    2.5814E+01    2.2652E+01    1.7984E+01    8.4701E+01    6.3215E+01    2.0230E+01    5.3315E+00    2.2561E+01    7.3898E+00    8.6193E+00   
 1.3049E+02    5.9147E+01    6.8289E+01    2.5865E+01    2.2652E+01    1.8023E+01    8.4701E+01    6.3226E+01    2.0234E+01    5.3315E+00    2.2622E+01    7.4000E+00    8.2188E+00   
 1.3100E+02    5.9141E+01    6.8275E+01    2.5841E+01    2.2611E+01    1.8050E+01    8.4691E+01    6.3247E+01    2.0250E+01    5.3111E+00    2.2500E+01    7.3593E+00    8.6193E+00   
 1.3150E+02    5.9134E+01    6.8275E+01    2.5985E+01    2.2658E+01    1.8047E+01    8.4720E+01    6.3255E+01    2.0253E+01    5.3315E+00    2.2419E+01    7.6393E+00    8.2188E+00   
 1.3206E+02    5.9137E+01    6.8284E+01    2.5985E+01    2.2671E+01    1.8031E+01    8.4696E+01    6.3247E+01    2.0241E+01    5.3315E+00    2.2602E+01    7.5375E+00    7.9360E+00   
 1.3256E+02    5.9137E+01    6.8278E+01    2.6269E+01    2.2759E+01    1.8039E+01    8.4706E+01    6.3247E+01    2.0255E+01    5.3315E+00    2.2480E+01    7.3796E+00    8.3552E+00   
 1.3306E+02    5.9154E+01    6.8293E+01    2.6177E+01    2.2652E+01    1.8028E+01    8.4709E+01    6.3215E+01    2.0260E+01    5.3111E+00    2.2663E+01    7.3847E+00    8.6193E+00   
 1.3357E+02    5.9164E+01    6.8292E+01    2.6369E+01    2.2652E+01    1.8018E+01    8.4709E+01    6.3254E+01    2.0252E+01    5.3111E+00    2.2378E+01    7.7004E+00    8.0791E+00   
 1.3416E+02    5.9186E+01    6.8299E+01    2.6091E+01    2.2763E+01    1.8027E+01    8.4693E+01    6.3240E+01    2.0236E+01    5.3111E+00    2.2480E+01    7.5833E+00    8.3552E+00   
 1.3466E+02    5.9166E+01    6.8299E+01    2.6053E+01    2.2710E+01    1.8061E+01    8.4692E+01    6.3252E+01    2.0266E+01    5.3111E+00    2.2480E+01    7.3796E+00    8.3552E+00   
 1.3516E+02    5.9178E+01    6.8303E+01    2.6053E+01    2.2606E+01    1.8061E+01    8.4712E+01    6.3261E+01    2.0260E+01    5.3111E+00    2.2520E+01    7.5731E+00    8.2188E+00   
 1.3567E+02    5.9178E+01    6.8303E+01    2.5959E+01    2.2681E+01    1.8049E+01    8.4717E+01    6.3261E+01    2.0273E+01    5.3111E+00    2.2500E+01    7.7055E+00    8.2188E+00   
 1.3624E+02    5.9191E+01    6.8327E+01    2.5956E+01    2.2618E+01    1.8059E+01    8.4757E+01    6.3296E+01    2.0303E+01    5.3315E+00    2.2439E+01    7.3746E+00    8.4887E+00   
 1.3674E+02    5.9197E+01    6.8316E+01    2.6199E+01    2.2618E+01    1.8055E+01    8.4757E+01    6.3321E+01    2.0333E+01    5.3111E+00    2.2683E+01    7.4458E+00    8.2188E+00   
 1.3724E+02    5.9205E+01    6.8316E+01    2.6460E+01    2.2671E+01    1.8037E+01    8.4788E+01    6.3337E+01    2.0349E+01    5.3315E+00    2.2561E+01    7.3695E+00    8.4887E+00   
 1.3774E+02    5.9190E+01    6.8334E+01    2.6460E+01    2.2623E+01    1.8037E+01    8.4784E+01    6.3358E+01    2.0360E+01    5.3111E+00    2.2358E+01    7.3695E+00    8.3552E+00   
 1.3835E+02    5.9207E+01    6.8335E+01    2.6589E+01    2.2637E+01    1.7999E+01    8.4820E+01    6.3381E+01    2.0403E+01    5.3315E+00    2.2683E+01    7.6393E+00    8.4887E+00   
 1.3885E+02    5.9207E+01    6.8325E+01    2.6668E+01    2.2754E+01    1.7962E+01    8.4839E+01    6.3381E+01    2.0413E+01    5.3111E+00    2.2500E+01    7.6393E+00    8.0791E+00   
 1.3935E+02    5.9217E+01    6.8353E+01    2.6537E+01    2.2787E+01    1.7953E+01    8.4832E+01    6.3388E+01    2.0419E+01    5.3315E+00    2.2622E+01    7.6545E+00    8.2188E+00   
 1.3986E+02    5.9215E+01    6.8355E+01    2.6455E+01    2.2787E+01    1.7964E+01    8.4832E+01    6.3402E+01    2.0455E+01    5.3315E+00    2.2704E+01    7.4407E+00    8.3552E+00   
 1.4043E+02    5.9214E+01    6.8352E+01    2.6366E+01    2.2769E+01    1.7957E+01    8.4857E+01    6.3403E+01    2.0455E+01    5.3315E+00    2.2602E+01    7.7105E+00    8.4887E+00   
# Time (s)      T1w (C)       T2w (C)       T1a (C)       T2a (C)       T1r (C)       T2r (C)       T3r (C)       T4r (C)       P1 (bar)      P2 (bar)      Ic (amp)      Qc (l/min)    
 1.4093E+02    5.9204E+01    6.8352E+01    2.6255E+01    2.2763E+01    1.7982E+01    8.4850E+01    6.3420E+01    2.0463E+01    5.3315E+00    2.2663E+01    7.6087E+00    8.4887E+00   
 1.4144E+02    5.9227E+01    6.8341E+01    2.6255E+01    2.2686E+01    1.7982E+01    8.4854E+01    6.3422E+01    2.0469E+01    5.3315E+00    2.2398E+01    7.3644E+00    8.2188E+00   
 1.4194E+02    5.9227E+01    6.8341E+01    2.6140E+01    2.2731E+01    1.8007E+01    8.4863E+01    6.3422E+01    2.0482E+01    5.3111E+00    2.2378E+01    7.7004E+00    8.3552E+00   
 1.4253E+02    5.9228E+01    6.8334E+01    2.6155E+01    2.2742E+01    1.7991E+01    8.4866E+01    6.3440E+01    2.0475E+01    5.3315E+00    2.2683E+01    7.3949E+00    8.3552E+00   
 1.4304E+02    5.9223E+01    6.8330E+01    2.6208E+01    2.2742E+01    1.7986E+01    8.4866E+01    6.3449E+01    2.0490E+01    5.3315E+00    2.2541E+01    7.3898E+00    8.4887E+00   
 1.4354E+02    5.9226E+01    6.8330E+01    2.6133E+01    2.2758E+01    1.8001E+01    8.4848E+01    6.3456E+01    2.0490E+01    5.3111E+00    2.2622E+01    7.3898E+00    8.2188E+00   
 1.4404E+02    5.9247E+01    6.8347E+01    2.6133E+01    2.2737E+01    1.8001E+01    8.4843E+01    6.3461E+01    2.0502E+01    5.3315E+00    2.2683E+01    7.5680E+00    8.3552E+00   
 1.4460E+02    5.9239E+01    6.8343E+01    2.6197E+01    2.2800E+01    1.7994E+01    8.4856E+01    6.3471E+01    2.0497E+01    5.3315E+00    2.2378E+01    7.3847E+00    8.2188E+00   
 1.4511E+02    5.9239E+01    6.8364E+01    2.6078E+01    2.2822E+01    1.7971E+01    8.4857E+01    6.3471E+01    2.0514E+01    5.3315E+00    2.2602E+01    7.4509E+00    7.9360E+00   
 1.4561E+02    5.9246E+01    6.8373E+01    2.6052E+01    2.2822E+01    1.7978E+01    8.4857E+01    6.3477E+01    2.0505E+01    5.3315E+00    2.2581E+01    7.4356E+00    8.0791E+00   
 1.4612E+02    5.9257E+01    6.8386E+01    2.6024E+01    2.2826E+01    1.8012E+01    8.4882E+01    6.3495E+01    2.0505E+01    5.3315E+00    2.2724E+01    7.3898E+00    8.2188E+00   
 1.4670E+02    5.9245E+01    6.8376E+01    2.6005E+01    2.2750E+01    1.8022E+01    8.4853E+01    6.3493E+01    2.0480E+01    5.3315E+00    2.2643E+01    7.3898E+00    8.3552E+00   
 1.4720E+02    5.9253E+01    6.8376E+01    2.6005E+01    2.2710E+01    1.8038E+01    8.4877E+01    6.3516E+01    2.0499E+01    5.3315E+00    2.2378E+01    7.3796E+00    8.3552E+00   
 1.4771E+02    5.9275E+01    6.8380E+01    2.6017E+01    2.2719E+01    1.8024E+01    8.4900E+01    6.3516E+01    2.0482E+01    5.3315E+00    2.2704E+01    7.4815E+00    8.2188E+00   
 1.4821E+02    5.9275E+01    6.8393E+01    2.5955E+01    2.2732E+01    1.7982E+01    8.4895E+01    6.3504E+01    2.0477E+01    5.3315E+00    2.2663E+01    7.4662E+00    8.3552E+00   
 1.4877E+02    5.9256E+01    6.8393E+01    2.5956E+01    2.2743E+01    1.7985E+01    8.4918E+01    6.3517E+01    2.0488E+01    5.3315E+00    2.2520E+01    7.3898E+00    8.2188E+00   
 1.4928E+02    5.9269E+01    6.8399E+01    2.6063E+01    2.2743E+01    1.7926E+01    8.4918E+01    6.3509E+01    2.0488E+01    5.3315E+00    2.2704E+01    7.5833E+00    8.0791E+00   
 1.4978E+02    5.9260E+01    6.8399E+01    2.6032E+01    2.2732E+01    1.7928E+01    8.4918E+01    6.3509E+01    2.0465E+01    5.3315E+00    2.2480E+01    7.3796E+00    8.3552E+00   
 1.5028E+02    5.9285E+01    6.8391E+01    2.6032E+01    2.2800E+01    1.7928E+01    8.4926E+01    6.3510E+01    2.0489E+01    5.3315E+00    2.2459E+01    7.4000E+00    8.2188E+00   
 1.5085E+02    5.9286E+01    6.8400E+01    2.6080E+01    2.2844E+01    1.7918E+01    8.4929E+01    6.3528E+01    2.0480E+01    5.3315E+00    2.2459E+01    7.6138E+00    8.2188E+00   
 1.5136E+02    5.9286E+01    6.8418E+01    2.6080E+01    2.2903E+01    1.7899E+01    8.4907E+01    6.3514E+01    2.0473E+01    5.3315E+00    2.2622E+01    7.4255E+00    7.9360E+00   
 1.5186E+02    5.9272E+01    6.8395E+01    2.6027E+01    2.2903E+01    1.7895E+01    8.4907E+01    6.3505E+01    2.0474E+01    5.3315E+00    2.2663E+01    7.4255E+00    8.0791E+00   
 1.5237E+02    5.9298E+01    6.8424E+01    2.5998E+01    2.2710E+01    1.7884E+01    8.4939E+01    6.3522E+01    2.0474E+01    5.3315E+00    2.2704E+01    7.6138E+00    8.0791E+00   
 1.5293E+02    5.9309E+01    6.8424E+01    2.5989E+01    2.2787E+01    1.7877E+01    8.4936E+01    6.3527E+01    2.0466E+01    5.3315E+00    2.2643E+01    7.4713E+00    8.4887E+00   
 1.5343E+02    5.9304E+01    6.8416E+01    2.5989E+01    2.2721E+01    1.7877E+01    8.4926E+01    6.3517E+01    2.0453E+01    5.3315E+00    2.2581E+01    7.3898E+00    8.0791E+00   
 1.5393E+02    5.9304E+01    6.8410E+01    2.5980E+01    2.2747E+01    1.7853E+01    8.4941E+01    6.3517E+01    2.0464E+01    5.3315E+00    2.2704E+01    7.6902E+00    8.3552E+00   
 1.5443E+02    5.9302E+01    6.8428E+01    2.6018E+01    2.2785E+01    1.7873E+01    8.4941E+01    6.3533E+01    2.0475E+01    5.3315E+00    2.2724E+01    7.4560E+00    8.3552E+00   
 1.5502E+02    5.9320E+01    6.8416E+01    2.5894E+01    2.2785E+01    1.7869E+01    8.4941E+01    6.3555E+01    2.0463E+01    5.3315E+00    2.2561E+01    7.5273E+00    8.2188E+00   
 1.5552E+02    5.9316E+01    6.8421E+01    2.5833E+01    2.2764E+01    1.7892E+01    8.4956E+01    6.3555E+01    2.0463E+01    5.3315E+00    2.2704E+01    7.5273E+00    8.3552E+00   
 1.5603E+02    5.9330E+01    6.8421E+01    2.5833E+01    2.2765E+01    1.7887E+01    8.4985E+01    6.3549E+01    2.0451E+01    5.3315E+00    2.2520E+01    7.7207E+00    8.3552E+00   
# Time (s)      T1w (C)       T2w (C)       T1a (C)       T2a (C)       T1r (C)       T2r (C)       T3r (C)       T4r (C)       P1 (bar)      P2 (bar)      Ic (amp)      Qc (l/min)    
 1.5653E+02    5.9357E+01    6.8418E+01    2.5839E+01    2.2719E+01    1.7903E+01    8.5010E+01    6.3577E+01    2.0478E+01    5.3315E+00    2.2704E+01    7.6393E+00    8.2188E+00   
 1.5710E+02    5.9363E+01    6.8422E+01    2.5830E+01    2.2753E+01    1.7889E+01    8.4980E+01    6.3577E+01    2.0468E+01    5.3315E+00    2.2480E+01    7.4102E+00    8.0791E+00   
 1.5761E+02    5.9363E+01    6.8427E+01    2.5795E+01    2.2747E+01    1.7923E+01    8.4990E+01    6.3580E+01    2.0489E+01    5.3315E+00    2.2704E+01    7.5629E+00    8.3552E+00   
 1.5811E+02    5.9377E+01    6.8438E+01    2.5759E+01    2.2747E+01    1.7933E+01    8.4990E+01    6.3573E+01    2.0472E+01    5.3315E+00    2.2541E+01    7.4102E+00    8.3552E+00   
 1.5861E+02    5.9401E+01    6.8452E+01    2.5784E+01    2.2732E+01    1.7935E+01    8.5000E+01    6.3576E+01    2.0472E+01    5.3315E+00    2.2704E+01    7.4204E+00    8.3552E+00   
 1.5919E+02    5.9415E+01    6.8452E+01    2.5785E+01    2.2742E+01    1.7941E+01    8.5020E+01    6.3592E+01    2.0468E+01    5.3315E+00    2.2765E+01    7.4560E+00    8.3552E+00   
 1.5969E+02    5.9425E+01    6.8463E+01    2.5785E+01    2.2765E+01    1.7941E+01    8.5032E+01    6.3589E+01    2.0465E+01    5.3315E+00    2.2643E+01    7.4509E+00    8.2188E+00   
 1.6020E+02    5.9425E+01    6.8452E+01    2.5836E+01    2.2821E+01    1.7951E+01    8.5008E+01    6.3589E+01    2.0460E+01    5.3315E+00    2.2439E+01    7.6495E+00    8.2188E+00   
 1.6070E+02    5.9442E+01    6.8484E+01    2.5842E+01    2.2836E+01    1.7934E+01    8.5008E+01    6.3576E+01    2.0444E+01    5.3315E+00    2.2765E+01    7.5171E+00    8.2188E+00   
 1.6126E+02    5.9476E+01    6.8502E+01    2.5776E+01    2.2798E+01    1.7948E+01    8.5007E+01    6.3560E+01    2.0436E+01    5.3315E+00    2.2581E+01    7.4000E+00    8.2188E+00   
 1.6177E+02    5.9463E+01    6.8502E+01    2.5820E+01    2.2871E+01    1.7920E+01    8.5011E+01    6.3554E+01    2.0436E+01    5.3315E+00    2.2541E+01    7.7258E+00    8.4887E+00   
 1.6227E+02    5.9485E+01    6.8509E+01    2.5820E+01    2.2900E+01    1.7920E+01    8.5011E+01    6.3567E+01    2.0433E+01    5.3315E+00    2.2867E+01    7.4356E+00    8.3552E+00   
 1.6277E+02    5.9494E+01    6.8510E+01    2.5846E+01    2.2912E+01    1.7913E+01    8.5033E+01    6.3567E+01    2.0422E+01    5.3315E+00    2.2622E+01    7.4000E+00    8.2188E+00   
 1.6335E+02    5.9494E+01    6.8509E+01    2.5832E+01    2.2861E+01    1.7943E+01    8.5011E+01    6.3554E+01    2.0435E+01    5.3315E+00    2.2541E+01    7.5527E+00    8.0791E+00   
 1.6385E+02    5.9489E+01    6.8505E+01    2.5888E+01    2.2861E+01    1.7961E+01    8.5011E+01    6.3571E+01    2.0419E+01    5.3315E+00    2.2622E+01    7.4000E+00    8.2188E+00   
 1.6436E+02    5.9478E+01    6.8511E+01    2.5910E+01    2.2856E+01    1.7952E+01    8.5019E+01    6.3576E+01    2.0419E+01    5.3519E+00    2.2643E+01    7.5527E+00    8.0791E+00   
 1.6486E+02    5.9494E+01    6.8511E+01    2.5882E+01    2.2846E+01    1.7959E+01    8.5036E+01    6.3565E+01    2.0419E+01    5.3519E+00    2.2805E+01    7.4255E+00    8.3552E+00   
 1.6542E+02    5.9471E+01    6.8485E+01    2.5867E+01    2.2824E+01    1.7977E+01    8.5055E+01    6.3574E+01    2.0400E+01    5.3315E+00    2.2704E+01    7.4255E+00    8.2188E+00   
 1.6593E+02    5.9498E+01    6.8527E+01    2.5782E+01    2.2789E+01    1.7977E+01    8.5038E+01    6.3574E+01    2.0414E+01    5.3315E+00    2.2622E+01    7.4102E+00    8.3552E+00   
 1.6643E+02    5.9498E+01    6.8517E+01    2.5739E+01    2.2823E+01    1.7984E+01    8.5084E+01    6.3561E+01    2.0383E+01    5.3315E+00    2.2785E+01    7.6138E+00    8.3552E+00   
 1.6693E+02    5.9494E+01    6.8536E+01    2.5686E+01    2.2823E+01    1.7989E+01    8.5084E+01    6.3572E+01    2.0393E+01    5.3315E+00    2.2663E+01    7.7462E+00    7.9360E+00   
 1.6751E+02    5.9461E+01    6.8520E+01    2.5620E+01    2.2796E+01    1.8004E+01    8.5068E+01    6.3567E+01    2.0402E+01    5.3315E+00    2.2622E+01    7.6902E+00    8.2188E+00   
 1.6802E+02    5.9474E+01    6.8520E+01    2.5755E+01    2.2841E+01    1.7993E+01    8.5057E+01    6.3554E+01    2.0402E+01    5.3519E+00    2.2785E+01    7.4204E+00    8.2188E+00   
 1.6852E+02    5.9489E+01    6.8524E+01    2.5755E+01    2.2789E+01    1.7993E+01    8.5042E+01    6.3569E+01    2.0367E+01    5.3519E+00    2.2500E+01    7.6749E+00    8.3552E+00   
 1.6902E+02    5.9489E+01    6.8547E+01    2.5861E+01    2.2802E+01    1.7984E+01    8.5021E+01    6.3569E+01    2.0376E+01    5.3315E+00    2.2785E+01    7.7360E+00    8.3552E+00   
 1.6959E+02    5.9496E+01    6.8557E+01    2.5773E+01    2.2760E+01    1.7961E+01    8.5050E+01    6.3558E+01    2.0349E+01    5.3315E+00    2.2704E+01    7.4407E+00    8.0791E+00   
 1.7010E+02    5.9492E+01    6.8569E+01    2.5881E+01    2.2760E+01    1.7984E+01    8.5050E+01    6.3569E+01    2.0351E+01    5.3315E+00    2.2907E+01    7.6851E+00    8.3552E+00   
 1.7060E+02    5.9496E+01    6.8574E+01    2.5986E+01    2.2723E+01    1.7968E+01    8.5043E+01    6.3545E+01    2.0335E+01    5.3315E+00    2.2643E+01    7.4611E+00    8.2188E+00   
 1.7110E+02    5.9478E+01    6.8574E+01    2.5986E+01    2.2787E+01    1.7968E+01    8.5055E+01    6.3548E+01    2.0336E+01    5.3315E+00    2.2663E+01    7.6953E+00    8.3552E+00   
 1.7169E+02    5.9509E+01    6.8603E+01    2.6031E+01    2.2896E+01    1.7945E+01    8.5080E+01    6.3565E+01    2.0336E+01    5.3315E+00    2.2805E+01    7.4306E+00    8.4887E+00   
# Time (s)      T1w (C)       T2w (C)       T1a (C)       T2a (C)       T1r (C)       T2r (C)       T3r (C)       T4r (C)       P1 (bar)      P2 (bar)      Ic (amp)      Qc (l/min)    
 1.7220E+02    5.9498E+01    6.8605E+01    2.6096E+01    2.2854E+01    1.7981E+01    8.5096E+01    6.3565E+01    2.0330E+01    5.3315E+00    2.2785E+01    7.4458E+00    8.2188E+00   
 1.7270E+02    5.9484E+01    6.8596E+01    2.6118E+01    2.2844E+01    1.7978E+01    8.5094E+01    6.3579E+01    2.0314E+01    5.3315E+00    2.2622E+01    7.4407E+00    8.3552E+00   
 1.7320E+02    5.9487E+01    6.8587E+01    2.6244E+01    2.2844E+01    1.8001E+01    8.5094E+01    6.3579E+01    2.0333E+01    5.3315E+00    2.2765E+01    7.4255E+00    8.3552E+00   
 1.7377E+02    5.9500E+01    6.8612E+01    2.6327E+01    2.2841E+01    1.8000E+01    8.5110E+01    6.3585E+01    2.0348E+01    5.3315E+00    2.2663E+01    7.7513E+00    8.3552E+00   
 1.7427E+02    5.9512E+01    6.8612E+01    2.6429E+01    2.2869E+01    1.8010E+01    8.5112E+01    6.3590E+01    2.0337E+01    5.3315E+00    2.2643E+01    7.5833E+00    8.0791E+00   
 1.7478E+02    5.9509E+01    6.8607E+01    2.6414E+01    2.2882E+01    1.8010E+01    8.5135E+01    6.3571E+01    2.0340E+01    5.3315E+00    2.2622E+01    7.6291E+00    8.0791E+00   
 1.7528E+02    5.9509E+01    6.8596E+01    2.6506E+01    2.2924E+01    1.8016E+01    8.5148E+01    6.3571E+01    2.0340E+01    5.3315E+00    2.2683E+01    7.4356E+00    8.0791E+00   
 1.7586E+02    5.9512E+01    6.8617E+01    2.6627E+01    2.2917E+01    1.8000E+01    8.5131E+01    6.3591E+01    2.0360E+01    5.3315E+00    2.2826E+01    7.4356E+00    8.4887E+00   
 1.7636E+02    5.9518E+01    6.8612E+01    2.6585E+01    2.2917E+01    1.8022E+01    8.5117E+01    6.3577E+01    2.0344E+01    5.3315E+00    2.2602E+01    7.7411E+00    8.3552E+00   
 1.7686E+02    5.9524E+01    6.8612E+01    2.6486E+01    2.2876E+01    1.7985E+01    8.5136E+01    6.3573E+01    2.0344E+01    5.3315E+00    2.2744E+01    7.4407E+00    8.3552E+00   
 1.7737E+02    5.9541E+01    6.8616E+01    2.6486E+01    2.2937E+01    1.7969E+01    8.5128E+01    6.3563E+01    2.0347E+01    5.3315E+00    2.2561E+01    7.6444E+00    8.3552E+00   
 1.7794E+02    5.9553E+01    6.8643E+01    2.6456E+01    2.2823E+01    1.7994E+01    8.5159E+01    6.3565E+01    2.0330E+01    5.3315E+00    2.2805E+01    7.7309E+00    8.4887E+00   
 1.7844E+02    5.9553E+01    6.8649E+01    2.6230E+01    2.2974E+01    1.8015E+01    8.5172E+01    6.3565E+01    2.0349E+01    5.3519E+00    2.2541E+01    7.4815E+00    8.3552E+00   
 1.7894E+02    5.9540E+01    6.8632E+01    2.6172E+01    2.2974E+01    1.7999E+01    8.5172E+01    6.3582E+01    2.0345E+01    5.3315E+00    2.2826E+01    7.7156E+00    8.3552E+00   
 1.7945E+02    5.9541E+01    6.8637E+01    2.6162E+01    2.2832E+01    1.8026E+01    8.5162E+01    6.3582E+01    2.0356E+01    5.3519E+00    2.2622E+01    7.4662E+00    8.2188E+00   
 1.8003E+02    5.9559E+01    6.8637E+01    2.6095E+01    2.2844E+01    1.8057E+01    8.5178E+01    6.3587E+01    2.0356E+01    5.3315E+00    2.2846E+01    7.4356E+00    8.0791E+00   
 1.8053E+02    5.9564E+01    6.8651E+01    2.6111E+01    2.2862E+01    1.8095E+01    8.5158E+01    6.3599E+01    2.0356E+01    5.3519E+00    2.2765E+01    7.7615E+00    8.4887E+00   
 1.8103E+02    5.9582E+01    6.8650E+01    2.6099E+01    2.2834E+01    1.8095E+01    8.5147E+01    6.3593E+01    2.0349E+01    5.3315E+00    2.2785E+01    7.4356E+00    8.3552E+00   
 1.8154E+02    5.9582E+01    6.8677E+01    2.6108E+01    2.2861E+01    1.8119E+01    8.5131E+01    6.3578E+01    2.0342E+01    5.3315E+00    2.2561E+01    7.4306E+00    8.3552E+00   
 1.8211E+02    5.9599E+01    6.8670E+01    2.6138E+01    2.2883E+01    1.8115E+01    8.5109E+01    6.3593E+01    2.0334E+01    5.3315E+00    2.2846E+01    7.6800E+00    8.3552E+00   
 1.8261E+02    5.9622E+01    6.8691E+01    2.6202E+01    2.2899E+01    1.8077E+01    8.5095E+01    6.3589E+01    2.0339E+01    5.3315E+00    2.2581E+01    7.5018E+00    8.0791E+00   
 1.8312E+02    5.9639E+01    6.8691E+01    2.6221E+01    2.3019E+01    1.8079E+01    8.5099E+01    6.3588E+01    2.0339E+01    5.3519E+00    2.2867E+01    7.4356E+00    8.2188E+00   
 1.8362E+02    5.9642E+01    6.8728E+01    2.6236E+01    2.3032E+01    1.8063E+01    8.5083E+01    6.3600E+01    2.0346E+01    5.3315E+00    2.2663E+01    7.6953E+00    8.2188E+00   
 1.8421E+02    5.9669E+01    6.8728E+01    2.6237E+01    2.3007E+01    1.8088E+01    8.5106E+01    6.3596E+01    2.0346E+01    5.3519E+00    2.2622E+01    7.5426E+00    8.3552E+00   
 1.8471E+02    5.9669E+01    6.8744E+01    2.6198E+01    2.2924E+01    1.8085E+01    8.5084E+01    6.3581E+01    2.0316E+01    5.3519E+00    2.2683E+01    7.4306E+00    8.3552E+00   
 1.8522E+02    5.9678E+01    6.8744E+01    2.6101E+01    2.2924E+01    1.8112E+01    8.5084E+01    6.3601E+01    2.0346E+01    5.3315E+00    2.2907E+01    7.4356E+00    7.9360E+00   
 1.8572E+02    5.9682E+01    6.8731E+01    2.6120E+01    2.2990E+01    1.8072E+01    8.5102E+01    6.3602E+01    2.0346E+01    5.3519E+00    2.2541E+01    7.6698E+00    8.2188E+00   
 1.8629E+02    5.9698E+01    6.8731E+01    2.6047E+01    2.3030E+01    1.8047E+01    8.5120E+01    6.3588E+01    2.0352E+01    5.3315E+00    2.2968E+01    7.4356E+00    8.2188E+00   
 1.8679E+02    5.9688E+01    6.8742E+01    2.6031E+01    2.2887E+01    1.8047E+01    8.5154E+01    6.3620E+01    2.0379E+01    5.3315E+00    2.2663E+01    7.5782E+00    8.2188E+00   
 1.8730E+02    5.9689E+01    6.8750E+01    2.5988E+01    2.2933E+01    1.8042E+01    8.5141E+01    6.3620E+01    2.0384E+01    5.3315E+00    2.2887E+01    7.4356E+00    8.2188E+00   
# Time (s)      T1w (C)       T2w (C)       T1a (C)       T2a (C)       T1r (C)       T2r (C)       T3r (C)       T4r (C)       P1 (bar)      P2 (bar)      Ic (amp)      Qc (l/min)    
 1.8780E+02    5.9689E+01    6.8767E+01    2.5965E+01    2.2879E+01    1.8052E+01    8.5167E+01    6.3624E+01    2.0401E+01    5.3519E+00    2.2948E+01    7.4458E+00    8.2188E+00   
 1.8839E+02    5.9712E+01    6.8764E+01    2.5986E+01    2.2842E+01    1.8063E+01    8.5196E+01    6.3632E+01    2.0416E+01    5.3519E+00    2.2663E+01    7.5018E+00    8.3552E+00   
 1.8889E+02    5.9716E+01    6.8754E+01    2.5953E+01    2.2826E+01    1.8032E+01    8.5182E+01    6.3623E+01    2.0415E+01    5.3315E+00    2.2724E+01    7.4764E+00    7.9360E+00   
 1.8939E+02    5.9719E+01    6.8754E+01    2.5954E+01    2.2846E+01    1.8021E+01    8.5185E+01    6.3623E+01    2.0415E+01    5.3315E+00    2.2765E+01    7.5069E+00    8.2188E+00   
 1.8990E+02    5.9751E+01    6.8771E+01    2.5954E+01    2.2839E+01    1.8021E+01    8.5203E+01    6.3647E+01    2.0415E+01    5.3315E+00    2.2785E+01    7.7360E+00    8.4887E+00   
 1.9047E+02    5.9744E+01    6.8769E+01    2.5937E+01    2.2845E+01    1.8000E+01    8.5178E+01    6.3644E+01    2.0389E+01    5.3519E+00    2.2704E+01    7.6342E+00    8.3552E+00   
 1.9097E+02    5.9744E+01    6.8795E+01    2.5856E+01    2.2830E+01    1.8003E+01    8.5170E+01    6.3644E+01    2.0405E+01    5.3315E+00    2.2622E+01    7.5935E+00    8.0791E+00   
 1.9147E+02    5.9758E+01    6.8779E+01    2.5889E+01    2.2814E+01    1.7979E+01    8.5170E+01    6.3641E+01    2.0398E+01    5.3315E+00    2.2805E+01    7.4509E+00    8.3552E+00   
 1.9198E+02    5.9770E+01    6.8768E+01    2.5782E+01    2.2854E+01    1.7969E+01    8.5187E+01    6.3654E+01    2.0398E+01    5.3519E+00    2.2643E+01    7.5884E+00    8.3552E+00   
 1.9256E+02    5.9782E+01    6.8768E+01    2.5828E+01    2.2809E+01    1.8031E+01    8.5212E+01    6.3676E+01    2.0427E+01    5.3315E+00    2.2826E+01    7.4458E+00    8.3552E+00   
 1.9307E+02    5.9779E+01    6.8763E+01    2.5828E+01    2.2823E+01    1.8031E+01    8.5222E+01    6.3680E+01    2.0414E+01    5.3315E+00    2.2867E+01    7.7004E+00    8.3552E+00   
 1.9357E+02    5.9789E+01    6.8793E+01    2.5840E+01    2.2895E+01    1.8028E+01    8.5216E+01    6.3680E+01    2.0440E+01    5.3315E+00    2.2907E+01    7.7615E+00    8.3552E+00   
 1.9408E+02    5.9789E+01    6.8791E+01    2.5849E+01    2.2960E+01    1.8026E+01    8.5226E+01    6.3688E+01    2.0429E+01    5.3519E+00    2.2663E+01    7.5629E+00    8.2188E+00   
 1.9466E+02    5.9815E+01    6.8809E+01    2.5895E+01    2.2976E+01    1.8018E+01    8.5235E+01    6.3692E+01    2.0429E+01    5.3315E+00    2.2785E+01    7.4407E+00    8.3552E+00   
 1.9516E+02    5.9809E+01    6.8806E+01    2.5915E+01    2.2905E+01    1.8004E+01    8.5235E+01    6.3718E+01    2.0418E+01    5.3315E+00    2.2907E+01    7.7105E+00    8.3552E+00   
 1.9567E+02    5.9842E+01    6.8821E+01    2.5926E+01    2.2857E+01    1.7983E+01    8.5247E+01    6.3698E+01    2.0402E+01    5.3519E+00    2.2704E+01    7.5018E+00    8.2188E+00   
 1.9617E+02    5.9844E+01    6.8827E+01    2.5926E+01    2.2934E+01    1.7983E+01    8.5229E+01    6.3721E+01    2.0416E+01    5.3519E+00    2.2928E+01    7.7105E+00    7.9360E+00   
 1.9673E+02    5.9861E+01    6.8861E+01    2.5972E+01    2.2962E+01    1.7965E+01    8.5222E+01    6.3711E+01    2.0396E+01    5.3315E+00    2.2928E+01    7.4509E+00    8.0791E+00   
 1.9724E+02    5.9861E+01    6.8859E+01    2.6046E+01    2.2840E+01    1.7991E+01    8.5219E+01    6.3711E+01    2.0401E+01    5.3315E+00    2.2683E+01    7.4458E+00    8.0791E+00   
 1.9774E+02    5.9850E+01    6.8851E+01    2.6087E+01    2.2824E+01    1.7971E+01    8.5219E+01    6.3711E+01    2.0408E+01    5.3519E+00    2.2907E+01    7.4458E+00    8.3552E+00   
 1.9824E+02    5.9858E+01    6.8851E+01    2.6070E+01    2.2827E+01    1.7963E+01    8.5255E+01    6.3722E+01    2.0408E+01    5.3315E+00    2.2785E+01    7.4509E+00    8.2188E+00   
 1.9884E+02    5.9868E+01    6.8872E+01    2.6061E+01    2.2848E+01    1.7959E+01    8.5285E+01    6.3726E+01    2.0410E+01    5.3519E+00    2.2928E+01    7.4458E+00    8.2188E+00   
 1.9934E+02    5.9854E+01    6.8873E+01    2.6061E+01    2.2927E+01    1.7959E+01    8.5295E+01    6.3736E+01    2.0412E+01    5.3315E+00    2.2744E+01    7.7207E+00    8.2188E+00   
 1.9984E+02    5.9854E+01    6.8873E+01    2.5952E+01    2.2838E+01    1.7969E+01    8.5325E+01    6.3751E+01    2.0424E+01    5.3315E+00    2.2907E+01    7.4407E+00    8.3552E+00   
 2.0035E+02    5.9857E+01    6.8883E+01    2.5904E+01    2.2888E+01    1.7935E+01    8.5324E+01    6.3764E+01    2.0424E+01    5.3315E+00    2.2928E+01    7.4967E+00    8.2188E+00   
 2.0091E+02    5.9862E+01    6.8905E+01    2.5949E+01    2.2888E+01    1.7885E+01    8.5324E+01    6.3768E+01    2.0431E+01    5.3315E+00    2.2907E+01    7.6647E+00    8.3552E+00   
 2.0141E+02    5.9854E+01    6.8911E+01    2.6032E+01    2.2838E+01    1.7854E+01    8.5349E+01    6.3787E+01    2.0431E+01    5.3315E+00    2.2907E+01    7.4407E+00    8.0791E+00   
 2.0192E+02    5.9880E+01    6.8926E+01    2.6048E+01    2.2948E+01    1.7812E+01    8.5340E+01    6.3795E+01    2.0437E+01    5.3315E+00    2.2663E+01    7.4509E+00    8.4887E+00   
 2.0242E+02    5.9892E+01    6.8923E+01    2.6015E+01    2.2964E+01    1.7812E+01    8.5343E+01    6.3790E+01    2.0450E+01    5.3315E+00    2.2785E+01    7.4509E+00    8.3552E+00   
 2.0301E+02    5.9885E+01    6.8910E+01    2.6014E+01    2.2977E+01    1.7847E+01    8.5375E+01    6.3805E+01    2.0482E+01    5.3315E+00    2.2704E+01    7.5731E+00    8.3552E+00   
# Time (s)      T1w (C)       T2w (C)       T1a (C)       T2a (C)       T1r (C)       T2r (C)       T3r (C)       T4r (C)       P1 (bar)      P2 (bar)      Ic (amp)      Qc (l/min)    
 2.0351E+02    5.9885E+01    6.8912E+01    2.6101E+01    2.2810E+01    1.7863E+01    8.5400E+01    6.3810E+01    2.0457E+01    5.3315E+00    2.2683E+01    7.7615E+00    8.0791E+00   
 2.0402E+02    5.9886E+01    6.8935E+01    2.6047E+01    2.2810E+01    1.7900E+01    8.5400E+01    6.3819E+01    2.0468E+01    5.3315E+00    2.2989E+01    7.7513E+00    8.0791E+00   
 2.0452E+02    5.9895E+01    6.8935E+01    2.5974E+01    2.2923E+01    1.7864E+01    8.5407E+01    6.3839E+01    2.0468E+01    5.3315E+00    2.2928E+01    7.5324E+00    7.7891E+00   
 2.0509E+02    5.9875E+01    6.8910E+01    2.5879E+01    2.2746E+01    1.7872E+01    8.5426E+01    6.3859E+01    2.0484E+01    5.3315E+00    2.2785E+01    7.7716E+00    8.0791E+00   
 2.0559E+02    5.9871E+01    6.8893E+01    2.5864E+01    2.2797E+01    1.7872E+01    8.5404E+01    6.3871E+01    2.0492E+01    5.3315E+00    2.2744E+01    7.4560E+00    8.4887E+00   
 2.0609E+02    5.9856E+01    6.8907E+01    2.5820E+01    2.2778E+01    1.7831E+01    8.5401E+01    6.3871E+01    2.0488E+01    5.3519E+00    2.2907E+01    7.6800E+00    8.4887E+00   
 2.0660E+02    5.9872E+01    6.8900E+01    2.5807E+01    2.2794E+01    1.7843E+01    8.5401E+01    6.3878E+01    2.0499E+01    5.3519E+00    2.2989E+01    7.6800E+00    8.2188E+00   
 2.0717E+02    5.9882E+01    6.8935E+01    2.5763E+01    2.2845E+01    1.7884E+01    8.5400E+01    6.3885E+01    2.0490E+01    5.3315E+00    2.2805E+01    7.4560E+00    8.2188E+00   
 2.0767E+02    5.9881E+01    6.8920E+01    2.5825E+01    2.2813E+01    1.7867E+01    8.5412E+01    6.3884E+01    2.0490E+01    5.3315E+00    2.2826E+01    7.7716E+00    8.3552E+00   
 2.0817E+02    5.9899E+01    6.8937E+01    2.5825E+01    2.2856E+01    1.7867E+01    8.5424E+01    6.3888E+01    2.0491E+01    5.3315E+00    2.2765E+01    7.4509E+00    8.2188E+00   
 2.0868E+02    5.9901E+01    6.8947E+01    2.5826E+01    2.2853E+01    1.7863E+01    8.5434E+01    6.3888E+01    2.0503E+01    5.3519E+00    2.2907E+01    7.7207E+00    8.2188E+00   
 2.0925E+02    5.9901E+01    6.8955E+01    2.5782E+01    2.3001E+01    1.7815E+01    8.5443E+01    6.3891E+01    2.0517E+01    5.3315E+00    2.2724E+01    7.6851E+00    8.2188E+00   
 2.0975E+02    5.9919E+01    6.8970E+01    2.5813E+01    2.3017E+01    1.7840E+01    8.5466E+01    6.3900E+01    2.0526E+01    5.3315E+00    2.2826E+01    7.4560E+00    8.3552E+00   
 2.1025E+02    5.9911E+01    6.8961E+01    2.5839E+01    2.2919E+01    1.7858E+01    8.5466E+01    6.3931E+01    2.0515E+01    5.3519E+00    2.2704E+01    7.5578E+00    8.3552E+00   
 2.1076E+02    5.9914E+01    6.8961E+01    2.6017E+01    2.3010E+01    1.7929E+01    8.5506E+01    6.3947E+01    2.0531E+01    5.3519E+00    2.2704E+01    7.4662E+00    8.0791E+00   
 2.1136E+02    5.9920E+01    6.8966E+01    2.6003E+01    2.2865E+01    1.7941E+01    8.5500E+01    6.3942E+01    2.0515E+01    5.3315E+00    2.2907E+01    7.7767E+00    8.0791E+00   
 2.1186E+02    5.9918E+01    6.8972E+01    2.6003E+01    2.2797E+01    1.7941E+01    8.5515E+01    6.3956E+01    2.0489E+01    5.3519E+00    2.2683E+01    7.5935E+00    8.0791E+00   
 2.1237E+02    5.9918E+01    6.8969E+01    2.6056E+01    2.2808E+01    1.7956E+01    8.5511E+01    6.3956E+01    2.0485E+01    5.3519E+00    2.2663E+01    7.6698E+00    8.0791E+00   
 2.1287E+02    5.9907E+01    6.8948E+01    2.5980E+01    2.2792E+01    1.7987E+01    8.5525E+01    6.3969E+01    2.0486E+01    5.3519E+00    2.2948E+01    7.7920E+00    8.3552E+00   
 2.1344E+02    5.9894E+01    6.8971E+01    2.5935E+01    2.2740E+01    1.8000E+01    8.5534E+01    6.3967E+01    2.0466E+01    5.3519E+00    2.2846E+01    7.4866E+00    8.4887E+00   
 2.1394E+02    5.9902E+01    6.8956E+01    2.5898E+01    2.2742E+01    1.7985E+01    8.5516E+01    6.3968E+01    2.0466E+01    5.3519E+00    2.2724E+01    7.7818E+00    8.0791E+00   
 2.1445E+02    5.9912E+01    6.8965E+01    2.5898E+01    2.2726E+01    1.7985E+01    8.5538E+01    6.3977E+01    2.0474E+01    5.3519E+00    2.2928E+01    7.6902E+00    8.4887E+00   
 2.1495E+02    5.9903E+01    6.8944E+01    2.5863E+01    2.2826E+01    1.7979E+01    8.5538E+01    6.3990E+01    2.0457E+01    5.3519E+00    2.2805E+01    7.4713E+00    8.3552E+00   
 2.1552E+02    5.9903E+01    6.8961E+01    2.5839E+01    2.2713E+01    1.7972E+01    8.5547E+01    6.3990E+01    2.0468E+01    5.3315E+00    2.3029E+01    7.5833E+00    8.2188E+00   
 2.1602E+02    5.9922E+01    6.8962E+01    2.5918E+01    2.2713E+01    1.7964E+01    8.5565E+01    6.4005E+01    2.0459E+01    5.3315E+00    2.2744E+01    7.5884E+00    8.2188E+00   
 2.1653E+02    5.9931E+01    6.8963E+01    2.6015E+01    2.2707E+01    1.7940E+01    8.5565E+01    6.4014E+01    2.0460E+01    5.3315E+00    2.2826E+01    7.7767E+00    8.3552E+00   
 2.1703E+02    5.9934E+01    6.8963E+01    2.6055E+01    2.2736E+01    1.7951E+01    8.5534E+01    6.4001E+01    2.0460E+01    5.3315E+00    2.2765E+01    7.4560E+00    8.4887E+00   
 2.1762E+02    5.9929E+01    6.8971E+01    2.5967E+01    2.2763E+01    1.7959E+01    8.5571E+01    6.4006E+01    2.0469E+01    5.3315E+00    2.3050E+01    7.7156E+00    8.3552E+00   
 2.1813E+02    5.9942E+01    6.8971E+01    2.5967E+01    2.2822E+01    1.7975E+01    8.5576E+01    6.4019E+01    2.0484E+01    5.3315E+00    2.2826E+01    7.4866E+00    8.4887E+00   
 2.1863E+02    5.9942E+01    6.8962E+01    2.5997E+01    2.2732E+01    1.7995E+01    8.5585E+01    6.4019E+01    2.0472E+01    5.3315E+00    2.2867E+01    7.7869E+00    8.2188E+00   
# Time (s)      T1w (C)       T2w (C)       T1a (C)       T2a (C)       T1r (C)       T2r (C)       T3r (C)       T4r (C)       P1 (bar)      P2 (bar)      Ic (amp)      Qc (l/min)    
 2.1914E+02    5.9942E+01    6.8988E+01    2.5982E+01    2.2732E+01    1.8002E+01    8.5585E+01    6.4011E+01    2.0456E+01    5.3315E+00    2.2887E+01    7.4713E+00    8.0791E+00   
 2.1970E+02    5.9952E+01    6.8997E+01    2.5930E+01    2.2762E+01    1.8010E+01    8.5574E+01    6.4009E+01    2.0461E+01    5.3315E+00    2.2928E+01    7.6749E+00    8.0791E+00   
 2.2021E+02    5.9970E+01    6.8997E+01    2.6027E+01    2.2742E+01    1.7996E+01    8.5556E+01    6.4010E+01    2.0461E+01    5.3315E+00    2.2704E+01    7.6545E+00    8.2188E+00   
 2.2071E+02    5.9991E+01    6.9028E+01    2.6043E+01    2.2755E+01    1.7996E+01    8.5578E+01    6.4003E+01    2.0454E+01    5.3315E+00    2.2907E+01    7.4764E+00    8.2188E+00   
 2.2121E+02    6.0009E+01    6.9019E+01    2.6071E+01    2.2710E+01    1.7982E+01    8.5564E+01    6.4003E+01    2.0467E+01    5.3111E+00    2.2928E+01    7.7818E+00    8.2188E+00   
 2.2180E+02    6.0024E+01    6.9036E+01    2.6091E+01    2.2809E+01    1.7947E+01    8.5573E+01    6.3993E+01    2.0470E+01    5.3315E+00    2.2805E+01    7.7615E+00    8.2188E+00   
 2.2230E+02    6.0036E+01    6.9040E+01    2.6099E+01    2.2809E+01    1.7917E+01    8.5581E+01    6.4020E+01    2.0490E+01    5.3315E+00    2.2907E+01    7.7309E+00    8.2188E+00   
 2.2281E+02    6.0049E+01    6.9068E+01    2.6090E+01    2.2687E+01    1.7918E+01    8.5581E+01    6.4030E+01    2.0483E+01    5.3315E+00    2.2928E+01    7.4560E+00    7.9360E+00   
 2.2331E+02    6.0061E+01    6.9068E+01    2.6069E+01    2.2776E+01    1.7910E+01    8.5564E+01    6.4016E+01    2.0483E+01    5.3315E+00    2.2826E+01    7.7207E+00    8.3552E+00   
 2.2390E+02    6.0064E+01    6.9063E+01    2.6069E+01    2.2765E+01    1.7946E+01    8.5575E+01    6.4037E+01    2.0496E+01    5.3315E+00    2.2846E+01    7.4764E+00    8.0791E+00   
 2.2441E+02    6.0082E+01    6.9065E+01    2.6077E+01    2.2694E+01    1.7946E+01    8.5616E+01    6.4040E+01    2.0490E+01    5.3315E+00    2.2867E+01    7.6291E+00    8.0791E+00   
 2.2491E+02    6.0082E+01    6.9084E+01    2.6091E+01    2.2719E+01    1.7997E+01    8.5621E+01    6.4055E+01    2.0503E+01    5.3315E+00    2.2846E+01    7.4815E+00    8.4887E+00   
 2.2542E+02    6.0075E+01    6.9078E+01    2.6134E+01    2.2719E+01    1.8015E+01    8.5621E+01    6.4041E+01    2.0502E+01    5.3315E+00    2.2907E+01    7.4866E+00    8.3552E+00   
 2.2600E+02    6.0094E+01    6.9102E+01    2.6136E+01    2.2771E+01    1.8027E+01    8.5606E+01    6.4029E+01    2.0477E+01    5.3315E+00    2.2805E+01    7.7665E+00    8.2188E+00   
 2.2650E+02    6.0089E+01    6.9102E+01    2.6214E+01    2.2755E+01    1.8021E+01    8.5616E+01    6.4043E+01    2.0477E+01    5.3315E+00    2.2989E+01    7.5018E+00    8.4887E+00   
 2.2701E+02    6.0105E+01    6.9103E+01    2.6214E+01    2.2695E+01    1.8037E+01    8.5645E+01    6.4059E+01    2.0496E+01    5.3315E+00    2.3009E+01    7.5578E+00    8.2188E+00   
 2.2751E+02    6.0107E+01    6.9099E+01    2.6271E+01    2.2794E+01    1.8018E+01    8.5633E+01    6.4059E+01    2.0479E+01    5.3315E+00    2.3009E+01    7.4967E+00    8.0791E+00   
 2.2807E+02    6.0107E+01    6.9094E+01    2.6244E+01    2.2827E+01    1.8054E+01    8.5653E+01    6.4083E+01    2.0480E+01    5.3315E+00    2.2724E+01    7.7920E+00    8.2188E+00   
 2.2858E+02    6.0106E+01    6.9111E+01    2.6345E+01    2.2827E+01    1.8070E+01    8.5653E+01    6.4090E+01    2.0492E+01    5.3315E+00    2.2846E+01    7.7971E+00    8.3552E+00   
 2.2908E+02    6.0099E+01    6.9122E+01    2.6347E+01    2.2796E+01    1.8052E+01    8.5649E+01    6.4077E+01    2.0482E+01    5.3315E+00    2.2765E+01    7.4815E+00    8.0791E+00   
 2.2958E+02    6.0104E+01    6.9122E+01    2.6361E+01    2.2725E+01    1.8031E+01    8.5623E+01    6.4066E+01    2.0482E+01    5.3315E+00    2.2744E+01    7.7920E+00    8.4887E+00   
 2.3017E+02    6.0097E+01    6.9129E+01    2.6361E+01    2.2808E+01    1.8031E+01    8.5653E+01    6.4061E+01    2.0481E+01    5.3111E+00    2.2867E+01    7.7411E+00    8.4887E+00   
 2.3067E+02    6.0103E+01    6.9118E+01    2.6384E+01    2.2731E+01    1.8029E+01    8.5659E+01    6.4083E+01    2.0475E+01    5.3315E+00    2.2989E+01    7.5273E+00    8.2188E+00   
 2.3118E+02    6.0103E+01    6.9138E+01    2.6275E+01    2.2754E+01    1.8035E+01    8.5678E+01    6.4083E+01    2.0485E+01    5.3315E+00    2.2968E+01    7.5476E+00    8.3552E+00   
 2.3168E+02    6.0096E+01    6.9134E+01    2.6266E+01    2.2754E+01    1.8023E+01    8.5678E+01    6.4104E+01    2.0477E+01    5.3315E+00    2.2968E+01    7.5222E+00    8.4887E+00   
 2.3224E+02    6.0139E+01    6.9150E+01    2.6194E+01    2.2778E+01    1.8008E+01    8.5692E+01    6.4091E+01    2.0445E+01    5.3315E+00    2.2867E+01    7.8124E+00    8.2188E+00   
 2.3275E+02    6.0115E+01    6.9150E+01    2.6293E+01    2.2702E+01    1.8047E+01    8.5689E+01    6.4097E+01    2.0445E+01    5.3315E+00    2.3029E+01    7.6647E+00    8.2188E+00   
 2.3325E+02    6.0115E+01    6.9164E+01    2.6293E+01    2.2692E+01    1.8047E+01    8.5693E+01    6.4103E+01    2.0473E+01    5.3315E+00    2.3090E+01    7.4866E+00    8.3552E+00   
 2.3375E+02    6.0115E+01    6.9156E+01    2.6292E+01    2.2726E+01    1.8077E+01    8.5703E+01    6.4103E+01    2.0458E+01    5.3315E+00    2.3090E+01    7.6647E+00    8.3552E+00   
 2.3434E+02    6.0116E+01    6.9162E+01    2.6228E+01    2.2841E+01    1.8089E+01    8.5711E+01    6.4108E+01    2.0469E+01    5.3315E+00    2.2907E+01    7.7716E+00    8.3552E+00   
# Time (s)      T1w (C)       T2w (C)       T1a (C)       T2a (C)       T1r (C)       T2r (C)       T3r (C)       T4r (C)       P1 (bar)      P2 (bar)      Ic (amp)      Qc (l/min)    
 2.3485E+02    6.0116E+01    6.9170E+01    2.6132E+01    2.2841E+01    1.8031E+01    8.5697E+01    6.4106E+01    2.0444E+01    5.3111E+00    2.2968E+01    7.4764E+00    8.0791E+00   
 2.3535E+02    6.0130E+01    6.9173E+01    2.6053E+01    2.2802E+01    1.8018E+01    8.5690E+01    6.4107E+01    2.0444E+01    5.3315E+00    2.2785E+01    7.4815E+00    8.0791E+00   
 2.3585E+02    6.0115E+01    6.9173E+01    2.6053E+01    2.2835E+01    1.8038E+01    8.5698E+01    6.4113E+01    2.0446E+01    5.3315E+00    2.2744E+01    7.7665E+00    8.3552E+00   
 2.3642E+02    6.0112E+01    6.9166E+01    2.6015E+01    2.2781E+01    1.8038E+01    8.5684E+01    6.4102E+01    2.0442E+01    5.3315E+00    2.2989E+01    7.6393E+00    8.2188E+00   
 2.3692E+02    6.0117E+01    6.9172E+01    2.6018E+01    2.2859E+01    1.8052E+01    8.5662E+01    6.4102E+01    2.0444E+01    5.3315E+00    2.2968E+01    7.4916E+00    7.9360E+00   
 2.3743E+02    6.0117E+01    6.9178E+01    2.6100E+01    2.2861E+01    1.8066E+01    8.5660E+01    6.4115E+01    2.0436E+01    5.3315E+00    2.3050E+01    7.4967E+00    8.4887E+00   
 2.3793E+02    6.0126E+01    6.9168E+01    2.6000E+01    2.2861E+01    1.8039E+01    8.5660E+01    6.4123E+01    2.0452E+01    5.3111E+00    2.3070E+01    7.6444E+00    8.2188E+00   
 2.3851E+02    6.0132E+01    6.9164E+01    2.5984E+01    2.2781E+01    1.8001E+01    8.5661E+01    6.4133E+01    2.0452E+01    5.3315E+00    2.3070E+01    7.7564E+00    8.3552E+00   
 2.3902E+02    6.0116E+01    6.9164E+01    2.6017E+01    2.2882E+01    1.7978E+01    8.5693E+01    6.4138E+01    2.0465E+01    5.3315E+00    2.2805E+01    7.7818E+00    7.9360E+00   
 2.3952E+02    6.0129E+01    6.9181E+01    2.6017E+01    2.2836E+01    1.7978E+01    8.5704E+01    6.4134E+01    2.0497E+01    5.3315E+00    2.2805E+01    7.4866E+00    8.4887E+00   
 2.4003E+02    6.0129E+01    6.9177E+01    2.6082E+01    2.2804E+01    1.7963E+01    8.5713E+01    6.4134E+01    2.0487E+01    5.3315E+00    2.2989E+01    7.7767E+00    8.2188E+00   
 2.4059E+02    6.0133E+01    6.9177E+01    2.6119E+01    2.2822E+01    1.7943E+01    8.5737E+01    6.4144E+01    2.0505E+01    5.3315E+00    2.2928E+01    7.6138E+00    8.3552E+00   
 2.4109E+02    6.0135E+01    6.9179E+01    2.6016E+01    2.2822E+01    1.7936E+01    8.5723E+01    6.4132E+01    2.0483E+01    5.3111E+00    2.3050E+01    7.6240E+00    8.0791E+00   
 2.4159E+02    6.0129E+01    6.9179E+01    2.5952E+01    2.2826E+01    1.7916E+01    8.5751E+01    6.4147E+01    2.0483E+01    5.3315E+00    2.2928E+01    7.4815E+00    8.3552E+00   
 2.4210E+02    6.0132E+01    6.9171E+01    2.5952E+01    2.2928E+01    1.7900E+01    8.5733E+01    6.4143E+01    2.0494E+01    5.3315E+00    2.2928E+01    7.6444E+00    8.2188E+00   
 2.4268E+02    6.0129E+01    6.9178E+01    2.6001E+01    2.2881E+01    1.7913E+01    8.5731E+01    6.4146E+01    2.0495E+01    5.3315E+00    2.2907E+01    7.5171E+00    8.3552E+00   
 2.4319E+02    6.0129E+01    6.9177E+01    2.6029E+01    2.2888E+01    1.7942E+01    8.5734E+01    6.4132E+01    2.0485E+01    5.3315E+00    2.3029E+01    7.7869E+00    8.3552E+00   
 2.4369E+02    6.0145E+01    6.9175E+01    2.6015E+01    2.2888E+01    1.7944E+01    8.5731E+01    6.4126E+01    2.0474E+01    5.3315E+00    2.3050E+01    7.4866E+00    8.0791E+00   
 2.4419E+02    6.0157E+01    6.9182E+01    2.6086E+01    2.2811E+01    1.7912E+01    8.5717E+01    6.4118E+01    2.0467E+01    5.3315E+00    2.3090E+01    7.7767E+00    8.2188E+00   
 2.4476E+02    6.0143E+01    6.9182E+01    2.6082E+01    2.2799E+01    1.7905E+01    8.5703E+01    6.4118E+01    2.0467E+01    5.3315E+00    2.3009E+01    7.4815E+00    8.3552E+00   
 2.4526E+02    6.0154E+01    6.9182E+01    2.6082E+01    2.2777E+01    1.7918E+01    8.5684E+01    6.4142E+01    2.0488E+01    5.3315E+00    2.2948E+01    7.6596E+00    8.2188E+00   
 2.4577E+02    6.0162E+01    6.9181E+01    2.6135E+01    2.2835E+01    1.7918E+01    8.5700E+01    6.4153E+01    2.0497E+01    5.3315E+00    2.2968E+01    7.4866E+00    8.3552E+00   
 2.4627E+02    6.0162E+01    6.9190E+01    2.6069E+01    2.2848E+01    1.7929E+01    8.5716E+01    6.4153E+01    2.0472E+01    5.3315E+00    2.3009E+01    7.5018E+00    8.0791E+00   
 2.4685E+02    6.0165E+01    6.9172E+01    2.6054E+01    2.2814E+01    1.7918E+01    8.5715E+01    6.4143E+01    2.0482E+01    5.3315E+00    2.2805E+01    7.5324E+00    8.2188E+00   
 2.4736E+02    6.0175E+01    6.9197E+01    2.6051E+01    2.2814E+01    1.7914E+01    8.5715E+01    6.4153E+01    2.0477E+01    5.3519E+00    2.2805E+01    7.5375E+00    8.3552E+00   
 2.4786E+02    6.0174E+01    6.9197E+01    2.6041E+01    2.2912E+01    1.7920E+01    8.5736E+01    6.4145E+01    2.0477E+01    5.3315E+00    2.2928E+01    7.5273E+00    8.3552E+00   
 2.4836E+02    6.0169E+01    6.9183E+01    2.6041E+01    2.2844E+01    1.7936E+01    8.5748E+01    6.4174E+01    2.0525E+01    5.3519E+00    2.2887E+01    7.7869E+00    8.2188E+00   
 2.4892E+02    6.0176E+01    6.9180E+01    2.5940E+01    2.2846E+01    1.7972E+01    8.5745E+01    6.4181E+01    2.0493E+01    5.3519E+00    2.2948E+01    7.4916E+00    8.2188E+00   
 2.4943E+02    6.0176E+01    6.9195E+01    2.5925E+01    2.2797E+01    1.8023E+01    8.5751E+01    6.4181E+01    2.0490E+01    5.3315E+00    2.3131E+01    7.8327E+00    8.0791E+00   
 2.4993E+02    6.0193E+01    6.9201E+01    2.5953E+01    2.2797E+01    1.8015E+01    8.5751E+01    6.4182E+01    2.0487E+01    5.3315E+00    2.2805E+01    7.6596E+00    8.0791E+00   
# Time (s)      T1w (C)       T2w (C)       T1a (C)       T2a (C)       T1r (C)       T2r (C)       T3r (C)       T4r (C)       P1 (bar)      P2 (bar)      Ic (amp)      Qc (l/min)    
 2.5044E+02    6.0216E+01    6.9202E+01    2.6084E+01    2.2791E+01    1.8015E+01    8.5742E+01    6.4177E+01    2.0487E+01    5.3315E+00    2.3090E+01    7.5069E+00    8.4887E+00   
 2.5102E+02    6.0191E+01    6.9187E+01    2.6149E+01    2.2757E+01    1.7998E+01    8.5747E+01    6.4184E+01    2.0474E+01    5.3315E+00    2.2785E+01    7.5324E+00    8.3552E+00   
 2.5152E+02    6.0204E+01    6.9197E+01    2.6149E+01    2.2806E+01    1.7998E+01    8.5757E+01    6.4199E+01    2.0479E+01    5.3315E+00    2.2846E+01    7.5375E+00    8.4887E+00   
 2.5203E+02    6.0210E+01    6.9193E+01    2.6109E+01    2.2776E+01    1.7945E+01    8.5758E+01    6.4185E+01    2.0445E+01    5.3315E+00    2.3131E+01    7.5018E+00    8.3552E+00   
 2.5253E+02    6.0210E+01    6.9208E+01    2.6160E+01    2.2837E+01    1.7927E+01    8.5751E+01    6.4186E+01    2.0460E+01    5.3315E+00    2.3152E+01    7.5578E+00    8.0791E+00   
 2.5309E+02    6.0215E+01    6.9202E+01    2.6196E+01    2.2837E+01    1.7948E+01    8.5765E+01    6.4202E+01    2.0469E+01    5.3315E+00    2.3050E+01    7.5120E+00    8.0791E+00   
 2.5360E+02    6.0227E+01    6.9215E+01    2.6266E+01    2.2868E+01    1.7932E+01    8.5739E+01    6.4186E+01    2.0469E+01    5.3111E+00    2.3070E+01    7.8429E+00    8.3552E+00   
 2.5410E+02    6.0229E+01    6.9215E+01    2.6255E+01    2.2788E+01    1.7915E+01    8.5735E+01    6.4209E+01    2.0481E+01    5.3315E+00    2.3131E+01    7.6953E+00    8.6193E+00   
 2.5460E+02    6.0231E+01    6.9228E+01    2.6255E+01    2.2738E+01    1.7915E+01    8.5721E+01    6.4191E+01    2.0499E+01    5.3315E+00    2.2989E+01    7.5018E+00    8.3552E+00   
 2.5519E+02    6.0264E+01    6.9238E+01    2.6208E+01    2.2752E+01    1.7932E+01    8.5708E+01    6.4201E+01    2.0484E+01    5.3519E+00    2.2907E+01    7.5375E+00    8.3552E+00   
 2.5570E+02    6.0264E+01    6.9262E+01    2.6189E+01    2.2748E+01    1.7964E+01    8.5718E+01    6.4201E+01    2.0484E+01    5.3519E+00    2.3090E+01    7.5069E+00    8.2188E+00   
 2.5620E+02    6.0270E+01    6.9255E+01    2.6059E+01    2.2748E+01    1.7966E+01    8.5718E+01    6.4199E+01    2.0479E+01    5.3519E+00    2.2887E+01    7.5680E+00    8.0791E+00   
 2.5670E+02    6.0260E+01    6.9251E+01    2.5968E+01    2.2897E+01    1.7977E+01    8.5737E+01    6.4212E+01    2.0479E+01    5.3519E+00    2.2867E+01    7.7767E+00    8.4887E+00   
 2.5726E+02    6.0274E+01    6.9251E+01    2.6040E+01    2.2836E+01    1.7943E+01    8.5711E+01    6.4199E+01    2.0473E+01    5.3315E+00    2.3090E+01    7.5069E+00    8.2188E+00   
 2.5777E+02    6.0282E+01    6.9261E+01    2.6040E+01    2.2770E+01    1.7943E+01    8.5692E+01    6.4214E+01    2.0480E+01    5.3315E+00    2.3111E+01    7.8429E+00    7.9360E+00   
 2.5827E+02    6.0282E+01    6.9279E+01    2.6058E+01    2.2785E+01    1.7901E+01    8.5725E+01    6.4214E+01    2.0490E+01    5.3315E+00    2.3152E+01    7.7156E+00    8.3552E+00   
 2.5877E+02    6.0283E+01    6.9274E+01    2.6080E+01    2.2785E+01    1.7875E+01    8.5755E+01    6.4203E+01    2.0506E+01    5.3315E+00    2.2928E+01    7.5018E+00    8.0791E+00   
 2.5937E+02    6.0285E+01    6.9265E+01    2.6060E+01    2.2842E+01    1.7884E+01    8.5755E+01    6.4207E+01    2.0483E+01    5.3315E+00    2.3009E+01    7.5120E+00    8.6193E+00   
 2.5987E+02    6.0286E+01    6.9281E+01    2.6007E+01    2.2852E+01    1.7887E+01    8.5760E+01    6.4216E+01    2.0483E+01    5.3315E+00    2.3029E+01    7.8022E+00    8.4887E+00   
 2.6037E+02    6.0302E+01    6.9281E+01    2.5948E+01    2.2799E+01    1.7927E+01    8.5762E+01    6.4225E+01    2.0488E+01    5.3315E+00    2.2846E+01    7.5782E+00    8.2188E+00   
 2.6088E+02    6.0303E+01    6.9286E+01    2.5948E+01    2.2735E+01    1.7927E+01    8.5773E+01    6.4216E+01    2.0498E+01    5.3519E+00    2.2846E+01    7.5426E+00    8.4887E+00   
 2.6144E+02    6.0303E+01    6.9289E+01    2.5922E+01    2.2809E+01    1.7941E+01    8.5776E+01    6.4231E+01    2.0494E+01    5.3519E+00    2.2907E+01    7.5120E+00    8.3552E+00   
 2.6194E+02    6.0303E+01    6.9294E+01    2.5928E+01    2.2920E+01    1.7967E+01    8.5779E+01    6.4241E+01    2.0506E+01    5.3519E+00    2.3152E+01    7.5120E+00    8.3552E+00   
 2.6245E+02    6.0305E+01    6.9298E+01    2.5934E+01    2.2920E+01    1.7998E+01    8.5779E+01    6.4242E+01    2.0493E+01    5.3519E+00    2.3050E+01    7.7309E+00    8.3552E+00   
 2.6295E+02    6.0311E+01    6.9298E+01    2.5902E+01    2.2872E+01    1.7994E+01    8.5789E+01    6.4244E+01    2.0493E+01    5.3519E+00    2.3029E+01    7.8429E+00    8.4887E+00   
 2.6353E+02    6.0332E+01    6.9293E+01    2.5982E+01    2.2914E+01    1.7977E+01    8.5779E+01    6.4234E+01    2.0481E+01    5.3519E+00    2.3050E+01    7.5171E+00    8.2188E+00   
 2.6404E+02    6.0326E+01    6.9291E+01    2.5982E+01    2.2836E+01    1.7977E+01    8.5826E+01    6.4231E+01    2.0479E+01    5.3519E+00    2.3009E+01    7.7564E+00    8.6193E+00   
 2.6454E+02    6.0326E+01    6.9295E+01    2.6020E+01    2.2819E+01    1.7959E+01    8.5813E+01    6.4231E+01    2.0481E+01    5.3519E+00    2.2968E+01    7.6036E+00    8.3552E+00   
 2.6505E+02    6.0325E+01    6.9301E+01    2.6041E+01    2.2819E+01    1.7970E+01    8.5813E+01    6.4246E+01    2.0473E+01    5.3519E+00    2.3029E+01    7.5426E+00    8.2188E+00   
 2.6561E+02    6.0326E+01    6.9308E+01    2.6038E+01    2.2921E+01    1.7993E+01    8.5816E+01    6.4238E+01    2.0492E+01    5.3519E+00    2.3029E+01    7.5273E+00    8.0791E+00   
# Time (s)      T1w (C)       T2w (C)       T1a (C)       T2a (C)       T1r (C)       T2r (C)       T3r (C)       T4r (C)       P1 (bar)      P2 (bar)      Ic (amp)      Qc (l/min)    
 2.6611E+02    6.0336E+01    6.9318E+01    2.5988E+01    2.2930E+01    1.8010E+01    8.5849E+01    6.4253E+01    2.0508E+01    5.3519E+00    2.3029E+01    7.5171E+00    8.2188E+00   
 2.6662E+02    6.0318E+01    6.9318E+01    2.5988E+01    2.2873E+01    1.8010E+01    8.5847E+01    6.4263E+01    2.0483E+01    5.3519E+00    2.2887E+01    7.8480E+00    8.3552E+00   
 2.6712E+02    6.0335E+01    6.9319E+01    2.5976E+01    2.2811E+01    1.8008E+01    8.5841E+01    6.4263E+01    2.0491E+01    5.3519E+00    2.2907E+01    7.5222E+00    8.4887E+00   
 2.6770E+02    6.0335E+01    6.9322E+01    2.6033E+01    2.2847E+01    1.8020E+01    8.5849E+01    6.4263E+01    2.0483E+01    5.3519E+00    2.3029E+01    7.5120E+00    8.4887E+00   
 2.6821E+02    6.0337E+01    6.9328E+01    2.5933E+01    2.2847E+01    1.8037E+01    8.5863E+01    6.4285E+01    2.0517E+01    5.3519E+00    2.3070E+01    7.8276E+00    8.0791E+00   
 2.6871E+02    6.0347E+01    6.9328E+01    2.5960E+01    2.2856E+01    1.8000E+01    8.5866E+01    6.4283E+01    2.0510E+01    5.3519E+00    2.3050E+01    7.8327E+00    8.0791E+00   
 2.6921E+02    6.0350E+01    6.9343E+01    2.6004E+01    2.2854E+01    1.7978E+01    8.5877E+01    6.4272E+01    2.0510E+01    5.3519E+00    2.2887E+01    7.5120E+00    8.3552E+00   
 2.6978E+02    6.0358E+01    6.9344E+01    2.6004E+01    2.2885E+01    1.7978E+01    8.5877E+01    6.4287E+01    2.0534E+01    5.3315E+00    2.3172E+01    7.5273E+00    8.2188E+00   
 2.7028E+02    6.0376E+01    6.9354E+01    2.6019E+01    2.2973E+01    1.7969E+01    8.5880E+01    6.4286E+01    2.0520E+01    5.3519E+00    2.3070E+01    7.5171E+00    8.2188E+00   
 2.7078E+02    6.0376E+01    6.9374E+01    2.6040E+01    2.2990E+01    1.8015E+01    8.5890E+01    6.4286E+01    2.0514E+01    5.3519E+00    2.3050E+01    7.7665E+00    8.2188E+00   
 2.7129E+02    6.0395E+01    6.9362E+01    2.6042E+01    2.3006E+01    1.8060E+01    8.5904E+01    6.4311E+01    2.0509E+01    5.3519E+00    2.2968E+01    7.5324E+00    8.3552E+00   
 2.7187E+02    6.0394E+01    6.9373E+01    2.6033E+01    2.2972E+01    1.8091E+01    8.5917E+01    6.4319E+01    2.0514E+01    5.3519E+00    2.3029E+01    7.5222E+00    8.0791E+00   
 2.7238E+02    6.0397E+01    6.9373E+01    2.6021E+01    2.2842E+01    1.8105E+01    8.5931E+01    6.4323E+01    2.0514E+01    5.3315E+00    2.3233E+01    7.7258E+00    8.3552E+00   
 2.7288E+02    6.0413E+01    6.9394E+01    2.6021E+01    2.2803E+01    1.8105E+01    8.5936E+01    6.4318E+01    2.0513E+01    5.3519E+00    2.3050E+01    7.8480E+00    8.2188E+00   
 2.7338E+02    6.0402E+01    6.9366E+01    2.6000E+01    2.2826E+01    1.8063E+01    8.5935E+01    6.4318E+01    2.0528E+01    5.3519E+00    2.3070E+01    7.5222E+00    8.2188E+00   
 2.7394E+02    6.0402E+01    6.9386E+01    2.6057E+01    2.2832E+01    1.8067E+01    8.5955E+01    6.4343E+01    2.0518E+01    5.3519E+00    2.2928E+01    7.5069E+00    8.6193E+00   
 2.7445E+02    6.0403E+01    6.9394E+01    2.6088E+01    2.2832E+01    1.8058E+01    8.5955E+01    6.4341E+01    2.0533E+01    5.3519E+00    2.3131E+01    7.5171E+00    8.3552E+00   
 2.7495E+02    6.0412E+01    6.9405E+01    2.6046E+01    2.2892E+01    1.8072E+01    8.5945E+01    6.4345E+01    2.0533E+01    5.3519E+00    2.3111E+01    7.8429E+00    8.2188E+00   
 2.7546E+02    6.0384E+01    6.9390E+01    2.6092E+01    2.2938E+01    1.8104E+01    8.5935E+01    6.4334E+01    2.0530E+01    5.3519E+00    2.2968E+01    7.8378E+00    8.2188E+00   
 2.7603E+02    6.0401E+01    6.9381E+01    2.6092E+01    2.2849E+01    1.8104E+01    8.5942E+01    6.4338E+01    2.0535E+01    5.3519E+00    2.3172E+01    7.5476E+00    8.3552E+00   
 2.7654E+02    6.0394E+01    6.9398E+01    2.6061E+01    2.2814E+01    1.8093E+01    8.5949E+01    6.4348E+01    2.0521E+01    5.3519E+00    2.2948E+01    7.8378E+00    8.2188E+00   
 2.7704E+02    6.0394E+01    6.9396E+01    2.6060E+01    2.2768E+01    1.8069E+01    8.5948E+01    6.4348E+01    2.0532E+01    5.3519E+00    2.3233E+01    7.6291E+00    8.0791E+00   
 2.7755E+02    6.0421E+01    6.9389E+01    2.6101E+01    2.2768E+01    1.8050E+01    8.5948E+01    6.4339E+01    2.0537E+01    5.3519E+00    2.3111E+01    7.5222E+00    8.2188E+00   
 2.7811E+02    6.0414E+01    6.9413E+01    2.6154E+01    2.2737E+01    1.8057E+01    8.5957E+01    6.4341E+01    2.0523E+01    5.3519E+00    2.3253E+01    7.7665E+00    8.0791E+00   
 2.7862E+02    6.0409E+01    6.9413E+01    2.6129E+01    2.2839E+01    1.8057E+01    8.5955E+01    6.4349E+01    2.0523E+01    5.3519E+00    2.3050E+01    7.5120E+00    8.3552E+00   
 2.7912E+02    6.0418E+01    6.9411E+01    2.6129E+01    2.2856E+01    1.8057E+01    8.5975E+01    6.4359E+01    2.0526E+01    5.3519E+00    2.3111E+01    7.6596E+00    8.2188E+00   
 2.7963E+02    6.0418E+01    6.9430E+01    2.6086E+01    2.2900E+01    1.8040E+01    8.5965E+01    6.4359E+01    2.0565E+01    5.3315E+00    2.3090E+01    7.7360E+00    8.4887E+00   
 2.8020E+02    6.0430E+01    6.9431E+01    2.5961E+01    2.2811E+01    1.8044E+01    8.5978E+01    6.4379E+01    2.0555E+01    5.3519E+00    2.3213E+01    7.5680E+00    8.3552E+00   
 2.8071E+02    6.0434E+01    6.9441E+01    2.5956E+01    2.2811E+01    1.8052E+01    8.5978E+01    6.4374E+01    2.0560E+01    5.3519E+00    2.2928E+01    7.7869E+00    8.0791E+00   
 2.8121E+02    6.0451E+01    6.9472E+01    2.6069E+01    2.2769E+01    1.8093E+01    8.5973E+01    6.4386E+01    2.0560E+01    5.3519E+00    2.3274E+01    7.5935E+00    8.4887E+00   
# Time (s)      T1w (C)       T2w (C)       T1a (C)       T2a (C)       T1r (C)       T2r (C)       T3r (C)       T4r (C)       P1 (bar)      P2 (bar)      Ic (amp)      Qc (l/min)    
 2.8171E+02    6.0452E+01    6.9472E+01    2.6069E+01    2.2841E+01    1.8093E+01    8.5967E+01    6.4390E+01    2.0564E+01    5.3315E+00    2.3009E+01    7.5069E+00    8.2188E+00   
 2.8228E+02    6.0454E+01    6.9468E+01    2.6123E+01    2.2867E+01    1.8093E+01    8.5993E+01    6.4390E+01    2.0546E+01    5.3519E+00    2.3274E+01    7.7309E+00    8.0791E+00   
 2.8279E+02    6.0454E+01    6.9463E+01    2.6083E+01    2.2884E+01    1.8107E+01    8.6004E+01    6.4390E+01    2.0554E+01    5.3519E+00    2.3009E+01    7.5222E+00    8.3552E+00   
 2.8329E+02    6.0452E+01    6.9473E+01    2.6133E+01    2.2884E+01    1.8090E+01    8.5998E+01    6.4403E+01    2.0557E+01    5.3519E+00    2.3213E+01    7.6953E+00    8.3552E+00   
 2.8379E+02    6.0453E+01    6.9455E+01    2.6089E+01    2.2928E+01    1.8100E+01    8.5998E+01    6.4409E+01    2.0554E+01    5.3519E+00    2.3090E+01    7.7207E+00    8.4887E+00   
 2.8437E+02    6.0459E+01    6.9468E+01    2.5995E+01    2.2896E+01    1.8121E+01    8.5997E+01    6.4413E+01    2.0554E+01    5.3315E+00    2.3131E+01    7.5833E+00    8.4887E+00   
 2.8487E+02    6.0467E+01    6.9468E+01    2.5995E+01    2.2911E+01    1.8108E+01    8.6006E+01    6.4414E+01    2.0552E+01    5.3519E+00    2.3131E+01    7.8276E+00    8.4887E+00   
 2.8538E+02    6.0462E+01    6.9469E+01    2.6073E+01    2.2832E+01    1.8108E+01    8.5994E+01    6.4418E+01    2.0550E+01    5.3519E+00    2.3070E+01    7.5324E+00    8.3552E+00   
 2.8588E+02    6.0462E+01    6.9471E+01    2.6034E+01    2.2863E+01    1.8105E+01    8.6004E+01    6.4418E+01    2.0567E+01    5.3519E+00    2.3253E+01    7.5884E+00    8.3552E+00   
 2.8645E+02    6.0466E+01    6.9464E+01    2.6078E+01    2.2761E+01    1.8104E+01    8.6026E+01    6.4422E+01    2.0569E+01    5.3519E+00    2.3274E+01    7.7513E+00    8.4887E+00   
 2.8696E+02    6.0462E+01    6.9479E+01    2.6173E+01    2.2761E+01    1.8108E+01    8.6026E+01    6.4434E+01    2.0566E+01    5.3723E+00    2.2948E+01    7.5273E+00    8.4887E+00   
 2.8746E+02    6.0469E+01    6.9494E+01    2.6214E+01    2.2805E+01    1.8137E+01    8.6027E+01    6.4424E+01    2.0566E+01    5.3519E+00    2.3274E+01    7.7156E+00    8.3552E+00   
 2.8797E+02    6.0492E+01    6.9500E+01    2.6214E+01    2.2894E+01    1.8137E+01    8.6025E+01    6.4425E+01    2.0583E+01    5.3519E+00    2.3090E+01    7.7156E+00    7.9360E+00   
 2.8855E+02    6.0489E+01    6.9523E+01    2.6229E+01    2.2834E+01    1.8172E+01    8.6021E+01    6.4432E+01    2.0586E+01    5.3519E+00    2.3070E+01    7.8327E+00    8.0791E+00   
 2.8906E+02    6.0489E+01    6.9496E+01    2.6232E+01    2.2817E+01    1.8177E+01    8.6033E+01    6.4432E+01    2.0565E+01    5.3315E+00    2.3070E+01    7.5222E+00    8.6193E+00   
 2.8956E+02    6.0511E+01    6.9521E+01    2.6246E+01    2.2817E+01    1.8164E+01    8.6033E+01    6.4444E+01    2.0565E+01    5.3519E+00    2.3009E+01    7.8124E+00    8.2188E+00   
 2.9007E+02    6.0510E+01    6.9516E+01    2.6140E+01    2.2849E+01    1.8103E+01    8.6055E+01    6.4444E+01    2.0582E+01    5.3519E+00    2.3274E+01    7.5833E+00    8.4887E+00   
 2.9063E+02    6.0521E+01    6.9525E+01    2.5967E+01    2.2794E+01    1.8099E+01    8.6033E+01    6.4456E+01    2.0582E+01    5.3519E+00    2.3009E+01    7.8735E+00    8.3552E+00   
 2.9114E+02    6.0509E+01    6.9525E+01    2.5967E+01    2.2826E+01    1.8099E+01    8.6029E+01    6.4451E+01    2.0606E+01    5.3519E+00    2.3335E+01    7.5426E+00    8.4887E+00   
 2.9164E+02    6.0521E+01    6.9542E+01    2.5877E+01    2.2862E+01    1.8100E+01    8.6051E+01    6.4490E+01    2.0625E+01    5.3519E+00    2.3090E+01    7.5375E+00    8.3552E+00   
 2.9215E+02    6.0521E+01    6.9546E+01    2.5868E+01    2.2921E+01    1.8091E+01    8.6074E+01    6.4490E+01    2.0648E+01    5.3519E+00    2.3314E+01    7.8735E+00    8.4887E+00   
 2.9272E+02    6.0531E+01    6.9559E+01    2.5897E+01    2.2871E+01    1.8088E+01    8.6074E+01    6.4471E+01    2.0602E+01    5.3519E+00    2.3213E+01    7.5273E+00    8.2188E+00   
 2.9323E+02    6.0557E+01    6.9578E+01    2.5902E+01    2.2871E+01    1.8089E+01    8.6074E+01    6.4472E+01    2.0611E+01    5.3519E+00    2.3253E+01    7.6138E+00    8.4887E+00   
 2.9373E+02    6.0548E+01    6.9578E+01    2.5876E+01    2.2918E+01    1.8120E+01    8.6088E+01    6.4500E+01    2.0611E+01    5.3519E+00    2.3070E+01    7.7971E+00    7.9360E+00   
 2.9423E+02    6.0539E+01    6.9579E+01    2.5876E+01    2.2844E+01    1.8120E+01    8.6078E+01    6.4501E+01    2.0635E+01    5.3519E+00    2.3294E+01    7.5782E+00    8.3552E+00   
 2.9480E+02    6.0551E+01    6.9576E+01    2.5779E+01    2.2867E+01    1.8098E+01    8.6094E+01    6.4498E+01    2.0630E+01    5.3519E+00    2.3294E+01    7.7258E+00    8.3552E+00   
 2.9531E+02    6.0551E+01    6.9567E+01    2.5827E+01    2.2862E+01    1.8090E+01    8.6067E+01    6.4483E+01    2.0605E+01    5.3519E+00    2.3314E+01    7.5527E+00    8.2188E+00   
 2.9581E+02    6.0564E+01    6.9585E+01    2.5722E+01    2.2862E+01    1.8101E+01    8.6067E+01    6.4478E+01    2.0599E+01    5.3519E+00    2.3050E+01    7.5375E+00    8.3552E+00   
 2.9632E+02    6.0559E+01    6.9564E+01    2.5593E+01    2.2877E+01    1.8087E+01    8.6067E+01    6.4493E+01    2.0599E+01    5.3519E+00    2.3131E+01    7.7462E+00    7.9360E+00   
 2.9689E+02    6.0562E+01    6.9564E+01    2.5751E+01    2.2985E+01    1.8112E+01    8.6052E+01    6.4486E+01    2.0610E+01    5.3519E+00    2.3294E+01    7.5375E+00    8.3552E+00   
# Time (s)      T1w (C)       T2w (C)       T1a (C)       T2a (C)       T1r (C)       T2r (C)       T3r (C)       T4r (C)       P1 (bar)      P2 (bar)      Ic (amp)      Qc (l/min)    
 2.9740E+02    6.0560E+01    6.9571E+01    2.5751E+01    2.2991E+01    1.8112E+01    8.6052E+01    6.4502E+01    2.0605E+01    5.3519E+00    2.3294E+01    7.8633E+00    8.0791E+00   
 2.9790E+02    6.0575E+01    6.9569E+01    2.5811E+01    2.2828E+01    1.8122E+01    8.6066E+01    6.4502E+01    2.0596E+01    5.3519E+00    2.3152E+01    7.5680E+00    8.2188E+00   
 2.9841E+02    6.0560E+01    6.9558E+01    2.5882E+01    2.2803E+01    1.8093E+01    8.6063E+01    6.4485E+01    2.0595E+01    5.3519E+00    2.3111E+01    7.5426E+00    8.3552E+00   
 2.9900E+02    6.0570E+01    6.9568E+01    2.5947E+01    2.2803E+01    1.8086E+01    8.6070E+01    6.4500E+01    2.0600E+01    5.3519E+00    2.3253E+01    7.5476E+00    8.2188E+00   
 2.9950E+02    6.0538E+01    6.9551E+01    2.5972E+01    2.2815E+01    1.8083E+01    8.6070E+01    6.4514E+01    2.0583E+01    5.3519E+00    2.3213E+01    7.7309E+00    8.3552E+00   
 3.0000E+02    6.0552E+01    6.9551E+01    2.6036E+01    2.2914E+01    1.8060E+01    8.6066E+01    6.4502E+01    2.0583E+01    5.3519E+00    2.3029E+01    7.8735E+00    8.3552E+00   
 3.0051E+02    6.0583E+01    6.9584E+01    2.6052E+01    2.2827E+01    1.8044E+01    8.6066E+01    6.4489E+01    2.0574E+01    5.3519E+00    2.3070E+01    7.7309E+00    8.2188E+00   
 3.0108E+02    6.0588E+01    6.9579E+01    2.6073E+01    2.2914E+01    1.8023E+01    8.6030E+01    6.4512E+01    2.0576E+01    5.3519E+00    2.3050E+01    7.5884E+00    7.9360E+00   
 3.0158E+02    6.0574E+01    6.9558E+01    2.6116E+01    2.2929E+01    1.7989E+01    8.6036E+01    6.4498E+01    2.0561E+01    5.3519E+00    2.3335E+01    7.6036E+00    8.3552E+00   
 3.0209E+02    6.0578E+01    6.9574E+01    2.6134E+01    2.2929E+01    1.7967E+01    8.6036E+01    6.4483E+01    2.0572E+01    5.3315E+00    2.3376E+01    7.5426E+00    8.0791E+00   
 3.0259E+02    6.0558E+01    6.9573E+01    2.6074E+01    2.2894E+01    1.7929E+01    8.6049E+01    6.4499E+01    2.0572E+01    5.3519E+00    2.3376E+01    7.8378E+00    8.3552E+00   
 3.0316E+02    6.0570E+01    6.9573E+01    2.6103E+01    2.2879E+01    1.7968E+01    8.6061E+01    6.4500E+01    2.0593E+01    5.3519E+00    2.3070E+01    7.5375E+00    8.3552E+00   
 3.0366E+02    6.0585E+01    6.9576E+01    2.6103E+01    2.2752E+01    1.7968E+01    8.6079E+01    6.4519E+01    2.0570E+01    5.3519E+00    2.3416E+01    7.8938E+00    8.2188E+00   
 3.0416E+02    6.0592E+01    6.9592E+01    2.6066E+01    2.2842E+01    1.7988E+01    8.6083E+01    6.4519E+01    2.0588E+01    5.3723E+00    2.3152E+01    7.8785E+00    8.0791E+00   
 3.0467E+02    6.0578E+01    6.9567E+01    2.6089E+01    2.2874E+01    1.8031E+01    8.6090E+01    6.4525E+01    2.0600E+01    5.3519E+00    2.3274E+01    7.5578E+00    8.3552E+00   
 3.0524E+02    6.0579E+01    6.9566E+01    2.6130E+01    2.2874E+01    1.8016E+01    8.6090E+01    6.4532E+01    2.0610E+01    5.3519E+00    2.3152E+01    7.8582E+00    8.0791E+00   
 3.0575E+02    6.0586E+01    6.9603E+01    2.6189E+01    2.2959E+01    1.8048E+01    8.6111E+01    6.4547E+01    2.0626E+01    5.3519E+00    2.3294E+01    7.6444E+00    8.6193E+00   
 3.0625E+02    6.0585E+01    6.9603E+01    2.6218E+01    2.2966E+01    1.8040E+01    8.6110E+01    6.4560E+01    2.0605E+01    5.3519E+00    2.3314E+01    7.5476E+00    8.0791E+00   
 3.0676E+02    6.0602E+01    6.9617E+01    2.6234E+01    2.2908E+01    1.8040E+01    8.6064E+01    6.4552E+01    2.0607E+01    5.3519E+00    2.3192E+01    7.5629E+00    8.3552E+00   
 3.0732E+02    6.0608E+01    6.9607E+01    2.6238E+01    2.2955E+01    1.8020E+01    8.6104E+01    6.4552E+01    2.0626E+01    5.3519E+00    2.3070E+01    7.5324E+00    8.0791E+00   
 3.0783E+02    6.0622E+01    6.9633E+01    2.6244E+01    2.2926E+01    1.8020E+01    8.6107E+01    6.4557E+01    2.0624E+01    5.3723E+00    2.3090E+01    7.7767E+00    8.0791E+00   
 3.0834E+02    6.0637E+01    6.9649E+01    2.6214E+01    2.2926E+01    1.8031E+01    8.6107E+01    6.4573E+01    2.0614E+01    5.3519E+00    2.3376E+01    7.5578E+00    8.3552E+00   
 3.0884E+02    6.0640E+01    6.9649E+01    2.6123E+01    2.2924E+01    1.8056E+01    8.6082E+01    6.4555E+01    2.0599E+01    5.3519E+00    2.3294E+01    7.5426E+00    8.0791E+00   
 3.0940E+02    6.0653E+01    6.9642E+01    2.6088E+01    2.2846E+01    1.8024E+01    8.6079E+01    6.4544E+01    2.0573E+01    5.3519E+00    2.3396E+01    7.5476E+00    8.2188E+00   
 3.0990E+02    6.0673E+01    6.9648E+01    2.6088E+01    2.2915E+01    1.8024E+01    8.6097E+01    6.4556E+01    2.0585E+01    5.3519E+00    2.3172E+01    7.5680E+00    8.2188E+00   
 3.1041E+02    6.0673E+01    6.9641E+01    2.6029E+01    2.3007E+01    1.8029E+01    8.6104E+01    6.4556E+01    2.0593E+01    5.3519E+00    2.3253E+01    7.7869E+00    8.3552E+00   
 3.1091E+02    6.0650E+01    6.9635E+01    2.6042E+01    2.3007E+01    1.8004E+01    8.6104E+01    6.4556E+01    2.0609E+01    5.3519E+00    2.3029E+01    7.8684E+00    8.3552E+00   
 3.1149E+02    6.0639E+01    6.9613E+01    2.5955E+01    2.3092E+01    1.7984E+01    8.6133E+01    6.4573E+01    2.0610E+01    5.3519E+00    2.3090E+01    7.5324E+00    8.2188E+00   
 3.1200E+02    6.0633E+01    6.9625E+01    2.6030E+01    2.3019E+01    1.7981E+01    8.6136E+01    6.4556E+01    2.0610E+01    5.3519E+00    2.3172E+01    7.6240E+00    8.2188E+00   
 3.1250E+02    6.0646E+01    6.9640E+01    2.6046E+01    2.2988E+01    1.7981E+01    8.6122E+01    6.4567E+01    2.0628E+01    5.3519E+00    2.3274E+01    7.8582E+00    8.0791E+00   
# Time (s)      T1w (C)       T2w (C)       T1a (C)       T2a (C)       T1r (C)       T2r (C)       T3r (C)       T4r (C)       P1 (bar)      P2 (bar)      Ic (amp)      Qc (l/min)    
 3.1301E+02    6.0660E+01    6.9624E+01    2.6170E+01    2.2990E+01    1.7955E+01    8.6130E+01    6.4567E+01    2.0614E+01    5.3519E+00    2.3090E+01    7.6240E+00    8.0791E+00   
 3.1358E+02    6.0645E+01    6.9616E+01    2.6274E+01    2.3068E+01    1.7951E+01    8.6160E+01    6.4585E+01    2.0617E+01    5.3519E+00    2.3274E+01    7.8938E+00    8.3552E+00   
 3.1409E+02    6.0635E+01    6.9632E+01    2.6408E+01    2.3084E+01    1.7958E+01    8.6135E+01    6.4583E+01    2.0640E+01    5.3519E+00    2.3396E+01    7.7207E+00    8.4887E+00   
 3.1459E+02    6.0645E+01    6.9630E+01    2.6472E+01    2.3084E+01    1.7974E+01    8.6135E+01    6.4587E+01    2.0632E+01    5.3519E+00    2.3335E+01    7.5629E+00    8.2188E+00   
 3.1509E+02    6.0650E+01    6.9630E+01    2.6504E+01    2.3047E+01    1.7997E+01    8.6144E+01    6.4587E+01    2.0632E+01    5.3519E+00    2.3355E+01    7.7156E+00    8.3552E+00   
 3.1568E+02    6.0637E+01    6.9622E+01    2.6432E+01    2.3041E+01    1.8016E+01    8.6132E+01    6.4570E+01    2.0617E+01    5.3723E+00    2.3213E+01    7.8684E+00    7.9360E+00   
 3.1618E+02    6.0634E+01    6.9617E+01    2.6432E+01    2.3058E+01    1.8016E+01    8.6154E+01    6.4582E+01    2.0612E+01    5.3723E+00    2.3233E+01    7.6596E+00    8.3552E+00   
 3.1669E+02    6.0619E+01    6.9598E+01    2.6369E+01    2.3006E+01    1.8033E+01    8.6132E+01    6.4582E+01    2.0584E+01    5.3723E+00    2.3050E+01    7.5578E+00    8.4887E+00   
 3.1719E+02    6.0620E+01    6.9611E+01    2.6323E+01    2.3006E+01    1.8047E+01    8.6132E+01    6.4576E+01    2.0574E+01    5.3723E+00    2.3131E+01    7.8785E+00    8.2188E+00   
 3.1775E+02    6.0631E+01    6.9601E+01    2.6300E+01    2.2986E+01    1.8059E+01    8.6151E+01    6.4586E+01    2.0583E+01    5.3723E+00    2.3294E+01    7.8989E+00    8.3552E+00   
 3.1826E+02    6.0621E+01    6.9601E+01    2.6258E+01    2.3064E+01    1.8045E+01    8.6148E+01    6.4599E+01    2.0583E+01    5.3519E+00    2.3355E+01    7.8022E+00    8.2188E+00   
 3.1876E+02    6.0626E+01    6.9610E+01    2.6258E+01    2.2989E+01    1.8045E+01    8.6146E+01    6.4606E+01    2.0587E+01    5.3723E+00    2.3233E+01    7.6800E+00    8.4887E+00   
 3.1927E+02    6.0609E+01    6.9617E+01    2.6200E+01    2.2996E+01    1.8079E+01    8.6157E+01    6.4606E+01    2.0588E+01    5.3723E+00    2.3376E+01    7.6800E+00    8.6193E+00   
 3.1986E+02    6.0624E+01    6.9650E+01    2.6143E+01    2.3027E+01    1.8080E+01    8.6155E+01    6.4597E+01    2.0576E+01    5.3723E+00    2.3376E+01    7.5884E+00    8.0791E+00   
 3.2037E+02    6.0615E+01    6.9640E+01    2.6173E+01    2.3027E+01    1.8095E+01    8.6155E+01    6.4606E+01    2.0578E+01    5.3723E+00    2.3131E+01    7.9091E+00    8.4887E+00   
 3.2087E+02    6.0627E+01    6.9650E+01    2.6152E+01    2.3091E+01    1.8105E+01    8.6137E+01    6.4601E+01    2.0571E+01    5.3723E+00    2.3274E+01    7.9193E+00    8.3552E+00   
 3.2138E+02    6.0629E+01    6.9650E+01    2.6117E+01    2.3072E+01    1.8083E+01    8.6159E+01    6.4610E+01    2.0571E+01    5.3723E+00    2.3172E+01    7.5629E+00    8.3552E+00   
 3.2194E+02    6.0651E+01    6.9666E+01    2.6117E+01    2.3024E+01    1.8067E+01    8.6144E+01    6.4581E+01    2.0579E+01    5.3519E+00    2.3111E+01    7.5527E+00    8.2188E+00   
 3.2244E+02    6.0634E+01    6.9665E+01    2.6130E+01    2.2991E+01    1.8041E+01    8.6151E+01    6.4581E+01    2.0552E+01    5.3723E+00    2.3274E+01    7.5578E+00    8.3552E+00   
 3.2294E+02    6.0634E+01    6.9678E+01    2.6154E+01    2.3032E+01    1.8041E+01    8.6161E+01    6.4581E+01    2.0555E+01    5.3723E+00    2.3396E+01    7.8531E+00    8.6193E+00   
 3.2345E+02    6.0641E+01    6.9688E+01    2.6152E+01    2.3032E+01    1.8037E+01    8.6161E+01    6.4576E+01    2.0560E+01    5.3723E+00    2.3355E+01    7.6291E+00    8.2188E+00   
 3.2404E+02    6.0648E+01    6.9677E+01    2.6150E+01    2.3030E+01    1.8047E+01    8.6183E+01    6.4608E+01    2.0570E+01    5.3723E+00    2.3416E+01    7.8073E+00    8.0791E+00   
 3.2454E+02    6.0641E+01    6.9677E+01    2.6151E+01    2.3035E+01    1.8050E+01    8.6178E+01    6.4631E+01    2.0586E+01    5.3519E+00    2.3396E+01    7.6953E+00    8.2188E+00   
 3.2505E+02    6.0649E+01    6.9690E+01    2.6151E+01    2.3100E+01    1.8050E+01    8.6218E+01    6.4624E+01    2.0594E+01    5.3723E+00    2.3233E+01    7.6749E+00    8.0791E+00   
 3.2555E+02    6.0655E+01    6.9683E+01    2.6104E+01    2.3056E+01    1.8041E+01    8.6197E+01    6.4639E+01    2.0602E+01    5.3519E+00    2.3416E+01    7.5935E+00    8.3552E+00   
 3.2611E+02    6.0655E+01    6.9692E+01    2.6105E+01    2.3025E+01    1.8009E+01    8.6220E+01    6.4641E+01    2.0620E+01    5.3519E+00    2.3294E+01    7.9040E+00    8.3552E+00   
 3.2662E+02    6.0665E+01    6.9693E+01    2.6128E+01    2.3025E+01    1.8048E+01    8.6234E+01    6.4654E+01    2.0630E+01    5.3519E+00    2.3253E+01    7.7360E+00    8.2188E+00   
 3.2712E+02    6.0665E+01    6.9700E+01    2.6164E+01    2.2998E+01    1.8056E+01    8.6215E+01    6.4643E+01    2.0630E+01    5.3519E+00    2.3396E+01    7.7665E+00    8.3552E+00   
 3.2763E+02    6.0675E+01    6.9700E+01    2.6199E+01    2.2945E+01    1.8027E+01    8.6198E+01    6.4648E+01    2.0606E+01    5.3519E+00    2.3355E+01    7.9091E+00    8.2188E+00   
 3.2822E+02    6.0671E+01    6.9691E+01    2.6199E+01    2.3020E+01    1.8035E+01    8.6180E+01    6.4632E+01    2.0614E+01    5.3723E+00    2.3172E+01    7.6138E+00    8.2188E+00   
# Time (s)      T1w (C)       T2w (C)       T1a (C)       T2a (C)       T1r (C)       T2r (C)       T3r (C)       T4r (C)       P1 (bar)      P2 (bar)      Ic (amp)      Qc (l/min)    
 3.2873E+02    6.0679E+01    6.9704E+01    2.6125E+01    2.3034E+01    1.8035E+01    8.6172E+01    6.4634E+01    2.0599E+01    5.3723E+00    2.3253E+01    7.6342E+00    8.2188E+00   
 3.2924E+02    6.0679E+01    6.9690E+01    2.6118E+01    2.2977E+01    1.8055E+01    8.6164E+01    6.4634E+01    2.0594E+01    5.3723E+00    2.3131E+01    7.6495E+00    8.6193E+00   
 3.2974E+02    6.0678E+01    6.9701E+01    2.6172E+01    2.2992E+01    1.8061E+01    8.6164E+01    6.4633E+01    2.0592E+01    5.3723E+00    2.3457E+01    7.6189E+00    8.2188E+00   
 3.3030E+02    6.0673E+01    6.9711E+01    2.6230E+01    2.3035E+01    1.8081E+01    8.6156E+01    6.4638E+01    2.0583E+01    5.3723E+00    2.3416E+01    7.5782E+00    8.4887E+00   
 3.3080E+02    6.0715E+01    6.9725E+01    2.6226E+01    2.3074E+01    1.8077E+01    8.6192E+01    6.4629E+01    2.0583E+01    5.3519E+00    2.3416E+01    7.9142E+00    8.2188E+00   
 3.3131E+02    6.0712E+01    6.9728E+01    2.6226E+01    2.3004E+01    1.8077E+01    8.6209E+01    6.4646E+01    2.0578E+01    5.3723E+00    2.3416E+01    7.8378E+00    8.0791E+00   
 3.3181E+02    6.0726E+01    6.9749E+01    2.6221E+01    2.2916E+01    1.8090E+01    8.6246E+01    6.4661E+01    2.0602E+01    5.3723E+00    2.3477E+01    7.5731E+00    8.4887E+00   
 3.3239E+02    6.0726E+01    6.9757E+01    2.6169E+01    2.2989E+01    1.8063E+01    8.6249E+01    6.4658E+01    2.0610E+01    5.3723E+00    2.3152E+01    7.5833E+00    8.0791E+00   
 3.3290E+02    6.0740E+01    6.9763E+01    2.6215E+01    2.3005E+01    1.8034E+01    8.6249E+01    6.4670E+01    2.0590E+01    5.3519E+00    2.3294E+01    7.7665E+00    8.3552E+00   
 3.3340E+02    6.0749E+01    6.9760E+01    2.6220E+01    2.2980E+01    1.8021E+01    8.6232E+01    6.4655E+01    2.0590E+01    5.3519E+00    2.3192E+01    7.7869E+00    8.4887E+00   
 3.3391E+02    6.0724E+01    6.9745E+01    2.6200E+01    2.3024E+01    1.8011E+01    8.6249E+01    6.4662E+01    2.0605E+01    5.3519E+00    2.3131E+01    7.7258E+00    8.3552E+00   
 3.3447E+02    6.0742E+01    6.9766E+01    2.6200E+01    2.3020E+01    1.8011E+01    8.6282E+01    6.4679E+01    2.0630E+01    5.3519E+00    2.3396E+01    7.5884E+00    8.0791E+00   
 3.3497E+02    6.0747E+01    6.9759E+01    2.6208E+01    2.2979E+01    1.8014E+01    8.6316E+01    6.4679E+01    2.0640E+01    5.3519E+00    2.3396E+01    7.8225E+00    8.6193E+00   
 3.3547E+02    6.0747E+01    6.9763E+01    2.6213E+01    2.3008E+01    1.8009E+01    8.6312E+01    6.4681E+01    2.0637E+01    5.3519E+00    2.3518E+01    7.9142E+00    8.3552E+00   
 3.3598E+02    6.0761E+01    6.9777E+01    2.6212E+01    2.3024E+01    1.8040E+01    8.6312E+01    6.4685E+01    2.0653E+01    5.3723E+00    2.3274E+01    7.7258E+00    8.3552E+00   
 3.3655E+02    6.0781E+01    6.9776E+01    2.6139E+01    2.2970E+01    1.8059E+01    8.6321E+01    6.4695E+01    2.0653E+01    5.3723E+00    2.3396E+01    7.8938E+00    8.3552E+00   
 3.3705E+02    6.0755E+01    6.9762E+01    2.6116E+01    2.2935E+01    1.8073E+01    8.6322E+01    6.4701E+01    2.0644E+01    5.3519E+00    2.3457E+01    7.5782E+00    8.3552E+00   
 3.3755E+02    6.0761E+01    6.9779E+01    2.6116E+01    2.2936E+01    1.8073E+01    8.6295E+01    6.4708E+01    2.0643E+01    5.3723E+00    2.3152E+01    7.5782E+00    8.3552E+00   
 3.3806E+02    6.0776E+01    6.9796E+01    2.6093E+01    2.2920E+01    1.8099E+01    8.6322E+01    6.4723E+01    2.0663E+01    5.3723E+00    2.3335E+01    7.8582E+00    8.2188E+00   
 3.3862E+02    6.0782E+01    6.9782E+01    2.6148E+01    2.3051E+01    1.8119E+01    8.6327E+01    6.4741E+01    2.0655E+01    5.3723E+00    2.3335E+01    7.7055E+00    8.2188E+00   
 3.3913E+02    6.0798E+01    6.9802E+01    2.6204E+01    2.3051E+01    1.8117E+01    8.6327E+01    6.4760E+01    2.0680E+01    5.3519E+00    2.3477E+01    7.7004E+00    8.2188E+00   
 3.3963E+02    6.0791E+01    6.9802E+01    2.6208E+01    2.3049E+01    1.8128E+01    8.6357E+01    6.4772E+01    2.0695E+01    5.3519E+00    2.3376E+01    7.6087E+00    8.2188E+00   
 3.4014E+02    6.0811E+01    6.9800E+01    2.6208E+01    2.3080E+01    1.8128E+01    8.6362E+01    6.4781E+01    2.0691E+01    5.3519E+00    2.3314E+01    7.8480E+00    8.0791E+00   
 3.4071E+02    6.0806E+01    6.9790E+01    2.6209E+01    2.3132E+01    1.8107E+01    8.6370E+01    6.4787E+01    2.0706E+01    5.3519E+00    2.3131E+01    7.5833E+00    8.2188E+00   
 3.4122E+02    6.0806E+01    6.9796E+01    2.6274E+01    2.2909E+01    1.8077E+01    8.6372E+01    6.4787E+01    2.0694E+01    5.3519E+00    2.3498E+01    7.5884E+00    8.3552E+00   
 3.4172E+02    6.0818E+01    6.9792E+01    2.6283E+01    2.2909E+01    1.8031E+01    8.6372E+01    6.4785E+01    2.0707E+01    5.3519E+00    2.3172E+01    7.5935E+00    8.4887E+00   
 3.4223E+02    6.0815E+01    6.9816E+01    2.6316E+01    2.2994E+01    1.8018E+01    8.6402E+01    6.4789E+01    2.0705E+01    5.3519E+00    2.3416E+01    7.7004E+00    8.3552E+00   
 3.4279E+02    6.0818E+01    6.9816E+01    2.6316E+01    2.3045E+01    1.8049E+01    8.6389E+01    6.4792E+01    2.0705E+01    5.3519E+00    2.3376E+01    7.5935E+00    8.3552E+00   
 3.4329E+02    6.0840E+01    6.9816E+01    2.6316E+01    2.3010E+01    1.8049E+01    8.6389E+01    6.4791E+01    2.0728E+01    5.3519E+00    2.3294E+01    7.9244E+00    8.4887E+00   
 3.4380E+02    6.0835E+01    6.9829E+01    2.6380E+01    2.2948E+01    1.8074E+01    8.6392E+01    6.4807E+01    2.0685E+01    5.3723E+00    2.3437E+01    7.7818E+00    8.3552E+00   
# Time (s)      T1w (C)       T2w (C)       T1a (C)       T2a (C)       T1r (C)       T2r (C)       T3r (C)       T4r (C)       P1 (bar)      P2 (bar)      Ic (amp)      Qc (l/min)    
 3.4430E+02    6.0835E+01    6.9814E+01    2.6354E+01    2.2875E+01    1.8086E+01    8.6397E+01    6.4807E+01    2.0701E+01    5.3519E+00    2.3477E+01    7.5935E+00    8.2188E+00   
 3.4490E+02    6.0841E+01    6.9825E+01    2.6264E+01    2.2905E+01    1.8095E+01    8.6398E+01    6.4821E+01    2.0705E+01    5.3519E+00    2.3172E+01    7.6902E+00    8.4887E+00   
 3.4540E+02    6.0856E+01    6.9845E+01    2.6269E+01    2.2905E+01    1.8118E+01    8.6398E+01    6.4828E+01    2.0710E+01    5.3519E+00    2.3192E+01    7.7920E+00    8.2188E+00   
 3.4591E+02    6.0852E+01    6.9845E+01    2.6335E+01    2.2931E+01    1.8063E+01    8.6376E+01    6.4817E+01    2.0694E+01    5.3519E+00    2.3477E+01    7.9091E+00    8.2188E+00   
 3.4641E+02    6.0865E+01    6.9858E+01    2.6335E+01    2.2966E+01    1.8063E+01    8.6407E+01    6.4816E+01    2.0710E+01    5.3519E+00    2.3416E+01    7.7360E+00    8.3552E+00   
 3.4697E+02    6.0859E+01    6.9838E+01    2.6351E+01    2.2938E+01    1.8061E+01    8.6390E+01    6.4823E+01    2.0709E+01    5.3519E+00    2.3457E+01    7.8785E+00    8.2188E+00   
 3.4748E+02    6.0859E+01    6.9849E+01    2.6530E+01    2.2967E+01    1.8060E+01    8.6389E+01    6.4823E+01    2.0699E+01    5.3519E+00    2.3498E+01    7.5782E+00    8.2188E+00   
 3.4798E+02    6.0856E+01    6.9853E+01    2.6357E+01    2.2967E+01    1.8047E+01    8.6389E+01    6.4839E+01    2.0716E+01    5.3723E+00    2.3253E+01    7.8480E+00    8.2188E+00   
 3.4849E+02    6.0864E+01    6.9853E+01    2.6357E+01    2.2940E+01    1.8051E+01    8.6389E+01    6.4830E+01    2.0716E+01    5.3519E+00    2.3416E+01    7.8531E+00    8.3552E+00   
 3.4907E+02    6.0868E+01    6.9860E+01    2.6298E+01    2.3056E+01    1.8086E+01    8.6402E+01    6.4842E+01    2.0700E+01    5.3519E+00    2.3253E+01    7.8276E+00    8.3552E+00   
 3.4958E+02    6.0882E+01    6.9860E+01    2.6298E+01    2.3096E+01    1.8086E+01    8.6409E+01    6.4845E+01    2.0709E+01    5.3519E+00    2.3213E+01    7.8989E+00    8.4887E+00   
 3.5008E+02    6.0881E+01    6.9870E+01    2.6275E+01    2.3057E+01    1.8070E+01    8.6407E+01    6.4845E+01    2.0699E+01    5.3519E+00    2.3192E+01    7.8429E+00    8.2188E+00   
 3.5058E+02    6.0881E+01    6.9877E+01    2.6172E+01    2.2976E+01    1.8068E+01    8.6425E+01    6.4843E+01    2.0716E+01    5.3723E+00    2.3396E+01    7.8531E+00    8.2188E+00   
 3.5114E+02    6.0883E+01    6.9865E+01    2.6076E+01    2.2976E+01    1.8067E+01    8.6411E+01    6.4821E+01    2.0690E+01    5.3519E+00    2.3538E+01    7.9396E+00    8.3552E+00   
 3.5164E+02    6.0878E+01    6.9865E+01    2.6036E+01    2.3039E+01    1.8053E+01    8.6398E+01    6.4830E+01    2.0686E+01    5.3519E+00    2.3416E+01    7.7767E+00    8.3552E+00   
 3.5215E+02    6.0897E+01    6.9880E+01    2.6027E+01    2.2969E+01    1.8079E+01    8.6427E+01    6.4843E+01    2.0702E+01    5.3519E+00    2.3335E+01    7.5884E+00    8.2188E+00   
 3.5266E+02    6.0890E+01    6.9893E+01    2.6027E+01    2.3007E+01    1.8079E+01    8.6442E+01    6.4834E+01    2.0703E+01    5.3519E+00    2.3335E+01    7.7869E+00    8.4887E+00   
 3.5324E+02    6.0884E+01    6.9891E+01    2.6080E+01    2.3036E+01    1.8047E+01    8.6422E+01    6.4861E+01    2.0707E+01    5.3519E+00    2.3437E+01    7.8429E+00    8.3552E+00   
 3.5375E+02    6.0884E+01    6.9900E+01    2.5976E+01    2.2994E+01    1.8081E+01    8.6446E+01    6.4875E+01    2.0723E+01    5.3519E+00    2.3233E+01    7.9142E+00    1.2559E+01   
 3.5425E+02    6.0883E+01    6.9895E+01    2.5957E+01    2.2994E+01    1.8100E+01    8.6446E+01    6.4863E+01    2.0719E+01    5.3519E+00    2.3355E+01    7.5985E+00    1.1195E+01   
 3.5476E+02    6.0892E+01    6.9890E+01    2.5949E+01    2.3090E+01    1.8119E+01    8.6447E+01    6.4863E+01    2.0719E+01    5.3723E+00    2.3131E+01    7.8124E+00    1.0528E+01   
 3.5532E+02    6.0918E+01    6.9904E+01    2.5948E+01    2.3082E+01    1.8102E+01    8.6444E+01    6.4877E+01    2.0731E+01    5.3519E+00    2.3396E+01    7.8887E+00    1.0225E+01   
 3.5582E+02    6.0918E+01    6.9846E+01    2.5948E+01    2.3030E+01    1.8102E+01    8.6432E+01    6.4882E+01    2.0719E+01    5.3519E+00    2.3376E+01    7.5833E+00    1.0327E+01   
 3.5633E+02    6.0949E+01    6.9752E+01    2.6113E+01    2.3017E+01    1.8090E+01    8.6443E+01    6.4882E+01    2.0724E+01    5.3519E+00    2.3253E+01    7.6240E+00    1.0121E+01   
 3.5683E+02    6.0949E+01    6.9670E+01    2.6052E+01    2.3017E+01    1.8046E+01    8.6429E+01    6.4884E+01    2.0711E+01    5.3519E+00    2.2989E+01    7.5273E+00    1.0121E+01   
