# Run number  3 on Tue 2026-05-26T09:05:36 BST
# Time (s)      T1w (C)       T2w (C)       T1a (C)       T2a (C)       T1r (C)       T2r (C)       T3r (C)       T4r (C)       P1 (bar)      P2 (bar)      Ic (amp)      Qc (l/min)    
 2.8750E-01    3.6232E+01    4.4653E+01    2.4549E+01    2.1270E+01    1.4508E+01    5.3346E+01    4.0192E+01    1.5729E+01    4.7601E+00    1.3053E+01    4.9921E+00    9.9090E+00
 1.0864E+00    3.6230E+01    4.4657E+01    2.4578E+01    2.1114E+01    1.4455E+01    5.3459E+01    4.0209E+01    1.5625E+01    4.7601E+00    1.3033E+01    5.0837E+00    9.8010E+00
 1.5866E+00    3.6248E+01    4.4657E+01    2.4534E+01    2.1172E+01    1.4430E+01    5.3444E+01    4.0212E+01    1.5565E+01    4.7601E+00    1.3094E+01    5.1091E+00    9.9090E+00
 2.0868E+00    3.6255E+01    4.4660E+01    2.4766E+01    2.1172E+01    1.4452E+01    5.3507E+01    4.0241E+01    1.5565E+01    4.7397E+00    1.3033E+01    4.9921E+00    9.9090E+00
 2.5871E+00    3.6255E+01    4.4668E+01    2.4815E+01    2.1297E+01    1.4533E+01    5.3518E+01    4.0250E+01    1.5508E+01    4.7397E+00    1.2992E+01    5.1397E+00    9.9090E+00
 3.0874E+00    3.6291E+01    4.4672E+01    2.4815E+01    2.1363E+01    1.4533E+01    5.3526E+01    4.0250E+01    1.5461E+01    4.7397E+00    1.3033E+01    5.1448E+00    9.8010E+00
 3.5876E+00    3.6288E+01    4.4670E+01    2.4821E+01    2.1117E+01    1.4606E+01    5.3500E+01    4.0239E+01    1.5409E+01    4.7193E+00    1.3033E+01    4.9921E+00    9.9090E+00
 4.0879E+00    3.6283E+01    4.4670E+01    2.4766E+01    2.1293E+01    1.4758E+01    5.3500E+01    4.0295E+01    1.5409E+01    4.7193E+00    1.3012E+01    5.0430E+00    9.8010E+00
 4.6448E+00    3.6310E+01    4.4674E+01    2.4633E+01    2.1293E+01    1.4898E+01    5.3550E+01    4.0325E+01    1.5390E+01    4.7193E+00    1.3073E+01    5.1448E+00    9.9090E+00
 5.1451E+00    3.6310E+01    4.4662E+01    2.4435E+01    2.1185E+01    1.5030E+01    5.3589E+01    4.0346E+01    1.5353E+01    4.6989E+00    1.2992E+01    5.0124E+00    1.0016E+01
 5.6453E+00    3.6294E+01    4.4664E+01    2.4419E+01    2.1201E+01    1.5014E+01    5.3579E+01    4.0331E+01    1.5313E+01    4.6989E+00    1.3012E+01    5.1397E+00    9.9090E+00
 6.1456E+00    3.6282E+01    4.4656E+01    2.4395E+01    2.1301E+01    1.5112E+01    5.3632E+01    4.0373E+01    1.5280E+01    4.6989E+00    1.3073E+01    5.0022E+00    9.9090E+00
 6.7332E+00    3.6298E+01    4.4657E+01    2.4386E+01    2.1290E+01    1.5202E+01    5.3672E+01    4.0401E+01    1.5240E+01    4.6989E+00    1.3073E+01    5.1244E+00    9.9090E+00
 7.2334E+00    3.6317E+01    4.4657E+01    2.4679E+01    2.1114E+01    1.5287E+01    5.3672E+01    4.0436E+01    1.5225E+01    4.6989E+00    1.3053E+01    5.1193E+00    9.9090E+00
 7.7338E+00    3.6344E+01    4.4659E+01    2.5155E+01    2.1114E+01    1.5375E+01    5.3715E+01    4.0475E+01    1.5225E+01    4.6785E+00    1.2951E+01    4.9971E+00    9.9090E+00
 8.2341E+00    3.6344E+01    4.4667E+01    2.5496E+01    2.1155E+01    1.5445E+01    5.3748E+01    4.0512E+01    1.5193E+01    4.6785E+00    1.2992E+01    5.0582E+00    1.0016E+01
 8.8133E+00    3.6369E+01    4.4664E+01    2.5575E+01    2.1077E+01    1.5445E+01    5.3837E+01    4.0512E+01    1.5190E+01    4.6785E+00    1.2992E+01    5.0735E+00    9.8010E+00
 9.3138E+00    3.6386E+01    4.4682E+01    2.5590E+01    2.1089E+01    1.5536E+01    5.3872E+01    4.0574E+01    1.5197E+01    4.6785E+00    1.3033E+01    4.9717E+00    1.0016E+01
 9.8141E+00    3.6412E+01    4.4682E+01    2.5632E+01    2.1026E+01    1.5645E+01    5.3906E+01    4.0629E+01    1.5180E+01    4.6785E+00    1.3053E+01    4.9717E+00    1.0016E+01
 1.0314E+01    3.6411E+01    4.4661E+01    2.5363E+01    2.1010E+01    1.5721E+01    5.3906E+01    4.0671E+01    1.5180E+01    4.6785E+00    1.2972E+01    5.1193E+00    9.8010E+00
 1.0902E+01    3.6428E+01    4.4678E+01    2.4796E+01    2.0924E+01    1.5832E+01    5.3967E+01    4.0729E+01    1.5178E+01    4.6785E+00    1.2992E+01    5.0073E+00    9.9090E+00
 1.1402E+01    3.6428E+01    4.4667E+01    2.4722E+01    2.0942E+01    1.5946E+01    5.4001E+01    4.0804E+01    1.5192E+01    4.6785E+00    1.2951E+01    5.1091E+00    9.9090E+00
 1.1902E+01    3.6420E+01    4.4659E+01    2.4722E+01    2.0771E+01    1.5946E+01    5.4028E+01    4.0804E+01    1.5194E+01    4.6785E+00    1.2951E+01    5.0073E+00    9.9090E+00
 1.2402E+01    3.6419E+01    4.4669E+01    2.4742E+01    2.0749E+01    1.6048E+01    5.4068E+01    4.0865E+01    1.5205E+01    4.6581E+00    1.3012E+01    5.0888E+00    9.8010E+00
 1.2982E+01    3.6440E+01    4.4669E+01    2.4798E+01    2.0898E+01    1.6171E+01    5.4126E+01    4.0928E+01    1.5198E+01    4.6785E+00    1.2931E+01    4.9768E+00    9.9090E+00
 1.3482E+01    3.6445E+01    4.4652E+01    2.5121E+01    2.0898E+01    1.6275E+01    5.4126E+01    4.1000E+01    1.5198E+01    4.6785E+00    1.3033E+01    5.1193E+00    9.8010E+00
 1.3982E+01    3.6455E+01    4.4651E+01    2.5066E+01    2.1080E+01    1.6402E+01    5.4178E+01    4.1074E+01    1.5219E+01    4.6581E+00    1.2972E+01    4.9564E+00    9.8010E+00
 1.4483E+01    3.6471E+01    4.4685E+01    2.4995E+01    2.1058E+01    1.6508E+01    5.4228E+01    4.1131E+01    1.5251E+01    4.6785E+00    1.2931E+01    5.1091E+00    9.9090E+00
 1.5095E+01    3.6483E+01    4.4693E+01    2.4736E+01    2.1112E+01    1.6508E+01    5.4275E+01    4.1131E+01    1.5247E+01    4.6785E+00    1.2972E+01    5.0990E+00    1.0016E+01
 1.5595E+01    3.6483E+01    4.4681E+01    2.4736E+01    2.0909E+01    1.6635E+01    5.4309E+01    4.1200E+01    1.5273E+01    4.6785E+00    1.2972E+01    5.1142E+00    1.0016E+01
# Time (s)      T1w (C)       T2w (C)       T1a (C)       T2a (C)       T1r (C)       T2r (C)       T3r (C)       T4r (C)       P1 (bar)      P2 (bar)      Ic (amp)      Qc (l/min)    
 1.6095E+01    3.6482E+01    4.4681E+01    2.5235E+01    2.1079E+01    1.6743E+01    5.4370E+01    4.1264E+01    1.5291E+01    4.6785E+00    1.2992E+01    4.9819E+00    9.9090E+00
 1.6595E+01    3.6487E+01    4.4675E+01    2.5215E+01    2.1079E+01    1.6862E+01    5.4370E+01    4.1335E+01    1.5291E+01    4.6785E+00    1.3012E+01    5.0430E+00    9.8010E+00
 1.7174E+01    3.6499E+01    4.4683E+01    2.4989E+01    2.1261E+01    1.6988E+01    5.4404E+01    4.1386E+01    1.5305E+01    4.6785E+00    1.3012E+01    5.1142E+00    9.9090E+00
 1.7675E+01    3.6499E+01    4.4677E+01    2.5011E+01    2.1047E+01    1.7078E+01    5.4432E+01    4.1453E+01    1.5318E+01    4.6785E+00    1.2951E+01    4.9615E+00    9.9090E+00
 1.8175E+01    3.6526E+01    4.4709E+01    2.5011E+01    2.1246E+01    1.7078E+01    5.4464E+01    4.1453E+01    1.5354E+01    4.6989E+00    1.2992E+01    5.0786E+00    9.9090E+00
 1.8675E+01    3.6545E+01    4.4699E+01    2.4941E+01    2.0976E+01    1.7210E+01    5.4505E+01    4.1524E+01    1.5370E+01    4.6785E+00    1.3033E+01    5.0582E+00    1.0016E+01
 1.9263E+01    3.6558E+01    4.4699E+01    2.4781E+01    2.0863E+01    1.7298E+01    5.4554E+01    4.1578E+01    1.5406E+01    4.6989E+00    1.3033E+01    5.1193E+00    9.8010E+00
 1.9763E+01    3.6581E+01    4.4683E+01    2.4617E+01    2.0863E+01    1.7410E+01    5.4554E+01    4.1640E+01    1.5406E+01    4.6785E+00    1.2972E+01    4.9717E+00    9.8010E+00
 2.0263E+01    3.6602E+01    4.4701E+01    2.4513E+01    2.0940E+01    1.7497E+01    5.4593E+01    4.1705E+01    1.5408E+01    4.6785E+00    1.3012E+01    5.0277E+00    9.9090E+00
 2.0764E+01    3.6602E+01    4.4708E+01    2.4506E+01    2.0860E+01    1.7497E+01    5.4616E+01    4.1778E+01    1.5451E+01    4.6989E+00    1.3053E+01    5.0735E+00    9.8010E+00
 2.1343E+01    3.6598E+01    4.4710E+01    2.4506E+01    2.0843E+01    1.7605E+01    5.4596E+01    4.1778E+01    1.5473E+01    4.6785E+00    1.2972E+01    5.1193E+00    9.9090E+00
 2.1843E+01    3.6616E+01    4.4725E+01    2.4672E+01    2.0669E+01    1.7719E+01    5.4618E+01    4.1830E+01    1.5516E+01    4.6989E+00    1.2992E+01    4.9819E+00    1.0016E+01
 2.2343E+01    3.6629E+01    4.4725E+01    2.5077E+01    2.0594E+01    1.7803E+01    5.4675E+01    4.1885E+01    1.5540E+01    4.6989E+00    1.3033E+01    5.0531E+00    9.9090E+00
 2.2844E+01    3.6643E+01    4.4731E+01    2.5084E+01    2.0594E+01    1.7875E+01    5.4675E+01    4.1947E+01    1.5540E+01    4.6989E+00    1.2972E+01    5.0633E+00    9.9090E+00
 2.3431E+01    3.6656E+01    4.4744E+01    2.4738E+01    2.0496E+01    1.7985E+01    5.4713E+01    4.2005E+01    1.5591E+01    4.6989E+00    1.2972E+01    5.1193E+00    1.0016E+01
 2.3931E+01    3.6656E+01    4.4752E+01    2.4613E+01    2.0737E+01    1.8066E+01    5.4766E+01    4.2065E+01    1.5613E+01    4.6989E+00    1.2951E+01    5.0939E+00    9.9090E+00
 2.4432E+01    3.6662E+01    4.4738E+01    2.4597E+01    2.0748E+01    1.8066E+01    5.4816E+01    4.2065E+01    1.5655E+01    4.6989E+00    1.3053E+01    5.0582E+00    9.9090E+00
 2.4932E+01    3.6670E+01    4.4758E+01    2.4598E+01    2.0720E+01    1.8148E+01    5.4836E+01    4.2121E+01    1.5680E+01    4.7193E+00    1.3012E+01    5.1142E+00    1.0016E+01
 2.5536E+01    3.6666E+01    4.4743E+01    2.4811E+01    2.0752E+01    1.8224E+01    5.4896E+01    4.2173E+01    1.5728E+01    4.6989E+00    1.3033E+01    5.0226E+00    9.9090E+00
 2.6036E+01    3.6694E+01    4.4745E+01    2.4915E+01    2.0752E+01    1.8307E+01    5.4896E+01    4.2209E+01    1.5728E+01    4.7193E+00    1.2972E+01    4.9615E+00    9.9090E+00
 2.6537E+01    3.6706E+01    4.4771E+01    2.4842E+01    2.0725E+01    1.8406E+01    5.4924E+01    4.2289E+01    1.5797E+01    4.7193E+00    1.2992E+01    4.9513E+00    9.8010E+00
 2.7037E+01    3.6706E+01    4.4770E+01    2.4834E+01    2.0753E+01    1.8406E+01    5.4989E+01    4.2289E+01    1.5839E+01    4.7193E+00    1.2972E+01    4.9819E+00    9.8010E+00
 2.7632E+01    3.6696E+01    4.4754E+01    2.4819E+01    2.0742E+01    1.8508E+01    5.5012E+01    4.2355E+01    1.5905E+01    4.7193E+00    1.2992E+01    5.1142E+00    9.8010E+00
 2.8132E+01    3.6723E+01    4.4756E+01    2.4786E+01    2.0832E+01    1.8564E+01    5.5042E+01    4.2409E+01    1.5929E+01    4.7193E+00    1.2951E+01    4.9615E+00    9.9090E+00
 2.8632E+01    3.6739E+01    4.4771E+01    2.4689E+01    2.0829E+01    1.8659E+01    5.5121E+01    4.2470E+01    1.6001E+01    4.7397E+00    1.3094E+01    5.1244E+00    9.9090E+00
 2.9133E+01    3.6744E+01    4.4783E+01    2.5022E+01    2.0829E+01    1.8727E+01    5.5121E+01    4.2515E+01    1.6001E+01    4.7193E+00    1.3073E+01    5.0939E+00    1.0016E+01
 2.9704E+01    3.6747E+01    4.4790E+01    2.5124E+01    2.0837E+01    1.8819E+01    5.5174E+01    4.2574E+01    1.6055E+01    4.7397E+00    1.2992E+01    4.9615E+00    9.8010E+00
 3.0204E+01    3.6747E+01    4.4811E+01    2.5002E+01    2.0836E+01    1.8877E+01    5.5255E+01    4.2637E+01    1.6100E+01    4.7397E+00    1.2972E+01    4.9615E+00    9.8010E+00
 3.0705E+01    3.6750E+01    4.4812E+01    2.5002E+01    2.0688E+01    1.8877E+01    5.5283E+01    4.2637E+01    1.6150E+01    4.7397E+00    1.3053E+01    4.9666E+00    9.9090E+00
 3.1205E+01    3.6762E+01    4.4812E+01    2.4916E+01    2.0803E+01    1.8933E+01    5.5283E+01    4.2677E+01    1.6193E+01    4.7601E+00    1.3094E+01    5.1142E+00    9.8010E+00
# Time (s)      T1w (C)       T2w (C)       T1a (C)       T2a (C)       T1r (C)       T2r (C)       T3r (C)       T4r (C)       P1 (bar)      P2 (bar)      Ic (amp)      Qc (l/min)    
 3.1809E+01    3.6780E+01    4.4832E+01    2.4867E+01    2.0818E+01    1.8985E+01    5.5308E+01    4.2714E+01    1.6211E+01    4.7601E+00    1.3073E+01    5.0022E+00    9.8010E+00
 3.2309E+01    3.6801E+01    4.4840E+01    2.4959E+01    2.0818E+01    1.9033E+01    5.5308E+01    4.2756E+01    1.6211E+01    4.7601E+00    1.3073E+01    4.9819E+00    9.9090E+00
 3.2810E+01    3.6801E+01    4.4859E+01    2.4623E+01    2.0704E+01    1.9051E+01    5.5343E+01    4.2801E+01    1.6269E+01    4.7601E+00    1.3033E+01    4.9921E+00    9.9090E+00
 3.3310E+01    3.6811E+01    4.4873E+01    2.4416E+01    2.0730E+01    1.9051E+01    5.5347E+01    4.2801E+01    1.6305E+01    4.7601E+00    1.3094E+01    4.9819E+00    9.9090E+00
 3.3889E+01    3.6840E+01    4.4924E+01    2.4432E+01    2.0803E+01    1.9084E+01    5.5371E+01    4.2837E+01    1.6318E+01    4.7601E+00    1.3012E+01    4.9819E+00    1.0016E+01
 3.4389E+01    3.6852E+01    4.4918E+01    2.4425E+01    2.0929E+01    1.9118E+01    5.5393E+01    4.2872E+01    1.6362E+01    4.7805E+00    1.3094E+01    5.1346E+00    9.8010E+00
 3.4889E+01    3.6864E+01    4.4933E+01    2.4463E+01    2.0859E+01    1.9115E+01    5.5393E+01    4.2914E+01    1.6362E+01    4.7601E+00    1.3094E+01    5.0888E+00    9.9090E+00
 3.5390E+01    3.6876E+01    4.4950E+01    2.4654E+01    2.0859E+01    1.9140E+01    5.5434E+01    4.2941E+01    1.6394E+01    4.7601E+00    1.3155E+01    5.0939E+00    1.0016E+01
 3.5985E+01    3.6893E+01    4.4966E+01    2.4805E+01    2.0826E+01    1.9120E+01    5.5464E+01    4.2961E+01    1.6431E+01    4.7601E+00    1.3033E+01    4.9819E+00    9.8010E+00
 3.6485E+01    3.6893E+01    4.4971E+01    2.4614E+01    2.0586E+01    1.9120E+01    5.5492E+01    4.3006E+01    1.6477E+01    4.7601E+00    1.3134E+01    5.0990E+00    9.8010E+00
 3.6985E+01    3.6913E+01    4.5003E+01    2.4614E+01    2.0527E+01    1.9109E+01    5.5520E+01    4.3006E+01    1.6514E+01    4.7805E+00    1.3073E+01    4.9870E+00    9.8010E+00
 3.7486E+01    3.6916E+01    4.5003E+01    2.4812E+01    2.0746E+01    1.9093E+01    5.5547E+01    4.3024E+01    1.6567E+01    4.7601E+00    1.3033E+01    4.9870E+00    9.9090E+00
 3.8057E+01    3.6908E+01    4.5004E+01    2.5108E+01    2.0878E+01    1.9087E+01    5.5547E+01    4.3077E+01    1.6619E+01    4.7601E+00    1.3094E+01    5.1041E+00    9.8010E+00
 3.8557E+01    3.6930E+01    4.5031E+01    2.5073E+01    2.0878E+01    1.9070E+01    5.5616E+01    4.3105E+01    1.6635E+01    4.7601E+00    1.3155E+01    5.1550E+00    1.0016E+01
 3.9058E+01    3.6930E+01    4.5025E+01    2.5318E+01    2.0738E+01    1.9035E+01    5.5666E+01    4.3136E+01    1.6700E+01    4.7601E+00    1.3033E+01    5.1091E+00    1.0016E+01
 3.9558E+01    3.6941E+01    4.5049E+01    2.5318E+01    2.0804E+01    1.9051E+01    5.5700E+01    4.3151E+01    1.6764E+01    4.7601E+00    1.3033E+01    5.0481E+00    9.9090E+00
 4.0153E+01    3.6952E+01    4.5055E+01    2.5402E+01    2.0754E+01    1.9018E+01    5.5740E+01    4.3184E+01    1.6835E+01    4.7601E+00    1.3155E+01    4.9819E+00    9.9090E+00
 4.0654E+01    3.6953E+01    4.5055E+01    2.5574E+01    2.0692E+01    1.8940E+01    5.5794E+01    4.3208E+01    1.6897E+01    4.7805E+00    1.3094E+01    4.9921E+00    1.0016E+01
 4.1154E+01    3.6973E+01    4.5068E+01    2.5454E+01    2.0828E+01    1.8825E+01    5.5794E+01    4.3239E+01    1.6897E+01    4.7805E+00    1.3155E+01    5.1499E+00    1.0016E+01
 4.1654E+01    3.6970E+01    4.5072E+01    2.4846E+01    2.0828E+01    1.8681E+01    5.5835E+01    4.3268E+01    1.6980E+01    4.7805E+00    1.3155E+01    4.9819E+00    1.0016E+01
 4.2250E+01    3.7002E+01    4.5079E+01    2.4577E+01    2.0829E+01    1.8434E+01    5.5862E+01    4.3307E+01    1.7024E+01    4.7805E+00    1.3114E+01    5.1244E+00    1.0016E+01
 4.2750E+01    3.7002E+01    4.5076E+01    2.4471E+01    2.0979E+01    1.8434E+01    5.5876E+01    4.3334E+01    1.7063E+01    4.8009E+00    1.3073E+01    5.0735E+00    9.9090E+00
 4.3250E+01    3.7017E+01    4.5091E+01    2.4471E+01    2.0833E+01    1.8156E+01    5.5898E+01    4.3334E+01    1.7106E+01    4.8009E+00    1.3175E+01    5.1448E+00    1.0016E+01
 4.3750E+01    3.7029E+01    4.5091E+01    2.4315E+01    2.0983E+01    1.7861E+01    5.5922E+01    4.3355E+01    1.7137E+01    4.8213E+00    1.3175E+01    5.1550E+00    1.0016E+01
 4.4338E+01    3.7064E+01    4.5101E+01    2.4180E+01    2.0909E+01    1.7628E+01    5.5922E+01    4.3377E+01    1.7183E+01    4.8009E+00    1.3134E+01    5.0531E+00    9.9090E+00
 4.4839E+01    3.7088E+01    4.5130E+01    2.4265E+01    2.0925E+01    1.7399E+01    5.5924E+01    4.3407E+01    1.7183E+01    4.8213E+00    1.3155E+01    5.0073E+00    1.0016E+01
 4.5339E+01    3.7088E+01    4.5145E+01    2.4414E+01    2.0821E+01    1.7002E+01    5.5920E+01    4.3437E+01    1.7212E+01    4.8213E+00    1.3114E+01    5.1346E+00    9.9090E+00
 4.5839E+01    3.7097E+01    4.5161E+01    2.4414E+01    2.0811E+01    1.7002E+01    5.5955E+01    4.3437E+01    1.7243E+01    4.8417E+00    1.3216E+01    5.1702E+00    9.9090E+00
 4.6410E+01    3.7110E+01    4.5185E+01    2.4281E+01    2.0874E+01    1.6377E+01    5.5954E+01    4.3456E+01    1.7261E+01    4.8213E+00    1.3196E+01    5.0633E+00    1.0016E+01
 4.6910E+01    3.7132E+01    4.5200E+01    2.4622E+01    2.0848E+01    1.5849E+01    5.6002E+01    4.3464E+01    1.7292E+01    4.8009E+00    1.3134E+01    5.0073E+00    1.0016E+01
# Time (s)      T1w (C)       T2w (C)       T1a (C)       T2a (C)       T1r (C)       T2r (C)       T3r (C)       T4r (C)       P1 (bar)      P2 (bar)      Ic (amp)      Qc (l/min)    
 4.7411E+01    3.7135E+01    4.5195E+01    2.4853E+01    2.0848E+01    1.5575E+01    5.6002E+01    4.3499E+01    1.7292E+01    4.8009E+00    1.3155E+01    5.1397E+00    9.8010E+00
 4.7911E+01    3.7151E+01    4.5216E+01    2.4987E+01    2.0923E+01    1.5447E+01    5.6034E+01    4.3513E+01    1.7332E+01    4.8213E+00    1.3216E+01    5.0735E+00    9.9090E+00
 4.8506E+01    3.7151E+01    4.5227E+01    2.4799E+01    2.0921E+01    1.5342E+01    5.6025E+01    4.3508E+01    1.7320E+01    4.8213E+00    1.3134E+01    5.1244E+00    9.8010E+00
 4.9007E+01    3.7150E+01    4.5262E+01    2.4697E+01    2.0870E+01    1.5342E+01    5.6061E+01    4.3508E+01    1.7292E+01    4.8213E+00    1.3114E+01    5.1091E+00    9.9090E+00
 4.9507E+01    3.7148E+01    4.5267E+01    2.4697E+01    2.0947E+01    1.5277E+01    5.6067E+01    4.3530E+01    1.7248E+01    4.8417E+00    1.3236E+01    5.0430E+00    1.0016E+01
 5.0007E+01    3.7162E+01    4.5267E+01    2.4713E+01    2.0882E+01    1.5241E+01    5.6069E+01    4.3525E+01    1.7200E+01    4.8417E+00    1.3175E+01    5.0124E+00    9.8010E+00
 5.0595E+01    3.7175E+01    4.5290E+01    2.4747E+01    2.1077E+01    1.5230E+01    5.6055E+01    4.3519E+01    1.7184E+01    4.8213E+00    1.3175E+01    5.0531E+00    1.0016E+01
 5.1095E+01    3.7189E+01    4.5300E+01    2.4936E+01    2.1077E+01    1.5180E+01    5.6084E+01    4.3508E+01    1.7120E+01    4.8213E+00    1.3216E+01    5.1091E+00    9.9090E+00
 5.1596E+01    3.7189E+01    4.5319E+01    2.4879E+01    2.0961E+01    1.5100E+01    5.6111E+01    4.3511E+01    1.7069E+01    4.8213E+00    1.3277E+01    5.0684E+00    1.0016E+01
 5.2096E+01    3.7220E+01    4.5341E+01    2.4879E+01    2.1074E+01    1.5100E+01    5.6139E+01    4.3511E+01    1.7039E+01    4.8213E+00    1.3196E+01    5.1601E+00    1.0016E+01
 5.2683E+01    3.7190E+01    4.5347E+01    2.4371E+01    2.1086E+01    1.5029E+01    5.6137E+01    4.3488E+01    1.6979E+01    4.8213E+00    1.3257E+01    5.0633E+00    9.8010E+00
 5.3183E+01    3.7211E+01    4.5347E+01    2.4276E+01    2.0799E+01    1.4989E+01    5.6152E+01    4.3478E+01    1.6914E+01    4.8009E+00    1.3196E+01    5.1651E+00    1.0016E+01
 5.3683E+01    3.7207E+01    4.5354E+01    2.4105E+01    2.0799E+01    1.4922E+01    5.6152E+01    4.3474E+01    1.6914E+01    4.8009E+00    1.3216E+01    5.0226E+00    9.9090E+00
 5.4184E+01    3.7207E+01    4.5365E+01    2.4181E+01    2.0972E+01    1.4844E+01    5.6166E+01    4.3470E+01    1.6880E+01    4.8009E+00    1.3216E+01    5.0582E+00    9.9090E+00
 5.4779E+01    3.7209E+01    4.5366E+01    2.4404E+01    2.0965E+01    1.4833E+01    5.6189E+01    4.3460E+01    1.6868E+01    4.8009E+00    1.3257E+01    5.1397E+00    1.0016E+01
 5.5279E+01    3.7230E+01    4.5388E+01    2.4404E+01    2.0920E+01    1.4833E+01    5.6202E+01    4.3460E+01    1.6831E+01    4.8009E+00    1.3196E+01    5.0481E+00    9.9090E+00
 5.5780E+01    3.7233E+01    4.5410E+01    2.4595E+01    2.0901E+01    1.4828E+01    5.6218E+01    4.3451E+01    1.6772E+01    4.8009E+00    1.3318E+01    5.0328E+00    9.9090E+00
 5.6280E+01    3.7246E+01    4.5410E+01    2.4569E+01    2.0905E+01    1.4793E+01    5.6232E+01    4.3421E+01    1.6736E+01    4.8009E+00    1.3277E+01    5.0379E+00    1.0016E+01
 5.6859E+01    3.7268E+01    4.5423E+01    2.4593E+01    2.0915E+01    1.4766E+01    5.6232E+01    4.3426E+01    1.6736E+01    4.8009E+00    1.3277E+01    5.0379E+00    1.0016E+01
 5.7360E+01    3.7276E+01    4.5460E+01    2.4726E+01    2.0915E+01    1.4714E+01    5.6255E+01    4.3386E+01    1.6701E+01    4.8009E+00    1.3318E+01    5.1957E+00    9.9090E+00
 5.7860E+01    3.7291E+01    4.5486E+01    2.4628E+01    2.0913E+01    1.4714E+01    5.6264E+01    4.3370E+01    1.6656E+01    4.7805E+00    1.3236E+01    5.0277E+00    9.9090E+00
 5.8360E+01    3.7304E+01    4.5518E+01    2.4628E+01    2.1083E+01    1.4666E+01    5.6257E+01    4.3370E+01    1.6626E+01    4.7805E+00    1.3277E+01    5.1244E+00    1.0016E+01
 5.8956E+01    3.7338E+01    4.5527E+01    2.4418E+01    2.1074E+01    1.4650E+01    5.6262E+01    4.3337E+01    1.6571E+01    4.7805E+00    1.3318E+01    5.0430E+00    9.9090E+00
 5.9456E+01    3.7348E+01    4.5527E+01    2.4238E+01    2.0939E+01    1.4617E+01    5.6277E+01    4.3317E+01    1.6559E+01    4.8009E+00    1.3257E+01    5.0328E+00    9.9090E+00
 5.9956E+01    3.7348E+01    4.5536E+01    2.4169E+01    2.0939E+01    1.4589E+01    5.6262E+01    4.3279E+01    1.6543E+01    4.8009E+00    1.3297E+01    5.0633E+00    9.9090E+00
 6.0457E+01    3.7348E+01    4.5545E+01    2.4105E+01    2.0843E+01    1.4569E+01    5.6232E+01    4.3240E+01    1.6500E+01    4.7805E+00    1.3358E+01    5.0531E+00    9.8010E+00
 6.1052E+01    3.7356E+01    4.5552E+01    2.4039E+01    2.0958E+01    1.4548E+01    5.6238E+01    4.3220E+01    1.6465E+01    4.7805E+00    1.3277E+01    5.0430E+00    9.9090E+00
 6.1552E+01    3.7380E+01    4.5568E+01    2.4039E+01    2.0799E+01    1.4548E+01    5.6216E+01    4.3220E+01    1.6424E+01    4.8009E+00    1.3379E+01    5.1295E+00    9.8010E+00
 6.2053E+01    3.7371E+01    4.5579E+01    2.4005E+01    2.0822E+01    1.4519E+01    5.6142E+01    4.3189E+01    1.6375E+01    4.8009E+00    1.3379E+01    5.2110E+00    1.0016E+01
 6.2553E+01    3.7379E+01    4.5579E+01    2.4116E+01    2.0898E+01    1.4514E+01    5.6142E+01    4.3153E+01    1.6334E+01    4.8009E+00    1.3379E+01    5.0531E+00    9.9090E+00
# Time (s)      T1w (C)       T2w (C)       T1a (C)       T2a (C)       T1r (C)       T2r (C)       T3r (C)       T4r (C)       P1 (bar)      P2 (bar)      Ic (amp)      Qc (l/min)    
 6.3148E+01    3.7430E+01    4.5609E+01    2.4347E+01    2.0913E+01    1.4508E+01    5.6112E+01    4.3135E+01    1.6334E+01    4.8009E+00    1.3277E+01    5.2110E+00    9.6912E+00
 6.3648E+01    3.7423E+01    4.5615E+01    2.4659E+01    2.0881E+01    1.4500E+01    5.6110E+01    4.3102E+01    1.6305E+01    4.7805E+00    1.3358E+01    5.1957E+00    9.9090E+00
 6.4149E+01    3.7408E+01    4.5616E+01    2.4588E+01    2.0775E+01    1.4435E+01    5.6078E+01    4.3086E+01    1.6257E+01    4.7805E+00    1.3338E+01    5.1550E+00    9.9090E+00
 6.4649E+01    3.7425E+01    4.5644E+01    2.4588E+01    2.0763E+01    1.4435E+01    5.6089E+01    4.3086E+01    1.6223E+01    4.7805E+00    1.3297E+01    5.2211E+00    1.0121E+01
 6.5244E+01    3.7425E+01    4.5668E+01    2.4392E+01    2.0912E+01    1.4392E+01    5.6074E+01    4.3052E+01    1.6188E+01    4.7601E+00    1.3379E+01    5.0582E+00    9.8010E+00
 6.5745E+01    3.7460E+01    4.5683E+01    2.4318E+01    2.0816E+01    1.4383E+01    5.6088E+01    4.3029E+01    1.6145E+01    4.7601E+00    1.3379E+01    5.2161E+00    9.9090E+00
 6.6245E+01    3.7451E+01    4.5691E+01    2.4267E+01    2.0816E+01    1.4328E+01    5.6088E+01    4.3023E+01    1.6145E+01    4.7601E+00    1.3297E+01    5.1142E+00    9.9090E+00
 6.6746E+01    3.7451E+01    4.5713E+01    2.4227E+01    2.0869E+01    1.4296E+01    5.6111E+01    4.2980E+01    1.6112E+01    4.7601E+00    1.3297E+01    5.0481E+00    1.0016E+01
 6.7365E+01    3.7459E+01    4.5725E+01    2.4338E+01    2.0857E+01    1.4259E+01    5.6110E+01    4.2972E+01    1.6079E+01    4.7601E+00    1.3318E+01    5.0582E+00    9.9090E+00
 6.7866E+01    3.7468E+01    4.5739E+01    2.4753E+01    2.0834E+01    1.4259E+01    5.6104E+01    4.2972E+01    1.6017E+01    4.7601E+00    1.3338E+01    5.1041E+00    9.9090E+00
 6.8366E+01    3.7455E+01    4.5748E+01    2.4753E+01    2.0901E+01    1.4217E+01    5.6137E+01    4.2953E+01    1.5988E+01    4.7601E+00    1.3318E+01    5.1855E+00    9.8010E+00
 6.8866E+01    3.7477E+01    4.5763E+01    2.4574E+01    2.0860E+01    1.4205E+01    5.6117E+01    4.2905E+01    1.5920E+01    4.7601E+00    1.3399E+01    5.0990E+00    9.9090E+00
 6.9445E+01    3.7490E+01    4.5778E+01    2.4349E+01    2.0849E+01    1.4208E+01    5.6117E+01    4.2884E+01    1.5920E+01    4.7601E+00    1.3420E+01    5.1804E+00    9.8010E+00
 6.9945E+01    3.7513E+01    4.5795E+01    2.4218E+01    2.0849E+01    1.4185E+01    5.6091E+01    4.2838E+01    1.5853E+01    4.7601E+00    1.3399E+01    5.0582E+00    1.0016E+01
 7.0446E+01    3.7513E+01    4.5791E+01    2.4309E+01    2.0965E+01    1.4183E+01    5.6079E+01    4.2815E+01    1.5804E+01    4.7601E+00    1.3297E+01    5.2161E+00    1.0016E+01
 7.0946E+01    3.7512E+01    4.5797E+01    2.4309E+01    2.0868E+01    1.4183E+01    5.6096E+01    4.2815E+01    1.5761E+01    4.7397E+00    1.3399E+01    5.0633E+00    9.8010E+00
 7.1533E+01    3.7524E+01    4.5820E+01    2.4461E+01    2.0875E+01    1.4152E+01    5.6124E+01    4.2788E+01    1.5718E+01    4.7397E+00    1.3379E+01    5.1244E+00    9.9090E+00
 7.2034E+01    3.7549E+01    4.5835E+01    2.4669E+01    2.0918E+01    1.4115E+01    5.6108E+01    4.2768E+01    1.5657E+01    4.7397E+00    1.3440E+01    5.0582E+00    1.0016E+01
 7.2534E+01    3.7566E+01    4.5829E+01    2.4656E+01    2.0918E+01    1.4113E+01    5.6108E+01    4.2750E+01    1.5657E+01    4.7397E+00    1.3338E+01    5.1550E+00    9.9090E+00
 7.3034E+01    3.7551E+01    4.5833E+01    2.4793E+01    2.0932E+01    1.4153E+01    5.6147E+01    4.2733E+01    1.5602E+01    4.7397E+00    1.3358E+01    5.0990E+00    9.9090E+00
 7.3638E+01    3.7563E+01    4.5825E+01    2.5093E+01    2.0926E+01    1.4196E+01    5.6157E+01    4.2730E+01    1.5582E+01    4.7193E+00    1.3318E+01    5.1448E+00    9.9090E+00
 7.4138E+01    3.7563E+01    4.5837E+01    2.5093E+01    2.0899E+01    1.4196E+01    5.6184E+01    4.2730E+01    1.5556E+01    4.7193E+00    1.3420E+01    5.2211E+00    1.0016E+01
 7.4638E+01    3.7603E+01    4.5860E+01    2.5283E+01    2.0780E+01    1.4284E+01    5.6169E+01    4.2720E+01    1.5504E+01    4.7193E+00    1.3420E+01    5.0837E+00    1.0016E+01
 7.5139E+01    3.7612E+01    4.5860E+01    2.4814E+01    2.0877E+01    1.4432E+01    5.6173E+01    4.2689E+01    1.5428E+01    4.6989E+00    1.3440E+01    5.1041E+00    1.0016E+01
 7.5726E+01    3.7634E+01    4.5860E+01    2.4509E+01    2.0836E+01    1.4564E+01    5.6173E+01    4.2665E+01    1.5428E+01    4.6989E+00    1.3338E+01    5.2059E+00    9.9090E+00
 7.6226E+01    3.7635E+01    4.5872E+01    2.4554E+01    2.0836E+01    1.4696E+01    5.6178E+01    4.2689E+01    1.5416E+01    4.6989E+00    1.3338E+01    5.1957E+00    1.0016E+01
 7.6726E+01    3.7635E+01    4.5867E+01    2.4590E+01    2.0903E+01    1.4806E+01    5.6210E+01    4.2678E+01    1.5386E+01    4.6989E+00    1.3440E+01    5.1550E+00    9.9090E+00
 7.7227E+01    3.7646E+01    4.5879E+01    2.4590E+01    2.0847E+01    1.4790E+01    5.6232E+01    4.2663E+01    1.5337E+01    4.6989E+00    1.3379E+01    5.2161E+00    9.9090E+00
 7.7806E+01    3.7661E+01    4.5879E+01    2.4780E+01    2.0856E+01    1.4895E+01    5.6263E+01    4.2659E+01    1.5337E+01    4.6989E+00    1.3440E+01    5.2059E+00    1.0016E+01
 7.8306E+01    3.7658E+01    4.5879E+01    2.5040E+01    2.0924E+01    1.5023E+01    5.6296E+01    4.2661E+01    1.5329E+01    4.6785E+00    1.3420E+01    5.0684E+00    1.0016E+01
# Time (s)      T1w (C)       T2w (C)       T1a (C)       T2a (C)       T1r (C)       T2r (C)       T3r (C)       T4r (C)       P1 (bar)      P2 (bar)      Ic (amp)      Qc (l/min)    
 7.8807E+01    3.7659E+01    4.5870E+01    2.5340E+01    2.0908E+01    1.5145E+01    5.6311E+01    4.2676E+01    1.5345E+01    4.6785E+00    1.3318E+01    5.2110E+00    1.0016E+01
 7.9307E+01    3.7644E+01    4.5880E+01    2.5583E+01    2.0871E+01    1.5256E+01    5.6347E+01    4.2678E+01    1.5331E+01    4.6785E+00    1.3399E+01    5.0633E+00    9.9090E+00
 7.9902E+01    3.7639E+01    4.5859E+01    2.5732E+01    2.0840E+01    1.5347E+01    5.6347E+01    4.2655E+01    1.5312E+01    4.6989E+00    1.3318E+01    5.1244E+00    1.0016E+01
 8.0403E+01    3.7648E+01    4.5851E+01    2.5732E+01    2.1005E+01    1.5347E+01    5.6367E+01    4.2655E+01    1.5295E+01    4.6785E+00    1.3358E+01    5.1550E+00    9.9090E+00
 8.0903E+01    3.7668E+01    4.5882E+01    2.5475E+01    2.1096E+01    1.5487E+01    5.6397E+01    4.2679E+01    1.5317E+01    4.6785E+00    1.3420E+01    5.2059E+00    9.8010E+00
 8.1403E+01    3.7684E+01    4.5882E+01    2.5091E+01    2.1047E+01    1.5605E+01    5.6397E+01    4.2701E+01    1.5317E+01    4.6785E+00    1.3399E+01    5.1855E+00    1.0016E+01
 8.1983E+01    3.7685E+01    4.5889E+01    2.5208E+01    2.1047E+01    1.5715E+01    5.6421E+01    4.2695E+01    1.5316E+01    4.6785E+00    1.3318E+01    5.1550E+00    9.8010E+00
 8.2483E+01    3.7685E+01    4.5894E+01    2.5286E+01    2.1046E+01    1.5802E+01    5.6445E+01    4.2704E+01    1.5323E+01    4.6785E+00    1.3440E+01    5.0481E+00    1.0016E+01
 8.2983E+01    3.7710E+01    4.5908E+01    2.5248E+01    2.1095E+01    1.5802E+01    5.6466E+01    4.2704E+01    1.5336E+01    4.6785E+00    1.3358E+01    5.1804E+00    9.9090E+00
 8.3483E+01    3.7732E+01    4.5908E+01    2.5248E+01    2.0946E+01    1.5902E+01    5.6480E+01    4.2734E+01    1.5347E+01    4.6785E+00    1.3318E+01    5.0430E+00    1.0016E+01
 8.4071E+01    3.7744E+01    4.5923E+01    2.5438E+01    2.1162E+01    1.6020E+01    5.6498E+01    4.2779E+01    1.5383E+01    4.6785E+00    1.3358E+01    5.0786E+00    9.9090E+00
 8.4571E+01    3.7759E+01    4.5923E+01    2.5893E+01    2.1065E+01    1.6118E+01    5.6531E+01    4.2788E+01    1.5400E+01    4.6785E+00    1.3358E+01    5.0837E+00    1.0016E+01
 8.5072E+01    3.7788E+01    4.5926E+01    2.6040E+01    2.1065E+01    1.6223E+01    5.6531E+01    4.2810E+01    1.5400E+01    4.6785E+00    1.3358E+01    5.1193E+00    1.0016E+01
 8.5572E+01    3.7788E+01    4.5930E+01    2.5799E+01    2.1029E+01    1.6322E+01    5.6557E+01    4.2834E+01    1.5400E+01    4.6581E+00    1.3399E+01    5.0328E+00    9.8010E+00
 8.6167E+01    3.7774E+01    4.5913E+01    2.5488E+01    2.0991E+01    1.6442E+01    5.6586E+01    4.2890E+01    1.5435E+01    4.6785E+00    1.3420E+01    5.2059E+00    9.8010E+00
 8.6667E+01    3.7789E+01    4.5912E+01    2.5488E+01    2.0887E+01    1.6442E+01    5.6603E+01    4.2890E+01    1.5449E+01    4.6581E+00    1.3399E+01    5.0531E+00    9.8010E+00
 8.7168E+01    3.7802E+01    4.5912E+01    2.5225E+01    2.0897E+01    1.6551E+01    5.6647E+01    4.2930E+01    1.5457E+01    4.6785E+00    1.3297E+01    5.1906E+00    1.0016E+01
 8.7668E+01    3.7815E+01    4.5908E+01    2.5327E+01    2.0880E+01    1.6649E+01    5.6647E+01    4.2952E+01    1.5457E+01    4.6785E+00    1.3420E+01    5.0888E+00    9.9090E+00
 8.8255E+01    3.7811E+01    4.5893E+01    2.5227E+01    2.0865E+01    1.6766E+01    5.6652E+01    4.2978E+01    1.5458E+01    4.6785E+00    1.3399E+01    5.1651E+00    9.9090E+00
 8.8756E+01    3.7811E+01    4.5910E+01    2.4907E+01    2.0818E+01    1.6864E+01    5.6686E+01    4.3015E+01    1.5483E+01    4.6581E+00    1.3399E+01    5.0786E+00    9.9090E+00
 8.9256E+01    3.7808E+01    4.5915E+01    2.5002E+01    2.0657E+01    1.6864E+01    5.6723E+01    4.3015E+01    1.5501E+01    4.6581E+00    1.3318E+01    5.1142E+00    9.8010E+00
 8.9756E+01    3.7815E+01    4.5916E+01    2.5002E+01    2.0865E+01    1.6986E+01    5.6738E+01    4.3050E+01    1.5507E+01    4.6785E+00    1.3358E+01    5.0430E+00    1.0016E+01
 9.0336E+01    3.7820E+01    4.5921E+01    2.4986E+01    2.0837E+01    1.7107E+01    5.6763E+01    4.3100E+01    1.5551E+01    4.6785E+00    1.3358E+01    5.1244E+00    9.8010E+00
 9.0836E+01    3.7835E+01    4.5921E+01    2.4995E+01    2.0824E+01    1.7228E+01    5.6763E+01    4.3137E+01    1.5551E+01    4.6785E+00    1.3318E+01    5.0430E+00    1.0016E+01
 9.1336E+01    3.7854E+01    4.5914E+01    2.5023E+01    2.0824E+01    1.7324E+01    5.6792E+01    4.3159E+01    1.5551E+01    4.6785E+00    1.3440E+01    5.1753E+00    9.8010E+00
 9.1837E+01    3.7854E+01    4.5920E+01    2.5043E+01    2.0840E+01    1.7442E+01    5.6804E+01    4.3206E+01    1.5575E+01    4.6785E+00    1.3379E+01    5.0531E+00    9.9090E+00
 9.2424E+01    3.7859E+01    4.5930E+01    2.4917E+01    2.0877E+01    1.7458E+01    5.6854E+01    4.3221E+01    1.5609E+01    4.6785E+00    1.3379E+01    5.0786E+00    9.8010E+00
 9.2924E+01    3.7885E+01    4.5947E+01    2.4917E+01    2.0829E+01    1.7553E+01    5.6871E+01    4.3258E+01    1.5644E+01    4.6785E+00    1.3379E+01    5.1193E+00    9.9090E+00
 9.3425E+01    3.7890E+01    4.5947E+01    2.4762E+01    2.0846E+01    1.7675E+01    5.6917E+01    4.3294E+01    1.5654E+01    4.6785E+00    1.3440E+01    5.1550E+00    9.9090E+00
 9.3925E+01    3.7898E+01    4.5962E+01    2.4688E+01    2.0892E+01    1.7786E+01    5.6932E+01    4.3354E+01    1.5670E+01    4.6785E+00    1.3440E+01    5.0684E+00    9.9090E+00
# Time (s)      T1w (C)       T2w (C)       T1a (C)       T2a (C)       T1r (C)       T2r (C)       T3r (C)       T4r (C)       P1 (bar)      P2 (bar)      Ic (amp)      Qc (l/min)    
 9.4520E+01    3.7923E+01    4.5975E+01    2.4639E+01    2.0892E+01    1.7886E+01    5.6958E+01    4.3401E+01    1.5704E+01    4.6785E+00    1.3358E+01    5.2008E+00    1.0121E+01
 9.5021E+01    3.7923E+01    4.5973E+01    2.4592E+01    2.0866E+01    1.8010E+01    5.7002E+01    4.3464E+01    1.5758E+01    4.6989E+00    1.3399E+01    5.0481E+00    9.8010E+00
 9.5521E+01    3.7934E+01    4.5987E+01    2.4514E+01    2.0816E+01    1.8010E+01    5.7025E+01    4.3464E+01    1.5778E+01    4.6989E+00    1.3440E+01    5.1244E+00    1.0016E+01
 9.6021E+01    3.7959E+01    4.6016E+01    2.4530E+01    2.0986E+01    1.8104E+01    5.7009E+01    4.3497E+01    1.5814E+01    4.6989E+00    1.3358E+01    5.1601E+00    9.9090E+00
 9.6608E+01    3.7963E+01    4.6016E+01    2.4581E+01    2.0955E+01    1.8200E+01    5.7022E+01    4.3531E+01    1.5848E+01    4.6989E+00    1.3379E+01    5.2059E+00    1.0016E+01
 9.7109E+01    3.7985E+01    4.6012E+01    2.4623E+01    2.0953E+01    1.8305E+01    5.7037E+01    4.3589E+01    1.5864E+01    4.6989E+00    1.3358E+01    5.1804E+00    9.9090E+00
 9.7609E+01    3.8006E+01    4.6028E+01    2.4658E+01    2.0953E+01    1.8411E+01    5.7069E+01    4.3627E+01    1.5921E+01    4.6989E+00    1.3460E+01    5.1550E+00    1.0016E+01
 9.8109E+01    3.7991E+01    4.6029E+01    2.4565E+01    2.0830E+01    1.8479E+01    5.7091E+01    4.3647E+01    1.5982E+01    4.6989E+00    1.3399E+01    5.2161E+00    1.0016E+01
 9.8689E+01    3.8004E+01    4.6023E+01    2.4563E+01    2.0903E+01    1.8479E+01    5.7107E+01    4.3647E+01    1.6000E+01    4.7193E+00    1.3399E+01    5.2110E+00    9.9090E+00
 9.9189E+01    3.8008E+01    4.6025E+01    2.4563E+01    2.0895E+01    1.8568E+01    5.7111E+01    4.3679E+01    1.6040E+01    4.7193E+00    1.3460E+01    5.0582E+00    9.9090E+00
 9.9689E+01    3.7994E+01    4.6025E+01    2.4526E+01    2.0898E+01    1.8649E+01    5.7144E+01    4.3723E+01    1.6083E+01    4.7193E+00    1.3358E+01    5.1957E+00    9.9090E+00
 1.0019E+02    3.8023E+01    4.6025E+01    2.4565E+01    2.0898E+01    1.8730E+01    5.7144E+01    4.3776E+01    1.6083E+01    4.7397E+00    1.3399E+01    5.0531E+00    9.9090E+00
 1.0078E+02    3.8009E+01    4.6048E+01    2.4751E+01    2.0908E+01    1.8818E+01    5.7181E+01    4.3788E+01    1.6118E+01    4.7193E+00    1.3338E+01    5.1957E+00    1.0016E+01
 1.0128E+02    3.8009E+01    4.6062E+01    2.4802E+01    2.0807E+01    1.8883E+01    5.7201E+01    4.3836E+01    1.6181E+01    4.7193E+00    1.3481E+01    5.0582E+00    9.9090E+00
 1.0178E+02    3.8021E+01    4.6058E+01    2.4802E+01    2.0910E+01    1.8883E+01    5.7220E+01    4.3836E+01    1.6223E+01    4.7397E+00    1.3399E+01    5.2059E+00    9.9090E+00
 1.0228E+02    3.8059E+01    4.6085E+01    2.5005E+01    2.0824E+01    1.8963E+01    5.7234E+01    4.3869E+01    1.6287E+01    4.7397E+00    1.3338E+01    5.0939E+00    9.9090E+00
 1.0286E+02    3.8074E+01    4.6085E+01    2.5141E+01    2.0833E+01    1.9024E+01    5.7294E+01    4.3892E+01    1.6348E+01    4.7397E+00    1.3460E+01    5.0735E+00    9.9090E+00
 1.0336E+02    3.8092E+01    4.6084E+01    2.4893E+01    2.0775E+01    1.9108E+01    5.7308E+01    4.3961E+01    1.6364E+01    4.7397E+00    1.3379E+01    5.0531E+00    1.0016E+01
 1.0386E+02    3.8112E+01    4.6101E+01    2.4821E+01    2.0775E+01    1.9183E+01    5.7335E+01    4.3974E+01    1.6412E+01    4.7601E+00    1.3440E+01    5.1499E+00    1.0016E+01
 1.0436E+02    3.8112E+01    4.6123E+01    2.4726E+01    2.0799E+01    1.9244E+01    5.7341E+01    4.3974E+01    1.6460E+01    4.7601E+00    1.3481E+01    5.0582E+00    9.8010E+00
 1.0495E+02    3.8123E+01    4.6118E+01    2.4941E+01    2.0845E+01    1.9244E+01    5.7399E+01    4.4014E+01    1.6506E+01    4.7601E+00    1.3481E+01    5.1550E+00    1.0016E+01
 1.0545E+02    3.8118E+01    4.6138E+01    2.4941E+01    2.0821E+01    1.9293E+01    5.7421E+01    4.4056E+01    1.6559E+01    4.7601E+00    1.3399E+01    5.2110E+00    9.9090E+00
 1.0595E+02    3.8150E+01    4.6138E+01    2.4776E+01    2.0834E+01    1.9345E+01    5.7449E+01    4.4066E+01    1.6598E+01    4.7805E+00    1.3481E+01    5.1855E+00    9.9090E+00
 1.0645E+02    3.8138E+01    4.6132E+01    2.4779E+01    2.0818E+01    1.9354E+01    5.7449E+01    4.4121E+01    1.6598E+01    4.7805E+00    1.3501E+01    5.0633E+00    1.0016E+01
 1.0702E+02    3.8142E+01    4.6143E+01    2.4749E+01    2.0734E+01    1.9367E+01    5.7472E+01    4.4135E+01    1.6656E+01    4.7805E+00    1.3501E+01    5.1244E+00    9.9090E+00
 1.0752E+02    3.8142E+01    4.6157E+01    2.4854E+01    2.0769E+01    1.9354E+01    5.7506E+01    4.4135E+01    1.6715E+01    4.7805E+00    1.3420E+01    5.1346E+00    1.0016E+01
 1.0802E+02    3.8142E+01    4.6165E+01    2.4854E+01    2.0724E+01    1.9354E+01    5.7537E+01    4.4177E+01    1.6764E+01    4.7805E+00    1.3440E+01    5.0684E+00    1.0016E+01
 1.0852E+02    3.8169E+01    4.6165E+01    2.5179E+01    2.0809E+01    1.9354E+01    5.7568E+01    4.4191E+01    1.6800E+01    4.8009E+00    1.3521E+01    5.0837E+00    9.8010E+00
 1.0910E+02    3.8156E+01    4.6163E+01    2.5552E+01    2.0793E+01    1.9358E+01    5.7566E+01    4.4227E+01    1.6800E+01    4.8009E+00    1.3399E+01    5.1041E+00    1.0121E+01
 1.0960E+02    3.8165E+01    4.6178E+01    2.5514E+01    2.0793E+01    1.9323E+01    5.7566E+01    4.4259E+01    1.6845E+01    4.8009E+00    1.3481E+01    5.2161E+00    9.9090E+00
# Time (s)      T1w (C)       T2w (C)       T1a (C)       T2a (C)       T1r (C)       T2r (C)       T3r (C)       T4r (C)       P1 (bar)      P2 (bar)      Ic (amp)      Qc (l/min)    
 1.1010E+02    3.8180E+01    4.6207E+01    2.5622E+01    2.0779E+01    1.9304E+01    5.7588E+01    4.4296E+01    1.6895E+01    4.8009E+00    1.3460E+01    5.0684E+00    9.9090E+00
 1.1060E+02    3.8194E+01    4.6209E+01    2.5360E+01    2.0712E+01    1.9304E+01    5.7578E+01    4.4296E+01    1.6958E+01    4.8009E+00    1.3420E+01    5.2415E+00    1.0016E+01
 1.1122E+02    3.8200E+01    4.6212E+01    2.5344E+01    2.0788E+01    1.9251E+01    5.7587E+01    4.4305E+01    1.6998E+01    4.8009E+00    1.3542E+01    5.2313E+00    1.0016E+01
 1.1172E+02    3.8208E+01    4.6216E+01    2.5038E+01    2.0805E+01    1.9211E+01    5.7620E+01    4.4329E+01    1.7048E+01    4.7805E+00    1.3481E+01    5.1702E+00    1.0016E+01
 1.1222E+02    3.8208E+01    4.6216E+01    2.5075E+01    2.0675E+01    1.9197E+01    5.7638E+01    4.4350E+01    1.7048E+01    4.8009E+00    1.3440E+01    5.2313E+00    9.9090E+00
 1.1272E+02    3.8217E+01    4.6228E+01    2.5113E+01    2.0675E+01    1.9117E+01    5.7638E+01    4.4374E+01    1.7105E+01    4.7805E+00    1.3521E+01    5.2211E+00    1.0016E+01
 1.1331E+02    3.8233E+01    4.6253E+01    2.5249E+01    2.0809E+01    1.9057E+01    5.7667E+01    4.4403E+01    1.7141E+01    4.8009E+00    1.3521E+01    5.2364E+00    9.9090E+00
 1.1381E+02    3.8233E+01    4.6257E+01    2.5339E+01    2.0863E+01    1.8966E+01    5.7693E+01    4.4403E+01    1.7187E+01    4.8009E+00    1.3521E+01    5.1193E+00    1.0121E+01
 1.1431E+02    3.8243E+01    4.6273E+01    2.5323E+01    2.0771E+01    1.8966E+01    5.7709E+01    4.4425E+01    1.7253E+01    4.8009E+00    1.3440E+01    5.1601E+00    1.0121E+01
 1.1481E+02    3.8253E+01    4.6273E+01    2.5662E+01    2.0854E+01    1.8821E+01    5.7745E+01    4.4446E+01    1.7300E+01    4.8213E+00    1.3481E+01    5.1906E+00    9.9090E+00
 1.1539E+02    3.8265E+01    4.6273E+01    2.5754E+01    2.0713E+01    1.8583E+01    5.7763E+01    4.4455E+01    1.7320E+01    4.8009E+00    1.3481E+01    5.2466E+00    9.9090E+00
 1.1589E+02    3.8278E+01    4.6306E+01    2.5743E+01    2.0713E+01    1.8307E+01    5.7763E+01    4.4488E+01    1.7320E+01    4.8213E+00    1.3562E+01    5.0786E+00    1.0016E+01
 1.1639E+02    3.8263E+01    4.6276E+01    2.5698E+01    2.0598E+01    1.8051E+01    5.7772E+01    4.4506E+01    1.7372E+01    4.8417E+00    1.3582E+01    5.2466E+00    9.8010E+00
 1.1689E+02    3.8250E+01    4.6298E+01    2.5489E+01    2.0697E+01    1.8051E+01    5.7804E+01    4.4506E+01    1.7403E+01    4.8417E+00    1.3542E+01    5.1346E+00    1.0121E+01
 1.1748E+02    3.8296E+01    4.6309E+01    2.5489E+01    2.0732E+01    1.7726E+01    5.7808E+01    4.4514E+01    1.7418E+01    4.8417E+00    1.3542E+01    5.2211E+00    9.8010E+00
 1.1798E+02    3.8308E+01    4.6309E+01    2.5410E+01    2.0675E+01    1.7386E+01    5.7811E+01    4.4541E+01    1.7449E+01    4.8417E+00    1.3481E+01    5.0939E+00    9.8010E+00
 1.1848E+02    3.8319E+01    4.6341E+01    2.5310E+01    2.0701E+01    1.6478E+01    5.7796E+01    4.4527E+01    1.7433E+01    4.8622E+00    1.3562E+01    5.2568E+00    9.9090E+00
 1.1898E+02    3.8351E+01    4.6360E+01    2.5145E+01    2.0701E+01    1.5748E+01    5.7814E+01    4.4562E+01    1.7479E+01    4.8417E+00    1.3501E+01    5.2161E+00    1.0016E+01
 1.1955E+02    3.8351E+01    4.6365E+01    2.5124E+01    2.0778E+01    1.5465E+01    5.7833E+01    4.4584E+01    1.7512E+01    4.8622E+00    1.3542E+01    5.1091E+00    9.9090E+00
 1.2005E+02    3.8349E+01    4.6398E+01    2.5201E+01    2.0721E+01    1.5465E+01    5.7831E+01    4.4584E+01    1.7536E+01    4.8622E+00    1.3542E+01    5.1091E+00    1.0016E+01
 1.2055E+02    3.8359E+01    4.6412E+01    2.5201E+01    2.0770E+01    1.5360E+01    5.7822E+01    4.4578E+01    1.7504E+01    4.8826E+00    1.3603E+01    5.1397E+00    9.9090E+00
 1.2105E+02    3.8370E+01    4.6412E+01    2.5044E+01    2.0717E+01    1.5326E+01    5.7853E+01    4.4597E+01    1.7434E+01    4.8622E+00    1.3562E+01    5.2059E+00    9.8010E+00
 1.2164E+02    3.8363E+01    4.6421E+01    2.4921E+01    2.0608E+01    1.5324E+01    5.7853E+01    4.4592E+01    1.7434E+01    4.8826E+00    1.3623E+01    5.1142E+00    9.9090E+00
 1.2214E+02    3.8383E+01    4.6451E+01    2.4930E+01    2.0608E+01    1.5243E+01    5.7828E+01    4.4584E+01    1.7326E+01    4.8622E+00    1.3603E+01    5.1193E+00    9.9090E+00
 1.2264E+02    3.8367E+01    4.6452E+01    2.4983E+01    2.0596E+01    1.5212E+01    5.7823E+01    4.4562E+01    1.7265E+01    4.8622E+00    1.3582E+01    5.1091E+00    9.9090E+00
 1.2314E+02    3.8371E+01    4.6489E+01    2.4983E+01    2.0627E+01    1.5196E+01    5.7810E+01    4.4547E+01    1.7192E+01    4.8622E+00    1.3664E+01    5.1193E+00    1.0016E+01
 1.2372E+02    3.8379E+01    4.6506E+01    2.5082E+01    2.0626E+01    1.5141E+01    5.7798E+01    4.4553E+01    1.7118E+01    4.8622E+00    1.3562E+01    5.1091E+00    9.8010E+00
 1.2422E+02    3.8383E+01    4.6506E+01    2.4825E+01    2.0544E+01    1.5087E+01    5.7830E+01    4.4543E+01    1.7068E+01    4.8417E+00    1.3603E+01    5.2568E+00    9.8010E+00
 1.2472E+02    3.8428E+01    4.6536E+01    2.4593E+01    2.0544E+01    1.5016E+01    5.7830E+01    4.4544E+01    1.7068E+01    4.8417E+00    1.3664E+01    5.1295E+00    9.9090E+00
 1.2522E+02    3.8428E+01    4.6558E+01    2.4757E+01    2.0750E+01    1.4976E+01    5.7847E+01    4.4537E+01    1.7046E+01    4.8417E+00    1.3582E+01    5.1957E+00    1.0016E+01
# Time (s)      T1w (C)       T2w (C)       T1a (C)       T2a (C)       T1r (C)       T2r (C)       T3r (C)       T4r (C)       P1 (bar)      P2 (bar)      Ic (amp)      Qc (l/min)    
 1.2580E+02    3.8467E+01    4.6581E+01    2.4724E+01    2.0753E+01    1.4990E+01    5.7860E+01    4.4509E+01    1.7009E+01    4.8213E+00    1.3603E+01    5.1193E+00    9.9090E+00
 1.2630E+02    3.8456E+01    4.6600E+01    2.4708E+01    2.0624E+01    1.4990E+01    5.7863E+01    4.4509E+01    1.6965E+01    4.8213E+00    1.3623E+01    5.1244E+00    1.0016E+01
 1.2681E+02    3.8454E+01    4.6603E+01    2.4917E+01    2.0622E+01    1.4960E+01    5.7911E+01    4.4503E+01    1.6960E+01    4.8213E+00    1.3684E+01    5.1193E+00    9.9090E+00
 1.2731E+02    3.8481E+01    4.6603E+01    2.4693E+01    2.0599E+01    1.4985E+01    5.7925E+01    4.4494E+01    1.6976E+01    4.8213E+00    1.3643E+01    5.2568E+00    9.9090E+00
 1.2788E+02    3.8492E+01    4.6610E+01    2.4644E+01    2.0599E+01    1.4962E+01    5.7923E+01    4.4481E+01    1.6945E+01    4.8213E+00    1.3643E+01    5.1601E+00    9.9090E+00
 1.2838E+02    3.8492E+01    4.6627E+01    2.4602E+01    2.0680E+01    1.4879E+01    5.7925E+01    4.4451E+01    1.6908E+01    4.8009E+00    1.3725E+01    5.2822E+00    9.9090E+00
 1.2889E+02    3.8492E+01    4.6642E+01    2.4597E+01    2.0575E+01    1.4879E+01    5.7941E+01    4.4451E+01    1.6877E+01    4.8009E+00    1.3603E+01    5.1193E+00    9.9090E+00
 1.2939E+02    3.8508E+01    4.6628E+01    2.4581E+01    2.0515E+01    1.4859E+01    5.7944E+01    4.4435E+01    1.6834E+01    4.8009E+00    1.3603E+01    5.3026E+00    9.9090E+00
 1.2997E+02    3.8535E+01    4.6648E+01    2.4827E+01    2.0514E+01    1.4808E+01    5.7931E+01    4.4408E+01    1.6813E+01    4.8009E+00    1.3603E+01    5.2161E+00    9.9090E+00
 1.3047E+02    3.8552E+01    4.6663E+01    2.4990E+01    2.0502E+01    1.4759E+01    5.7923E+01    4.4384E+01    1.6797E+01    4.8213E+00    1.3705E+01    5.2975E+00    9.9090E+00
 1.3097E+02    3.8568E+01    4.6684E+01    2.5194E+01    2.0502E+01    1.4719E+01    5.7923E+01    4.4376E+01    1.6770E+01    4.8009E+00    1.3643E+01    5.1601E+00    9.8010E+00
 1.3147E+02    3.8568E+01    4.6688E+01    2.5022E+01    2.0554E+01    1.4670E+01    5.7914E+01    4.4340E+01    1.6736E+01    4.8009E+00    1.3623E+01    5.2721E+00    9.8010E+00
 1.3208E+02    3.8570E+01    4.6700E+01    2.4852E+01    2.0574E+01    1.4650E+01    5.7912E+01    4.4316E+01    1.6699E+01    4.8009E+00    1.3623E+01    5.2517E+00    9.8010E+00
 1.3259E+02    3.8567E+01    4.6723E+01    2.4852E+01    2.0656E+01    1.4634E+01    5.7896E+01    4.4301E+01    1.6646E+01    4.8213E+00    1.3745E+01    5.1346E+00    9.9090E+00
 1.3309E+02    3.8590E+01    4.6743E+01    2.4715E+01    2.0540E+01    1.4617E+01    5.7913E+01    4.4298E+01    1.6614E+01    4.8009E+00    1.3705E+01    5.1397E+00    9.8010E+00
 1.3359E+02    3.8611E+01    4.6758E+01    2.4997E+01    2.0600E+01    1.4610E+01    5.7898E+01    4.4260E+01    1.6598E+01    4.8009E+00    1.3623E+01    5.1295E+00    1.0016E+01
 1.3417E+02    3.8630E+01    4.6757E+01    2.5151E+01    2.0600E+01    1.4551E+01    5.7903E+01    4.4229E+01    1.6555E+01    4.8009E+00    1.3705E+01    5.1346E+00    9.9090E+00
 1.3467E+02    3.8640E+01    4.6790E+01    2.5257E+01    2.0684E+01    1.4541E+01    5.7903E+01    4.4215E+01    1.6522E+01    4.8009E+00    1.3664E+01    5.1346E+00    9.8010E+00
 1.3517E+02    3.8640E+01    4.6794E+01    2.5313E+01    2.0538E+01    1.4541E+01    5.7900E+01    4.4215E+01    1.6465E+01    4.8009E+00    1.3725E+01    5.1397E+00    1.0016E+01
 1.3567E+02    3.8653E+01    4.6810E+01    2.5297E+01    2.0477E+01    1.4504E+01    5.7885E+01    4.4195E+01    1.6434E+01    4.8009E+00    1.3766E+01    5.1346E+00    9.8010E+00
 1.3625E+02    3.8660E+01    4.6813E+01    2.5167E+01    2.0521E+01    1.4465E+01    5.7908E+01    4.4194E+01    1.6385E+01    4.8009E+00    1.3643E+01    5.1295E+00    9.9090E+00
 1.3675E+02    3.8681E+01    4.6813E+01    2.5415E+01    2.0585E+01    1.4425E+01    5.7879E+01    4.4181E+01    1.6385E+01    4.7805E+00    1.3684E+01    5.2517E+00    9.9090E+00
 1.3725E+02    3.8685E+01    4.6830E+01    2.5146E+01    2.0585E+01    1.4377E+01    5.7879E+01    4.4140E+01    1.6354E+01    4.7805E+00    1.3705E+01    5.1397E+00    9.9090E+00
 1.3775E+02    3.8670E+01    4.6841E+01    2.4944E+01    2.0522E+01    1.4360E+01    5.7883E+01    4.4133E+01    1.6325E+01    4.7805E+00    1.3643E+01    5.2568E+00    9.6912E+00
 1.3833E+02    3.8678E+01    4.6829E+01    2.4789E+01    2.0603E+01    1.4376E+01    5.7908E+01    4.4149E+01    1.6305E+01    4.7805E+00    1.3745E+01    5.2975E+00    1.0016E+01
 1.3883E+02    3.8687E+01    4.6858E+01    2.4789E+01    2.0538E+01    1.4366E+01    5.7917E+01    4.4127E+01    1.6265E+01    4.7601E+00    1.3725E+01    5.2975E+00    9.9090E+00
 1.3933E+02    3.8706E+01    4.6858E+01    2.5008E+01    2.0606E+01    1.4327E+01    5.7910E+01    4.4123E+01    1.6239E+01    4.7601E+00    1.3684E+01    5.2262E+00    9.9090E+00
 1.3983E+02    3.8722E+01    4.6860E+01    2.5141E+01    2.0523E+01    1.4291E+01    5.7910E+01    4.4091E+01    1.6239E+01    4.7805E+00    1.3786E+01    5.3128E+00    9.8010E+00
 1.4041E+02    3.8723E+01    4.6860E+01    2.5371E+01    2.0523E+01    1.4267E+01    5.7896E+01    4.4074E+01    1.6189E+01    4.7601E+00    1.3664E+01    5.3077E+00    9.9090E+00
 1.4091E+02    3.8723E+01    4.6891E+01    2.5415E+01    2.0521E+01    1.4229E+01    5.7904E+01    4.4061E+01    1.6163E+01    4.7397E+00    1.3705E+01    5.1448E+00    9.9090E+00
# Time (s)      T1w (C)       T2w (C)       T1a (C)       T2a (C)       T1r (C)       T2r (C)       T3r (C)       T4r (C)       P1 (bar)      P2 (bar)      Ic (amp)      Qc (l/min)    
 1.4141E+02    3.8747E+01    4.6898E+01    2.5415E+01    2.0581E+01    1.4245E+01    5.7918E+01    4.4076E+01    1.6137E+01    4.7397E+00    1.3745E+01    5.2822E+00    9.9090E+00
 1.4191E+02    3.8759E+01    4.6908E+01    2.5325E+01    2.0450E+01    1.4207E+01    5.7912E+01    4.4063E+01    1.6104E+01    4.7397E+00    1.3684E+01    5.2059E+00    9.8010E+00
 1.4250E+02    3.8778E+01    4.6908E+01    2.4994E+01    2.0507E+01    1.4174E+01    5.7923E+01    4.4052E+01    1.6054E+01    4.7601E+00    1.3705E+01    5.2619E+00    1.0016E+01
 1.4300E+02    3.8801E+01    4.6919E+01    2.4879E+01    2.0473E+01    1.4187E+01    5.7923E+01    4.4020E+01    1.6054E+01    4.7601E+00    1.3786E+01    5.3077E+00    1.0121E+01
 1.4350E+02    3.8840E+01    4.6937E+01    2.5086E+01    2.0488E+01    1.4240E+01    5.7926E+01    4.3989E+01    1.6015E+01    4.7601E+00    1.3705E+01    5.1753E+00    9.9090E+00
 1.4400E+02    3.8840E+01    4.6960E+01    2.5500E+01    2.0536E+01    1.4271E+01    5.7931E+01    4.3976E+01    1.5966E+01    4.7601E+00    1.3664E+01    5.2619E+00    9.9090E+00
 1.4458E+02    3.8844E+01    4.6980E+01    2.5429E+01    2.0573E+01    1.4271E+01    5.7954E+01    4.3976E+01    1.5933E+01    4.7601E+00    1.3684E+01    5.1550E+00    9.9090E+00
 1.4508E+02    3.8852E+01    4.6978E+01    2.5429E+01    2.0566E+01    1.4277E+01    5.7951E+01    4.3944E+01    1.5890E+01    4.7397E+00    1.3705E+01    5.2313E+00    9.8010E+00
 1.4558E+02    3.8888E+01    4.6993E+01    2.5270E+01    2.0645E+01    1.4324E+01    5.7958E+01    4.3931E+01    1.5854E+01    4.7397E+00    1.3705E+01    5.1804E+00    9.9090E+00
 1.4608E+02    3.8889E+01    4.7013E+01    2.5176E+01    2.0645E+01    1.4392E+01    5.7958E+01    4.3933E+01    1.5854E+01    4.7397E+00    1.3725E+01    5.1601E+00    9.8010E+00
 1.4667E+02    3.8926E+01    4.7036E+01    2.5191E+01    2.0658E+01    1.4492E+01    5.7980E+01    4.3906E+01    1.5809E+01    4.7397E+00    1.3806E+01    5.2975E+00    1.0016E+01
 1.4717E+02    3.8926E+01    4.7037E+01    2.5241E+01    2.0658E+01    1.4651E+01    5.8009E+01    4.3906E+01    1.5786E+01    4.7397E+00    1.3705E+01    5.1448E+00    1.0016E+01
 1.4767E+02    3.8909E+01    4.7032E+01    2.5225E+01    2.0628E+01    1.4667E+01    5.8036E+01    4.3921E+01    1.5790E+01    4.7397E+00    1.3684E+01    5.1957E+00    9.8010E+00
 1.4817E+02    3.8936E+01    4.7049E+01    2.5207E+01    2.0577E+01    1.4784E+01    5.8041E+01    4.3913E+01    1.5748E+01    4.7397E+00    1.3725E+01    5.2822E+00    1.0121E+01
 1.4875E+02    3.8933E+01    4.7034E+01    2.5200E+01    2.0508E+01    1.4912E+01    5.8052E+01    4.3919E+01    1.5732E+01    4.7193E+00    1.3725E+01    5.3026E+00    9.9090E+00
 1.4925E+02    3.8940E+01    4.7061E+01    2.5374E+01    2.0508E+01    1.5011E+01    5.8052E+01    4.3883E+01    1.5732E+01    4.7193E+00    1.3684E+01    5.1906E+00    9.6912E+00
 1.4975E+02    3.8926E+01    4.7052E+01    2.5396E+01    2.0501E+01    1.5107E+01    5.8063E+01    4.3895E+01    1.5694E+01    4.7193E+00    1.3827E+01    5.2364E+00    1.0121E+01
 1.5025E+02    3.8926E+01    4.7068E+01    2.5450E+01    2.0437E+01    1.5107E+01    5.8066E+01    4.3895E+01    1.5668E+01    4.7193E+00    1.3745E+01    5.2619E+00    9.8010E+00
 1.5084E+02    3.8948E+01    4.7083E+01    2.5450E+01    2.0466E+01    1.5215E+01    5.8075E+01    4.3884E+01    1.5636E+01    4.7193E+00    1.3725E+01    5.3230E+00    9.9090E+00
 1.5134E+02    3.8963E+01    4.7079E+01    2.5667E+01    2.0498E+01    1.5323E+01    5.8096E+01    4.3887E+01    1.5616E+01    4.6989E+00    1.3725E+01    5.2619E+00    9.9090E+00
 1.5184E+02    3.8953E+01    4.7079E+01    2.5778E+01    2.0485E+01    1.5436E+01    5.8111E+01    4.3878E+01    1.5608E+01    4.6989E+00    1.3827E+01    5.2975E+00    9.8010E+00
 1.5234E+02    3.8956E+01    4.7081E+01    2.5516E+01    2.0485E+01    1.5557E+01    5.8111E+01    4.3874E+01    1.5608E+01    4.6989E+00    1.3806E+01    5.3026E+00    9.9090E+00
 1.5292E+02    3.8969E+01    4.7105E+01    2.5264E+01    2.0428E+01    1.5662E+01    5.8146E+01    4.3889E+01    1.5596E+01    4.6989E+00    1.3684E+01    5.2771E+00    1.0016E+01
 1.5342E+02    3.8969E+01    4.7113E+01    2.5225E+01    2.0449E+01    1.5678E+01    5.8167E+01    4.3911E+01    1.5605E+01    4.6989E+00    1.3806E+01    5.1499E+00    1.0016E+01
 1.5392E+02    3.8983E+01    4.7111E+01    2.5225E+01    2.0429E+01    1.5777E+01    5.8188E+01    4.3911E+01    1.5615E+01    4.6785E+00    1.3745E+01    5.3077E+00    9.9090E+00
 1.5442E+02    3.8984E+01    4.7111E+01    2.5157E+01    2.0431E+01    1.5875E+01    5.8198E+01    4.3930E+01    1.5624E+01    4.6989E+00    1.3684E+01    5.1448E+00    9.8010E+00
 1.5501E+02    3.9001E+01    4.7123E+01    2.5024E+01    2.0335E+01    1.5997E+01    5.8215E+01    4.3950E+01    1.5632E+01    4.6785E+00    1.3684E+01    5.2161E+00    9.9090E+00
 1.5551E+02    3.9001E+01    4.7121E+01    2.5009E+01    2.0335E+01    1.6105E+01    5.8215E+01    4.3967E+01    1.5632E+01    4.6785E+00    1.3725E+01    5.1397E+00    1.0016E+01
 1.5601E+02    3.9001E+01    4.7128E+01    2.4933E+01    2.0366E+01    1.6237E+01    5.8237E+01    4.3972E+01    1.5631E+01    4.6785E+00    1.3745E+01    5.2670E+00    9.9090E+00
 1.5651E+02    3.9028E+01    4.7133E+01    2.4977E+01    2.0513E+01    1.6237E+01    5.8279E+01    4.3972E+01    1.5657E+01    4.6785E+00    1.3684E+01    5.1346E+00    9.9090E+00
# Time (s)      T1w (C)       T2w (C)       T1a (C)       T2a (C)       T1r (C)       T2r (C)       T3r (C)       T4r (C)       P1 (bar)      P2 (bar)      Ic (amp)      Qc (l/min)    
 1.5709E+02    3.9034E+01    4.7136E+01    2.4977E+01    2.0515E+01    1.6337E+01    5.8290E+01    4.3992E+01    1.5675E+01    4.6785E+00    1.3786E+01    5.1346E+00    9.9090E+00
 1.5759E+02    3.9049E+01    4.7141E+01    2.4988E+01    2.0410E+01    1.6436E+01    5.8293E+01    4.4005E+01    1.5675E+01    4.6989E+00    1.3664E+01    5.2721E+00    9.8010E+00
 1.5809E+02    3.9073E+01    4.7141E+01    2.5233E+01    2.0377E+01    1.6547E+01    5.8293E+01    4.4040E+01    1.5675E+01    4.6785E+00    1.3684E+01    5.1499E+00    1.0016E+01
 1.5859E+02    3.9079E+01    4.7138E+01    2.5209E+01    2.0377E+01    1.6662E+01    5.8337E+01    4.4061E+01    1.5704E+01    4.6989E+00    1.3786E+01    5.1346E+00    9.9090E+00
 1.5922E+02    3.9095E+01    4.7132E+01    2.5320E+01    2.0497E+01    1.6784E+01    5.8379E+01    4.4099E+01    1.5731E+01    4.6785E+00    1.3725E+01    5.1448E+00    9.9090E+00
 1.5972E+02    3.9095E+01    4.7144E+01    2.5417E+01    2.0625E+01    1.6908E+01    5.8395E+01    4.4140E+01    1.5764E+01    4.6989E+00    1.3766E+01    5.2415E+00    1.0016E+01
 1.6022E+02    3.9119E+01    4.7135E+01    2.5417E+01    2.0570E+01    1.6908E+01    5.8414E+01    4.4140E+01    1.5780E+01    4.6989E+00    1.3684E+01    5.1295E+00    9.9090E+00
 1.6072E+02    3.9159E+01    4.7135E+01    2.5242E+01    2.0569E+01    1.7035E+01    5.8450E+01    4.4180E+01    1.5822E+01    4.6989E+00    1.3705E+01    5.1753E+00    1.0016E+01
 1.6129E+02    3.9137E+01    4.7138E+01    2.5119E+01    2.0519E+01    1.7145E+01    5.8492E+01    4.4206E+01    1.5832E+01    4.6989E+00    1.3806E+01    5.3128E+00    9.9090E+00
 1.6179E+02    3.9162E+01    4.7154E+01    2.5074E+01    2.0519E+01    1.7260E+01    5.8492E+01    4.4239E+01    1.5832E+01    4.6989E+00    1.3766E+01    5.2568E+00    1.0016E+01
 1.6229E+02    3.9162E+01    4.7157E+01    2.5019E+01    2.0546E+01    1.7366E+01    5.8515E+01    4.4284E+01    1.5853E+01    4.6989E+00    1.3664E+01    5.2924E+00    1.0016E+01
 1.6279E+02    3.9170E+01    4.7150E+01    2.5110E+01    2.0638E+01    1.7366E+01    5.8527E+01    4.4284E+01    1.5869E+01    4.6989E+00    1.3786E+01    5.1448E+00    1.0016E+01
 1.6338E+02    3.9207E+01    4.7175E+01    2.5110E+01    2.0605E+01    1.7470E+01    5.8564E+01    4.4313E+01    1.5902E+01    4.6989E+00    1.3766E+01    5.1702E+00    9.9090E+00
 1.6389E+02    3.9212E+01    4.7173E+01    2.5183E+01    2.0576E+01    1.7617E+01    5.8564E+01    4.4366E+01    1.5927E+01    4.6989E+00    1.3705E+01    5.2822E+00    9.9090E+00
 1.6439E+02    3.9238E+01    4.7173E+01    2.5194E+01    2.0557E+01    1.7719E+01    5.8564E+01    4.4418E+01    1.5927E+01    4.6989E+00    1.3745E+01    5.1448E+00    9.9090E+00
 1.6489E+02    3.9266E+01    4.7179E+01    2.5346E+01    2.0557E+01    1.7822E+01    5.8604E+01    4.4441E+01    1.5967E+01    4.6989E+00    1.3806E+01    5.3077E+00    1.0016E+01
 1.6546E+02    3.9266E+01    4.7189E+01    2.5458E+01    2.0582E+01    1.7906E+01    5.8617E+01    4.4477E+01    1.5961E+01    4.6989E+00    1.3745E+01    5.2059E+00    1.0016E+01
 1.6596E+02    3.9287E+01    4.7212E+01    2.5494E+01    2.0524E+01    1.7906E+01    5.8646E+01    4.4477E+01    1.5996E+01    4.6989E+00    1.3705E+01    5.1397E+00    9.9090E+00
 1.6646E+02    3.9294E+01    4.7201E+01    2.5494E+01    2.0471E+01    1.8019E+01    5.8666E+01    4.4531E+01    1.6017E+01    4.6989E+00    1.3806E+01    5.2568E+00    1.0016E+01
 1.6696E+02    3.9327E+01    4.7201E+01    2.5651E+01    2.0476E+01    1.8089E+01    5.8699E+01    4.4551E+01    1.6045E+01    4.7193E+00    1.3806E+01    5.1651E+00    1.0016E+01
 1.6755E+02    3.9318E+01    4.7215E+01    2.5722E+01    2.0520E+01    1.8175E+01    5.8685E+01    4.4561E+01    1.6054E+01    4.6989E+00    1.3705E+01    5.3077E+00    1.0121E+01
 1.6805E+02    3.9330E+01    4.7216E+01    2.5855E+01    2.0520E+01    1.8273E+01    5.8707E+01    4.4614E+01    1.6054E+01    4.7193E+00    1.3745E+01    5.1346E+00    9.9090E+00
 1.6855E+02    3.9345E+01    4.7246E+01    2.5964E+01    2.0571E+01    1.8327E+01    5.8731E+01    4.4639E+01    1.6061E+01    4.7193E+00    1.3806E+01    5.2822E+00    9.9090E+00
 1.6905E+02    3.9352E+01    4.7256E+01    2.5964E+01    2.0540E+01    1.8327E+01    5.8731E+01    4.4639E+01    1.6089E+01    4.7193E+00    1.3745E+01    5.2110E+00    9.9090E+00
 1.6963E+02    3.9365E+01    4.7273E+01    2.5831E+01    2.0502E+01    1.8422E+01    5.8743E+01    4.4679E+01    1.6148E+01    4.7193E+00    1.3705E+01    5.1346E+00    9.9090E+00
 1.7013E+02    3.9372E+01    4.7273E+01    2.5658E+01    2.0460E+01    1.8512E+01    5.8763E+01    4.4710E+01    1.6179E+01    4.7397E+00    1.3745E+01    5.1448E+00    9.9090E+00
 1.7063E+02    3.9368E+01    4.7296E+01    2.5837E+01    2.0460E+01    1.8586E+01    5.8763E+01    4.4752E+01    1.6179E+01    4.7193E+00    1.3766E+01    5.1499E+00    9.9090E+00
 1.7113E+02    3.9402E+01    4.7294E+01    2.5901E+01    2.0517E+01    1.8686E+01    5.8796E+01    4.4775E+01    1.6236E+01    4.7397E+00    1.3766E+01    5.1550E+00    9.8010E+00
 1.7172E+02    3.9402E+01    4.7316E+01    2.5971E+01    2.0487E+01    1.8758E+01    5.8835E+01    4.4833E+01    1.6274E+01    4.7397E+00    1.3705E+01    5.2161E+00    9.8010E+00
 1.7222E+02    3.9406E+01    4.7322E+01    2.5733E+01    2.0508E+01    1.8758E+01    5.8882E+01    4.4833E+01    1.6326E+01    4.7397E+00    1.3827E+01    5.1397E+00    9.9090E+00
# Time (s)      T1w (C)       T2w (C)       T1a (C)       T2a (C)       T1r (C)       T2r (C)       T3r (C)       T4r (C)       P1 (bar)      P2 (bar)      Ic (amp)      Qc (l/min)    
 1.7272E+02    3.9412E+01    4.7307E+01    2.5718E+01    2.0453E+01    1.8844E+01    5.8895E+01    4.4870E+01    1.6382E+01    4.7397E+00    1.3745E+01    5.2873E+00    9.8010E+00
 1.7322E+02    3.9406E+01    4.7307E+01    2.5582E+01    2.0541E+01    1.8925E+01    5.8952E+01    4.4909E+01    1.6407E+01    4.7397E+00    1.3725E+01    5.1601E+00    9.8010E+00
 1.7379E+02    3.9423E+01    4.7333E+01    2.5591E+01    2.0580E+01    1.8981E+01    5.8937E+01    4.4905E+01    1.6391E+01    4.7397E+00    1.3827E+01    5.1702E+00    1.0016E+01
 1.7429E+02    3.9451E+01    4.7332E+01    2.5383E+01    2.0580E+01    1.9047E+01    5.8952E+01    4.4951E+01    1.6453E+01    4.7397E+00    1.3827E+01    5.2568E+00    9.9090E+00
 1.7479E+02    3.9451E+01    4.7331E+01    2.5077E+01    2.0632E+01    1.9047E+01    5.8963E+01    4.4981E+01    1.6491E+01    4.7601E+00    1.3725E+01    5.1448E+00    9.8010E+00
 1.7530E+02    3.9478E+01    4.7360E+01    2.5077E+01    2.0555E+01    1.9123E+01    5.8979E+01    4.4981E+01    1.6553E+01    4.7601E+00    1.3725E+01    5.1753E+00    9.9090E+00
 1.7589E+02    3.9485E+01    4.7355E+01    2.5173E+01    2.0637E+01    1.9174E+01    5.9014E+01    4.4987E+01    1.6580E+01    4.7805E+00    1.3867E+01    5.1550E+00    1.0016E+01
 1.7639E+02    3.9482E+01    4.7355E+01    2.5224E+01    2.0576E+01    1.9256E+01    5.9044E+01    4.5018E+01    1.6632E+01    4.7805E+00    1.3766E+01    5.1753E+00    9.9090E+00
 1.7689E+02    3.9487E+01    4.7380E+01    2.5214E+01    2.0576E+01    1.9282E+01    5.9030E+01    4.5040E+01    1.6616E+01    4.7805E+00    1.3745E+01    5.2211E+00    9.9090E+00
 1.7739E+02    3.9487E+01    4.7385E+01    2.5078E+01    2.0574E+01    1.9336E+01    5.9045E+01    4.5075E+01    1.6658E+01    4.8009E+00    1.3867E+01    5.1499E+00    1.0016E+01
 1.7796E+02    3.9506E+01    4.7403E+01    2.5036E+01    2.0727E+01    1.9362E+01    5.9055E+01    4.5071E+01    1.6729E+01    4.8009E+00    1.3847E+01    5.2466E+00    1.0016E+01
 1.7846E+02    3.9512E+01    4.7438E+01    2.5036E+01    2.0782E+01    1.9362E+01    5.9062E+01    4.5071E+01    1.6777E+01    4.8009E+00    1.3806E+01    5.3280E+00    9.9090E+00
 1.7896E+02    3.9547E+01    4.7437E+01    2.4931E+01    2.0759E+01    1.9409E+01    5.9065E+01    4.5124E+01    1.6810E+01    4.8009E+00    1.3786E+01    5.1702E+00    9.9090E+00
 1.7946E+02    3.9534E+01    4.7437E+01    2.5199E+01    2.0737E+01    1.9431E+01    5.9065E+01    4.5147E+01    1.6810E+01    4.8009E+00    1.3888E+01    5.2517E+00    1.0016E+01
 1.8005E+02    3.9543E+01    4.7454E+01    2.5410E+01    2.0737E+01    1.9450E+01    5.9082E+01    4.5185E+01    1.6865E+01    4.8213E+00    1.3867E+01    5.1702E+00    1.0016E+01
 1.8055E+02    3.9555E+01    4.7476E+01    2.5283E+01    2.0669E+01    1.9455E+01    5.9085E+01    4.5203E+01    1.6923E+01    4.8009E+00    1.3867E+01    5.3433E+00    1.0016E+01
 1.8105E+02    3.9540E+01    4.7466E+01    2.5308E+01    2.0634E+01    1.9455E+01    5.9072E+01    4.5203E+01    1.6973E+01    4.8009E+00    1.3786E+01    5.1702E+00    1.0016E+01
 1.8155E+02    3.9550E+01    4.7493E+01    2.5308E+01    2.0692E+01    1.9423E+01    5.9089E+01    4.5239E+01    1.7020E+01    4.8009E+00    1.3827E+01    5.2721E+00    9.9090E+00
 1.8215E+02    3.9532E+01    4.7466E+01    2.5372E+01    2.0474E+01    1.9388E+01    5.9084E+01    4.5253E+01    1.7076E+01    4.8009E+00    1.3867E+01    5.1702E+00    9.9090E+00
 1.8265E+02    3.9543E+01    4.7451E+01    2.5658E+01    2.0502E+01    1.9341E+01    5.9084E+01    4.5296E+01    1.7137E+01    4.8009E+00    1.3847E+01    5.1702E+00    9.9090E+00
 1.8315E+02    3.9548E+01    4.7477E+01    2.5503E+01    2.0502E+01    1.9291E+01    5.9124E+01    4.5330E+01    1.7137E+01    4.8213E+00    1.3806E+01    5.1804E+00    9.8010E+00
 1.8365E+02    3.9548E+01    4.7472E+01    2.5145E+01    2.0484E+01    1.9212E+01    5.9140E+01    4.5336E+01    1.7182E+01    4.8009E+00    1.3908E+01    5.1906E+00    9.9090E+00
 1.8424E+02    3.9528E+01    4.7481E+01    2.5310E+01    2.0704E+01    1.9212E+01    5.9120E+01    4.5354E+01    1.7251E+01    4.8009E+00    1.3908E+01    5.1855E+00    9.9090E+00
 1.8474E+02    3.9558E+01    4.7500E+01    2.5326E+01    2.0688E+01    1.9146E+01    5.9149E+01    4.5339E+01    1.7273E+01    4.8213E+00    1.3929E+01    5.2211E+00    1.0121E+01
 1.8524E+02    3.9561E+01    4.7500E+01    2.5523E+01    2.0621E+01    1.9033E+01    5.9169E+01    4.5363E+01    1.7324E+01    4.8213E+00    1.3806E+01    5.2619E+00    9.9090E+00
 1.8574E+02    3.9593E+01    4.7531E+01    2.5747E+01    2.0637E+01    1.8870E+01    5.9169E+01    4.5382E+01    1.7324E+01    4.8213E+00    1.3827E+01    5.1753E+00    1.0016E+01
 1.8632E+02    3.9595E+01    4.7560E+01    2.5719E+01    2.0637E+01    1.8618E+01    5.9202E+01    4.5415E+01    1.7387E+01    4.8417E+00    1.3827E+01    5.1804E+00    9.9090E+00
 1.8682E+02    3.9610E+01    4.7575E+01    2.5705E+01    2.0606E+01    1.8366E+01    5.9231E+01    4.5425E+01    1.7432E+01    4.8417E+00    1.3929E+01    5.1753E+00    1.0016E+01
 1.8732E+02    3.9628E+01    4.7571E+01    2.5756E+01    2.0636E+01    1.8366E+01    5.9269E+01    4.5425E+01    1.7479E+01    4.8417E+00    1.3827E+01    5.2110E+00    9.8010E+00
 1.8782E+02    3.9649E+01    4.7593E+01    2.5772E+01    2.0579E+01    1.8103E+01    5.9284E+01    4.5448E+01    1.7532E+01    4.8622E+00    1.3827E+01    5.1855E+00    9.8010E+00
# Time (s)      T1w (C)       T2w (C)       T1a (C)       T2a (C)       T1r (C)       T2r (C)       T3r (C)       T4r (C)       P1 (bar)      P2 (bar)      Ic (amp)      Qc (l/min)    
 1.8840E+02    3.9650E+01    4.7611E+01    2.5798E+01    2.0648E+01    1.7794E+01    5.9291E+01    4.5470E+01    1.7572E+01    4.8622E+00    1.3908E+01    5.1855E+00    9.8010E+00
 1.8890E+02    3.9642E+01    4.7596E+01    2.5729E+01    2.0534E+01    1.7313E+01    5.9291E+01    4.5501E+01    1.7614E+01    4.8826E+00    1.3949E+01    5.3637E+00    1.0016E+01
 1.8940E+02    3.9645E+01    4.7619E+01    2.5323E+01    2.0534E+01    1.6515E+01    5.9286E+01    4.5514E+01    1.7614E+01    4.8826E+00    1.3888E+01    5.1957E+00    1.0016E+01
 1.8991E+02    3.9629E+01    4.7606E+01    2.5021E+01    2.0518E+01    1.6032E+01    5.9286E+01    4.5523E+01    1.7614E+01    4.8622E+00    1.3969E+01    5.2313E+00    1.0016E+01
 1.9049E+02    3.9629E+01    4.7629E+01    2.4912E+01    2.0577E+01    1.6032E+01    5.9272E+01    4.5543E+01    1.7643E+01    4.8826E+00    1.3969E+01    5.1957E+00    9.9090E+00
 1.9099E+02    3.9647E+01    4.7627E+01    2.4896E+01    2.0551E+01    1.5797E+01    5.9263E+01    4.5528E+01    1.7661E+01    4.8622E+00    1.3949E+01    5.2313E+00    9.9090E+00
 1.9149E+02    3.9645E+01    4.7627E+01    2.4857E+01    2.0559E+01    1.5627E+01    5.9266E+01    4.5545E+01    1.7662E+01    4.8826E+00    1.3847E+01    5.1957E+00    9.9090E+00
 1.9199E+02    3.9646E+01    4.7627E+01    2.4743E+01    2.0606E+01    1.5489E+01    5.9266E+01    4.5556E+01    1.7662E+01    4.8826E+00    1.3908E+01    5.2008E+00    9.9090E+00
 1.9257E+02    3.9660E+01    4.7639E+01    2.4827E+01    2.0606E+01    1.5391E+01    5.9272E+01    4.5570E+01    1.7643E+01    4.8826E+00    1.3908E+01    5.2059E+00    9.9090E+00
 1.9307E+02    3.9660E+01    4.7664E+01    2.4881E+01    2.0550E+01    1.5336E+01    5.9302E+01    4.5566E+01    1.7591E+01    4.8826E+00    1.3867E+01    5.3739E+00    9.9090E+00
 1.9357E+02    3.9680E+01    4.7683E+01    2.4881E+01    2.0597E+01    1.5336E+01    5.9305E+01    4.5566E+01    1.7538E+01    4.8622E+00    1.4030E+01    5.2059E+00    1.0016E+01
 1.9407E+02    3.9700E+01    4.7710E+01    2.4940E+01    2.0569E+01    1.5287E+01    5.9327E+01    4.5591E+01    1.7475E+01    4.8622E+00    1.3949E+01    5.3637E+00    9.9090E+00
 1.9465E+02    3.9710E+01    4.7710E+01    2.4933E+01    2.0495E+01    1.5227E+01    5.9355E+01    4.5567E+01    1.7424E+01    4.8622E+00    1.3949E+01    5.3484E+00    9.8010E+00
 1.9515E+02    3.9720E+01    4.7736E+01    2.5090E+01    2.0591E+01    1.5195E+01    5.9355E+01    4.5568E+01    1.7424E+01    4.8622E+00    1.3908E+01    5.2873E+00    1.0016E+01
 1.9565E+02    3.9726E+01    4.7765E+01    2.5188E+01    2.0591E+01    1.5163E+01    5.9356E+01    4.5552E+01    1.7343E+01    4.8622E+00    1.4051E+01    5.3891E+00    1.0225E+01
 1.9615E+02    3.9726E+01    4.7775E+01    2.5223E+01    2.0572E+01    1.5163E+01    5.9374E+01    4.5544E+01    1.7307E+01    4.8622E+00    1.4010E+01    5.3688E+00    1.0016E+01
 1.9674E+02    3.9727E+01    4.7786E+01    2.5175E+01    2.0577E+01    1.5134E+01    5.9377E+01    4.5544E+01    1.7237E+01    4.8622E+00    1.4030E+01    5.2161E+00    9.9090E+00
 1.9724E+02    3.9734E+01    4.7805E+01    2.5175E+01    2.0578E+01    1.5127E+01    5.9385E+01    4.5527E+01    1.7186E+01    4.8622E+00    1.3969E+01    5.3840E+00    1.0016E+01
 1.9774E+02    3.9743E+01    4.7805E+01    2.5140E+01    2.0485E+01    1.5101E+01    5.9398E+01    4.5497E+01    1.7127E+01    4.8417E+00    1.3969E+01    5.2110E+00    9.9090E+00
 1.9824E+02    3.9737E+01    4.7811E+01    2.5057E+01    2.0485E+01    1.5114E+01    5.9398E+01    4.5476E+01    1.7127E+01    4.8417E+00    1.3969E+01    5.3637E+00    1.0016E+01
 1.9883E+02    3.9752E+01    4.7826E+01    2.5012E+01    2.0491E+01    1.5115E+01    5.9403E+01    4.5465E+01    1.7075E+01    4.8417E+00    1.3969E+01    5.2619E+00    9.8010E+00
 1.9933E+02    3.9752E+01    4.7847E+01    2.5050E+01    2.0530E+01    1.5071E+01    5.9417E+01    4.5452E+01    1.7053E+01    4.8213E+00    1.3949E+01    5.2721E+00    1.0016E+01
 1.9983E+02    3.9784E+01    4.7881E+01    2.5050E+01    2.0552E+01    1.5071E+01    5.9416E+01    4.5452E+01    1.7027E+01    4.8417E+00    1.4091E+01    5.2110E+00    9.9090E+00
 2.0033E+02    3.9787E+01    4.7880E+01    2.5049E+01    2.0516E+01    1.5062E+01    5.9442E+01    4.5421E+01    1.7011E+01    4.8417E+00    1.4071E+01    5.2517E+00    1.0016E+01
 2.0093E+02    3.9801E+01    4.7880E+01    2.5256E+01    2.0544E+01    1.5040E+01    5.9454E+01    4.5417E+01    1.6979E+01    4.8417E+00    1.3990E+01    5.2262E+00    1.0121E+01
 2.0143E+02    3.9831E+01    4.7896E+01    2.5341E+01    2.0544E+01    1.5009E+01    5.9454E+01    4.5392E+01    1.6979E+01    4.8417E+00    1.3969E+01    5.2313E+00    9.9090E+00
 2.0193E+02    3.9832E+01    4.7903E+01    2.5237E+01    2.0468E+01    1.4984E+01    5.9465E+01    4.5359E+01    1.6950E+01    4.8213E+00    1.4112E+01    5.3179E+00    9.9090E+00
 2.0243E+02    3.9832E+01    4.7917E+01    2.5214E+01    2.0482E+01    1.4984E+01    5.9474E+01    4.5343E+01    1.6928E+01    4.8213E+00    1.4010E+01    5.2211E+00    9.9090E+00
 2.0300E+02    3.9859E+01    4.7930E+01    2.5214E+01    2.0504E+01    1.4979E+01    5.9469E+01    4.5343E+01    1.6900E+01    4.8213E+00    1.4010E+01    5.2771E+00    9.8010E+00
 2.0350E+02    3.9876E+01    4.7951E+01    2.5195E+01    2.0516E+01    1.4930E+01    5.9472E+01    4.5327E+01    1.6888E+01    4.8213E+00    1.3969E+01    5.3688E+00    9.9090E+00
# Time (s)      T1w (C)       T2w (C)       T1a (C)       T2a (C)       T1r (C)       T2r (C)       T3r (C)       T4r (C)       P1 (bar)      P2 (bar)      Ic (amp)      Qc (l/min)    
 2.0400E+02    3.9905E+01    4.7936E+01    2.5300E+01    2.0515E+01    1.4894E+01    5.9472E+01    4.5315E+01    1.6861E+01    4.8213E+00    1.4112E+01    5.2262E+00    9.9090E+00
 2.0450E+02    3.9888E+01    4.7955E+01    2.5399E+01    2.0515E+01    1.4848E+01    5.9473E+01    4.5286E+01    1.6861E+01    4.8009E+00    1.4030E+01    5.3382E+00    9.8010E+00
 2.0509E+02    3.9887E+01    4.7941E+01    2.5447E+01    2.0415E+01    1.4839E+01    5.9484E+01    4.5291E+01    1.6827E+01    4.8213E+00    1.3990E+01    5.2211E+00    1.0016E+01
 2.0559E+02    3.9887E+01    4.7952E+01    2.5413E+01    2.0399E+01    1.4809E+01    5.9525E+01    4.5261E+01    1.6799E+01    4.8009E+00    1.4071E+01    5.2211E+00    1.0016E+01
 2.0610E+02    3.9928E+01    4.7985E+01    2.5413E+01    2.0417E+01    1.4809E+01    5.9529E+01    4.5261E+01    1.6773E+01    4.8009E+00    1.4071E+01    5.3077E+00    9.9090E+00
 2.0660E+02    3.9941E+01    4.7985E+01    2.5110E+01    2.0425E+01    1.4762E+01    5.9527E+01    4.5255E+01    1.6743E+01    4.8009E+00    1.4030E+01    5.2211E+00    1.0016E+01
 2.0718E+02    3.9965E+01    4.7976E+01    2.5115E+01    2.0403E+01    1.4722E+01    5.9524E+01    4.5226E+01    1.6718E+01    4.7805E+00    1.4030E+01    5.2313E+00    9.9090E+00
 2.0768E+02    3.9985E+01    4.7998E+01    2.5077E+01    2.0403E+01    1.4677E+01    5.9524E+01    4.5227E+01    1.6718E+01    4.8009E+00    1.4030E+01    5.2262E+00    9.9090E+00
 2.0818E+02    3.9985E+01    4.8009E+01    2.5037E+01    2.0459E+01    1.4663E+01    5.9497E+01    4.5214E+01    1.6683E+01    4.8009E+00    1.4132E+01    5.3128E+00    9.9090E+00
 2.0868E+02    4.0016E+01    4.8018E+01    2.5010E+01    2.0443E+01    1.4663E+01    5.9497E+01    4.5214E+01    1.6664E+01    4.7805E+00    1.4091E+01    5.2415E+00    9.8010E+00
 2.0928E+02    4.0022E+01    4.8027E+01    2.5010E+01    2.0435E+01    1.4646E+01    5.9488E+01    4.5202E+01    1.6626E+01    4.7805E+00    1.4051E+01    5.4044E+00    9.9090E+00
 2.0978E+02    4.0052E+01    4.8059E+01    2.4983E+01    2.0426E+01    1.4622E+01    5.9496E+01    4.5176E+01    1.6595E+01    4.8009E+00    1.4010E+01    5.2771E+00    9.9090E+00
 2.1028E+02    4.0043E+01    4.8059E+01    2.5040E+01    2.0414E+01    1.4617E+01    5.9496E+01    4.5149E+01    1.6557E+01    4.8009E+00    1.4152E+01    5.3128E+00    9.9090E+00
 2.1078E+02    4.0036E+01    4.8073E+01    2.5011E+01    2.0414E+01    1.4616E+01    5.9496E+01    4.5141E+01    1.6557E+01    4.8009E+00    1.4071E+01    5.3739E+00    9.9090E+00
 2.1135E+02    4.0062E+01    4.8093E+01    2.4907E+01    2.0518E+01    1.4639E+01    5.9510E+01    4.5119E+01    1.6522E+01    4.8009E+00    1.4051E+01    5.2466E+00    9.9090E+00
 2.1185E+02    4.0062E+01    4.8100E+01    2.4823E+01    2.0468E+01    1.4639E+01    5.9482E+01    4.5117E+01    1.6463E+01    4.7805E+00    1.4030E+01    5.2364E+00    1.0121E+01
 2.1235E+02    4.0061E+01    4.8108E+01    2.4823E+01    2.0466E+01    1.4629E+01    5.9504E+01    4.5117E+01    1.6425E+01    4.8009E+00    1.4173E+01    5.3637E+00    9.9090E+00
 2.1285E+02    4.0084E+01    4.8108E+01    2.4961E+01    2.0454E+01    1.4644E+01    5.9505E+01    4.5090E+01    1.6396E+01    4.7805E+00    1.4112E+01    5.2873E+00    1.0016E+01
 2.1345E+02    4.0086E+01    4.8127E+01    2.5064E+01    2.0448E+01    1.4661E+01    5.9493E+01    4.5084E+01    1.6329E+01    4.8009E+00    1.4051E+01    5.3739E+00    1.0016E+01
 2.1395E+02    4.0144E+01    4.8149E+01    2.5098E+01    2.0448E+01    1.4676E+01    5.9493E+01    4.5070E+01    1.6329E+01    4.7805E+00    1.4091E+01    5.3433E+00    9.8010E+00
 2.1445E+02    4.0144E+01    4.8176E+01    2.4984E+01    2.0410E+01    1.4676E+01    5.9498E+01    4.5051E+01    1.6291E+01    4.8009E+00    1.4152E+01    5.2670E+00    1.0016E+01
 2.1495E+02    4.0143E+01    4.8184E+01    2.5053E+01    2.0347E+01    1.4676E+01    5.9511E+01    4.5051E+01    1.6267E+01    4.7805E+00    1.4091E+01    5.4146E+00    9.9090E+00
 2.1552E+02    4.0171E+01    4.8203E+01    2.5053E+01    2.0302E+01    1.4693E+01    5.9514E+01    4.5035E+01    1.6241E+01    4.7805E+00    1.4071E+01    5.3280E+00    1.0016E+01
 2.1602E+02    4.0167E+01    4.8203E+01    2.5111E+01    2.0333E+01    1.4684E+01    5.9542E+01    4.5022E+01    1.6205E+01    4.7805E+00    1.4051E+01    5.2517E+00    1.0016E+01
 2.1652E+02    4.0211E+01    4.8213E+01    2.5086E+01    2.0329E+01    1.4723E+01    5.9542E+01    4.5007E+01    1.6205E+01    4.7805E+00    1.4091E+01    5.3280E+00    9.9090E+00
 2.1702E+02    4.0235E+01    4.8234E+01    2.5028E+01    2.0329E+01    1.4795E+01    5.9536E+01    4.4998E+01    1.6167E+01    4.7805E+00    1.4132E+01    5.3739E+00    1.0016E+01
 2.1761E+02    4.0235E+01    4.8261E+01    2.4885E+01    2.0285E+01    1.4888E+01    5.9517E+01    4.4992E+01    1.6126E+01    4.7601E+00    1.4173E+01    5.4146E+00    9.9090E+00
 2.1811E+02    4.0266E+01    4.8262E+01    2.4795E+01    2.0300E+01    1.4888E+01    5.9548E+01    4.4992E+01    1.6099E+01    4.7601E+00    1.4112E+01    5.3280E+00    9.9090E+00
 2.1861E+02    4.0270E+01    4.8278E+01    2.4795E+01    2.0268E+01    1.4993E+01    5.9553E+01    4.4978E+01    1.6045E+01    4.7601E+00    1.4091E+01    5.2822E+00    9.9090E+00
 2.1911E+02    4.0295E+01    4.8263E+01    2.4796E+01    2.0231E+01    1.5061E+01    5.9565E+01    4.4965E+01    1.6028E+01    4.7601E+00    1.4234E+01    5.4248E+00    9.9090E+00
# Time (s)      T1w (C)       T2w (C)       T1a (C)       T2a (C)       T1r (C)       T2r (C)       T3r (C)       T4r (C)       P1 (bar)      P2 (bar)      Ic (amp)      Qc (l/min)    
 2.1968E+02    4.0316E+01    4.8284E+01    2.4934E+01    2.0181E+01    1.5150E+01    5.9565E+01    4.4947E+01    1.6028E+01    4.7397E+00    1.4173E+01    5.3331E+00    9.9090E+00
 2.2018E+02    4.0341E+01    4.8306E+01    2.4817E+01    2.0181E+01    1.5206E+01    5.9559E+01    4.4913E+01    1.6004E+01    4.7601E+00    1.4152E+01    5.2568E+00    9.9090E+00
 2.2068E+02    4.0341E+01    4.8320E+01    2.4767E+01    2.0292E+01    1.5212E+01    5.9581E+01    4.4927E+01    1.5976E+01    4.7397E+00    1.4112E+01    5.4146E+00    1.0016E+01
 2.2118E+02    4.0345E+01    4.8302E+01    2.4751E+01    2.0285E+01    1.5212E+01    5.9604E+01    4.4927E+01    1.5950E+01    4.7397E+00    1.4193E+01    5.3739E+00    1.0121E+01
 2.2178E+02    4.0369E+01    4.8341E+01    2.4748E+01    2.0249E+01    1.5238E+01    5.9628E+01    4.4918E+01    1.5926E+01    4.7397E+00    1.4234E+01    5.2568E+00    9.9090E+00
 2.2228E+02    4.0382E+01    4.8341E+01    2.4691E+01    2.0281E+01    1.5284E+01    5.9628E+01    4.4899E+01    1.5904E+01    4.7397E+00    1.4152E+01    5.3840E+00    1.0121E+01
 2.2279E+02    4.0410E+01    4.8342E+01    2.4716E+01    2.0281E+01    1.5363E+01    5.9628E+01    4.4898E+01    1.5904E+01    4.7397E+00    1.4091E+01    5.3586E+00    1.0016E+01
 2.2329E+02    4.0443E+01    4.8371E+01    2.4915E+01    2.0234E+01    1.5484E+01    5.9652E+01    4.4911E+01    1.5905E+01    4.7193E+00    1.4132E+01    5.2670E+00    9.9090E+00
 2.2386E+02    4.0443E+01    4.8388E+01    2.4897E+01    2.0290E+01    1.5604E+01    5.9684E+01    4.4894E+01    1.5865E+01    4.7193E+00    1.4152E+01    5.2364E+00    1.0016E+01
 2.2436E+02    4.0476E+01    4.8409E+01    2.4897E+01    2.0234E+01    1.5604E+01    5.9721E+01    4.4894E+01    1.5864E+01    4.7397E+00    1.4091E+01    5.4146E+00    9.9090E+00
 2.2486E+02    4.0517E+01    4.8405E+01    2.4977E+01    2.0207E+01    1.5756E+01    5.9734E+01    4.4904E+01    1.5875E+01    4.7193E+00    1.4214E+01    5.2924E+00    9.8010E+00
 2.2536E+02    4.0544E+01    4.8420E+01    2.5040E+01    2.0274E+01    1.5877E+01    5.9734E+01    4.4903E+01    1.5885E+01    4.7193E+00    1.4132E+01    5.3993E+00    9.9090E+00
 2.2595E+02    4.0565E+01    4.8437E+01    2.5028E+01    2.0274E+01    1.6029E+01    5.9762E+01    4.4922E+01    1.5885E+01    4.7193E+00    1.4071E+01    5.2415E+00    9.9090E+00
 2.2645E+02    4.0560E+01    4.8454E+01    2.5047E+01    2.0340E+01    1.6135E+01    5.9787E+01    4.4929E+01    1.5896E+01    4.7193E+00    1.4193E+01    5.3230E+00    9.9090E+00
 2.2695E+02    4.0560E+01    4.8461E+01    2.5061E+01    2.0389E+01    1.6135E+01    5.9807E+01    4.4956E+01    1.5904E+01    4.7193E+00    1.4173E+01    5.2670E+00    9.9090E+00
 2.2745E+02    4.0585E+01    4.8479E+01    2.5061E+01    2.0419E+01    1.6271E+01    5.9796E+01    4.4956E+01    1.5913E+01    4.6989E+00    1.4112E+01    5.2313E+00    1.0016E+01
 2.2803E+02    4.0599E+01    4.8498E+01    2.5128E+01    2.0418E+01    1.6385E+01    5.9829E+01    4.4968E+01    1.5934E+01    4.7193E+00    1.4071E+01    5.3637E+00    1.0016E+01
 2.2853E+02    4.0639E+01    4.8498E+01    2.5060E+01    2.0334E+01    1.6519E+01    5.9870E+01    4.4997E+01    1.5951E+01    4.6989E+00    1.4132E+01    5.4146E+00    1.0016E+01
 2.2903E+02    4.0665E+01    4.8507E+01    2.5022E+01    2.0334E+01    1.6640E+01    5.9870E+01    4.5037E+01    1.5951E+01    4.6989E+00    1.4132E+01    5.3840E+00    1.0016E+01
 2.2953E+02    4.0665E+01    4.8510E+01    2.5090E+01    2.0332E+01    1.6768E+01    5.9884E+01    4.5044E+01    1.5989E+01    4.6989E+00    1.4132E+01    5.3484E+00    9.8010E+00
 2.3012E+02    4.0733E+01    4.8542E+01    2.5134E+01    2.0315E+01    1.6849E+01    5.9907E+01    4.5072E+01    1.6013E+01    4.7193E+00    1.4112E+01    5.2466E+00    9.9090E+00
 2.3062E+02    4.0778E+01    4.8552E+01    2.5134E+01    2.0333E+01    1.6849E+01    5.9903E+01    4.5072E+01    1.6026E+01    4.7193E+00    1.4234E+01    5.3433E+00    1.0121E+01
 2.3112E+02    4.0797E+01    4.8552E+01    2.5135E+01    2.0288E+01    1.6963E+01    5.9894E+01    4.5082E+01    1.6038E+01    4.7193E+00    1.4152E+01    5.2415E+00    9.9090E+00
 2.3162E+02    4.0810E+01    4.8560E+01    2.5135E+01    2.0251E+01    1.7076E+01    5.9894E+01    4.5137E+01    1.6038E+01    4.7193E+00    1.4091E+01    5.2517E+00    1.0016E+01
 2.3219E+02    4.0825E+01    4.8563E+01    2.5101E+01    2.0251E+01    1.7163E+01    5.9918E+01    4.5145E+01    1.6056E+01    4.7193E+00    1.4132E+01    5.3993E+00    9.9090E+00
 2.3269E+02    4.0825E+01    4.8580E+01    2.5100E+01    2.0348E+01    1.7292E+01    5.9962E+01    4.5186E+01    1.6091E+01    4.7193E+00    1.4214E+01    5.3993E+00    1.0016E+01
 2.3319E+02    4.0833E+01    4.8575E+01    2.5145E+01    2.0249E+01    1.7276E+01    5.9963E+01    4.5171E+01    1.6094E+01    4.7193E+00    1.4152E+01    5.3230E+00    1.0121E+01
 2.3369E+02    4.0877E+01    4.8587E+01    2.5145E+01    2.0351E+01    1.7375E+01    6.0000E+01    4.5207E+01    1.6113E+01    4.7193E+00    1.4112E+01    5.4044E+00    1.0016E+01
 2.3427E+02    4.0879E+01    4.8572E+01    2.5150E+01    2.0301E+01    1.7496E+01    6.0019E+01    4.5249E+01    1.6151E+01    4.7193E+00    1.4234E+01    5.4146E+00    1.0016E+01
 2.3477E+02    4.0887E+01    4.8588E+01    2.5164E+01    2.0298E+01    1.7613E+01    6.0019E+01    4.5293E+01    1.6151E+01    4.7193E+00    1.4152E+01    5.2568E+00    1.0016E+01
# Time (s)      T1w (C)       T2w (C)       T1a (C)       T2a (C)       T1r (C)       T2r (C)       T3r (C)       T4r (C)       P1 (bar)      P2 (bar)      Ic (amp)      Qc (l/min)    
 2.3527E+02    4.0937E+01    4.8605E+01    2.5073E+01    2.0298E+01    1.7747E+01    6.0074E+01    4.5343E+01    1.6207E+01    4.7397E+00    1.4132E+01    5.3535E+00    9.9090E+00
 2.3578E+02    4.0937E+01    4.8622E+01    2.4947E+01    2.0304E+01    1.7851E+01    6.0085E+01    4.5394E+01    1.6214E+01    4.7397E+00    1.4173E+01    5.4146E+00    9.9090E+00
 2.3635E+02    4.0967E+01    4.8633E+01    2.4881E+01    2.0308E+01    1.7851E+01    6.0104E+01    4.5394E+01    1.6249E+01    4.7397E+00    1.4275E+01    5.3077E+00    9.9090E+00
 2.3685E+02    4.0976E+01    4.8659E+01    2.4881E+01    2.0343E+01    1.7938E+01    6.0122E+01    4.5430E+01    1.6279E+01    4.7397E+00    1.4234E+01    5.2415E+00    1.0016E+01
 2.3735E+02    4.1003E+01    4.8659E+01    2.4988E+01    2.0306E+01    1.8051E+01    6.0133E+01    4.5471E+01    1.6298E+01    4.7397E+00    1.4152E+01    5.3840E+00    1.0121E+01
 2.3785E+02    4.0999E+01    4.8676E+01    2.5020E+01    2.0306E+01    1.8143E+01    6.0133E+01    4.5512E+01    1.6298E+01    4.7397E+00    1.4275E+01    5.2568E+00    1.0016E+01
 2.3843E+02    4.1045E+01    4.8679E+01    2.5268E+01    2.0282E+01    1.8259E+01    6.0188E+01    4.5567E+01    1.6341E+01    4.7397E+00    1.4234E+01    5.2822E+00    9.9090E+00
 2.3894E+02    4.1045E+01    4.8704E+01    2.5373E+01    2.0317E+01    1.8343E+01    6.0200E+01    4.5621E+01    1.6373E+01    4.7397E+00    1.4295E+01    5.2568E+00    1.0016E+01
 2.3944E+02    4.1081E+01    4.8704E+01    2.5357E+01    2.0333E+01    1.8327E+01    6.0206E+01    4.5606E+01    1.6384E+01    4.7397E+00    1.4193E+01    5.3688E+00    1.0121E+01
 2.3994E+02    4.1107E+01    4.8738E+01    2.4940E+01    2.0297E+01    1.8428E+01    6.0242E+01    4.5628E+01    1.6412E+01    4.7601E+00    1.4152E+01    5.2822E+00    1.0121E+01
 2.4051E+02    4.1135E+01    4.8738E+01    2.5117E+01    2.0286E+01    1.8489E+01    6.0257E+01    4.5675E+01    1.6435E+01    4.7397E+00    1.4275E+01    5.2771E+00    9.9090E+00
 2.4102E+02    4.1172E+01    4.8758E+01    2.4865E+01    2.0286E+01    1.8567E+01    6.0257E+01    4.5722E+01    1.6435E+01    4.7397E+00    1.4193E+01    5.4197E+00    9.9090E+00
 2.4152E+02    4.1172E+01    4.8773E+01    2.4882E+01    2.0307E+01    1.8645E+01    6.0289E+01    4.5756E+01    1.6476E+01    4.7601E+00    1.4214E+01    5.3637E+00    9.9090E+00
 2.4202E+02    4.1199E+01    4.8805E+01    2.4760E+01    2.0281E+01    1.8645E+01    6.0335E+01    4.5756E+01    1.6516E+01    4.7601E+00    1.4336E+01    5.2619E+00    1.0016E+01
 2.4260E+02    4.1198E+01    4.8798E+01    2.4745E+01    2.0220E+01    1.8706E+01    6.0335E+01    4.5782E+01    1.6524E+01    4.7601E+00    1.4336E+01    5.2721E+00    1.0016E+01
 2.4310E+02    4.1226E+01    4.8812E+01    2.4662E+01    2.0366E+01    1.8773E+01    6.0342E+01    4.5812E+01    1.6543E+01    4.7601E+00    1.4275E+01    5.2822E+00    9.8010E+00
 2.4360E+02    4.1221E+01    4.8812E+01    2.4838E+01    2.0331E+01    1.8836E+01    6.0342E+01    4.5832E+01    1.6597E+01    4.7805E+00    1.4214E+01    5.3484E+00    9.9090E+00
 2.4410E+02    4.1219E+01    4.8841E+01    2.4862E+01    2.0331E+01    1.8903E+01    6.0353E+01    4.5866E+01    1.6581E+01    4.7805E+00    1.4275E+01    5.2619E+00    9.9090E+00
 2.4468E+02    4.1233E+01    4.8872E+01    2.4921E+01    2.0309E+01    1.8961E+01    6.0353E+01    4.5905E+01    1.6616E+01    4.7805E+00    1.4275E+01    5.2670E+00    1.0016E+01
 2.4518E+02    4.1233E+01    4.8897E+01    2.4719E+01    2.0398E+01    1.8945E+01    6.0394E+01    4.5923E+01    1.6649E+01    4.7805E+00    1.4234E+01    5.3026E+00    1.0016E+01
 2.4568E+02    4.1246E+01    4.8907E+01    2.4719E+01    2.0338E+01    1.9021E+01    6.0417E+01    4.5923E+01    1.6692E+01    4.7805E+00    1.4356E+01    5.3179E+00    1.0016E+01
 2.4618E+02    4.1265E+01    4.8907E+01    2.4510E+01    2.0317E+01    1.9074E+01    6.0417E+01    4.5958E+01    1.6710E+01    4.7805E+00    1.4315E+01    5.3637E+00    1.0016E+01
 2.4677E+02    4.1270E+01    4.8936E+01    2.4663E+01    2.0358E+01    1.9133E+01    6.0448E+01    4.5990E+01    1.6764E+01    4.7805E+00    1.4356E+01    5.2721E+00    1.0016E+01
 2.4727E+02    4.1287E+01    4.8976E+01    2.4632E+01    2.0358E+01    1.9220E+01    6.0448E+01    4.6033E+01    1.6764E+01    4.8009E+00    1.4295E+01    5.2721E+00    1.0016E+01
 2.4777E+02    4.1287E+01    4.8995E+01    2.4653E+01    2.0362E+01    1.9249E+01    6.0491E+01    4.6061E+01    1.6799E+01    4.8009E+00    1.4254E+01    5.2873E+00    1.0016E+01
 2.4827E+02    4.1266E+01    4.9007E+01    2.4876E+01    2.0366E+01    1.9249E+01    6.0501E+01    4.6061E+01    1.6864E+01    4.8009E+00    1.4336E+01    5.2771E+00    1.0016E+01
 2.4886E+02    4.1289E+01    4.9001E+01    2.4876E+01    2.0428E+01    1.9282E+01    6.0554E+01    4.6092E+01    1.6917E+01    4.8009E+00    1.4315E+01    5.2873E+00    9.9090E+00
 2.4936E+02    4.1282E+01    4.8986E+01    2.5146E+01    2.0366E+01    1.9300E+01    6.0579E+01    4.6136E+01    1.6959E+01    4.8009E+00    1.4397E+01    5.2975E+00    1.0016E+01
 2.4986E+02    4.1302E+01    4.9016E+01    2.5213E+01    2.0268E+01    1.9324E+01    6.0579E+01    4.6168E+01    1.6959E+01    4.8213E+00    1.4356E+01    5.3688E+00    9.8010E+00
 2.5036E+02    4.1302E+01    4.9011E+01    2.5244E+01    2.0253E+01    1.9331E+01    6.0583E+01    4.6195E+01    1.7007E+01    4.8213E+00    1.4254E+01    5.2721E+00    1.0121E+01
# Time (s)      T1w (C)       T2w (C)       T1a (C)       T2a (C)       T1r (C)       T2r (C)       T3r (C)       T4r (C)       P1 (bar)      P2 (bar)      Ic (amp)      Qc (l/min)    
 2.5095E+02    4.1302E+01    4.9032E+01    2.5327E+01    2.0350E+01    1.9322E+01    6.0594E+01    4.6235E+01    1.7054E+01    4.8213E+00    1.4275E+01    5.2873E+00    9.9090E+00
 2.5145E+02    4.1306E+01    4.9020E+01    2.5244E+01    2.0328E+01    1.9306E+01    6.0597E+01    4.6220E+01    1.7095E+01    4.8213E+00    1.4315E+01    5.4604E+00    9.8010E+00
 2.5195E+02    4.1332E+01    4.9044E+01    2.5244E+01    2.0284E+01    1.9267E+01    6.0585E+01    4.6257E+01    1.7164E+01    4.8213E+00    1.4356E+01    5.3280E+00    9.9090E+00
 2.5245E+02    4.1377E+01    4.9044E+01    2.5152E+01    2.0325E+01    1.9176E+01    6.0612E+01    4.6268E+01    1.7211E+01    4.8213E+00    1.4356E+01    5.2873E+00    9.9090E+00
 2.5303E+02    4.1396E+01    4.9071E+01    2.4846E+01    2.0319E+01    1.9124E+01    6.0612E+01    4.6319E+01    1.7211E+01    4.8213E+00    1.4438E+01    5.2975E+00    1.0016E+01
 2.5353E+02    4.1450E+01    4.9082E+01    2.4774E+01    2.0319E+01    1.9040E+01    6.0633E+01    4.6320E+01    1.7265E+01    4.8213E+00    1.4397E+01    5.3942E+00    1.0016E+01
 2.5403E+02    4.1450E+01    4.9099E+01    2.4760E+01    2.0312E+01    1.8940E+01    6.0668E+01    4.6351E+01    1.7315E+01    4.8213E+00    1.4275E+01    5.2822E+00    9.9090E+00
 2.5453E+02    4.1468E+01    4.9124E+01    2.4760E+01    2.0327E+01    1.8940E+01    6.0692E+01    4.6351E+01    1.7362E+01    4.8417E+00    1.4356E+01    5.3280E+00    9.9090E+00
 2.5512E+02    4.1500E+01    4.9126E+01    2.4651E+01    2.0341E+01    1.8758E+01    6.0714E+01    4.6364E+01    1.7425E+01    4.8417E+00    1.4315E+01    5.2975E+00    9.8010E+00
 2.5562E+02    4.1549E+01    4.9126E+01    2.4871E+01    2.0384E+01    1.8505E+01    6.0757E+01    4.6395E+01    1.7470E+01    4.8417E+00    1.4376E+01    5.2975E+00    9.9090E+00
 2.5612E+02    4.1574E+01    4.9156E+01    2.4959E+01    2.0384E+01    1.8253E+01    6.0757E+01    4.6429E+01    1.7470E+01    4.8622E+00    1.4376E+01    5.3026E+00    9.9090E+00
 2.5662E+02    4.1574E+01    4.9167E+01    2.5013E+01    2.0390E+01    1.7911E+01    6.0779E+01    4.6477E+01    1.7533E+01    4.8622E+00    1.4336E+01    5.4197E+00    9.8010E+00
 2.5720E+02    4.1604E+01    4.9188E+01    2.5157E+01    2.0316E+01    1.7426E+01    6.0791E+01    4.6490E+01    1.7588E+01    4.8622E+00    1.4478E+01    5.3433E+00    9.8010E+00
 2.5770E+02    4.1623E+01    4.9203E+01    2.5117E+01    2.0370E+01    1.7426E+01    6.0777E+01    4.6490E+01    1.7638E+01    4.8622E+00    1.4397E+01    5.4757E+00    1.0016E+01
 2.5820E+02    4.1657E+01    4.9235E+01    2.5117E+01    2.0312E+01    1.6649E+01    6.0806E+01    4.6507E+01    1.7654E+01    4.8826E+00    1.4376E+01    5.3128E+00    9.9090E+00
 2.5870E+02    4.1682E+01    4.9220E+01    2.5118E+01    2.0236E+01    1.6038E+01    6.0791E+01    4.6530E+01    1.7691E+01    4.8826E+00    1.4519E+01    5.5062E+00    9.8010E+00
 2.5929E+02    4.1707E+01    4.9244E+01    2.4925E+01    2.0228E+01    1.5782E+01    6.0809E+01    4.6559E+01    1.7691E+01    4.8826E+00    1.4499E+01    5.4604E+00    9.9090E+00
 2.5979E+02    4.1732E+01    4.9255E+01    2.5087E+01    2.0228E+01    1.5625E+01    6.0815E+01    4.6597E+01    1.7723E+01    4.8826E+00    1.4499E+01    5.5011E+00    9.9090E+00
 2.6029E+02    4.1717E+01    4.9283E+01    2.4882E+01    2.0345E+01    1.5625E+01    6.0830E+01    4.6610E+01    1.7739E+01    4.9030E+00    1.4376E+01    5.4095E+00    1.0121E+01
 2.6079E+02    4.1739E+01    4.9303E+01    2.4882E+01    2.0416E+01    1.5514E+01    6.0843E+01    4.6610E+01    1.7727E+01    4.8826E+00    1.4417E+01    5.5113E+00    9.9090E+00
 2.6137E+02    4.1737E+01    4.9317E+01    2.4677E+01    2.0442E+01    1.5455E+01    6.0844E+01    4.6614E+01    1.7672E+01    4.8826E+00    1.4417E+01    5.4553E+00    1.0016E+01
 2.6187E+02    4.1728E+01    4.9317E+01    2.4726E+01    2.0393E+01    1.5426E+01    6.0870E+01    4.6631E+01    1.7602E+01    4.8826E+00    1.4417E+01    5.4350E+00    9.8010E+00
 2.6237E+02    4.1787E+01    4.9364E+01    2.4795E+01    2.0409E+01    1.5434E+01    6.0884E+01    4.6652E+01    1.7618E+01    4.8826E+00    1.4560E+01    5.5266E+00    1.0016E+01
 2.6287E+02    4.1787E+01    4.9378E+01    2.4779E+01    2.0343E+01    1.5407E+01    6.0893E+01    4.6637E+01    1.7543E+01    4.8826E+00    1.4580E+01    5.5317E+00    1.0121E+01
 2.6345E+02    4.1803E+01    4.9424E+01    2.4951E+01    2.0394E+01    1.5373E+01    6.0911E+01    4.6647E+01    1.7462E+01    4.8826E+00    1.4580E+01    5.4299E+00    9.9090E+00
 2.6395E+02    4.1835E+01    4.9458E+01    2.4951E+01    2.0368E+01    1.5373E+01    6.0904E+01    4.6647E+01    1.7407E+01    4.8826E+00    1.4519E+01    5.3382E+00    1.0121E+01
 2.6445E+02    4.1851E+01    4.9458E+01    2.4845E+01    2.0390E+01    1.5336E+01    6.0946E+01    4.6644E+01    1.7339E+01    4.8826E+00    1.4499E+01    5.4757E+00    1.0121E+01
 2.6495E+02    4.1878E+01    4.9482E+01    2.4897E+01    2.0475E+01    1.5308E+01    6.0946E+01    4.6639E+01    1.7339E+01    4.8826E+00    1.4641E+01    5.3535E+00    1.0016E+01
 2.6553E+02    4.1884E+01    4.9529E+01    2.4983E+01    2.0475E+01    1.5295E+01    6.0954E+01    4.6625E+01    1.7307E+01    4.8826E+00    1.4519E+01    5.3586E+00    9.9090E+00
 2.6603E+02    4.1884E+01    4.9558E+01    2.5093E+01    2.0444E+01    1.5250E+01    6.0962E+01    4.6615E+01    1.7261E+01    4.8826E+00    1.4519E+01    5.3993E+00    1.0016E+01
# Time (s)      T1w (C)       T2w (C)       T1a (C)       T2a (C)       T1r (C)       T2r (C)       T3r (C)       T4r (C)       P1 (bar)      P2 (bar)      Ic (amp)      Qc (l/min)    
 2.6653E+02    4.1912E+01    4.9605E+01    2.5153E+01    2.0429E+01    1.5234E+01    6.0966E+01    4.6600E+01    1.7197E+01    4.8622E+00    1.4661E+01    5.3840E+00    9.9090E+00
 2.6704E+02    4.1939E+01    4.9619E+01    2.5153E+01    2.0372E+01    1.5181E+01    6.0965E+01    4.6584E+01    1.7189E+01    4.8622E+00    1.4560E+01    5.3790E+00    1.0016E+01
 2.6762E+02    4.1959E+01    4.9655E+01    2.5221E+01    2.0368E+01    1.5149E+01    6.0963E+01    4.6578E+01    1.7152E+01    4.8622E+00    1.4600E+01    5.3637E+00    9.9090E+00
 2.6812E+02    4.1998E+01    4.9655E+01    2.5282E+01    2.0307E+01    1.5119E+01    6.0963E+01    4.6559E+01    1.7121E+01    4.8622E+00    1.4580E+01    5.3942E+00    9.8010E+00
 2.6862E+02    4.2023E+01    4.9714E+01    2.5396E+01    2.0323E+01    1.5132E+01    6.0969E+01    4.6547E+01    1.7121E+01    4.8622E+00    1.4682E+01    5.3688E+00    9.9090E+00
 2.6912E+02    4.2023E+01    4.9717E+01    2.5375E+01    2.0356E+01    1.5141E+01    6.0969E+01    4.6541E+01    1.7106E+01    4.8622E+00    1.4702E+01    5.3790E+00    1.0121E+01
 2.6970E+02    4.2053E+01    4.9764E+01    2.5426E+01    2.0361E+01    1.5157E+01    6.0997E+01    4.6536E+01    1.7104E+01    4.8622E+00    1.4539E+01    5.3993E+00    1.0016E+01
 2.7020E+02    4.2086E+01    4.9803E+01    2.5426E+01    2.0404E+01    1.5154E+01    6.1025E+01    4.6536E+01    1.7075E+01    4.8417E+00    1.4661E+01    5.5215E+00    9.8010E+00
 2.7070E+02    4.2100E+01    4.9803E+01    2.5508E+01    2.0408E+01    1.5138E+01    6.1046E+01    4.6529E+01    1.7042E+01    4.8417E+00    1.4641E+01    5.4910E+00    1.0016E+01
 2.7120E+02    4.2118E+01    4.9820E+01    2.5473E+01    2.0358E+01    1.5138E+01    6.1046E+01    4.6501E+01    1.7042E+01    4.8417E+00    1.4600E+01    5.5520E+00    1.0016E+01
 2.7179E+02    4.2167E+01    4.9854E+01    2.5492E+01    2.0373E+01    1.5122E+01    6.1045E+01    4.6489E+01    1.7041E+01    4.8213E+00    1.4641E+01    5.5266E+00    1.0016E+01
 2.7229E+02    4.2167E+01    4.9873E+01    2.5093E+01    2.0395E+01    1.5091E+01    6.1083E+01    4.6479E+01    1.7007E+01    4.8417E+00    1.4600E+01    5.3739E+00    9.9090E+00
 2.7279E+02    4.2186E+01    4.9914E+01    2.4832E+01    2.0413E+01    1.5091E+01    6.1110E+01    4.6479E+01    1.7009E+01    4.8417E+00    1.4743E+01    5.4960E+00    9.9090E+00
 2.7329E+02    4.2196E+01    4.9927E+01    2.4832E+01    2.0418E+01    1.5078E+01    6.1111E+01    4.6480E+01    1.6982E+01    4.8417E+00    1.4682E+01    5.5622E+00    9.9090E+00
 2.7389E+02    4.2238E+01    4.9927E+01    2.4949E+01    2.0446E+01    1.5087E+01    6.1128E+01    4.6448E+01    1.6932E+01    4.8417E+00    1.4621E+01    5.3993E+00    1.0016E+01
 2.7439E+02    4.2231E+01    4.9951E+01    2.4967E+01    2.0399E+01    1.5105E+01    6.1128E+01    4.6444E+01    1.6906E+01    4.8417E+00    1.4702E+01    5.5215E+00    1.0016E+01
 2.7489E+02    4.2253E+01    4.9969E+01    2.4854E+01    2.0399E+01    1.5071E+01    6.1157E+01    4.6416E+01    1.6906E+01    4.8213E+00    1.4743E+01    5.3942E+00    9.9090E+00
 2.7539E+02    4.2253E+01    5.0000E+01    2.4934E+01    2.0420E+01    1.5051E+01    6.1162E+01    4.6395E+01    1.6862E+01    4.8213E+00    1.4682E+01    5.5724E+00    9.9090E+00
 2.7601E+02    4.2275E+01    5.0025E+01    2.5006E+01    2.0453E+01    1.5051E+01    6.1140E+01    4.6394E+01    1.6819E+01    4.8213E+00    1.4784E+01    5.5571E+00    9.9090E+00
 2.7651E+02    4.2286E+01    5.0041E+01    2.4990E+01    2.0397E+01    1.5020E+01    6.1160E+01    4.6394E+01    1.6786E+01    4.8213E+00    1.4784E+01    5.4655E+00    1.0016E+01
 2.7701E+02    4.2340E+01    5.0041E+01    2.4606E+01    2.0386E+01    1.4956E+01    6.1173E+01    4.6381E+01    1.6748E+01    4.8213E+00    1.4641E+01    5.5724E+00    9.8010E+00
 2.7751E+02    4.2383E+01    5.0059E+01    2.4665E+01    2.0452E+01    1.4899E+01    6.1158E+01    4.6360E+01    1.6732E+01    4.8009E+00    1.4723E+01    5.4553E+00    1.0016E+01
 2.7810E+02    4.2389E+01    5.0081E+01    2.4712E+01    2.0452E+01    1.4828E+01    6.1156E+01    4.6348E+01    1.6699E+01    4.8009E+00    1.4784E+01    5.5215E+00    9.8010E+00
 2.7860E+02    4.2389E+01    5.0110E+01    2.4548E+01    2.0395E+01    1.4812E+01    6.1180E+01    4.6331E+01    1.6674E+01    4.8009E+00    1.4682E+01    5.5724E+00    9.9090E+00
 2.7911E+02    4.2393E+01    5.0129E+01    2.4651E+01    2.0463E+01    1.4812E+01    6.1192E+01    4.6331E+01    1.6633E+01    4.8009E+00    1.4743E+01    5.5724E+00    9.9090E+00
 2.7961E+02    4.2406E+01    5.0147E+01    2.4651E+01    2.0439E+01    1.4786E+01    6.1220E+01    4.6338E+01    1.6607E+01    4.7805E+00    1.4702E+01    5.3942E+00    9.9090E+00
 2.8019E+02    4.2429E+01    5.0159E+01    2.4580E+01    2.0396E+01    1.4778E+01    6.1234E+01    4.6319E+01    1.6568E+01    4.8009E+00    1.4804E+01    5.5622E+00    9.9090E+00
 2.8069E+02    4.2431E+01    5.0159E+01    2.4635E+01    2.0330E+01    1.4772E+01    6.1234E+01    4.6317E+01    1.6555E+01    4.8009E+00    1.4824E+01    5.4808E+00    1.0016E+01
 2.8119E+02    4.2458E+01    5.0190E+01    2.4556E+01    2.0330E+01    1.4796E+01    6.1268E+01    4.6304E+01    1.6555E+01    4.8009E+00    1.4702E+01    5.5826E+00    9.8010E+00
 2.8169E+02    4.2458E+01    5.0214E+01    2.4627E+01    2.0387E+01    1.4830E+01    6.1252E+01    4.6295E+01    1.6497E+01    4.8009E+00    1.4661E+01    5.5215E+00    1.0016E+01
# Time (s)      T1w (C)       T2w (C)       T1a (C)       T2a (C)       T1r (C)       T2r (C)       T3r (C)       T4r (C)       P1 (bar)      P2 (bar)      Ic (amp)      Qc (l/min)    
 2.8227E+02    4.2486E+01    5.0228E+01    2.4798E+01    2.0391E+01    1.4830E+01    6.1282E+01    4.6270E+01    1.6469E+01    4.8009E+00    1.4784E+01    5.4808E+00    1.0016E+01
 2.8277E+02    4.2511E+01    5.0248E+01    2.4798E+01    2.0406E+01    1.4884E+01    6.1308E+01    4.6270E+01    1.6425E+01    4.8009E+00    1.4845E+01    5.4960E+00    9.9090E+00
 2.8327E+02    4.2530E+01    5.0248E+01    2.4934E+01    2.0359E+01    1.4885E+01    6.1325E+01    4.6253E+01    1.6405E+01    4.8009E+00    1.4784E+01    5.5317E+00    1.0121E+01
 2.8377E+02    4.2551E+01    5.0258E+01    2.4994E+01    2.0363E+01    1.4855E+01    6.1325E+01    4.6247E+01    1.6405E+01    4.7805E+00    1.4845E+01    5.4044E+00    1.0016E+01
 2.8436E+02    4.2584E+01    5.0286E+01    2.4774E+01    2.0363E+01    1.4823E+01    6.1340E+01    4.6253E+01    1.6370E+01    4.7805E+00    1.4865E+01    5.4044E+00    1.0016E+01
 2.8486E+02    4.2599E+01    5.0321E+01    2.4693E+01    2.0417E+01    1.4779E+01    6.1370E+01    4.6251E+01    1.6354E+01    4.7805E+00    1.4845E+01    5.3942E+00    1.0016E+01
 2.8536E+02    4.2634E+01    5.0336E+01    2.4832E+01    2.0379E+01    1.4779E+01    6.1382E+01    4.6251E+01    1.6339E+01    4.7805E+00    1.4723E+01    5.4197E+00    1.0016E+01
 2.8586E+02    4.2669E+01    5.0364E+01    2.4832E+01    2.0333E+01    1.4734E+01    6.1409E+01    4.6256E+01    1.6315E+01    4.7805E+00    1.4743E+01    5.4044E+00    9.9090E+00
 2.8644E+02    4.2700E+01    5.0364E+01    2.4956E+01    2.0328E+01    1.4721E+01    6.1451E+01    4.6269E+01    1.6292E+01    4.7805E+00    1.4784E+01    5.3993E+00    1.0016E+01
 2.8694E+02    4.2714E+01    5.0377E+01    2.4987E+01    2.0343E+01    1.4752E+01    6.1451E+01    4.6248E+01    1.6292E+01    4.7805E+00    1.4723E+01    5.5470E+00    1.0016E+01
 2.8744E+02    4.2732E+01    5.0379E+01    2.4885E+01    2.0343E+01    1.4760E+01    6.1473E+01    4.6269E+01    1.6282E+01    4.7601E+00    1.4804E+01    5.4808E+00    9.9090E+00
 2.8794E+02    4.2732E+01    5.0409E+01    2.4960E+01    2.0329E+01    1.4760E+01    6.1492E+01    4.6267E+01    1.6237E+01    4.7601E+00    1.4865E+01    5.5113E+00    1.0016E+01
 2.8854E+02    4.2733E+01    5.0440E+01    2.5030E+01    2.0338E+01    1.4789E+01    6.1482E+01    4.6252E+01    1.6205E+01    4.7601E+00    1.4824E+01    5.5673E+00    1.0016E+01
 2.8904E+02    4.2755E+01    5.0448E+01    2.5030E+01    2.0436E+01    1.4886E+01    6.1492E+01    4.6246E+01    1.6165E+01    4.7601E+00    1.4723E+01    5.3993E+00    1.0016E+01
 2.8954E+02    4.2760E+01    5.0448E+01    2.5105E+01    2.0383E+01    1.5043E+01    6.1518E+01    4.6221E+01    1.6113E+01    4.7601E+00    1.4885E+01    5.4044E+00    1.0121E+01
 2.9004E+02    4.2760E+01    5.0470E+01    2.5114E+01    2.0383E+01    1.5246E+01    6.1518E+01    4.6225E+01    1.6113E+01    4.7601E+00    1.4845E+01    5.4044E+00    1.0016E+01
 2.9062E+02    4.2752E+01    5.0466E+01    2.4907E+01    2.0309E+01    1.5431E+01    6.1547E+01    4.6227E+01    1.6092E+01    4.7601E+00    1.4824E+01    5.4095E+00    1.0016E+01
 2.9112E+02    4.2752E+01    5.0489E+01    2.4633E+01    2.0367E+01    1.5632E+01    6.1554E+01    4.6214E+01    1.6067E+01    4.7397E+00    1.4926E+01    5.5979E+00    1.0016E+01
 2.9162E+02    4.2776E+01    5.0488E+01    2.4617E+01    2.0336E+01    1.5632E+01    6.1590E+01    4.6214E+01    1.6049E+01    4.7601E+00    1.4824E+01    5.4044E+00    1.0121E+01
 2.9212E+02    4.2809E+01    5.0501E+01    2.4589E+01    2.0320E+01    1.5811E+01    6.1619E+01    4.6234E+01    1.6023E+01    4.7397E+00    1.4784E+01    5.4655E+00    1.0121E+01
 2.9271E+02    4.2810E+01    5.0501E+01    2.4650E+01    2.0290E+01    1.5976E+01    6.1669E+01    4.6231E+01    1.6007E+01    4.7397E+00    1.4763E+01    5.4400E+00    9.9090E+00
 2.9321E+02    4.2852E+01    5.0519E+01    2.4819E+01    2.0372E+01    1.6148E+01    6.1669E+01    4.6252E+01    1.6007E+01    4.7397E+00    1.4865E+01    5.5775E+00    1.0016E+01
 2.9371E+02    4.2837E+01    5.0524E+01    2.4841E+01    2.0356E+01    1.6291E+01    6.1681E+01    4.6255E+01    1.6020E+01    4.7397E+00    1.4885E+01    5.3993E+00    9.9090E+00
 2.9421E+02    4.2865E+01    5.0550E+01    2.4758E+01    2.0301E+01    1.6291E+01    6.1731E+01    4.6255E+01    1.6034E+01    4.7397E+00    1.4845E+01    5.4706E+00    1.0016E+01
 2.9479E+02    4.2881E+01    5.0564E+01    2.4908E+01    2.0283E+01    1.6418E+01    6.1795E+01    4.6265E+01    1.6054E+01    4.7397E+00    1.4865E+01    5.5062E+00    1.0016E+01
 2.9529E+02    4.2898E+01    5.0587E+01    2.4908E+01    2.0295E+01    1.6535E+01    6.1810E+01    4.6296E+01    1.6066E+01    4.7397E+00    1.4926E+01    5.5317E+00    9.9090E+00
 2.9579E+02    4.2938E+01    5.0587E+01    2.4916E+01    2.0281E+01    1.6654E+01    6.1795E+01    4.6296E+01    1.6074E+01    4.7397E+00    1.4824E+01    5.4350E+00    1.0121E+01
 2.9629E+02    4.2961E+01    5.0592E+01    2.4934E+01    2.0281E+01    1.6748E+01    6.1849E+01    4.6315E+01    1.6074E+01    4.7397E+00    1.4763E+01    5.5775E+00    1.0016E+01
 2.9687E+02    4.2989E+01    5.0591E+01    2.4917E+01    2.0330E+01    1.6853E+01    6.1866E+01    4.6342E+01    1.6113E+01    4.7397E+00    1.4763E+01    5.5724E+00    9.9090E+00
 2.9737E+02    4.2989E+01    5.0595E+01    2.5053E+01    2.0362E+01    1.6853E+01    6.1872E+01    4.6364E+01    1.6145E+01    4.7397E+00    1.4804E+01    5.5826E+00    9.9090E+00
# Time (s)      T1w (C)       T2w (C)       T1a (C)       T2a (C)       T1r (C)       T2r (C)       T3r (C)       T4r (C)       P1 (bar)      P2 (bar)      Ic (amp)      Qc (l/min)    
 2.9788E+02    4.2999E+01    5.0577E+01    2.5037E+01    2.0323E+01    1.6964E+01    6.1903E+01    4.6364E+01    1.6182E+01    4.7397E+00    1.4885E+01    5.4960E+00    1.0016E+01
 2.9838E+02    4.3007E+01    5.0577E+01    2.5210E+01    2.0327E+01    1.7026E+01    6.1902E+01    4.6386E+01    1.6220E+01    4.7397E+00    1.4947E+01    5.5266E+00    9.9090E+00
 2.9895E+02    4.3032E+01    5.0603E+01    2.5086E+01    2.0372E+01    1.7128E+01    6.1887E+01    4.6412E+01    1.6249E+01    4.7397E+00    1.4947E+01    5.5979E+00    1.0016E+01
 2.9945E+02    4.3055E+01    5.0625E+01    2.5044E+01    2.0372E+01    1.7197E+01    6.1942E+01    4.6451E+01    1.6249E+01    4.7397E+00    1.4906E+01    5.4197E+00    9.9090E+00
 2.9996E+02    4.3055E+01    5.0626E+01    2.5144E+01    2.0513E+01    1.7275E+01    6.1979E+01    4.6502E+01    1.6311E+01    4.7397E+00    1.4804E+01    5.5775E+00    1.0016E+01
 3.0046E+02    4.3082E+01    5.0655E+01    2.5013E+01    2.0494E+01    1.7275E+01    6.1999E+01    4.6502E+01    1.6350E+01    4.7397E+00    1.4824E+01    5.4655E+00    1.0016E+01
 3.0106E+02    4.3093E+01    5.0660E+01    2.5022E+01    2.0492E+01    1.7354E+01    6.2006E+01    4.6522E+01    1.6361E+01    4.7397E+00    1.4824E+01    5.4553E+00    9.9090E+00
 3.0156E+02    4.3096E+01    5.0669E+01    2.5022E+01    2.0425E+01    1.7444E+01    6.2011E+01    4.6567E+01    1.6397E+01    4.7397E+00    1.4845E+01    5.4146E+00    1.0016E+01
 3.0206E+02    4.3128E+01    5.0683E+01    2.5188E+01    2.0511E+01    1.7532E+01    6.2011E+01    4.6610E+01    1.6397E+01    4.7397E+00    1.4967E+01    5.4248E+00    9.9090E+00
 3.0256E+02    4.3157E+01    5.0696E+01    2.5238E+01    2.0511E+01    1.7627E+01    6.2035E+01    4.6643E+01    1.6417E+01    4.7397E+00    1.4926E+01    5.5011E+00    9.9090E+00
 3.0315E+02    4.3192E+01    5.0715E+01    2.5119E+01    2.0550E+01    1.7723E+01    6.2068E+01    4.6685E+01    1.6443E+01    4.7601E+00    1.4947E+01    5.4197E+00    9.9090E+00
 3.0365E+02    4.3192E+01    5.0737E+01    2.5221E+01    2.0638E+01    1.7708E+01    6.2079E+01    4.6670E+01    1.6466E+01    4.7601E+00    1.4926E+01    5.5164E+00    9.9090E+00
 3.0415E+02    4.3219E+01    5.0762E+01    2.5221E+01    2.0550E+01    1.7789E+01    6.2075E+01    4.6721E+01    1.6508E+01    4.7601E+00    1.4845E+01    5.4197E+00    1.0016E+01
 3.0465E+02    4.3221E+01    5.0762E+01    2.5156E+01    2.0576E+01    1.7898E+01    6.2093E+01    4.6763E+01    1.6534E+01    4.7601E+00    1.5008E+01    5.5928E+00    9.9090E+00
 3.0523E+02    4.3235E+01    5.0776E+01    2.5364E+01    2.0609E+01    1.7985E+01    6.2093E+01    4.6803E+01    1.6534E+01    4.7601E+00    1.4885E+01    5.6080E+00    1.0016E+01
 3.0573E+02    4.3261E+01    5.0787E+01    2.5179E+01    2.0609E+01    1.8055E+01    6.2113E+01    4.6843E+01    1.6577E+01    4.7601E+00    1.4824E+01    5.5673E+00    9.9090E+00
 3.0623E+02    4.3261E+01    5.0807E+01    2.5225E+01    2.0523E+01    1.8161E+01    6.2158E+01    4.6892E+01    1.6614E+01    4.7601E+00    1.4967E+01    5.5826E+00    1.0016E+01
 3.0673E+02    4.3250E+01    5.0828E+01    2.5206E+01    2.0389E+01    1.8161E+01    6.2198E+01    4.6892E+01    1.6657E+01    4.7805E+00    1.4926E+01    5.6080E+00    1.0016E+01
 3.0731E+02    4.3273E+01    5.0829E+01    2.5206E+01    2.0443E+01    1.8247E+01    6.2236E+01    4.6950E+01    1.6681E+01    4.7805E+00    1.4926E+01    5.5928E+00    9.9090E+00
 3.0781E+02    4.3302E+01    5.0829E+01    2.5392E+01    2.0570E+01    1.8309E+01    6.2235E+01    4.6980E+01    1.6707E+01    4.7805E+00    1.5028E+01    5.4350E+00    9.8010E+00
 3.0831E+02    4.3325E+01    5.0853E+01    2.5641E+01    2.0612E+01    1.8399E+01    6.2235E+01    4.7007E+01    1.6707E+01    4.7805E+00    1.4906E+01    5.6182E+00    9.9090E+00
 3.0881E+02    4.3331E+01    5.0847E+01    2.5751E+01    2.0596E+01    1.8483E+01    6.2238E+01    4.7036E+01    1.6708E+01    4.7805E+00    1.4865E+01    5.4451E+00    1.0016E+01
 3.0938E+02    4.3331E+01    5.0866E+01    2.5633E+01    2.0542E+01    1.8565E+01    6.2239E+01    4.7081E+01    1.6770E+01    4.7805E+00    1.4947E+01    5.4553E+00    1.0016E+01
 3.0988E+02    4.3345E+01    5.0880E+01    2.5389E+01    2.0542E+01    1.8565E+01    6.2251E+01    4.7081E+01    1.6794E+01    4.8009E+00    1.5028E+01    5.5470E+00    9.9090E+00
 3.1038E+02    4.3362E+01    5.0898E+01    2.5389E+01    2.0589E+01    1.8637E+01    6.2281E+01    4.7120E+01    1.6847E+01    4.8009E+00    1.4947E+01    5.4299E+00    9.9090E+00
 3.1088E+02    4.3389E+01    5.0898E+01    2.5340E+01    2.0577E+01    1.8681E+01    6.2267E+01    4.7131E+01    1.6855E+01    4.8009E+00    1.4906E+01    5.4910E+00    1.0016E+01
 3.1148E+02    4.3402E+01    5.0911E+01    2.5230E+01    2.0536E+01    1.8761E+01    6.2314E+01    4.7190E+01    1.6855E+01    4.8009E+00    1.5028E+01    5.4451E+00    9.9090E+00
 3.1198E+02    4.3429E+01    5.0911E+01    2.5274E+01    2.0520E+01    1.8836E+01    6.2340E+01    4.7247E+01    1.6871E+01    4.8213E+00    1.5028E+01    5.5215E+00    9.9090E+00
 3.1248E+02    4.3429E+01    5.0938E+01    2.5155E+01    2.0515E+01    1.8836E+01    6.2360E+01    4.7287E+01    1.6915E+01    4.8009E+00    1.4947E+01    5.4553E+00    1.0016E+01
 3.1298E+02    4.3457E+01    5.0949E+01    2.5155E+01    2.0608E+01    1.8913E+01    6.2417E+01    4.7287E+01    1.6942E+01    4.8213E+00    1.4926E+01    5.4655E+00    9.9090E+00
# Time (s)      T1w (C)       T2w (C)       T1a (C)       T2a (C)       T1r (C)       T2r (C)       T3r (C)       T4r (C)       P1 (bar)      P2 (bar)      Ic (amp)      Qc (l/min)    
 3.1356E+02    4.3468E+01    5.0970E+01    2.4850E+01    2.0536E+01    1.8970E+01    6.2455E+01    4.7327E+01    1.6966E+01    4.8213E+00    1.5089E+01    5.4502E+00    9.9090E+00
 3.1406E+02    4.3461E+01    5.0970E+01    2.4811E+01    2.0682E+01    1.9012E+01    6.2469E+01    4.7353E+01    1.6998E+01    4.8213E+00    1.5048E+01    5.5979E+00    1.0016E+01
 3.1457E+02    4.3477E+01    5.0982E+01    2.5019E+01    2.0538E+01    1.9055E+01    6.2469E+01    4.7394E+01    1.6998E+01    4.8213E+00    1.5109E+01    5.6284E+00    9.9090E+00
 3.1507E+02    4.3492E+01    5.1019E+01    2.4851E+01    2.0553E+01    1.9110E+01    6.2524E+01    4.7435E+01    1.7043E+01    4.8417E+00    1.5008E+01    5.4604E+00    9.9090E+00
 3.1566E+02    4.3505E+01    5.1044E+01    2.5154E+01    2.0580E+01    1.9150E+01    6.2521E+01    4.7501E+01    1.7076E+01    4.8417E+00    1.4967E+01    5.5011E+00    1.0016E+01
 3.1616E+02    4.3561E+01    5.1069E+01    2.5299E+01    2.0635E+01    1.9150E+01    6.2553E+01    4.7501E+01    1.7104E+01    4.8417E+00    1.5089E+01    5.4655E+00    1.0016E+01
 3.1666E+02    4.3582E+01    5.1088E+01    2.5299E+01    2.0637E+01    1.9174E+01    6.2564E+01    4.7517E+01    1.7137E+01    4.8417E+00    1.5048E+01    5.5877E+00    9.8010E+00
 3.1716E+02    4.3604E+01    5.1103E+01    2.5430E+01    2.0744E+01    1.9185E+01    6.2549E+01    4.7547E+01    1.7137E+01    4.8417E+00    1.5008E+01    5.4604E+00    9.9090E+00
 3.1773E+02    4.3642E+01    5.1114E+01    2.5536E+01    2.0707E+01    1.9157E+01    6.2556E+01    4.7562E+01    1.7179E+01    4.8622E+00    1.4987E+01    5.5470E+00    9.9090E+00
 3.1823E+02    4.3642E+01    5.1149E+01    2.5178E+01    2.0707E+01    1.9113E+01    6.2595E+01    4.7610E+01    1.7223E+01    4.8622E+00    1.5048E+01    5.6437E+00    1.0016E+01
 3.1873E+02    4.3658E+01    5.1168E+01    2.4940E+01    2.0690E+01    1.9097E+01    6.2623E+01    4.7595E+01    1.7260E+01    4.8417E+00    1.5089E+01    5.4910E+00    9.9090E+00
 3.1923E+02    4.3672E+01    5.1171E+01    2.4940E+01    2.0735E+01    1.9049E+01    6.2634E+01    4.7628E+01    1.7341E+01    4.8417E+00    1.5069E+01    5.6080E+00    9.9090E+00
 3.1983E+02    4.3683E+01    5.1197E+01    2.5219E+01    2.0771E+01    1.8920E+01    6.2616E+01    4.7657E+01    1.7382E+01    4.8622E+00    1.5028E+01    5.6182E+00    9.9090E+00
 3.2033E+02    4.3695E+01    5.1197E+01    2.4825E+01    2.0780E+01    1.8723E+01    6.2664E+01    4.7702E+01    1.7453E+01    4.8622E+00    1.5150E+01    5.6284E+00    9.9090E+00
 3.2083E+02    4.3712E+01    5.1223E+01    2.4556E+01    2.0780E+01    1.8479E+01    6.2664E+01    4.7749E+01    1.7453E+01    4.8417E+00    1.5089E+01    5.4808E+00    1.0016E+01
 3.2133E+02    4.3712E+01    5.1223E+01    2.4377E+01    2.0705E+01    1.8174E+01    6.2682E+01    4.7770E+01    1.7506E+01    4.8622E+00    1.5048E+01    5.5520E+00    9.8010E+00
 3.2190E+02    4.3707E+01    5.1257E+01    2.4517E+01    2.0741E+01    1.8174E+01    6.2707E+01    4.7825E+01    1.7573E+01    4.8826E+00    1.5028E+01    5.6539E+00    9.9090E+00
 3.2240E+02    4.3710E+01    5.1265E+01    2.4517E+01    2.0792E+01    1.7636E+01    6.2730E+01    4.7825E+01    1.7624E+01    4.8826E+00    1.5109E+01    5.5826E+00    9.9090E+00
 3.2290E+02    4.3723E+01    5.1265E+01    2.4851E+01    2.0768E+01    1.6751E+01    6.2768E+01    4.7870E+01    1.7669E+01    4.8826E+00    1.5150E+01    5.6793E+00    1.0016E+01
 3.2340E+02    4.3720E+01    5.1300E+01    2.4979E+01    2.0854E+01    1.6300E+01    6.2768E+01    4.7913E+01    1.7669E+01    4.8826E+00    1.5109E+01    5.6284E+00    9.9090E+00
 3.2400E+02    4.3721E+01    5.1318E+01    2.5067E+01    2.0854E+01    1.5929E+01    6.2779E+01    4.7945E+01    1.7720E+01    4.9030E+00    1.5069E+01    5.5775E+00    9.9090E+00
 3.2450E+02    4.3721E+01    5.1325E+01    2.5079E+01    2.0706E+01    1.5682E+01    6.2806E+01    4.7967E+01    1.7749E+01    4.9030E+00    1.5232E+01    5.4910E+00    9.9090E+00
 3.2500E+02    4.3720E+01    5.1357E+01    2.5161E+01    2.0766E+01    1.5698E+01    6.2829E+01    4.7982E+01    1.7801E+01    4.9030E+00    1.5150E+01    5.5368E+00    9.8010E+00
 3.2550E+02    4.3727E+01    5.1366E+01    2.5161E+01    2.0759E+01    1.5556E+01    6.2818E+01    4.8014E+01    1.7831E+01    4.9030E+00    1.5109E+01    5.6742E+00    9.9090E+00
 3.2607E+02    4.3712E+01    5.1366E+01    2.4695E+01    2.0814E+01    1.5533E+01    6.2862E+01    4.8028E+01    1.7777E+01    4.9234E+00    1.5109E+01    5.5164E+00    9.9090E+00
 3.2657E+02    4.3715E+01    5.1393E+01    2.4401E+01    2.0821E+01    1.5539E+01    6.2862E+01    4.8059E+01    1.7777E+01    4.9234E+00    1.5211E+01    5.5368E+00    9.9090E+00
 3.2707E+02    4.3710E+01    5.1427E+01    2.4388E+01    2.0821E+01    1.5519E+01    6.2837E+01    4.8032E+01    1.7665E+01    4.9234E+00    1.5211E+01    5.5724E+00    1.0016E+01
 3.2757E+02    4.3710E+01    5.1422E+01    2.4808E+01    2.0741E+01    1.5503E+01    6.2815E+01    4.8043E+01    1.7596E+01    4.9030E+00    1.5170E+01    5.6030E+00    9.8010E+00
 3.2817E+02    4.3718E+01    5.1446E+01    2.4785E+01    2.0703E+01    1.5519E+01    6.2854E+01    4.8058E+01    1.7548E+01    4.9030E+00    1.5150E+01    5.6742E+00    9.9090E+00
 3.2867E+02    4.3716E+01    5.1465E+01    2.4785E+01    2.0756E+01    1.5395E+01    6.2841E+01    4.8062E+01    1.7511E+01    4.9030E+00    1.5293E+01    5.5215E+00    1.0016E+01
# Time (s)      T1w (C)       T2w (C)       T1a (C)       T2a (C)       T1r (C)       T2r (C)       T3r (C)       T4r (C)       P1 (bar)      P2 (bar)      Ic (amp)      Qc (l/min)    
 3.2917E+02    4.3724E+01    5.1480E+01    2.5039E+01    2.0858E+01    1.5315E+01    6.2831E+01    4.8065E+01    1.7469E+01    4.8826E+00    1.5211E+01    5.7099E+00    9.8010E+00
 3.2967E+02    4.3746E+01    5.1498E+01    2.5065E+01    2.0944E+01    1.5266E+01    6.2831E+01    4.8079E+01    1.7469E+01    4.8826E+00    1.5191E+01    5.5215E+00    1.0016E+01
 3.3024E+02    4.3737E+01    5.1516E+01    2.5122E+01    2.0944E+01    1.5236E+01    6.2820E+01    4.8100E+01    1.7451E+01    4.8826E+00    1.5170E+01    5.5113E+00    1.0016E+01
 3.3074E+02    4.3737E+01    5.1544E+01    2.5006E+01    2.0887E+01    1.5213E+01    6.2810E+01    4.8086E+01    1.7421E+01    4.8826E+00    1.5191E+01    5.5826E+00    1.0016E+01
 3.3124E+02    4.3738E+01    5.1550E+01    2.4810E+01    2.0895E+01    1.5229E+01    6.2832E+01    4.8101E+01    1.7399E+01    4.9030E+00    1.5252E+01    5.5622E+00    9.9090E+00
 3.3174E+02    4.3732E+01    5.1550E+01    2.4810E+01    2.0894E+01    1.5217E+01    6.2869E+01    4.8097E+01    1.7376E+01    4.9030E+00    1.5232E+01    5.5317E+00    9.9090E+00
 3.3233E+02    4.3755E+01    5.1565E+01    2.4836E+01    2.0837E+01    1.5232E+01    6.2895E+01    4.8090E+01    1.7321E+01    4.9030E+00    1.5170E+01    5.5419E+00    9.9090E+00
 3.3284E+02    4.3754E+01    5.1579E+01    2.4945E+01    2.0783E+01    1.5225E+01    6.2910E+01    4.8095E+01    1.7337E+01    4.9030E+00    1.5333E+01    5.5520E+00    9.8010E+00
 3.3334E+02    4.3749E+01    5.1591E+01    2.4846E+01    2.0783E+01    1.5250E+01    6.2916E+01    4.8095E+01    1.7323E+01    4.9030E+00    1.5313E+01    5.6182E+00    1.0016E+01
 3.3384E+02    4.3749E+01    5.1606E+01    2.4890E+01    2.0855E+01    1.5250E+01    6.2951E+01    4.8083E+01    1.7255E+01    4.8826E+00    1.5272E+01    5.5266E+00    1.0016E+01
 3.3441E+02    4.3762E+01    5.1623E+01    2.4938E+01    2.0846E+01    1.5233E+01    6.2997E+01    4.8083E+01    1.7217E+01    4.8826E+00    1.5211E+01    5.6742E+00    1.0016E+01
 3.3491E+02    4.3772E+01    5.1644E+01    2.4954E+01    2.0910E+01    1.5175E+01    6.2990E+01    4.8051E+01    1.7194E+01    4.8826E+00    1.5252E+01    5.7200E+00    9.9090E+00
 3.3541E+02    4.3763E+01    5.1644E+01    2.5469E+01    2.0815E+01    1.5135E+01    6.2990E+01    4.8041E+01    1.7152E+01    4.8826E+00    1.5313E+01    5.6233E+00    1.0016E+01
 3.3591E+02    4.3771E+01    5.1665E+01    2.5684E+01    2.0815E+01    1.5119E+01    6.3010E+01    4.8019E+01    1.7152E+01    4.8826E+00    1.5293E+01    5.7251E+00    1.0016E+01
 3.3650E+02    4.3770E+01    5.1669E+01    2.5690E+01    2.0793E+01    1.5115E+01    6.3035E+01    4.8012E+01    1.7142E+01    4.8826E+00    1.5232E+01    5.5368E+00    9.9090E+00
 3.3700E+02    4.3770E+01    5.1685E+01    2.5832E+01    2.0883E+01    1.5115E+01    6.3047E+01    4.7986E+01    1.7109E+01    4.8826E+00    1.5354E+01    5.7251E+00    1.0121E+01
 3.3750E+02    4.3767E+01    5.1684E+01    2.5832E+01    2.0883E+01    1.5067E+01    6.3077E+01    4.7986E+01    1.7090E+01    4.8622E+00    1.5333E+01    5.5419E+00    9.9090E+00
 3.3800E+02    4.3782E+01    5.1711E+01    2.5841E+01    2.0973E+01    1.5045E+01    6.3107E+01    4.7970E+01    1.7058E+01    4.8622E+00    1.5313E+01    5.7302E+00    1.0016E+01
 3.3858E+02    4.3808E+01    5.1711E+01    2.5408E+01    2.0950E+01    1.5020E+01    6.3107E+01    4.7962E+01    1.7049E+01    4.8622E+00    1.5232E+01    5.6233E+00    9.9090E+00
 3.3908E+02    4.3786E+01    5.1718E+01    2.5413E+01    2.0950E+01    1.5039E+01    6.3114E+01    4.7944E+01    1.7065E+01    4.8622E+00    1.5272E+01    5.5470E+00    9.9090E+00
 3.3958E+02    4.3786E+01    5.1720E+01    2.5421E+01    2.0920E+01    1.5103E+01    6.3084E+01    4.7923E+01    1.7033E+01    4.8622E+00    1.5252E+01    5.7353E+00    9.9090E+00
 3.4008E+02    4.3800E+01    5.1715E+01    2.4845E+01    2.0843E+01    1.5119E+01    6.3106E+01    4.7938E+01    1.7036E+01    4.8622E+00    1.5333E+01    5.5470E+00    9.9090E+00
 3.4068E+02    4.3797E+01    5.1736E+01    2.4423E+01    2.0814E+01    1.5140E+01    6.3105E+01    4.7933E+01    1.7008E+01    4.8417E+00    1.5313E+01    5.5419E+00    9.8010E+00
 3.4118E+02    4.3800E+01    5.1738E+01    2.4423E+01    2.0820E+01    1.5101E+01    6.3124E+01    4.7892E+01    1.6957E+01    4.8417E+00    1.5354E+01    5.6335E+00    9.9090E+00
 3.4168E+02    4.3794E+01    5.1738E+01    2.5043E+01    2.0873E+01    1.5060E+01    6.3124E+01    4.7897E+01    1.6918E+01    4.8417E+00    1.5252E+01    5.6131E+00    1.0016E+01
 3.4218E+02    4.3789E+01    5.1728E+01    2.5177E+01    2.0873E+01    1.5012E+01    6.3153E+01    4.7866E+01    1.6918E+01    4.8417E+00    1.5354E+01    5.6793E+00    1.0121E+01
 3.4275E+02    4.3798E+01    5.1736E+01    2.5115E+01    2.0896E+01    1.4989E+01    6.3189E+01    4.7869E+01    1.6893E+01    4.8417E+00    1.5415E+01    5.5470E+00    9.9090E+00
 3.4325E+02    4.3798E+01    5.1744E+01    2.5154E+01    2.0939E+01    1.4989E+01    6.3196E+01    4.7858E+01    1.6872E+01    4.8417E+00    1.5394E+01    5.5368E+00    1.0016E+01
 3.4375E+02    4.3801E+01    5.1755E+01    2.5154E+01    2.0994E+01    1.5010E+01    6.3183E+01    4.7858E+01    1.6839E+01    4.8417E+00    1.5272E+01    5.5368E+00    1.0016E+01
 3.4425E+02    4.3790E+01    5.1755E+01    2.5500E+01    2.0885E+01    1.4984E+01    6.3139E+01    4.7829E+01    1.6786E+01    4.8417E+00    1.5252E+01    5.5368E+00    9.9090E+00
# Time (s)      T1w (C)       T2w (C)       T1a (C)       T2a (C)       T1r (C)       T2r (C)       T3r (C)       T4r (C)       P1 (bar)      P2 (bar)      Ic (amp)      Qc (l/min)    
 3.4485E+02    4.3809E+01    5.1756E+01    2.5542E+01    2.0927E+01    1.4998E+01    6.3139E+01    4.7838E+01    1.6746E+01    4.8417E+00    1.5456E+01    5.6539E+00    9.9090E+00
 3.4535E+02    4.3810E+01    5.1768E+01    2.5360E+01    2.0927E+01    1.5025E+01    6.3170E+01    4.7823E+01    1.6762E+01    4.8213E+00    1.5293E+01    5.6131E+00    9.9090E+00
 3.4585E+02    4.3810E+01    5.1766E+01    2.5637E+01    2.0942E+01    1.5023E+01    6.3188E+01    4.7824E+01    1.6749E+01    4.8213E+00    1.5272E+01    5.6895E+00    9.9090E+00
 3.4635E+02    4.3796E+01    5.1772E+01    2.5862E+01    2.1022E+01    1.5039E+01    6.3219E+01    4.7839E+01    1.6725E+01    4.8417E+00    1.5333E+01    5.5419E+00    9.9090E+00
 3.4692E+02    4.3796E+01    5.1770E+01    2.5862E+01    2.1006E+01    1.5036E+01    6.3233E+01    4.7827E+01    1.6710E+01    4.8417E+00    1.5435E+01    5.6080E+00    1.0016E+01
 3.4742E+02    4.3801E+01    5.1770E+01    2.5712E+01    2.0905E+01    1.5019E+01    6.3259E+01    4.7833E+01    1.6647E+01    4.8213E+00    1.5435E+01    5.7251E+00    1.0016E+01
 3.4792E+02    4.3793E+01    5.1783E+01    2.5320E+01    2.0867E+01    1.4970E+01    6.3274E+01    4.7832E+01    1.6663E+01    4.8213E+00    1.5272E+01    5.5622E+00    9.8010E+00
 3.4842E+02    4.3777E+01    5.1786E+01    2.4872E+01    2.0867E+01    1.4991E+01    6.3288E+01    4.7814E+01    1.6657E+01    4.8213E+00    1.5252E+01    5.6895E+00    1.0016E+01
 3.4902E+02    4.3777E+01    5.1782E+01    2.4667E+01    2.0979E+01    1.4993E+01    6.3293E+01    4.7802E+01    1.6604E+01    4.8213E+00    1.5435E+01    5.5368E+00    9.9090E+00
 3.4952E+02    4.3772E+01    5.1776E+01    2.4661E+01    2.0944E+01    1.4993E+01    6.3292E+01    4.7802E+01    1.6582E+01    4.8213E+00    1.5374E+01    5.7150E+00    1.0016E+01
 3.5002E+02    4.3784E+01    5.1784E+01    2.4661E+01    2.0909E+01    1.4973E+01    6.3259E+01    4.7780E+01    1.6549E+01    4.8213E+00    1.5272E+01    5.5266E+00    9.9090E+00
 3.5052E+02    4.3800E+01    5.1784E+01    2.4715E+01    2.0872E+01    1.4984E+01    6.3287E+01    4.7777E+01    1.6504E+01    4.8009E+00    1.5354E+01    5.6895E+00    9.9090E+00
 3.5109E+02    4.3805E+01    5.1782E+01    2.4666E+01    2.0893E+01    1.5030E+01    6.3287E+01    4.7774E+01    1.6504E+01    4.8009E+00    1.5456E+01    5.6691E+00    9.8010E+00
 3.5159E+02    4.3802E+01    5.1778E+01    2.4644E+01    2.0893E+01    1.5144E+01    6.3305E+01    4.7768E+01    1.6471E+01    4.8009E+00    1.5435E+01    5.5419E+00    9.9090E+00
 3.5209E+02    4.3802E+01    5.1787E+01    2.4825E+01    2.0853E+01    1.5144E+01    6.3325E+01    4.7768E+01    1.6451E+01    4.8009E+00    1.5415E+01    5.5571E+00    9.9090E+00
 3.5259E+02    4.3804E+01    5.1780E+01    2.4825E+01    2.0903E+01    1.5292E+01    6.3358E+01    4.7768E+01    1.6418E+01    4.8009E+00    1.5435E+01    5.6997E+00    1.0016E+01
 3.5319E+02    4.3821E+01    5.1790E+01    2.4957E+01    2.0884E+01    1.5456E+01    6.3368E+01    4.7735E+01    1.6365E+01    4.7805E+00    1.5456E+01    5.7302E+00    9.9090E+00
 3.5369E+02    4.3802E+01    5.1790E+01    2.5421E+01    2.0841E+01    1.5600E+01    6.3365E+01    4.7727E+01    1.6347E+01    4.7805E+00    1.5354E+01    5.5317E+00    1.0016E+01
 3.5419E+02    4.3800E+01    5.1780E+01    2.5648E+01    2.0856E+01    1.5729E+01    6.3365E+01    4.7727E+01    1.6347E+01    4.7805E+00    1.5272E+01    5.7099E+00    9.9090E+00
 3.5469E+02    4.3807E+01    5.1793E+01    2.5763E+01    2.0856E+01    1.5843E+01    6.3407E+01    4.7721E+01    1.6326E+01    4.7805E+00    1.5374E+01    5.5520E+00    9.9090E+00
 3.5526E+02    4.3807E+01    5.1789E+01    2.5822E+01    2.0937E+01    1.5945E+01    6.3403E+01    4.7711E+01    1.6285E+01    4.7805E+00    1.5435E+01    5.5317E+00    9.9090E+00
 3.5576E+02    4.3801E+01    5.1791E+01    2.5566E+01    2.1020E+01    1.5945E+01    6.3423E+01    4.7711E+01    1.6303E+01    4.7805E+00    1.5394E+01    5.6590E+00    9.9090E+00
 3.5626E+02    4.3793E+01    5.1775E+01    2.5566E+01    2.0975E+01    1.6073E+01    6.3457E+01    4.7700E+01    1.6295E+01    4.7805E+00    1.5272E+01    5.5164E+00    1.0016E+01
 3.5676E+02    4.3812E+01    5.1775E+01    2.5115E+01    2.1037E+01    1.6175E+01    6.3457E+01    4.7706E+01    1.6313E+01    4.7805E+00    1.5272E+01    5.5571E+00    1.0121E+01
 3.5735E+02    4.3805E+01    5.1776E+01    2.5495E+01    2.0942E+01    1.6278E+01    6.3493E+01    4.7735E+01    1.6329E+01    4.7805E+00    1.5415E+01    5.5266E+00    9.9090E+00
 3.5785E+02    4.3848E+01    5.1780E+01    2.5483E+01    2.0942E+01    1.6343E+01    6.3500E+01    4.7746E+01    1.6350E+01    4.7805E+00    1.5354E+01    5.6030E+00    1.0016E+01
 3.5835E+02    4.3833E+01    5.1761E+01    2.5007E+01    2.0949E+01    1.6327E+01    6.3488E+01    4.7759E+01    1.6347E+01    4.7805E+00    1.5252E+01    5.5266E+00    1.0016E+01
 3.5886E+02    4.3814E+01    5.1755E+01    2.5007E+01    2.0934E+01    1.6402E+01    6.3501E+01    4.7759E+01    1.6361E+01    4.7805E+00    1.5374E+01    5.5775E+00    9.9090E+00
 3.5943E+02    4.3791E+01    5.1726E+01    2.4766E+01    2.0901E+01    1.6469E+01    6.3537E+01    4.7765E+01    1.6383E+01    4.7805E+00    1.5435E+01    5.7200E+00    1.0121E+01
 3.5993E+02    4.3795E+01    5.1726E+01    2.4360E+01    2.0932E+01    1.6531E+01    6.3537E+01    4.7804E+01    1.6415E+01    4.7805E+00    1.5354E+01    5.6233E+00    9.9090E+00
# Time (s)      T1w (C)       T2w (C)       T1a (C)       T2a (C)       T1r (C)       T2r (C)       T3r (C)       T4r (C)       P1 (bar)      P2 (bar)      Ic (amp)      Qc (l/min)    
 3.6043E+02    4.3798E+01    5.1738E+01    2.4082E+01    2.0932E+01    1.6593E+01    6.3559E+01    4.7792E+01    1.6399E+01    4.7805E+00    1.5272E+01    5.7099E+00    1.0121E+01
 3.6093E+02    4.3798E+01    5.1748E+01    2.4234E+01    2.0865E+01    1.6667E+01    6.3583E+01    4.7815E+01    1.6403E+01    4.7805E+00    1.5272E+01    5.6386E+00    9.9090E+00
 3.6153E+02    4.3795E+01    5.1734E+01    2.4474E+01    2.0865E+01    1.6710E+01    6.3574E+01    4.7831E+01    1.6417E+01    4.7601E+00    1.5415E+01    5.5215E+00    1.0121E+01
 3.6203E+02    4.3798E+01    5.1723E+01    2.4474E+01    2.1014E+01    1.6710E+01    6.3585E+01    4.7831E+01    1.6453E+01    4.7805E+00    1.5293E+01    5.6946E+00    1.0016E+01
 3.6253E+02    4.3808E+01    5.1724E+01    2.4471E+01    2.0891E+01    1.6790E+01    6.3602E+01    4.7858E+01    1.6471E+01    4.7805E+00    1.5394E+01    5.5368E+00    9.8010E+00
 3.6303E+02    4.3814E+01    5.1724E+01    2.4309E+01    2.0939E+01    1.6859E+01    6.3588E+01    4.7862E+01    1.6455E+01    4.7805E+00    1.5313E+01    5.7048E+00    1.0016E+01
 3.6360E+02    4.3821E+01    5.1742E+01    2.4428E+01    2.0954E+01    1.6895E+01    6.3605E+01    4.7903E+01    1.6480E+01    4.7805E+00    1.5293E+01    5.5317E+00    1.0016E+01
 3.6410E+02    4.3821E+01    5.1740E+01    2.4717E+01    2.0942E+01    1.6948E+01    6.3612E+01    4.7936E+01    1.6506E+01    4.7805E+00    1.5252E+01    5.5164E+00    1.0016E+01
 3.6460E+02    4.3846E+01    5.1739E+01    2.4860E+01    2.0937E+01    1.6948E+01    6.3642E+01    4.7936E+01    1.6523E+01    4.7805E+00    1.5415E+01    5.5520E+00    1.0016E+01
 3.6510E+02    4.3837E+01    5.1729E+01    2.4860E+01    2.0897E+01    1.6997E+01    6.3668E+01    4.7964E+01    1.6573E+01    4.7805E+00    1.5354E+01    5.5266E+00    9.9090E+00
 3.6571E+02    4.3859E+01    5.1736E+01    2.4825E+01    2.0870E+01    1.7055E+01    6.3679E+01    4.8008E+01    1.6576E+01    4.8009E+00    1.5415E+01    5.7251E+00    9.8010E+00
 3.6621E+02    4.3853E+01    5.1736E+01    2.4884E+01    2.0877E+01    1.7128E+01    6.3679E+01    4.8039E+01    1.6583E+01    4.8009E+00    1.5313E+01    5.5775E+00    1.0016E+01
 3.6671E+02    4.3868E+01    5.1724E+01    2.5064E+01    2.0877E+01    1.7202E+01    6.3701E+01    4.8074E+01    1.6583E+01    4.8009E+00    1.5293E+01    5.5164E+00    1.0016E+01
 3.6721E+02    4.3868E+01    5.1724E+01    2.5155E+01    2.0968E+01    1.7287E+01    6.3723E+01    4.8108E+01    1.6608E+01    4.8009E+00    1.5313E+01    5.5368E+00    9.9090E+00
 3.6778E+02    4.3853E+01    5.1740E+01    2.4971E+01    2.0883E+01    1.7287E+01    6.3695E+01    4.8154E+01    1.6636E+01    4.8009E+00    1.5415E+01    5.5215E+00    9.8010E+00
 3.6828E+02    4.3855E+01    5.1709E+01    2.4955E+01    2.0911E+01    1.7368E+01    6.3706E+01    4.8154E+01    1.6659E+01    4.8009E+00    1.5415E+01    5.6080E+00    1.0121E+01
 3.6878E+02    4.3857E+01    5.1709E+01    2.5440E+01    2.0915E+01    1.7450E+01    6.3729E+01    4.8181E+01    1.6660E+01    4.8009E+00    1.5272E+01    5.5164E+00    1.0016E+01
 3.6928E+02    4.3838E+01    5.1706E+01    2.5611E+01    2.0902E+01    1.7554E+01    6.3729E+01    4.8236E+01    1.6660E+01    4.8009E+00    1.5252E+01    5.5877E+00    1.0016E+01
 3.6988E+02    4.3854E+01    5.1719E+01    2.5340E+01    2.0902E+01    1.7642E+01    6.3767E+01    4.8284E+01    1.6718E+01    4.8009E+00    1.5435E+01    5.5317E+00    1.0016E+01
 3.7038E+02    4.3854E+01    5.1716E+01    2.4619E+01    2.0896E+01    1.7743E+01    6.3787E+01    4.8299E+01    1.6720E+01    4.8009E+00    1.5333E+01    5.6590E+00    1.0016E+01
 3.7088E+02    4.3860E+01    5.1710E+01    2.4487E+01    2.0928E+01    1.7743E+01    6.3776E+01    4.8299E+01    1.6760E+01    4.8213E+00    1.5272E+01    5.5266E+00    9.9090E+00
 3.7138E+02    4.3854E+01    5.1704E+01    2.4487E+01    2.1010E+01    1.7806E+01    6.3767E+01    4.8329E+01    1.6785E+01    4.8213E+00    1.5374E+01    5.6488E+00    1.0016E+01
 3.7195E+02    4.3848E+01    5.1704E+01    2.4705E+01    2.0937E+01    1.7902E+01    6.3765E+01    4.8384E+01    1.6813E+01    4.8009E+00    1.5435E+01    5.6793E+00    1.0121E+01
 3.7245E+02    4.3863E+01    5.1717E+01    2.4934E+01    2.1012E+01    1.8003E+01    6.3765E+01    4.8408E+01    1.6813E+01    4.8009E+00    1.5394E+01    5.5520E+00    9.9090E+00
 3.7295E+02    4.3850E+01    5.1747E+01    2.4866E+01    2.1012E+01    1.8064E+01    6.3777E+01    4.8449E+01    1.6868E+01    4.8213E+00    1.5272E+01    5.6844E+00    1.0121E+01
 3.7345E+02    4.3865E+01    5.1742E+01    2.4920E+01    2.0947E+01    1.8064E+01    6.3806E+01    4.8483E+01    1.6892E+01    4.8213E+00    1.5313E+01    5.5571E+00    1.0016E+01
 3.7404E+02    4.3862E+01    5.1748E+01    2.4908E+01    2.0907E+01    1.8132E+01    6.3845E+01    4.8535E+01    1.6942E+01    4.8213E+00    1.5394E+01    5.7251E+00    1.0016E+01
 3.7454E+02    4.3899E+01    5.1753E+01    2.4923E+01    2.0960E+01    1.8178E+01    6.3837E+01    4.8520E+01    1.6961E+01    4.8417E+00    1.5333E+01    5.5368E+00    1.0016E+01
 3.7505E+02    4.3895E+01    5.1753E+01    2.4994E+01    2.0966E+01    1.8243E+01    6.3843E+01    4.8549E+01    1.7013E+01    4.8417E+00    1.5293E+01    5.7251E+00    9.9090E+00
 3.7555E+02    4.3894E+01    5.1769E+01    2.5190E+01    2.0974E+01    1.8335E+01    6.3857E+01    4.8594E+01    1.7029E+01    4.8622E+00    1.5456E+01    5.5368E+00    1.0016E+01
# Time (s)      T1w (C)       T2w (C)       T1a (C)       T2a (C)       T1r (C)       T2r (C)       T3r (C)       T4r (C)       P1 (bar)      P2 (bar)      Ic (amp)      Qc (l/min)    
 3.7613E+02    4.3890E+01    5.1760E+01    2.5335E+01    2.0974E+01    1.8413E+01    6.3895E+01    4.8623E+01    1.7075E+01    4.8622E+00    1.5435E+01    5.5775E+00    1.0016E+01
 3.7663E+02    4.3890E+01    5.1758E+01    2.5080E+01    2.0991E+01    1.8472E+01    6.3906E+01    4.8668E+01    1.7114E+01    4.8417E+00    1.5293E+01    5.5520E+00    1.0016E+01
 3.7713E+02    4.3909E+01    5.1760E+01    2.4988E+01    2.0962E+01    1.8472E+01    6.3904E+01    4.8668E+01    1.7157E+01    4.8622E+00    1.5313E+01    5.5877E+00    1.0016E+01
 3.7763E+02    4.3885E+01    5.1760E+01    2.4973E+01    2.0906E+01    1.8488E+01    6.3898E+01    4.8676E+01    1.7182E+01    4.8622E+00    1.5272E+01    5.5368E+00    9.9090E+00
 3.7823E+02    4.3889E+01    5.1760E+01    2.4828E+01    2.0949E+01    1.8530E+01    6.3897E+01    4.8704E+01    1.7242E+01    4.8622E+00    1.5333E+01    5.7302E+00    1.0016E+01
 3.7873E+02    4.3893E+01    5.1768E+01    2.4915E+01    2.0826E+01    1.8551E+01    6.3897E+01    4.8752E+01    1.7283E+01    4.8622E+00    1.5374E+01    5.5470E+00    9.9090E+00
 3.7923E+02    4.3907E+01    5.1765E+01    2.4792E+01    2.0826E+01    1.8542E+01    6.3906E+01    4.8763E+01    1.7267E+01    4.8622E+00    1.5293E+01    5.6997E+00    9.9090E+00
 3.7973E+02    4.3907E+01    5.1761E+01    2.4838E+01    2.0810E+01    1.8542E+01    6.3907E+01    4.8796E+01    1.7285E+01    4.8622E+00    1.5293E+01    5.7048E+00    9.9090E+00
 3.8030E+02    4.3884E+01    5.1756E+01    2.4929E+01    2.0751E+01    1.8538E+01    6.3905E+01    4.8781E+01    1.7326E+01    4.8826E+00    1.5456E+01    5.6335E+00    1.0016E+01
 3.8080E+02    4.3898E+01    5.1774E+01    2.4929E+01    2.0754E+01    1.8521E+01    6.3921E+01    4.8817E+01    1.7384E+01    4.8826E+00    1.5435E+01    5.7455E+00    1.0016E+01
 3.8130E+02    4.3871E+01    5.1774E+01    2.5033E+01    2.0822E+01    1.8473E+01    6.3936E+01    4.8872E+01    1.7444E+01    4.8826E+00    1.5293E+01    5.6131E+00    1.0016E+01
 3.8180E+02    4.3877E+01    5.1767E+01    2.4958E+01    2.0822E+01    1.8381E+01    6.3957E+01    4.8914E+01    1.7444E+01    4.8826E+00    1.5313E+01    5.7404E+00    9.9090E+00
 3.8241E+02    4.3867E+01    5.1754E+01    2.4686E+01    2.0727E+01    1.8223E+01    6.3994E+01    4.8931E+01    1.7505E+01    4.8826E+00    1.5394E+01    5.6080E+00    1.0016E+01
 3.8291E+02    4.3867E+01    5.1769E+01    2.4670E+01    2.0684E+01    1.8055E+01    6.3984E+01    4.8963E+01    1.7554E+01    4.8826E+00    1.5293E+01    5.6742E+00    9.9090E+00
 3.8341E+02    4.3880E+01    5.1767E+01    2.4670E+01    2.0697E+01    1.8071E+01    6.3984E+01    4.8978E+01    1.7610E+01    4.8826E+00    1.5313E+01    5.5470E+00    1.0016E+01
 3.8391E+02    4.3877E+01    5.1786E+01    2.4409E+01    2.0638E+01    1.7847E+01    6.3989E+01    4.9004E+01    1.7653E+01    4.8826E+00    1.5394E+01    5.6590E+00    9.8010E+00
 3.8448E+02    4.3911E+01    5.1800E+01    2.4219E+01    2.0656E+01    1.7265E+01    6.3996E+01    4.9037E+01    1.7717E+01    4.9030E+00    1.5354E+01    5.6946E+00    1.0016E+01
 3.8498E+02    4.3924E+01    5.1799E+01    2.4214E+01    2.0635E+01    1.6198E+01    6.3996E+01    4.9086E+01    1.7717E+01    4.9030E+00    1.5313E+01    5.5673E+00    1.0016E+01
 3.8548E+02    4.3917E+01    5.1812E+01    2.4323E+01    2.0635E+01    1.5812E+01    6.4004E+01    4.9096E+01    1.7743E+01    4.9030E+00    1.5476E+01    5.7251E+00    1.0016E+01
 3.8598E+02    4.3917E+01    5.1817E+01    2.4446E+01    2.0702E+01    1.5812E+01    6.4042E+01    4.9139E+01    1.7785E+01    4.9030E+00    1.5456E+01    5.5928E+00    1.0016E+01
 3.8657E+02    4.3934E+01    5.1820E+01    2.4592E+01    2.0658E+01    1.5646E+01    6.4061E+01    4.9154E+01    1.7833E+01    4.9234E+00    1.5354E+01    5.7608E+00    1.0121E+01
 3.8707E+02    4.3952E+01    5.1846E+01    2.4592E+01    2.0806E+01    1.5594E+01    6.4057E+01    4.9176E+01    1.7846E+01    4.9234E+00    1.5415E+01    5.6488E+00    1.0016E+01
 3.8757E+02    4.3934E+01    5.1831E+01    2.4700E+01    2.0698E+01    1.5542E+01    6.4057E+01    4.9191E+01    1.7864E+01    4.9234E+00    1.5476E+01    5.7659E+00    1.0016E+01
 3.8808E+02    4.3924E+01    5.1820E+01    2.4834E+01    2.0698E+01    1.5504E+01    6.4053E+01    4.9212E+01    1.7864E+01    4.9234E+00    1.5415E+01    5.5775E+00    1.0016E+01
 3.8865E+02    4.3934E+01    5.1818E+01    2.4828E+01    2.0673E+01    1.5495E+01    6.4052E+01    4.9219E+01    1.7842E+01    4.9234E+00    1.5354E+01    5.5775E+00    1.0016E+01
 3.8915E+02    4.3934E+01    5.1831E+01    2.4754E+01    2.0701E+01    1.5495E+01    6.4034E+01    4.9205E+01    1.7807E+01    4.9234E+00    1.5333E+01    5.6895E+00    9.9090E+00
 3.8965E+02    4.3959E+01    5.1854E+01    2.4770E+01    2.0713E+01    1.5454E+01    6.4041E+01    4.9205E+01    1.7756E+01    4.9234E+00    1.5517E+01    5.5775E+00    1.0016E+01
 3.9015E+02    4.3981E+01    5.1854E+01    2.4706E+01    2.0750E+01    1.5413E+01    6.4029E+01    4.9233E+01    1.7690E+01    4.9234E+00    1.5476E+01    5.6640E+00    1.0016E+01
 3.9074E+02    4.3995E+01    5.1876E+01    2.4824E+01    2.0751E+01    1.5387E+01    6.4029E+01    4.9219E+01    1.7642E+01    4.9030E+00    1.5394E+01    5.5673E+00    1.0121E+01
 3.9124E+02    4.3995E+01    5.1882E+01    2.4882E+01    2.0751E+01    1.5316E+01    6.4053E+01    4.9220E+01    1.7642E+01    4.9030E+00    1.5517E+01    5.5928E+00    1.0016E+01
# Time (s)      T1w (C)       T2w (C)       T1a (C)       T2a (C)       T1r (C)       T2r (C)       T3r (C)       T4r (C)       P1 (bar)      P2 (bar)      Ic (amp)      Qc (l/min)    
 3.9174E+02    4.4011E+01    5.1929E+01    2.4908E+01    2.0793E+01    1.5269E+01    6.4080E+01    4.9228E+01    1.7603E+01    4.9030E+00    1.5394E+01    5.5775E+00    9.9090E+00
 3.9224E+02    4.3997E+01    5.1927E+01    2.4808E+01    2.0816E+01    1.5269E+01    6.4092E+01    4.9228E+01    1.7582E+01    4.9030E+00    1.5456E+01    5.7048E+00    9.9090E+00
 3.9284E+02    4.4017E+01    5.1956E+01    2.4646E+01    2.0844E+01    1.5252E+01    6.4118E+01    4.9213E+01    1.7542E+01    4.9030E+00    1.5394E+01    5.5775E+00    1.0016E+01
 3.9334E+02    4.4001E+01    5.1967E+01    2.4646E+01    2.0873E+01    1.5237E+01    6.4119E+01    4.9209E+01    1.7506E+01    4.9030E+00    1.5456E+01    5.6182E+00    9.9090E+00
 3.9384E+02    4.4015E+01    5.1967E+01    2.4774E+01    2.0787E+01    1.5211E+01    6.4119E+01    4.9207E+01    1.7463E+01    4.9030E+00    1.5496E+01    5.5826E+00    1.0016E+01
 3.9434E+02    4.4007E+01    5.1964E+01    2.4939E+01    2.0771E+01    1.5220E+01    6.4157E+01    4.9208E+01    1.7478E+01    4.9030E+00    1.5476E+01    5.5928E+00    1.0016E+01
 3.9494E+02    4.4012E+01    5.1973E+01    2.5023E+01    2.0811E+01    1.5224E+01    6.4162E+01    4.9199E+01    1.7459E+01    4.9234E+00    1.5415E+01    5.5928E+00    9.9090E+00
 3.9544E+02    4.4012E+01    5.1978E+01    2.5251E+01    2.0880E+01    1.5224E+01    6.4168E+01    4.9166E+01    1.7427E+01    4.9030E+00    1.5557E+01    5.6284E+00    1.0016E+01
 3.9594E+02    4.4007E+01    5.2009E+01    2.5251E+01    2.0870E+01    1.5207E+01    6.4169E+01    4.9166E+01    1.7399E+01    4.9030E+00    1.5517E+01    5.6182E+00    1.0016E+01
 3.9644E+02    4.4015E+01    5.2009E+01    2.5211E+01    2.0836E+01    1.5197E+01    6.4166E+01    4.9167E+01    1.7386E+01    4.9030E+00    1.5456E+01    5.5979E+00    1.0016E+01
 3.9701E+02    4.4030E+01    5.2008E+01    2.5302E+01    2.0780E+01    1.5169E+01    6.4166E+01    4.9153E+01    1.7344E+01    4.9030E+00    1.5415E+01    5.7760E+00    9.9090E+00
 3.9751E+02    4.4033E+01    5.2014E+01    2.5017E+01    2.0780E+01    1.5181E+01    6.4175E+01    4.9160E+01    1.7360E+01    4.9030E+00    1.5537E+01    5.5877E+00    9.9090E+00
 3.9801E+02    4.4033E+01    5.2036E+01    2.4826E+01    2.0924E+01    1.5200E+01    6.4215E+01    4.9135E+01    1.7345E+01    4.9030E+00    1.5537E+01    5.7506E+00    9.9090E+00
 3.9851E+02    4.4033E+01    5.2038E+01    2.4636E+01    2.0808E+01    1.5200E+01    6.4219E+01    4.9135E+01    1.7325E+01    4.8826E+00    1.5517E+01    5.7659E+00    9.9090E+00
 3.9912E+02    4.4027E+01    5.2043E+01    2.4636E+01    2.0879E+01    1.5189E+01    6.4206E+01    4.9101E+01    1.7308E+01    4.9030E+00    1.5496E+01    5.5928E+00    9.9090E+00
 3.9962E+02    4.3985E+01    5.2016E+01    2.4624E+01    2.0983E+01    1.5197E+01    6.4235E+01    4.9114E+01    1.7297E+01    4.9030E+00    1.5456E+01    5.6386E+00    1.0121E+01
 4.0012E+02    4.3986E+01    5.2016E+01    2.4711E+01    2.0961E+01    1.5188E+01    6.4235E+01    4.9085E+01    1.7297E+01    4.9030E+00    1.5618E+01    5.6182E+00    1.0121E+01
 4.0062E+02    4.4014E+01    5.2025E+01    2.4747E+01    2.0961E+01    1.5206E+01    6.4245E+01    4.9069E+01    1.7250E+01    4.8826E+00    1.5537E+01    5.6233E+00    9.9090E+00
 4.0119E+02    4.4014E+01    5.2024E+01    2.4768E+01    2.0964E+01    1.5184E+01    6.4217E+01    4.9062E+01    1.7239E+01    4.8826E+00    1.5517E+01    5.7862E+00    1.0121E+01
 4.0169E+02    4.4005E+01    5.2021E+01    2.4691E+01    2.1067E+01    1.5184E+01    6.4190E+01    4.9062E+01    1.7210E+01    4.8622E+00    1.5496E+01    5.7455E+00    1.0016E+01
 4.0219E+02    4.4010E+01    5.2026E+01    2.4691E+01    2.0904E+01    1.5134E+01    6.4191E+01    4.9042E+01    1.7190E+01    4.8826E+00    1.5618E+01    5.7659E+00    9.9090E+00
 4.0269E+02    4.4048E+01    5.2055E+01    2.4689E+01    2.0820E+01    1.5072E+01    6.4185E+01    4.9007E+01    1.7193E+01    4.8826E+00    1.5598E+01    5.7709E+00    1.0016E+01
 4.0330E+02    4.4047E+01    5.2062E+01    2.4644E+01    2.0860E+01    1.5055E+01    6.4185E+01    4.8996E+01    1.7151E+01    4.8826E+00    1.5557E+01    5.6030E+00    1.0016E+01
 4.0380E+02    4.4067E+01    5.2097E+01    2.4675E+01    2.0875E+01    1.5082E+01    6.4177E+01    4.8966E+01    1.7151E+01    4.8826E+00    1.5618E+01    5.7913E+00    1.0016E+01
 4.0430E+02    4.4067E+01    5.2089E+01    2.4733E+01    2.0878E+01    1.5058E+01    6.4187E+01    4.8972E+01    1.7132E+01    4.8826E+00    1.5496E+01    5.6080E+00    1.0016E+01
 4.0480E+02    4.4097E+01    5.2116E+01    2.4799E+01    2.0926E+01    1.5058E+01    6.4154E+01    4.8972E+01    1.7114E+01    4.8826E+00    1.5456E+01    5.7608E+00    1.0016E+01
 4.0537E+02    4.4092E+01    5.2103E+01    2.4799E+01    2.0813E+01    1.5041E+01    6.4155E+01    4.8948E+01    1.7097E+01    4.8826E+00    1.5456E+01    5.6844E+00    1.0016E+01
 4.0587E+02    4.4095E+01    5.2118E+01    2.4766E+01    2.0779E+01    1.5038E+01    6.4154E+01    4.8938E+01    1.7057E+01    4.8826E+00    1.5618E+01    5.5979E+00    9.9090E+00
 4.0637E+02    4.4112E+01    5.2124E+01    2.4800E+01    2.0971E+01    1.5084E+01    6.4154E+01    4.8920E+01    1.7057E+01    4.8826E+00    1.5618E+01    5.5979E+00    9.9090E+00
 4.0687E+02    4.4094E+01    5.2128E+01    2.4771E+01    2.0955E+01    1.5138E+01    6.4179E+01    4.8911E+01    1.7051E+01    4.8826E+00    1.5496E+01    5.5979E+00    1.0016E+01
# Time (s)      T1w (C)       T2w (C)       T1a (C)       T2a (C)       T1r (C)       T2r (C)       T3r (C)       T4r (C)       P1 (bar)      P2 (bar)      Ic (amp)      Qc (l/min)    
 4.0746E+02    4.4094E+01    5.2133E+01    2.4710E+01    2.0808E+01    1.5202E+01    6.4183E+01    4.8905E+01    1.7032E+01    4.8826E+00    1.5537E+01    5.7811E+00    1.0016E+01
 4.0797E+02    4.4121E+01    5.2137E+01    2.4768E+01    2.0698E+01    1.5202E+01    6.4204E+01    4.8905E+01    1.6993E+01    4.8622E+00    1.5618E+01    5.7048E+00    9.9090E+00
 4.0847E+02    4.4103E+01    5.2123E+01    2.4753E+01    2.0774E+01    1.5286E+01    6.4207E+01    4.8891E+01    1.6990E+01    4.8826E+00    1.5517E+01    5.7964E+00    1.0016E+01
 4.0897E+02    4.4115E+01    5.2123E+01    2.4751E+01    2.0847E+01    1.5359E+01    6.4218E+01    4.8869E+01    1.6951E+01    4.8622E+00    1.5456E+01    5.5979E+00    9.9090E+00
 4.0954E+02    4.4105E+01    5.2119E+01    2.4772E+01    2.0723E+01    1.5410E+01    6.4218E+01    4.8853E+01    1.6951E+01    4.8622E+00    1.5517E+01    5.6182E+00    1.0016E+01
 4.1004E+02    4.4130E+01    5.2127E+01    2.4786E+01    2.0723E+01    1.5471E+01    6.4219E+01    4.8854E+01    1.6931E+01    4.8622E+00    1.5618E+01    5.7506E+00    1.0016E+01
 4.1054E+02    4.4130E+01    5.2150E+01    2.4974E+01    2.0744E+01    1.5514E+01    6.4225E+01    4.8855E+01    1.6922E+01    4.8622E+00    1.5537E+01    5.6030E+00    9.9090E+00
 4.1104E+02    4.4121E+01    5.2151E+01    2.4974E+01    2.0722E+01    1.5514E+01    6.4204E+01    4.8855E+01    1.6887E+01    4.8622E+00    1.5496E+01    5.7150E+00    9.9090E+00
 4.1163E+02    4.4143E+01    5.2157E+01    2.5014E+01    2.0648E+01    1.5580E+01    6.4218E+01    4.8844E+01    1.6862E+01    4.8622E+00    1.5557E+01    5.5928E+00    1.0016E+01
 4.1213E+02    4.4162E+01    5.2157E+01    2.5075E+01    2.0682E+01    1.5669E+01    6.4246E+01    4.8827E+01    1.6859E+01    4.8622E+00    1.5639E+01    5.7811E+00    1.0016E+01
 4.1263E+02    4.4178E+01    5.2171E+01    2.5039E+01    2.0615E+01    1.5744E+01    6.4246E+01    4.8819E+01    1.6859E+01    4.8417E+00    1.5537E+01    5.5826E+00    9.9090E+00
 4.1313E+02    4.4178E+01    5.2182E+01    2.5064E+01    2.0615E+01    1.5844E+01    6.4254E+01    4.8829E+01    1.6827E+01    4.8622E+00    1.5476E+01    5.7659E+00    1.0016E+01
 4.1371E+02    4.4175E+01    5.2172E+01    2.5189E+01    2.0705E+01    1.5913E+01    6.4300E+01    4.8812E+01    1.6821E+01    4.8622E+00    1.5537E+01    5.6946E+00    1.0016E+01
 4.1421E+02    4.4183E+01    5.2178E+01    2.5520E+01    2.0672E+01    1.5913E+01    6.4304E+01    4.8812E+01    1.6810E+01    4.8622E+00    1.5618E+01    5.6030E+00    9.9090E+00
 4.1471E+02    4.4184E+01    5.2185E+01    2.5520E+01    2.0749E+01    1.5981E+01    6.4316E+01    4.8826E+01    1.6813E+01    4.8622E+00    1.5537E+01    5.7048E+00    1.0016E+01
 4.1521E+02    4.4190E+01    5.2185E+01    2.5758E+01    2.0786E+01    1.6098E+01    6.4316E+01    4.8812E+01    1.6828E+01    4.8622E+00    1.5517E+01    5.5928E+00    9.9090E+00
 4.1580E+02    4.4188E+01    5.2196E+01    2.5979E+01    2.0805E+01    1.6216E+01    6.4308E+01    4.8828E+01    1.6828E+01    4.8417E+00    1.5578E+01    5.7608E+00    9.9090E+00
 4.1630E+02    4.4200E+01    5.2202E+01    2.5888E+01    2.0805E+01    1.6339E+01    6.4316E+01    4.8834E+01    1.6834E+01    4.8417E+00    1.5618E+01    5.5877E+00    1.0016E+01
 4.1680E+02    4.4185E+01    5.2195E+01    2.5830E+01    2.0791E+01    1.6339E+01    6.4327E+01    4.8839E+01    1.6844E+01    4.8622E+00    1.5537E+01    5.7608E+00    9.9090E+00
 4.1730E+02    4.4195E+01    5.2197E+01    2.5830E+01    2.0764E+01    1.6466E+01    6.4344E+01    4.8839E+01    1.6860E+01    4.8417E+00    1.5659E+01    5.6386E+00    1.0016E+01
 4.1787E+02    4.4164E+01    5.2192E+01    2.5538E+01    2.0883E+01    1.6571E+01    6.4350E+01    4.8840E+01    1.6901E+01    4.8622E+00    1.5557E+01    5.6640E+00    1.0016E+01
 4.1837E+02    4.4185E+01    5.2192E+01    2.5180E+01    2.0858E+01    1.6691E+01    6.4350E+01    4.8865E+01    1.6927E+01    4.8622E+00    1.5496E+01    5.5928E+00    1.0016E+01
 4.1888E+02    4.4181E+01    5.2185E+01    2.5084E+01    2.0858E+01    1.6785E+01    6.4366E+01    4.8876E+01    1.6927E+01    4.8622E+00    1.5517E+01    5.6640E+00    1.0121E+01
 4.1938E+02    4.4181E+01    5.2171E+01    2.5090E+01    2.0919E+01    1.6870E+01    6.4360E+01    4.8886E+01    1.6938E+01    4.8417E+00    1.5476E+01    5.7811E+00    1.0016E+01
 4.1995E+02    4.4190E+01    5.2194E+01    2.5011E+01    2.0820E+01    1.6854E+01    6.4343E+01    4.8891E+01    1.6965E+01    4.8622E+00    1.5618E+01    5.7709E+00    9.9090E+00
 4.2045E+02    4.4187E+01    5.2188E+01    2.5011E+01    2.0932E+01    1.6935E+01    6.4374E+01    4.8891E+01    1.7006E+01    4.8417E+00    1.5537E+01    5.5928E+00    9.8010E+00
 4.2096E+02    4.4177E+01    5.2188E+01    2.5194E+01    2.0839E+01    1.6980E+01    6.4375E+01    4.8889E+01    1.7020E+01    4.8622E+00    1.5456E+01    5.7709E+00    9.9090E+00
 4.2146E+02    4.4215E+01    5.2201E+01    2.5101E+01    2.0857E+01    1.7069E+01    6.4375E+01    4.8904E+01    1.7020E+01    4.8622E+00    1.5639E+01    5.5928E+00    1.0121E+01
 4.2203E+02    4.4227E+01    5.2207E+01    2.5085E+01    2.0873E+01    1.7136E+01    6.4399E+01    4.8921E+01    1.7056E+01    4.8622E+00    1.5618E+01    5.6437E+00    1.0225E+01
 4.2253E+02    4.4227E+01    5.2215E+01    2.5026E+01    2.0864E+01    1.7202E+01    6.4376E+01    4.8932E+01    1.7067E+01    4.8622E+00    1.5557E+01    5.7760E+00    9.9090E+00
# Time (s)      T1w (C)       T2w (C)       T1a (C)       T2a (C)       T1r (C)       T2r (C)       T3r (C)       T4r (C)       P1 (bar)      P2 (bar)      Ic (amp)      Qc (l/min)    
 4.2303E+02    4.4233E+01    5.2194E+01    2.5242E+01    2.0865E+01    1.7202E+01    6.4314E+01    4.8932E+01    1.7085E+01    4.8826E+00    1.5476E+01    5.6284E+00    9.9090E+00
 4.2353E+02    4.4230E+01    5.2210E+01    2.5242E+01    2.0818E+01    1.7298E+01    6.4319E+01    4.8943E+01    1.7116E+01    4.8622E+00    1.5557E+01    5.7659E+00    9.9090E+00
 4.2414E+02    4.4241E+01    5.2218E+01    2.5344E+01    2.0794E+01    1.7396E+01    6.4308E+01    4.8959E+01    1.7137E+01    4.8826E+00    1.5618E+01    5.6946E+00    1.0016E+01
 4.2464E+02    4.4244E+01    5.2218E+01    2.5370E+01    2.0920E+01    1.7506E+01    6.4308E+01    4.8985E+01    1.7142E+01    4.8622E+00    1.5618E+01    5.5928E+00    1.0121E+01
 4.2514E+02    4.4255E+01    5.2202E+01    2.5425E+01    2.0920E+01    1.7574E+01    6.4270E+01    4.9003E+01    1.7142E+01    4.8826E+00    1.5496E+01    5.7099E+00    1.0016E+01
 4.2564E+02    4.4255E+01    5.2234E+01    2.5257E+01    2.0926E+01    1.7628E+01    6.4247E+01    4.9013E+01    1.7163E+01    4.8826E+00    1.5517E+01    5.5928E+00    1.0016E+01
 4.2621E+02    4.4276E+01    5.2224E+01    2.5231E+01    2.1022E+01    1.7628E+01    6.4279E+01    4.9044E+01    1.7186E+01    4.8826E+00    1.5639E+01    5.7709E+00    9.9090E+00
 4.2671E+02    4.4297E+01    5.2215E+01    2.5231E+01    2.1077E+01    1.7700E+01    6.4324E+01    4.9044E+01    1.7210E+01    4.9030E+00    1.5557E+01    5.7659E+00    1.0016E+01
 4.2721E+02    4.4317E+01    5.2215E+01    2.5165E+01    2.0970E+01    1.7769E+01    6.4318E+01    4.9052E+01    1.7234E+01    4.8826E+00    1.5618E+01    5.6233E+00    9.9090E+00
 4.2771E+02    4.4324E+01    5.2239E+01    2.5040E+01    2.0944E+01    1.7836E+01    6.4318E+01    4.9095E+01    1.7234E+01    4.8826E+00    1.5557E+01    5.6386E+00    1.0016E+01
 4.2831E+02    4.4325E+01    5.2238E+01    2.4936E+01    2.0944E+01    1.7917E+01    6.4379E+01    4.9125E+01    1.7278E+01    4.9030E+00    1.5659E+01    5.6844E+00    1.0016E+01
 4.2881E+02    4.4325E+01    5.2253E+01    2.4855E+01    2.0971E+01    1.7969E+01    6.4351E+01    4.9129E+01    1.7285E+01    4.8826E+00    1.5476E+01    5.6030E+00    1.0016E+01
 4.2931E+02    4.4342E+01    5.2263E+01    2.4729E+01    2.0944E+01    1.7969E+01    6.4375E+01    4.9129E+01    1.7300E+01    4.9030E+00    1.5517E+01    5.6640E+00    9.9090E+00
 4.2981E+02    4.4354E+01    5.2256E+01    2.4729E+01    2.0868E+01    1.8028E+01    6.4393E+01    4.9154E+01    1.7344E+01    4.9030E+00    1.5537E+01    5.7455E+00    9.9090E+00
 4.3039E+02    4.4354E+01    5.2256E+01    2.4659E+01    2.0790E+01    1.8101E+01    6.4413E+01    4.9178E+01    1.7360E+01    4.9030E+00    1.5578E+01    5.6844E+00    9.9090E+00
 4.3089E+02    4.4374E+01    5.2246E+01    2.4764E+01    2.0765E+01    1.8141E+01    6.4399E+01    4.9188E+01    1.7344E+01    4.9030E+00    1.5557E+01    5.6030E+00    1.0016E+01
 4.3139E+02    4.4362E+01    5.2262E+01    2.4758E+01    2.0765E+01    1.8238E+01    6.4399E+01    4.9210E+01    1.7379E+01    4.9030E+00    1.5496E+01    5.6895E+00    9.9090E+00
 4.3189E+02    4.4362E+01    5.2262E+01    2.4697E+01    2.0788E+01    1.8222E+01    6.4426E+01    4.9241E+01    1.7385E+01    4.9030E+00    1.5679E+01    5.6030E+00    9.9090E+00
 4.3248E+02    4.4369E+01    5.2278E+01    2.4644E+01    2.0801E+01    1.8292E+01    6.4442E+01    4.9241E+01    1.7436E+01    4.9030E+00    1.5557E+01    5.7760E+00    1.0016E+01
 4.3298E+02    4.4381E+01    5.2278E+01    2.4628E+01    2.0741E+01    1.8360E+01    6.4490E+01    4.9263E+01    1.7475E+01    4.9030E+00    1.5496E+01    5.5979E+00    1.0121E+01
 4.3348E+02    4.4386E+01    5.2278E+01    2.4567E+01    2.0803E+01    1.8440E+01    6.4516E+01    4.9284E+01    1.7503E+01    4.9030E+00    1.5659E+01    5.8015E+00    1.0016E+01
 4.3399E+02    4.4377E+01    5.2277E+01    2.4525E+01    2.0837E+01    1.8486E+01    6.4516E+01    4.9310E+01    1.7503E+01    4.9030E+00    1.5639E+01    5.6080E+00    1.0016E+01
 4.3456E+02    4.4410E+01    5.2287E+01    2.4600E+01    2.0837E+01    1.8535E+01    6.4563E+01    4.9341E+01    1.7552E+01    4.9030E+00    1.5598E+01    5.6182E+00    1.0016E+01
 4.3506E+02    4.4410E+01    5.2296E+01    2.4542E+01    2.0725E+01    1.8554E+01    6.4573E+01    4.9375E+01    1.7573E+01    4.9030E+00    1.5557E+01    5.7200E+00    1.0016E+01
 4.3556E+02    4.4410E+01    5.2313E+01    2.4542E+01    2.0743E+01    1.8554E+01    6.4585E+01    4.9375E+01    1.7596E+01    4.9030E+00    1.5598E+01    5.5979E+00    1.0016E+01
 4.3606E+02    4.4402E+01    5.2302E+01    2.4698E+01    2.0724E+01    1.8552E+01    6.4595E+01    4.9385E+01    1.7655E+01    4.9234E+00    1.5679E+01    5.6742E+00    1.0121E+01
 4.3665E+02    4.4399E+01    5.2302E+01    2.4745E+01    2.0739E+01    1.8546E+01    6.4591E+01    4.9446E+01    1.7716E+01    4.9234E+00    1.5598E+01    5.6030E+00    1.0016E+01
 4.3715E+02    4.4421E+01    5.2318E+01    2.4782E+01    2.0834E+01    1.8549E+01    6.4591E+01    4.9463E+01    1.7716E+01    4.9234E+00    1.5537E+01    5.6997E+00    1.0016E+01
 4.3765E+02    4.4430E+01    5.2314E+01    2.4816E+01    2.0834E+01    1.8527E+01    6.4571E+01    4.9493E+01    1.7730E+01    4.9234E+00    1.5618E+01    5.6080E+00    9.9090E+00
 4.3815E+02    4.4430E+01    5.2317E+01    2.4716E+01    2.0745E+01    1.8527E+01    6.4599E+01    4.9510E+01    1.7770E+01    4.9234E+00    1.5700E+01    5.6640E+00    9.8010E+00
# Time (s)      T1w (C)       T2w (C)       T1a (C)       T2a (C)       T1r (C)       T2r (C)       T3r (C)       T4r (C)       P1 (bar)      P2 (bar)      Ic (amp)      Qc (l/min)    
 4.3873E+02    4.4455E+01    5.2334E+01    2.4619E+01    2.0786E+01    1.8455E+01    6.4656E+01    4.9510E+01    1.7803E+01    4.9234E+00    1.5618E+01    5.8015E+00    9.8010E+00
 4.3923E+02    4.4461E+01    5.2341E+01    2.4619E+01    2.0846E+01    1.8354E+01    6.4674E+01    4.9530E+01    1.7864E+01    4.9234E+00    1.5578E+01    5.7200E+00    9.9090E+00
 4.3973E+02    4.4468E+01    5.2356E+01    2.4610E+01    2.0817E+01    1.8213E+01    6.4674E+01    4.9552E+01    1.7899E+01    4.9234E+00    1.5578E+01    5.7964E+00    1.0016E+01
 4.4023E+02    4.4476E+01    5.2352E+01    2.4559E+01    2.0817E+01    1.8051E+01    6.4705E+01    4.9584E+01    1.7899E+01    4.9438E+00    1.5679E+01    5.7608E+00    1.0016E+01
 4.4082E+02    4.4486E+01    5.2361E+01    2.4509E+01    2.0950E+01    1.7895E+01    6.4708E+01    4.9597E+01    1.7926E+01    4.9438E+00    1.5618E+01    5.6946E+00    9.9090E+00
 4.4132E+02    4.4486E+01    5.2354E+01    2.4479E+01    2.0832E+01    1.7895E+01    6.4746E+01    4.9615E+01    1.7956E+01    4.9438E+00    1.5578E+01    5.7404E+00    1.0121E+01
 4.4182E+02    4.4492E+01    5.2370E+01    2.4479E+01    2.0806E+01    1.7726E+01    6.4734E+01    4.9615E+01    1.7978E+01    4.9438E+00    1.5557E+01    5.6539E+00    9.9090E+00
 4.4232E+02    4.4499E+01    5.2370E+01    2.4523E+01    2.0880E+01    1.7556E+01    6.4746E+01    4.9648E+01    1.8014E+01    4.9438E+00    1.5741E+01    5.7913E+00    9.9090E+00
 4.4289E+02    4.4519E+01    5.2382E+01    2.4743E+01    2.0891E+01    1.7181E+01    6.4760E+01    4.9666E+01    1.8063E+01    4.9438E+00    1.5679E+01    5.6233E+00    1.0016E+01
 4.4339E+02    4.4541E+01    5.2399E+01    2.4648E+01    2.0891E+01    1.6447E+01    6.4766E+01    4.9705E+01    1.8063E+01    4.9438E+00    1.5537E+01    5.6335E+00    9.9090E+00
 4.4389E+02    4.4541E+01    5.2395E+01    2.4662E+01    2.0922E+01    1.6069E+01    6.4754E+01    4.9720E+01    1.8104E+01    4.9642E+00    1.5557E+01    5.6590E+00    9.9090E+00
 4.4439E+02    4.4532E+01    5.2406E+01    2.5303E+01    2.0913E+01    1.6069E+01    6.4751E+01    4.9720E+01    1.8127E+01    4.9642E+00    1.5537E+01    5.8066E+00    1.0121E+01
 4.4500E+02    4.4536E+01    5.2418E+01    2.5797E+01    2.0893E+01    1.5862E+01    6.4746E+01    4.9751E+01    1.8180E+01    4.9642E+00    1.5700E+01    5.6691E+00    1.0016E+01
 4.4550E+02    4.4539E+01    5.2422E+01    2.5797E+01    2.0945E+01    1.5786E+01    6.4770E+01    4.9760E+01    1.8215E+01    4.9846E+00    1.5578E+01    5.6742E+00    1.0016E+01
 4.4600E+02    4.4503E+01    5.2407E+01    2.6006E+01    2.0788E+01    1.5750E+01    6.4770E+01    4.9785E+01    1.8213E+01    4.9846E+00    1.5741E+01    5.7557E+00    9.9090E+00
 4.4650E+02    4.4516E+01    5.2426E+01    2.6138E+01    2.0788E+01    1.5729E+01    6.4766E+01    4.9785E+01    1.8213E+01    4.9846E+00    1.5659E+01    5.7404E+00    1.0121E+01
 4.4707E+02    4.4516E+01    5.2431E+01    2.6552E+01    2.0792E+01    1.5694E+01    6.4751E+01    4.9769E+01    1.8181E+01    4.9642E+00    1.5618E+01    5.6335E+00    9.8010E+00
 4.4757E+02    4.4531E+01    5.2444E+01    2.6183E+01    2.0846E+01    1.5694E+01    6.4769E+01    4.9792E+01    1.8157E+01    4.9846E+00    1.5618E+01    5.6386E+00    9.8010E+00
 4.4807E+02    4.4545E+01    5.2465E+01    2.6183E+01    2.0836E+01    1.5707E+01    6.4746E+01    4.9807E+01    1.8134E+01    4.9846E+00    1.5761E+01    5.6386E+00    1.0016E+01
 4.4857E+02    4.4569E+01    5.2465E+01    2.6326E+01    2.0930E+01    1.5665E+01    6.4747E+01    4.9817E+01    1.8120E+01    4.9846E+00    1.5761E+01    5.6284E+00    1.0016E+01
 4.4917E+02    4.4569E+01    5.2476E+01    2.6617E+01    2.0861E+01    1.5628E+01    6.4747E+01    4.9818E+01    1.8088E+01    4.9642E+00    1.5741E+01    5.7709E+00    9.9090E+00
 4.4967E+02    4.4587E+01    5.2486E+01    2.6725E+01    2.0861E+01    1.5623E+01    6.4757E+01    4.9826E+01    1.8088E+01    4.9846E+00    1.5761E+01    5.7506E+00    1.0016E+01
 4.5018E+02    4.4602E+01    5.2530E+01    2.6840E+01    2.0990E+01    1.5655E+01    6.4774E+01    4.9828E+01    1.8080E+01    4.9846E+00    1.5700E+01    5.8371E+00    1.0016E+01
 4.5068E+02    4.4608E+01    5.2547E+01    2.6887E+01    2.0807E+01    1.5655E+01    6.4764E+01    4.9828E+01    1.8053E+01    4.9846E+00    1.5639E+01    5.6488E+00    1.0016E+01
 4.5125E+02    4.4598E+01    5.2533E+01    2.6871E+01    2.0781E+01    1.5638E+01    6.4774E+01    4.9836E+01    1.8028E+01    4.9846E+00    1.5639E+01    5.6488E+00    1.0016E+01
 4.5175E+02    4.4613E+01    5.2533E+01    2.6779E+01    2.0856E+01    1.5640E+01    6.4784E+01    4.9828E+01    1.7999E+01    4.9846E+00    1.5720E+01    5.7404E+00    1.0121E+01
 4.5225E+02    4.4583E+01    5.2540E+01    2.6241E+01    2.0901E+01    1.5643E+01    6.4784E+01    4.9815E+01    1.7999E+01    4.9846E+00    1.5741E+01    5.6539E+00    1.0016E+01
 4.5275E+02    4.4596E+01    5.2571E+01    2.5833E+01    2.0901E+01    1.5648E+01    6.4779E+01    4.9811E+01    1.7959E+01    4.9846E+00    1.5720E+01    5.6997E+00    1.0016E+01
 4.5334E+02    4.4581E+01    5.2547E+01    2.5589E+01    2.0844E+01    1.5643E+01    6.4816E+01    4.9810E+01    1.7921E+01    4.9846E+00    1.5659E+01    5.6691E+00    1.0016E+01
 4.5384E+02    4.4577E+01    5.2550E+01    2.5690E+01    2.0882E+01    1.5643E+01    6.4845E+01    4.9810E+01    1.7894E+01    4.9846E+00    1.5802E+01    5.7353E+00    1.0016E+01
# Time (s)      T1w (C)       T2w (C)       T1a (C)       T2a (C)       T1r (C)       T2r (C)       T3r (C)       T4r (C)       P1 (bar)      P2 (bar)      Ic (amp)      Qc (l/min)    
 4.5434E+02    4.4575E+01    5.2562E+01    2.5690E+01    2.0964E+01    1.5623E+01    6.4864E+01    4.9774E+01    1.7866E+01    4.9642E+00    1.5741E+01    5.6844E+00    1.0016E+01
 4.5484E+02    4.4585E+01    5.2562E+01    2.5436E+01    2.1020E+01    1.5629E+01    6.4870E+01    4.9763E+01    1.7845E+01    4.9642E+00    1.5700E+01    5.6844E+00    1.0016E+01
 4.5542E+02    4.4578E+01    5.2583E+01    2.5299E+01    2.1072E+01    1.5627E+01    6.4870E+01    4.9754E+01    1.7845E+01    4.9846E+00    1.5679E+01    5.8524E+00    1.0121E+01
 4.5592E+02    4.4623E+01    5.2615E+01    2.5103E+01    2.1088E+01    1.5612E+01    6.4902E+01    4.9744E+01    1.7814E+01    4.9642E+00    1.5679E+01    5.8168E+00    1.0016E+01
 4.5642E+02    4.4623E+01    5.2636E+01    2.5043E+01    2.1024E+01    1.5612E+01    6.4907E+01    4.9726E+01    1.7768E+01    4.9438E+00    1.5720E+01    5.6844E+00    9.9090E+00
 4.5692E+02    4.4638E+01    5.2667E+01    2.5252E+01    2.0868E+01    1.5579E+01    6.4872E+01    4.9726E+01    1.7779E+01    4.9438E+00    1.5781E+01    5.8524E+00    1.0016E+01
 4.5751E+02    4.4653E+01    5.2659E+01    2.5252E+01    2.0974E+01    1.5585E+01    6.4855E+01    4.9718E+01    1.7757E+01    4.9642E+00    1.5700E+01    5.6997E+00    9.9090E+00
 4.5801E+02    4.4667E+01    5.2659E+01    2.5488E+01    2.0909E+01    1.5619E+01    6.4873E+01    4.9697E+01    1.7723E+01    4.9642E+00    1.5720E+01    5.8371E+00    9.9090E+00
 4.5851E+02    4.4653E+01    5.2677E+01    2.5550E+01    2.0843E+01    1.5623E+01    6.4873E+01    4.9675E+01    1.7723E+01    4.9438E+00    1.5842E+01    5.6742E+00    9.9090E+00
 4.5901E+02    4.4653E+01    5.2696E+01    2.5638E+01    2.0843E+01    1.5606E+01    6.4903E+01    4.9665E+01    1.7711E+01    4.9438E+00    1.5741E+01    5.7608E+00    9.9090E+00
 4.5958E+02    4.4670E+01    5.2696E+01    2.5563E+01    2.0961E+01    1.5576E+01    6.4902E+01    4.9656E+01    1.7686E+01    4.9438E+00    1.5761E+01    5.7099E+00    9.9090E+00
 4.6008E+02    4.4680E+01    5.2704E+01    2.5362E+01    2.0882E+01    1.5576E+01    6.4904E+01    4.9656E+01    1.7647E+01    4.9642E+00    1.5679E+01    5.7862E+00    9.9090E+00
 4.6058E+02    4.4682E+01    5.2704E+01    2.5362E+01    2.0840E+01    1.5568E+01    6.4909E+01    4.9638E+01    1.7640E+01    4.9438E+00    1.5700E+01    5.6640E+00    9.9090E+00
 4.6109E+02    4.4693E+01    5.2718E+01    2.5675E+01    2.0830E+01    1.5586E+01    6.4923E+01    4.9641E+01    1.7645E+01    4.9438E+00    1.5700E+01    5.6539E+00    1.0121E+01
 4.6168E+02    4.4700E+01    5.2719E+01    2.5753E+01    2.0871E+01    1.5518E+01    6.4944E+01    4.9643E+01    1.7645E+01    4.9438E+00    1.5741E+01    5.8524E+00    9.9090E+00
 4.6218E+02    4.4711E+01    5.2735E+01    2.5443E+01    2.0871E+01    1.5484E+01    6.4966E+01    4.9604E+01    1.7614E+01    4.9438E+00    1.5700E+01    5.6590E+00    1.0121E+01
 4.6268E+02    4.4711E+01    5.2745E+01    2.5637E+01    2.0927E+01    1.5484E+01    6.4989E+01    4.9597E+01    1.7601E+01    4.9438E+00    1.5883E+01    5.8626E+00    1.0121E+01
 4.6318E+02    4.4723E+01    5.2749E+01    2.5637E+01    2.0825E+01    1.5455E+01    6.4974E+01    4.9597E+01    1.7568E+01    4.9234E+00    1.5822E+01    5.6793E+00    1.0016E+01
 4.6375E+02    4.4733E+01    5.2752E+01    2.5744E+01    2.0773E+01    1.5446E+01    6.4998E+01    4.9591E+01    1.7556E+01    4.9234E+00    1.5781E+01    5.6590E+00    1.0016E+01
 4.6425E+02    4.4713E+01    5.2737E+01    2.5688E+01    2.0755E+01    1.5464E+01    6.4998E+01    4.9571E+01    1.7517E+01    4.9234E+00    1.5761E+01    5.7251E+00    9.9090E+00
 4.6475E+02    4.4723E+01    5.2754E+01    2.6079E+01    2.0755E+01    1.5447E+01    6.5001E+01    4.9565E+01    1.7517E+01    4.9234E+00    1.5802E+01    5.6590E+00    1.0016E+01
 4.6525E+02    4.4723E+01    5.2752E+01    2.5937E+01    2.0712E+01    1.5401E+01    6.4951E+01    4.9564E+01    1.7488E+01    4.9234E+00    1.5863E+01    5.6895E+00    1.0016E+01
 4.6586E+02    4.4730E+01    5.2752E+01    2.6114E+01    2.0751E+01    1.5401E+01    6.4922E+01    4.9555E+01    1.7488E+01    4.9234E+00    1.5863E+01    5.8626E+00    9.9090E+00
 4.6636E+02    4.4739E+01    5.2764E+01    2.5955E+01    2.0756E+01    1.5415E+01    6.4937E+01    4.9555E+01    1.7481E+01    4.9234E+00    1.5822E+01    5.6590E+00    9.9090E+00
 4.6686E+02    4.4720E+01    5.2764E+01    2.5955E+01    2.0786E+01    1.5383E+01    6.4943E+01    4.9537E+01    1.7470E+01    4.9234E+00    1.5822E+01    5.8320E+00    9.9090E+00
 4.6736E+02    4.4759E+01    5.2757E+01    2.6022E+01    2.0879E+01    1.5401E+01    6.4957E+01    4.9560E+01    1.7443E+01    4.9234E+00    1.5741E+01    5.6691E+00    1.0121E+01
 4.6793E+02    4.4751E+01    5.2762E+01    2.6115E+01    2.0855E+01    1.5432E+01    6.4966E+01    4.9585E+01    1.7459E+01    4.9234E+00    1.5720E+01    5.7048E+00    1.0016E+01
 4.6843E+02    4.4751E+01    5.2773E+01    2.6032E+01    2.0855E+01    1.5464E+01    6.4966E+01    4.9575E+01    1.7441E+01    4.9438E+00    1.5700E+01    5.8219E+00    9.9090E+00
 4.6893E+02    4.4750E+01    5.2766E+01    2.5752E+01    2.0733E+01    1.5447E+01    6.4957E+01    4.9560E+01    1.7423E+01    4.9234E+00    1.5863E+01    5.6742E+00    1.0121E+01
 4.6943E+02    4.4756E+01    5.2772E+01    2.5752E+01    2.0650E+01    1.5491E+01    6.4982E+01    4.9562E+01    1.7384E+01    4.9234E+00    1.5720E+01    5.6590E+00    1.0016E+01
# Time (s)      T1w (C)       T2w (C)       T1a (C)       T2a (C)       T1r (C)       T2r (C)       T3r (C)       T4r (C)       P1 (bar)      P2 (bar)      Ic (amp)      Qc (l/min)    
 4.7003E+02    4.4775E+01    5.2797E+01    2.5455E+01    2.0638E+01    1.5527E+01    6.4953E+01    4.9544E+01    1.7345E+01    4.9234E+00    1.5720E+01    5.8117E+00    1.0016E+01
 4.7053E+02    4.4794E+01    5.2797E+01    2.5581E+01    2.0614E+01    1.5594E+01    6.4953E+01    4.9545E+01    1.7323E+01    4.9438E+00    1.5802E+01    5.8575E+00    9.9090E+00
 4.7103E+02    4.4797E+01    5.2805E+01    2.5811E+01    2.0614E+01    1.5712E+01    6.4928E+01    4.9536E+01    1.7323E+01    4.9234E+00    1.5781E+01    5.7709E+00    9.9090E+00
 4.7153E+02    4.4797E+01    5.2801E+01    2.5931E+01    2.0638E+01    1.5841E+01    6.4921E+01    4.9536E+01    1.7297E+01    4.9234E+00    1.5700E+01    5.6539E+00    1.0121E+01
 4.7211E+02    4.4795E+01    5.2816E+01    2.5878E+01    2.0690E+01    1.5841E+01    6.4947E+01    4.9547E+01    1.7280E+01    4.9234E+00    1.5781E+01    5.7760E+00    9.9090E+00
 4.7261E+02    4.4792E+01    5.2829E+01    2.5878E+01    2.0641E+01    1.5929E+01    6.4986E+01    4.9547E+01    1.7248E+01    4.9030E+00    1.5883E+01    5.8677E+00    1.0016E+01
 4.7311E+02    4.4816E+01    5.2829E+01    2.5781E+01    2.0695E+01    1.5974E+01    6.5031E+01    4.9567E+01    1.7268E+01    4.9030E+00    1.5781E+01    5.7200E+00    1.0016E+01
 4.7361E+02    4.4827E+01    5.2838E+01    2.5795E+01    2.0822E+01    1.5931E+01    6.5031E+01    4.9564E+01    1.7268E+01    4.9030E+00    1.5781E+01    5.8371E+00    9.9090E+00
 4.7420E+02    4.4833E+01    5.2845E+01    2.6011E+01    2.0822E+01    1.5781E+01    6.5056E+01    4.9570E+01    1.7269E+01    4.9234E+00    1.5741E+01    5.6640E+00    1.0016E+01
 4.7470E+02    4.4833E+01    5.2851E+01    2.6236E+01    2.0659E+01    1.5761E+01    6.5074E+01    4.9595E+01    1.7279E+01    4.9030E+00    1.5883E+01    5.8575E+00    1.0016E+01
 4.7520E+02    4.4830E+01    5.2860E+01    2.6038E+01    2.0773E+01    1.5745E+01    6.5027E+01    4.9580E+01    1.7277E+01    4.9030E+00    1.5802E+01    5.6640E+00    9.9090E+00
 4.7570E+02    4.4847E+01    5.2857E+01    2.6038E+01    2.0783E+01    1.5861E+01    6.5046E+01    4.9568E+01    1.7271E+01    4.9030E+00    1.5741E+01    5.7862E+00    1.0121E+01
 4.7627E+02    4.4852E+01    5.2857E+01    2.5661E+01    2.0729E+01    1.5993E+01    6.5044E+01    4.9574E+01    1.7282E+01    4.9030E+00    1.5720E+01    5.8320E+00    1.0016E+01
 4.7677E+02    4.4868E+01    5.2862E+01    2.5504E+01    2.0693E+01    1.6119E+01    6.5044E+01    4.9570E+01    1.7282E+01    4.9030E+00    1.5741E+01    5.7251E+00    1.0016E+01
 4.7727E+02    4.4865E+01    5.2877E+01    2.5509E+01    2.0693E+01    1.6214E+01    6.5081E+01    4.9576E+01    1.7248E+01    4.9030E+00    1.5842E+01    5.8626E+00    1.0016E+01
 4.7778E+02    4.4865E+01    5.2867E+01    2.5225E+01    2.0633E+01    1.6214E+01    6.5098E+01    4.9580E+01    1.7281E+01    4.9030E+00    1.5802E+01    5.7913E+00    9.9090E+00
 4.7837E+02    4.4866E+01    5.2867E+01    2.5526E+01    2.0750E+01    1.6315E+01    6.5136E+01    4.9587E+01    1.7302E+01    4.9030E+00    1.5720E+01    5.7709E+00    1.0016E+01
 4.7887E+02    4.4882E+01    5.2873E+01    2.5526E+01    2.0747E+01    1.6427E+01    6.5152E+01    4.9587E+01    1.7331E+01    4.9030E+00    1.5781E+01    5.7760E+00    1.0016E+01
 4.7937E+02    4.4882E+01    5.2873E+01    2.5505E+01    2.0699E+01    1.6486E+01    6.5157E+01    4.9593E+01    1.7337E+01    4.9030E+00    1.5842E+01    5.7150E+00    9.9090E+00
 4.7987E+02    4.4886E+01    5.2870E+01    2.5364E+01    2.0789E+01    1.6524E+01    6.5157E+01    4.9596E+01    1.7337E+01    4.9030E+00    1.5802E+01    5.8168E+00    9.9090E+00
 4.8044E+02    4.4912E+01    5.2868E+01    2.5156E+01    2.0789E+01    1.6539E+01    6.5141E+01    4.9581E+01    1.7348E+01    4.9030E+00    1.5761E+01    5.6590E+00    9.9090E+00
 4.8094E+02    4.4912E+01    5.2877E+01    2.5143E+01    2.0805E+01    1.6539E+01    6.5180E+01    4.9617E+01    1.7365E+01    4.9030E+00    1.5700E+01    5.6386E+00    1.0016E+01
 4.8144E+02    4.4911E+01    5.2872E+01    2.5013E+01    2.0749E+01    1.6531E+01    6.5189E+01    4.9602E+01    1.7377E+01    4.9030E+00    1.5883E+01    5.6946E+00    1.0016E+01
 4.8194E+02    4.4895E+01    5.2861E+01    2.5013E+01    2.0831E+01    1.6574E+01    6.5178E+01    4.9617E+01    1.7402E+01    4.9234E+00    1.5863E+01    5.6590E+00    9.9090E+00
 4.8255E+02    4.4912E+01    5.2861E+01    2.5011E+01    2.0875E+01    1.6587E+01    6.5156E+01    4.9616E+01    1.7383E+01    4.9234E+00    1.5781E+01    5.8320E+00    1.0016E+01
 4.8305E+02    4.4927E+01    5.2877E+01    2.5104E+01    2.0974E+01    1.6651E+01    6.5156E+01    4.9634E+01    1.7383E+01    4.9030E+00    1.5903E+01    5.7048E+00    1.0016E+01
 4.8355E+02    4.4958E+01    5.2872E+01    2.5126E+01    2.0974E+01    1.6707E+01    6.5164E+01    4.9650E+01    1.7406E+01    4.9030E+00    1.5781E+01    5.7811E+00    1.0016E+01
 4.8405E+02    4.4958E+01    5.2879E+01    2.5095E+01    2.0964E+01    1.6707E+01    6.5168E+01    4.9689E+01    1.7432E+01    4.9030E+00    1.5720E+01    5.7709E+00    1.0016E+01
 4.8462E+02    4.4953E+01    5.2894E+01    2.5264E+01    2.0915E+01    1.6779E+01    6.5181E+01    4.9689E+01    1.7461E+01    4.9030E+00    1.5720E+01    5.6590E+00    1.0016E+01
 4.8512E+02    4.4961E+01    5.2890E+01    2.5264E+01    2.0797E+01    1.6824E+01    6.5190E+01    4.9698E+01    1.7489E+01    4.9234E+00    1.5802E+01    5.6640E+00    1.0016E+01
# Time (s)      T1w (C)       T2w (C)       T1a (C)       T2a (C)       T1r (C)       T2r (C)       T3r (C)       T4r (C)       P1 (bar)      P2 (bar)      Ic (amp)      Qc (l/min)    
 4.8562E+02    4.4954E+01    5.2890E+01    2.5340E+01    2.0928E+01    1.6860E+01    6.5190E+01    4.9716E+01    1.7518E+01    4.9234E+00    1.5802E+01    5.6640E+00    1.0016E+01
 4.8612E+02    4.4962E+01    5.2911E+01    2.5465E+01    2.0928E+01    1.6887E+01    6.5222E+01    4.9747E+01    1.7518E+01    4.9234E+00    1.5802E+01    5.6539E+00    9.9090E+00
 4.8672E+02    4.4960E+01    5.2921E+01    2.5636E+01    2.0921E+01    1.6936E+01    6.5231E+01    4.9771E+01    1.7534E+01    4.9234E+00    1.5761E+01    5.7760E+00    1.0121E+01
 4.8722E+02    4.4945E+01    5.2885E+01    2.5630E+01    2.0778E+01    1.6936E+01    6.5233E+01    4.9794E+01    1.7573E+01    4.9234E+00    1.5802E+01    5.6691E+00    1.0225E+01
 4.8772E+02    4.4958E+01    5.2900E+01    2.5740E+01    2.0928E+01    1.6981E+01    6.5223E+01    4.9794E+01    1.7592E+01    4.9234E+00    1.5700E+01    5.8524E+00    1.0016E+01
 4.8822E+02    4.4943E+01    5.2888E+01    2.5724E+01    2.0995E+01    1.7021E+01    6.5244E+01    4.9808E+01    1.7614E+01    4.9438E+00    1.5822E+01    5.6742E+00    9.9090E+00
 4.8880E+02    4.4953E+01    5.2888E+01    2.6043E+01    2.0888E+01    1.7066E+01    6.5244E+01    4.9832E+01    1.7655E+01    4.9234E+00    1.5883E+01    5.6640E+00    1.0016E+01
 4.8930E+02    4.4948E+01    5.2898E+01    2.6057E+01    2.0768E+01    1.7112E+01    6.5216E+01    4.9839E+01    1.7639E+01    4.9234E+00    1.5903E+01    5.7353E+00    1.0016E+01
 4.8980E+02    4.4948E+01    5.2907E+01    2.5490E+01    2.0768E+01    1.7156E+01    6.5209E+01    4.9851E+01    1.7648E+01    4.9438E+00    1.5761E+01    5.6590E+00    1.0016E+01
 4.9030E+02    4.4955E+01    5.2919E+01    2.5144E+01    2.0826E+01    1.7140E+01    6.5200E+01    4.9836E+01    1.7669E+01    4.9234E+00    1.5720E+01    5.6895E+00    9.9090E+00
 4.9089E+02    4.4971E+01    5.2921E+01    2.5109E+01    2.0824E+01    1.7134E+01    6.5235E+01    4.9870E+01    1.7675E+01    4.9438E+00    1.5903E+01    5.6793E+00    1.0121E+01
 4.9139E+02    4.4955E+01    5.2900E+01    2.5078E+01    2.0852E+01    1.7143E+01    6.5237E+01    4.9887E+01    1.7707E+01    4.9438E+00    1.5720E+01    5.8473E+00    1.0121E+01
 4.9189E+02    4.4958E+01    5.2900E+01    2.5121E+01    2.0833E+01    1.7153E+01    6.5237E+01    4.9923E+01    1.7731E+01    4.9438E+00    1.5802E+01    5.6997E+00    9.9090E+00
 4.9239E+02    4.4962E+01    5.2890E+01    2.5418E+01    2.0833E+01    1.7145E+01    6.5235E+01    4.9926E+01    1.7715E+01    4.9438E+00    1.5720E+01    5.6640E+00    1.0016E+01
 4.9296E+02    4.4968E+01    5.2901E+01    2.5539E+01    2.0837E+01    1.7157E+01    6.5265E+01    4.9951E+01    1.7709E+01    4.9438E+00    1.5802E+01    5.8422E+00    9.8010E+00
 4.9346E+02    4.4953E+01    5.2909E+01    2.5435E+01    2.0763E+01    1.7157E+01    6.5270E+01    4.9971E+01    1.7723E+01    4.9438E+00    1.5924E+01    5.8473E+00    1.0016E+01
 4.9396E+02    4.4957E+01    5.2915E+01    2.5435E+01    2.0763E+01    1.7216E+01    6.5257E+01    4.9971E+01    1.7731E+01    4.9438E+00    1.5822E+01    5.7964E+00    1.0121E+01
 4.9447E+02    4.4994E+01    5.2930E+01    2.5672E+01    2.0821E+01    1.7244E+01    6.5257E+01    4.9996E+01    1.7751E+01    4.9438E+00    1.5802E+01    5.8677E+00    9.9090E+00
 4.9506E+02    4.4995E+01    5.2931E+01    2.5746E+01    2.0789E+01    1.7225E+01    6.5257E+01    5.0013E+01    1.7772E+01    4.9438E+00    1.5903E+01    5.6691E+00    1.0016E+01
 4.9556E+02    4.5006E+01    5.2964E+01    2.6085E+01    2.0805E+01    1.7182E+01    6.5307E+01    5.0013E+01    1.7772E+01    4.9642E+00    1.5944E+01    5.8677E+00    1.0016E+01
 4.9606E+02    4.5006E+01    5.2964E+01    2.6333E+01    2.0879E+01    1.7105E+01    6.5322E+01    5.0040E+01    1.7782E+01    4.9438E+00    1.5822E+01    5.6844E+00    1.0121E+01
 4.9656E+02    4.5029E+01    5.2972E+01    2.6235E+01    2.0990E+01    1.7121E+01    6.5338E+01    5.0055E+01    1.7810E+01    4.9642E+00    1.5802E+01    5.8829E+00    1.0121E+01
 4.9713E+02    4.5020E+01    5.2986E+01    2.6235E+01    2.0868E+01    1.7033E+01    6.5349E+01    5.0067E+01    1.7839E+01    4.9438E+00    1.5761E+01    5.7200E+00    1.0121E+01
 4.9763E+02    4.5041E+01    5.2986E+01    2.6263E+01    2.0913E+01    1.6803E+01    6.5367E+01    5.0098E+01    1.7864E+01    4.9642E+00    1.5802E+01    5.6793E+00    1.0121E+01
 4.9813E+02    4.5037E+01    5.2991E+01    2.5697E+01    2.0861E+01    1.6373E+01    6.5382E+01    5.0117E+01    1.7880E+01    4.9438E+00    1.5883E+01    5.7760E+00    1.0121E+01
 4.9863E+02    4.5030E+01    5.2995E+01    2.5407E+01    2.0861E+01    1.6035E+01    6.5443E+01    5.0133E+01    1.7879E+01    4.9438E+00    1.5842E+01    5.6742E+00    9.9090E+00
 4.9923E+02    4.5014E+01    5.2974E+01    2.5382E+01    2.0792E+01    1.5890E+01    6.5443E+01    5.0159E+01    1.7895E+01    4.9438E+00    1.5761E+01    5.8524E+00    9.9090E+00
 4.9973E+02    4.5035E+01    5.2995E+01    2.5232E+01    2.0819E+01    1.5890E+01    6.5464E+01    5.0159E+01    1.7894E+01    4.9642E+00    1.5883E+01    5.6793E+00    1.0121E+01
 5.0023E+02    4.5033E+01    5.2997E+01    2.5216E+01    2.0769E+01    1.5845E+01    6.5492E+01    5.0166E+01    1.7924E+01    4.9438E+00    1.5883E+01    5.8779E+00    1.0016E+01
 5.0073E+02    4.5020E+01    5.2997E+01    2.4961E+01    2.0860E+01    1.5732E+01    6.5517E+01    5.0173E+01    1.7938E+01    4.9642E+00    1.5822E+01    5.6793E+00    1.0121E+01
# Time (s)      T1w (C)       T2w (C)       T1a (C)       T2a (C)       T1r (C)       T2r (C)       T3r (C)       T4r (C)       P1 (bar)      P2 (bar)      Ic (amp)      Qc (l/min)    
 5.0130E+02    4.5021E+01    5.2983E+01    2.4815E+01    2.0809E+01    1.5639E+01    6.5517E+01    5.0202E+01    1.7938E+01    4.9642E+00    1.5802E+01    5.7048E+00    1.0016E+01
 5.0180E+02    4.5041E+01    5.3001E+01    2.4721E+01    2.0809E+01    1.5582E+01    6.5526E+01    5.0207E+01    1.7953E+01    4.9642E+00    1.5802E+01    5.7353E+00    1.0016E+01
 5.0230E+02    4.5026E+01    5.2996E+01    2.4885E+01    2.0644E+01    1.5566E+01    6.5497E+01    5.0194E+01    1.7937E+01    4.9642E+00    1.5965E+01    5.6844E+00    1.0016E+01
 5.0280E+02    4.5029E+01    5.2999E+01    2.4931E+01    2.0651E+01    1.5531E+01    6.5513E+01    5.0194E+01    1.7909E+01    4.9642E+00    1.5924E+01    5.7913E+00    1.0016E+01
 5.0340E+02    4.5023E+01    5.3009E+01    2.4931E+01    2.0704E+01    1.5556E+01    6.5525E+01    5.0229E+01    1.7879E+01    4.9642E+00    1.5842E+01    5.6742E+00    1.0121E+01
 5.0390E+02    4.5044E+01    5.3009E+01    2.4862E+01    2.0710E+01    1.5548E+01    6.5546E+01    5.0222E+01    1.7847E+01    4.9642E+00    1.5802E+01    5.8371E+00    9.9090E+00
 5.0440E+02    4.5071E+01    5.3027E+01    2.4887E+01    2.0819E+01    1.5536E+01    6.5546E+01    5.0232E+01    1.7847E+01    4.9438E+00    1.5965E+01    5.6844E+00    9.9090E+00
 5.0490E+02    4.5071E+01    5.3043E+01    2.5150E+01    2.0819E+01    1.5500E+01    6.5574E+01    5.0217E+01    1.7788E+01    4.9438E+00    1.5903E+01    5.8015E+00    9.8010E+00
 5.0547E+02    4.5074E+01    5.3047E+01    2.4985E+01    2.0773E+01    1.5458E+01    6.5573E+01    5.0232E+01    1.7761E+01    4.9642E+00    1.5863E+01    5.8524E+00    1.0016E+01
 5.0597E+02    4.5090E+01    5.3055E+01    2.4770E+01    2.0857E+01    1.5458E+01    6.5590E+01    5.0232E+01    1.7727E+01    4.9438E+00    1.5863E+01    5.7251E+00    9.9090E+00
 5.0647E+02    4.5103E+01    5.3073E+01    2.4786E+01    2.0894E+01    1.5427E+01    6.5623E+01    5.0227E+01    1.7685E+01    4.9438E+00    1.5985E+01    5.8779E+00    1.0016E+01
 5.0697E+02    4.5099E+01    5.3073E+01    2.4765E+01    2.0864E+01    1.5406E+01    6.5623E+01    5.0219E+01    1.7671E+01    4.9438E+00    1.5985E+01    5.7760E+00    1.0016E+01
 5.0757E+02    4.5113E+01    5.3095E+01    2.4881E+01    2.0903E+01    1.5389E+01    6.5620E+01    5.0204E+01    1.7671E+01    4.9234E+00    1.5924E+01    5.6793E+00    1.0016E+01
 5.0807E+02    4.5124E+01    5.3104E+01    2.4978E+01    2.0903E+01    1.5391E+01    6.5647E+01    5.0201E+01    1.7653E+01    4.9234E+00    1.5883E+01    5.8422E+00    1.0225E+01
 5.0857E+02    4.5109E+01    5.3086E+01    2.4955E+01    2.0880E+01    1.5391E+01    6.5668E+01    5.0190E+01    1.7639E+01    4.9438E+00    1.5883E+01    5.6997E+00    9.9090E+00
 5.0908E+02    4.5120E+01    5.3078E+01    2.4955E+01    2.0936E+01    1.5363E+01    6.5666E+01    5.0190E+01    1.7608E+01    4.9438E+00    1.5842E+01    5.8880E+00    1.0016E+01
 5.0967E+02    4.5131E+01    5.3111E+01    2.4901E+01    2.0854E+01    1.5439E+01    6.5686E+01    5.0210E+01    1.7619E+01    4.9234E+00    1.5924E+01    5.7302E+00    1.0016E+01
 5.1017E+02    4.5140E+01    5.3111E+01    2.5078E+01    2.0918E+01    1.5531E+01    6.5677E+01    5.0199E+01    1.7578E+01    4.9438E+00    1.6005E+01    5.8626E+00    1.0121E+01
 5.1067E+02    4.5138E+01    5.3106E+01    2.5054E+01    2.0833E+01    1.5566E+01    6.5691E+01    5.0205E+01    1.7594E+01    4.9234E+00    1.5883E+01    5.7048E+00    1.0121E+01
 5.1117E+02    4.5138E+01    5.3116E+01    2.5044E+01    2.0833E+01    1.5532E+01    6.5678E+01    5.0187E+01    1.7592E+01    4.9234E+00    1.5863E+01    5.8168E+00    9.9090E+00
 5.1177E+02    4.5153E+01    5.3149E+01    2.5136E+01    2.0768E+01    1.5472E+01    6.5662E+01    5.0179E+01    1.7583E+01    4.9234E+00    1.5924E+01    5.6946E+00    1.0121E+01
 5.1227E+02    4.5149E+01    5.3155E+01    2.4991E+01    2.0865E+01    1.5472E+01    6.5646E+01    5.0179E+01    1.7572E+01    4.9234E+00    1.5883E+01    5.8473E+00    9.9090E+00
 5.1277E+02    4.5146E+01    5.3166E+01    2.4991E+01    2.0877E+01    1.5460E+01    6.5646E+01    5.0166E+01    1.7552E+01    4.9438E+00    1.5924E+01    5.6895E+00    1.0016E+01
 5.1327E+02    4.5160E+01    5.3166E+01    2.5448E+01    2.0939E+01    1.5494E+01    6.5646E+01    5.0153E+01    1.7517E+01    4.9234E+00    1.5842E+01    5.8422E+00    1.0016E+01
 5.1384E+02    4.5171E+01    5.3169E+01    2.5337E+01    2.0958E+01    1.5514E+01    6.5639E+01    5.0138E+01    1.7517E+01    4.9438E+00    1.5883E+01    5.8371E+00    1.0016E+01
 5.1434E+02    4.5156E+01    5.3169E+01    2.5547E+01    2.0942E+01    1.5536E+01    6.5619E+01    5.0148E+01    1.7497E+01    4.9438E+00    1.5944E+01    5.7150E+00    1.0016E+01
 5.1484E+02    4.5152E+01    5.3166E+01    2.5798E+01    2.0963E+01    1.5536E+01    6.5609E+01    5.0124E+01    1.7467E+01    4.9234E+00    1.5965E+01    5.8626E+00    9.9090E+00
 5.1534E+02    4.5150E+01    5.3160E+01    2.5782E+01    2.0888E+01    1.5468E+01    6.5645E+01    5.0124E+01    1.7451E+01    4.9234E+00    1.5903E+01    5.7455E+00    1.0121E+01
 5.1594E+02    4.5164E+01    5.3174E+01    2.5676E+01    2.0889E+01    1.5443E+01    6.5651E+01    5.0110E+01    1.7422E+01    4.9234E+00    1.5863E+01    5.8982E+00    1.0016E+01
 5.1644E+02    4.5170E+01    5.3174E+01    2.5344E+01    2.0867E+01    1.5384E+01    6.5642E+01    5.0100E+01    1.7414E+01    4.9030E+00    1.6026E+01    5.7048E+00    9.9090E+00
# Time (s)      T1w (C)       T2w (C)       T1a (C)       T2a (C)       T1r (C)       T2r (C)       T3r (C)       T4r (C)       P1 (bar)      P2 (bar)      Ic (amp)      Qc (l/min)    
 5.1694E+02    4.5193E+01    5.3162E+01    2.5149E+01    2.0867E+01    1.5367E+01    6.5642E+01    5.0081E+01    1.7414E+01    4.9234E+00    1.5965E+01    5.8728E+00    1.0016E+01
 5.1744E+02    4.5193E+01    5.3193E+01    2.5088E+01    2.0765E+01    1.5404E+01    6.5682E+01    5.0070E+01    1.7398E+01    4.9234E+00    1.5924E+01    5.7302E+00    9.9090E+00
 5.1801E+02    4.5202E+01    5.3190E+01    2.5169E+01    2.0848E+01    1.5404E+01    6.5677E+01    5.0060E+01    1.7365E+01    4.9234E+00    1.5863E+01    5.6844E+00    1.0016E+01
 5.1851E+02    4.5225E+01    5.3192E+01    2.5169E+01    2.0858E+01    1.5403E+01    6.5692E+01    5.0060E+01    1.7349E+01    4.9234E+00    1.5863E+01    5.7506E+00    1.0121E+01
 5.1901E+02    4.5219E+01    5.3192E+01    2.5266E+01    2.0849E+01    1.5385E+01    6.5704E+01    5.0047E+01    1.7316E+01    4.9234E+00    1.6005E+01    5.6895E+00    9.9090E+00
 5.1951E+02    4.5230E+01    5.3219E+01    2.5127E+01    2.0749E+01    1.5372E+01    6.5704E+01    5.0056E+01    1.7316E+01    4.9030E+00    1.5944E+01    5.7251E+00    1.0016E+01
 5.2012E+02    4.5238E+01    5.3203E+01    2.4980E+01    2.0832E+01    1.5343E+01    6.5705E+01    5.0051E+01    1.7321E+01    4.9234E+00    1.5965E+01    5.8982E+00    9.9090E+00
 5.2062E+02    4.5238E+01    5.3210E+01    2.5002E+01    2.0832E+01    1.5302E+01    6.5675E+01    5.0051E+01    1.7309E+01    4.9030E+00    1.5883E+01    5.7048E+00    9.9090E+00
 5.2112E+02    4.5241E+01    5.3213E+01    2.5095E+01    2.0824E+01    1.5302E+01    6.5676E+01    5.0047E+01    1.7281E+01    4.9030E+00    1.5965E+01    5.7404E+00    1.0016E+01
 5.2162E+02    4.5269E+01    5.3234E+01    2.5110E+01    2.0724E+01    1.5311E+01    6.5689E+01    5.0047E+01    1.7270E+01    4.9030E+00    1.6046E+01    5.7353E+00    1.0121E+01
 5.2219E+02    4.5280E+01    5.3246E+01    2.5247E+01    2.0678E+01    1.5322E+01    6.5713E+01    5.0025E+01    1.7239E+01    4.9030E+00    1.6046E+01    5.8269E+00    1.0121E+01
 5.2269E+02    4.5310E+01    5.3261E+01    2.5181E+01    2.0666E+01    1.5370E+01    6.5713E+01    5.0030E+01    1.7222E+01    4.9030E+00    1.5944E+01    5.7506E+00    1.0121E+01
 5.2319E+02    4.5310E+01    5.3274E+01    2.4940E+01    2.0666E+01    1.5412E+01    6.5740E+01    5.0002E+01    1.7222E+01    4.9030E+00    1.5903E+01    5.6997E+00    1.0121E+01
 5.2369E+02    4.5325E+01    5.3287E+01    2.5027E+01    2.0656E+01    1.5396E+01    6.5754E+01    5.0010E+01    1.7201E+01    4.9030E+00    1.5985E+01    5.7200E+00    1.0016E+01
 5.2429E+02    4.5324E+01    5.3291E+01    2.5170E+01    2.0732E+01    1.5396E+01    6.5779E+01    5.0002E+01    1.7191E+01    4.9030E+00    1.6005E+01    5.7048E+00    1.0016E+01
 5.2479E+02    4.5347E+01    5.3303E+01    2.5170E+01    2.0747E+01    1.5374E+01    6.5786E+01    5.0002E+01    1.7163E+01    4.9030E+00    1.5944E+01    5.7455E+00    9.9090E+00
 5.2529E+02    4.5351E+01    5.3303E+01    2.5095E+01    2.0759E+01    1.5382E+01    6.5789E+01    4.9994E+01    1.7145E+01    4.8826E+00    1.5903E+01    5.7150E+00    1.0016E+01
 5.2579E+02    4.5356E+01    5.3304E+01    2.5101E+01    2.0797E+01    1.5437E+01    6.5804E+01    5.0006E+01    1.7161E+01    4.9030E+00    1.6026E+01    5.7150E+00    9.8010E+00
 5.2636E+02    4.5366E+01    5.3305E+01    2.4993E+01    2.0797E+01    1.5511E+01    6.5793E+01    5.0006E+01    1.7123E+01    4.8826E+00    1.6046E+01    5.8931E+00    1.0121E+01
 5.2686E+02    4.5351E+01    5.3305E+01    2.4837E+01    2.0670E+01    1.5607E+01    6.5818E+01    5.0001E+01    1.7113E+01    4.9030E+00    1.6005E+01    5.8473E+00    9.9090E+00
 5.2736E+02    4.5353E+01    5.3314E+01    2.4875E+01    2.0757E+01    1.5607E+01    6.5851E+01    5.0001E+01    1.7091E+01    4.8826E+00    1.5863E+01    5.8626E+00    1.0121E+01
 5.2786E+02    4.5348E+01    5.3288E+01    2.4860E+01    2.0671E+01    1.5749E+01    6.5883E+01    4.9987E+01    1.7065E+01    4.8826E+00    1.5924E+01    5.8728E+00    1.0121E+01
 5.2846E+02    4.5358E+01    5.3303E+01    2.5044E+01    2.0690E+01    1.5840E+01    6.5841E+01    4.9973E+01    1.7033E+01    4.8826E+00    1.5965E+01    5.6997E+00    9.8010E+00
 5.2897E+02    4.5370E+01    5.3319E+01    2.5268E+01    2.0855E+01    1.5943E+01    6.5841E+01    4.9981E+01    1.7022E+01    4.8826E+00    1.5863E+01    5.8931E+00    9.9090E+00
 5.2947E+02    4.5364E+01    5.3329E+01    2.5244E+01    2.0855E+01    1.6035E+01    6.5853E+01    4.9955E+01    1.7007E+01    4.8826E+00    1.6046E+01    5.6946E+00    1.0121E+01
 5.2997E+02    4.5364E+01    5.3326E+01    2.5294E+01    2.0814E+01    1.6160E+01    6.5887E+01    4.9958E+01    1.6974E+01    4.8826E+00    1.6005E+01    5.8677E+00    1.0016E+01
 5.3054E+02    4.5384E+01    5.3327E+01    2.5470E+01    2.0763E+01    1.6160E+01    6.5897E+01    4.9953E+01    1.6992E+01    4.8622E+00    1.5965E+01    5.8168E+00    9.9090E+00
 5.3104E+02    4.5402E+01    5.3349E+01    2.5470E+01    2.0770E+01    1.6295E+01    6.5936E+01    4.9953E+01    1.6962E+01    4.8622E+00    1.5944E+01    5.6997E+00    1.0016E+01
 5.3154E+02    4.5411E+01    5.3349E+01    2.5746E+01    2.0850E+01    1.6418E+01    6.5939E+01    4.9935E+01    1.6980E+01    4.8622E+00    1.6026E+01    5.8371E+00    1.0121E+01
 5.3204E+02    4.5403E+01    5.3349E+01    2.5764E+01    2.0749E+01    1.6504E+01    6.5939E+01    4.9957E+01    1.6980E+01    4.8622E+00    1.6066E+01    5.7099E+00    1.0016E+01
# Time (s)      T1w (C)       T2w (C)       T1a (C)       T2a (C)       T1r (C)       T2r (C)       T3r (C)       T4r (C)       P1 (bar)      P2 (bar)      Ic (amp)      Qc (l/min)    
 5.3263E+02    4.5395E+01    5.3332E+01    2.5787E+01    2.0718E+01    1.6558E+01    6.5984E+01    4.9966E+01    1.6995E+01    4.8622E+00    1.5944E+01    5.8880E+00    1.0121E+01
 5.3313E+02    4.5395E+01    5.3335E+01    2.5797E+01    2.0744E+01    1.6610E+01    6.5983E+01    4.9971E+01    1.7019E+01    4.8826E+00    1.5842E+01    5.7709E+00    9.9090E+00
 5.3363E+02    4.5377E+01    5.3324E+01    2.5827E+01    2.0801E+01    1.6610E+01    6.6012E+01    4.9971E+01    1.7035E+01    4.8826E+00    1.5985E+01    5.8880E+00    1.0121E+01
 5.3413E+02    4.5385E+01    5.3333E+01    2.5827E+01    2.0937E+01    1.6661E+01    6.6016E+01    4.9971E+01    1.7066E+01    4.8622E+00    1.5924E+01    5.8320E+00    9.9090E+00
 5.3471E+02    4.5399E+01    5.3333E+01    2.5689E+01    2.0874E+01    1.6736E+01    6.6034E+01    4.9996E+01    1.7074E+01    4.8622E+00    1.5985E+01    5.6895E+00    9.9090E+00
 5.3521E+02    4.5411E+01    5.3338E+01    2.5819E+01    2.0889E+01    1.6814E+01    6.6034E+01    5.0003E+01    1.7116E+01    4.8622E+00    1.5985E+01    5.6946E+00    9.8010E+00
 5.3571E+02    4.5396E+01    5.3319E+01    2.5763E+01    2.0873E+01    1.6901E+01    6.6074E+01    5.0018E+01    1.7116E+01    4.8826E+00    1.5883E+01    5.6895E+00    9.9090E+00
 5.3621E+02    4.5392E+01    5.3317E+01    2.5940E+01    2.0956E+01    1.6901E+01    6.6101E+01    5.0044E+01    1.7148E+01    4.8622E+00    1.5985E+01    5.7506E+00    9.9090E+00
 5.3680E+02    4.5394E+01    5.3322E+01    2.5557E+01    2.0996E+01    1.6949E+01    6.6133E+01    5.0029E+01    1.7150E+01    4.8622E+00    1.5985E+01    5.6946E+00    1.0121E+01
 5.3730E+02    4.5415E+01    5.3333E+01    2.5557E+01    2.0884E+01    1.7028E+01    6.6142E+01    5.0042E+01    1.7198E+01    4.8826E+00    1.5944E+01    5.7913E+00    1.0121E+01
 5.3780E+02    4.5387E+01    5.3333E+01    2.5199E+01    2.0853E+01    1.7086E+01    6.6142E+01    5.0057E+01    1.7205E+01    4.8622E+00    1.5903E+01    5.6946E+00    1.0121E+01
 5.3830E+02    4.5408E+01    5.3342E+01    2.5399E+01    2.0837E+01    1.7170E+01    6.6155E+01    5.0087E+01    1.7205E+01    4.8622E+00    1.6026E+01    5.7455E+00    9.8010E+00
 5.3887E+02    4.5403E+01    5.3316E+01    2.5713E+01    2.0822E+01    1.7253E+01    6.6173E+01    5.0076E+01    1.7231E+01    4.8826E+00    1.6026E+01    5.8931E+00    1.0121E+01
 5.3937E+02    4.5403E+01    5.3320E+01    2.5863E+01    2.0871E+01    1.7253E+01    6.6151E+01    5.0111E+01    1.7245E+01    4.8826E+00    1.5985E+01    5.8015E+00    1.0016E+01
 5.3988E+02    4.5391E+01    5.3318E+01    2.5847E+01    2.0836E+01    1.7316E+01    6.6175E+01    5.0096E+01    1.7247E+01    4.8826E+00    1.5863E+01    5.8880E+00    9.9090E+00
 5.4038E+02    4.5403E+01    5.3318E+01    2.6037E+01    2.0801E+01    1.7416E+01    6.6162E+01    5.0136E+01    1.7259E+01    4.8826E+00    1.5903E+01    5.8320E+00    9.8010E+00
 5.4097E+02    4.5407E+01    5.3318E+01    2.5774E+01    2.0813E+01    1.7534E+01    6.6179E+01    5.0156E+01    1.7303E+01    4.8826E+00    1.6046E+01    5.7964E+00    1.0121E+01
 5.4147E+02    4.5402E+01    5.3312E+01    2.5340E+01    2.0803E+01    1.7594E+01    6.6165E+01    5.0162E+01    1.7287E+01    4.8826E+00    1.5965E+01    5.8015E+00    1.0016E+01
 5.4197E+02    4.5387E+01    5.3309E+01    2.4999E+01    2.0787E+01    1.7688E+01    6.6182E+01    5.0192E+01    1.7328E+01    4.8826E+00    1.5863E+01    5.7608E+00    1.0121E+01
 5.4247E+02    4.5400E+01    5.3313E+01    2.5007E+01    2.0740E+01    1.7672E+01    6.6180E+01    5.0203E+01    1.7328E+01    4.9030E+00    1.5944E+01    5.8320E+00    1.0016E+01
 5.4304E+02    4.5399E+01    5.3311E+01    2.5266E+01    2.0871E+01    1.7731E+01    6.6180E+01    5.0203E+01    1.7377E+01    4.8826E+00    1.6046E+01    5.6946E+00    1.0121E+01
 5.4354E+02    4.5405E+01    5.3326E+01    2.5281E+01    2.0753E+01    1.7804E+01    6.6199E+01    5.0239E+01    1.7433E+01    4.9030E+00    1.6005E+01    5.8880E+00    9.9090E+00
 5.4404E+02    4.5432E+01    5.3334E+01    2.5626E+01    2.0851E+01    1.7842E+01    6.6199E+01    5.0265E+01    1.7489E+01    4.9030E+00    1.5883E+01    5.6793E+00    9.9090E+00
 5.4454E+02    4.5453E+01    5.3336E+01    2.5689E+01    2.0867E+01    1.7871E+01    6.6207E+01    5.0288E+01    1.7474E+01    4.9030E+00    1.5863E+01    5.6793E+00    9.9090E+00
 5.4514E+02    4.5453E+01    5.3351E+01    2.5732E+01    2.0822E+01    1.7904E+01    6.6232E+01    5.0327E+01    1.7509E+01    4.9030E+00    1.6026E+01    5.7404E+00    1.0016E+01
 5.4564E+02    4.5472E+01    5.3365E+01    2.5722E+01    2.0829E+01    1.7904E+01    6.6246E+01    5.0357E+01    1.7545E+01    4.9030E+00    1.6026E+01    5.7048E+00    9.9090E+00
 5.4614E+02    4.5487E+01    5.3363E+01    2.5722E+01    2.0832E+01    1.7956E+01    6.6273E+01    5.0357E+01    1.7610E+01    4.9030E+00    1.5924E+01    5.7709E+00    1.0016E+01
 5.4664E+02    4.5479E+01    5.3348E+01    2.5510E+01    2.0877E+01    1.7998E+01    6.6245E+01    5.0394E+01    1.7635E+01    4.9030E+00    1.5863E+01    5.6895E+00    1.0016E+01
 5.4722E+02    4.5497E+01    5.3334E+01    2.5318E+01    2.0854E+01    1.8062E+01    6.6245E+01    5.0427E+01    1.7682E+01    4.9234E+00    1.5985E+01    5.7353E+00    9.9090E+00
 5.4772E+02    4.5511E+01    5.3356E+01    2.5291E+01    2.0854E+01    1.8096E+01    6.6227E+01    5.0432E+01    1.7667E+01    4.9234E+00    1.5965E+01    5.8575E+00    1.0016E+01
# Time (s)      T1w (C)       T2w (C)       T1a (C)       T2a (C)       T1r (C)       T2r (C)       T3r (C)       T4r (C)       P1 (bar)      P2 (bar)      Ic (amp)      Qc (l/min)    
 5.4822E+02    4.5511E+01    5.3355E+01    2.5108E+01    2.0855E+01    1.8157E+01    6.6227E+01    5.0469E+01    1.7696E+01    4.9234E+00    1.5903E+01    5.7506E+00    9.9090E+00
 5.4872E+02    4.5529E+01    5.3382E+01    2.5145E+01    2.0872E+01    1.8141E+01    6.6214E+01    5.0454E+01    1.7713E+01    4.9234E+00    1.6005E+01    5.8320E+00    9.9090E+00
 5.4932E+02    4.5518E+01    5.3383E+01    2.5133E+01    2.0818E+01    1.8199E+01    6.6235E+01    5.0489E+01    1.7768E+01    4.9234E+00    1.6066E+01    5.8524E+00    1.0121E+01
 5.4982E+02    4.5549E+01    5.3398E+01    2.5149E+01    2.0827E+01    1.8212E+01    6.6222E+01    5.0505E+01    1.7790E+01    4.9234E+00    1.5924E+01    5.7251E+00    1.0016E+01
 5.5032E+02    4.5559E+01    5.3410E+01    2.5347E+01    2.0782E+01    1.8243E+01    6.6222E+01    5.0518E+01    1.7835E+01    4.9438E+00    1.6005E+01    5.7506E+00    1.0016E+01
 5.5082E+02    4.5587E+01    5.3413E+01    2.5532E+01    2.0798E+01    1.8261E+01    6.6244E+01    5.0555E+01    1.7835E+01    4.9234E+00    1.5965E+01    5.7099E+00    9.9090E+00
 5.5140E+02    4.5587E+01    5.3430E+01    2.5783E+01    2.0862E+01    1.8284E+01    6.6228E+01    5.0570E+01    1.7883E+01    4.9234E+00    1.5924E+01    5.8931E+00    1.0016E+01
 5.5190E+02    4.5562E+01    5.3410E+01    2.5723E+01    2.0806E+01    1.8268E+01    6.6259E+01    5.0592E+01    1.7904E+01    4.9438E+00    1.5883E+01    5.8677E+00    1.0016E+01
 5.5240E+02    4.5562E+01    5.3435E+01    2.5723E+01    2.0817E+01    1.8268E+01    6.6272E+01    5.0592E+01    1.7942E+01    4.9438E+00    1.6066E+01    5.8677E+00    9.9090E+00
 5.5290E+02    4.5566E+01    5.3420E+01    2.5908E+01    2.0807E+01    1.8257E+01    6.6289E+01    5.0617E+01    1.8001E+01    4.9438E+00    1.6026E+01    5.8931E+00    1.0121E+01
 5.5349E+02    4.5569E+01    5.3418E+01    2.6013E+01    2.0949E+01    1.8211E+01    6.6289E+01    5.0647E+01    1.8042E+01    4.9642E+00    1.5965E+01    5.7608E+00    1.0121E+01
 5.5399E+02    4.5540E+01    5.3403E+01    2.5752E+01    2.0933E+01    1.8130E+01    6.6307E+01    5.0676E+01    1.8042E+01    4.9438E+00    1.5944E+01    5.6997E+00    9.8010E+00
 5.5449E+02    4.5540E+01    5.3411E+01    2.5386E+01    2.0837E+01    1.7991E+01    6.6316E+01    5.0693E+01    1.8081E+01    4.9642E+00    1.6066E+01    5.7506E+00    1.0016E+01
 5.5499E+02    4.5521E+01    5.3408E+01    2.5066E+01    2.0890E+01    1.7975E+01    6.6324E+01    5.0678E+01    1.8087E+01    4.9642E+00    1.6026E+01    5.8626E+00    9.9090E+00
 5.5556E+02    4.5527E+01    5.3424E+01    2.5066E+01    2.0885E+01    1.7790E+01    6.6333E+01    5.0696E+01    1.8143E+01    4.9438E+00    1.5985E+01    5.7099E+00    9.9090E+00
 5.5606E+02    4.5530E+01    5.3424E+01    2.4925E+01    2.0822E+01    1.7414E+01    6.6354E+01    5.0721E+01    1.8189E+01    4.9642E+00    1.5944E+01    5.7048E+00    1.0016E+01
 5.5657E+02    4.5548E+01    5.3427E+01    2.4833E+01    2.0839E+01    1.6500E+01    6.6354E+01    5.0740E+01    1.8174E+01    4.9642E+00    1.6087E+01    5.7200E+00    1.0016E+01
 5.5707E+02    4.5548E+01    5.3436E+01    2.4899E+01    2.0839E+01    1.6217E+01    6.6348E+01    5.0749E+01    1.8205E+01    4.9642E+00    1.6107E+01    5.7200E+00    1.0016E+01
 5.5766E+02    4.5549E+01    5.3447E+01    2.4724E+01    2.0924E+01    1.6168E+01    6.6350E+01    5.0768E+01    1.8261E+01    4.9846E+00    1.5985E+01    5.7506E+00    9.9090E+00
 5.5816E+02    4.5545E+01    5.3437E+01    2.4654E+01    2.0835E+01    1.6168E+01    6.6368E+01    5.0768E+01    1.8283E+01    4.9846E+00    1.5924E+01    5.7404E+00    1.0121E+01
 5.5866E+02    4.5541E+01    5.3443E+01    2.4654E+01    2.0911E+01    1.6126E+01    6.6358E+01    5.0795E+01    1.8327E+01    4.9846E+00    1.6087E+01    5.7557E+00    9.9090E+00
 5.5916E+02    4.5556E+01    5.3443E+01    2.4595E+01    2.0943E+01    1.6088E+01    6.6360E+01    5.0808E+01    1.8346E+01    4.9846E+00    1.6066E+01    5.7404E+00    1.0016E+01
 5.5973E+02    4.5542E+01    5.3472E+01    2.4506E+01    2.0861E+01    1.5977E+01    6.6360E+01    5.0851E+01    1.8346E+01    4.9642E+00    1.5924E+01    5.8066E+00    9.9090E+00
 5.6023E+02    4.5542E+01    5.3465E+01    2.4758E+01    2.0861E+01    1.5886E+01    6.6385E+01    5.0844E+01    1.8361E+01    4.9846E+00    1.5985E+01    5.8320E+00    1.0121E+01
 5.6073E+02    4.5570E+01    5.3488E+01    2.4701E+01    2.0862E+01    1.5886E+01    6.6395E+01    5.0859E+01    1.8374E+01    4.9846E+00    1.6046E+01    5.9237E+00    1.0121E+01
 5.6123E+02    4.5564E+01    5.3493E+01    2.4701E+01    2.0979E+01    1.5860E+01    6.6389E+01    5.0859E+01    1.8358E+01    4.9846E+00    1.5965E+01    5.8168E+00    1.0121E+01
 5.6183E+02    4.5580E+01    5.3489E+01    2.4811E+01    2.0917E+01    1.5799E+01    6.6366E+01    5.0859E+01    1.8317E+01    4.9846E+00    1.6046E+01    5.9033E+00    1.0225E+01
 5.6233E+02    4.5565E+01    5.3489E+01    2.5009E+01    2.0872E+01    1.5806E+01    6.6372E+01    5.0853E+01    1.8280E+01    4.9642E+00    1.5985E+01    5.7404E+00    1.0016E+01
 5.6283E+02    4.5577E+01    5.3491E+01    2.4839E+01    2.0863E+01    1.5728E+01    6.6358E+01    5.0846E+01    1.8264E+01    4.9846E+00    1.6066E+01    5.9084E+00    1.0121E+01
 5.6333E+02    4.5577E+01    5.3497E+01    2.4699E+01    2.0863E+01    1.5698E+01    6.6371E+01    5.0837E+01    1.8247E+01    4.9846E+00    1.6148E+01    5.7404E+00    9.9090E+00
# Time (s)      T1w (C)       T2w (C)       T1a (C)       T2a (C)       T1r (C)       T2r (C)       T3r (C)       T4r (C)       P1 (bar)      P2 (bar)      Ic (amp)      Qc (l/min)    
 5.6390E+02    4.5583E+01    5.3497E+01    2.4612E+01    2.0875E+01    1.5698E+01    6.6381E+01    5.0826E+01    1.8193E+01    4.9846E+00    1.6087E+01    5.7353E+00    1.0121E+01
 5.6440E+02    4.5586E+01    5.3517E+01    2.4552E+01    2.0966E+01    1.5700E+01    6.6399E+01    5.0826E+01    1.8158E+01    4.9642E+00    1.6046E+01    5.8524E+00    1.0121E+01
 5.6490E+02    4.5590E+01    5.3517E+01    2.4552E+01    2.0996E+01    1.5691E+01    6.6411E+01    5.0824E+01    1.8123E+01    4.9846E+00    1.6026E+01    5.7353E+00    9.9090E+00
 5.6540E+02    4.5601E+01    5.3538E+01    2.4545E+01    2.0895E+01    1.5701E+01    6.6411E+01    5.0811E+01    1.8090E+01    4.9846E+00    1.6127E+01    5.8575E+00    1.0121E+01
 5.6600E+02    4.5608E+01    5.3539E+01    2.4677E+01    2.0913E+01    1.5697E+01    6.6450E+01    5.0823E+01    1.8106E+01    4.9846E+00    1.6087E+01    5.7302E+00    9.9090E+00
 5.6650E+02    4.5608E+01    5.3556E+01    2.4902E+01    2.0913E+01    1.5657E+01    6.6465E+01    5.0811E+01    1.8050E+01    4.9642E+00    1.6046E+01    5.9288E+00    9.9090E+00
 5.6700E+02    4.5611E+01    5.3547E+01    2.5093E+01    2.0897E+01    1.5657E+01    6.6485E+01    5.0796E+01    1.8034E+01    4.9642E+00    1.6046E+01    5.7353E+00    9.9090E+00
 5.6750E+02    4.5605E+01    5.3569E+01    2.5093E+01    2.0872E+01    1.5641E+01    6.6484E+01    5.0796E+01    1.7986E+01    4.9642E+00    1.6188E+01    5.9339E+00    1.0121E+01
 5.6807E+02    4.5609E+01    5.3569E+01    2.5233E+01    2.0971E+01    1.5643E+01    6.6490E+01    5.0792E+01    1.7951E+01    4.9642E+00    1.6168E+01    5.8066E+00    1.0016E+01
 5.6857E+02    4.5635E+01    5.3567E+01    2.5086E+01    2.1011E+01    1.5627E+01    6.6490E+01    5.0773E+01    1.7920E+01    4.9642E+00    1.6127E+01    5.7455E+00    1.0016E+01
 5.6907E+02    4.5637E+01    5.3565E+01    2.4934E+01    2.0995E+01    1.5646E+01    6.6487E+01    5.0771E+01    1.7936E+01    4.9642E+00    1.6046E+01    5.7913E+00    1.0016E+01
 5.6957E+02    4.5637E+01    5.3594E+01    2.5163E+01    2.0928E+01    1.5617E+01    6.6475E+01    5.0757E+01    1.7894E+01    4.9642E+00    1.6188E+01    5.7659E+00    1.0016E+01
 5.7017E+02    4.5648E+01    5.3605E+01    2.5450E+01    2.0880E+01    1.5617E+01    6.6461E+01    5.0743E+01    1.7881E+01    4.9642E+00    1.6046E+01    5.9440E+00    1.0016E+01
 5.7067E+02    4.5648E+01    5.3597E+01    2.5450E+01    2.0890E+01    1.5605E+01    6.6480E+01    5.0743E+01    1.7834E+01    4.9438E+00    1.6066E+01    5.7404E+00    9.9090E+00
 5.7118E+02    4.5646E+01    5.3597E+01    2.5384E+01    2.0820E+01    1.5622E+01    6.6464E+01    5.0719E+01    1.7807E+01    4.9642E+00    1.6148E+01    5.9491E+00    1.0016E+01
 5.7168E+02    4.5676E+01    5.3637E+01    2.5481E+01    2.0766E+01    1.5617E+01    6.6464E+01    5.0714E+01    1.7823E+01    4.9438E+00    1.6107E+01    5.7455E+00    1.0121E+01
 5.7225E+02    4.5671E+01    5.3636E+01    2.5673E+01    2.0766E+01    1.5606E+01    6.6491E+01    5.0710E+01    1.7783E+01    4.9642E+00    1.6046E+01    5.8015E+00    1.0121E+01
 5.7275E+02    4.5671E+01    5.3644E+01    2.5452E+01    2.0777E+01    1.5610E+01    6.6498E+01    5.0683E+01    1.7758E+01    4.9438E+00    1.6026E+01    5.9440E+00    1.0016E+01
 5.7325E+02    4.5670E+01    5.3651E+01    2.5520E+01    2.0839E+01    1.5610E+01    6.6528E+01    5.0683E+01    1.7738E+01    4.9642E+00    1.6107E+01    5.7302E+00    1.0121E+01
 5.7375E+02    4.5686E+01    5.3681E+01    2.5520E+01    2.0846E+01    1.5596E+01    6.6545E+01    5.0657E+01    1.7713E+01    4.9438E+00    1.6148E+01    5.9542E+00    1.0016E+01
 5.7435E+02    4.5691E+01    5.3681E+01    2.5484E+01    2.0769E+01    1.5642E+01    6.6543E+01    5.0645E+01    1.7694E+01    4.9438E+00    1.6209E+01    5.7353E+00    1.0016E+01
 5.7485E+02    4.5694E+01    5.3688E+01    2.5253E+01    2.0800E+01    1.5681E+01    6.6557E+01    5.0649E+01    1.7690E+01    4.9234E+00    1.6168E+01    5.7659E+00    1.0016E+01
 5.7535E+02    4.5699E+01    5.3686E+01    2.5124E+01    2.0800E+01    1.5653E+01    6.6578E+01    5.0618E+01    1.7690E+01    4.9234E+00    1.6087E+01    5.7404E+00    9.8010E+00
 5.7585E+02    4.5714E+01    5.3722E+01    2.5218E+01    2.0718E+01    1.5569E+01    6.6569E+01    5.0605E+01    1.7680E+01    4.9234E+00    1.6026E+01    5.9237E+00    1.0016E+01
 5.7642E+02    4.5719E+01    5.3707E+01    2.5488E+01    2.0664E+01    1.5569E+01    6.6569E+01    5.0605E+01    1.7660E+01    4.9030E+00    1.6127E+01    5.8371E+00    1.0016E+01
 5.7692E+02    4.5724E+01    5.3733E+01    2.5488E+01    2.0676E+01    1.5555E+01    6.6603E+01    5.0592E+01    1.7645E+01    4.9234E+00    1.6209E+01    5.7455E+00    1.0121E+01
 5.7742E+02    4.5756E+01    5.3733E+01    2.5721E+01    2.0795E+01    1.5567E+01    6.6594E+01    5.0576E+01    1.7600E+01    4.9234E+00    1.6127E+01    5.8320E+00    1.0121E+01
 5.7792E+02    4.5749E+01    5.3738E+01    2.5669E+01    2.0771E+01    1.5578E+01    6.6594E+01    5.0558E+01    1.7600E+01    4.9234E+00    1.6087E+01    5.7455E+00    1.0121E+01
 5.7852E+02    4.5732E+01    5.3733E+01    2.5416E+01    2.0771E+01    1.5564E+01    6.6605E+01    5.0539E+01    1.7590E+01    4.9234E+00    1.6127E+01    5.8931E+00    9.9090E+00
 5.7902E+02    4.5747E+01    5.3772E+01    2.5181E+01    2.0860E+01    1.5568E+01    6.6614E+01    5.0526E+01    1.7575E+01    4.9234E+00    1.6188E+01    5.8015E+00    1.0016E+01
# Time (s)      T1w (C)       T2w (C)       T1a (C)       T2a (C)       T1r (C)       T2r (C)       T3r (C)       T4r (C)       P1 (bar)      P2 (bar)      Ic (amp)      Qc (l/min)    
 5.7952E+02    4.5763E+01    5.3766E+01    2.5310E+01    2.0756E+01    1.5568E+01    6.6631E+01    5.0526E+01    1.7530E+01    4.9234E+00    1.6127E+01    5.8880E+00    1.0121E+01
 5.8002E+02    4.5759E+01    5.3754E+01    2.5294E+01    2.0756E+01    1.5575E+01    6.6635E+01    5.0516E+01    1.7513E+01    4.9234E+00    1.6046E+01    5.7302E+00    1.0016E+01
 5.8059E+02    4.5770E+01    5.3754E+01    2.5334E+01    2.0705E+01    1.5572E+01    6.6625E+01    5.0503E+01    1.7479E+01    4.9030E+00    1.6066E+01    5.8677E+00    9.9090E+00
 5.8109E+02    4.5779E+01    5.3766E+01    2.5394E+01    2.0782E+01    1.5566E+01    6.6625E+01    5.0484E+01    1.7479E+01    4.9234E+00    1.6168E+01    5.9339E+00    1.0121E+01
 5.8159E+02    4.5779E+01    5.3789E+01    2.5224E+01    2.0782E+01    1.5540E+01    6.6626E+01    5.0474E+01    1.7465E+01    4.9030E+00    1.6127E+01    5.8677E+00    9.9090E+00
 5.8209E+02    4.5804E+01    5.3790E+01    2.5081E+01    2.0662E+01    1.5540E+01    6.6605E+01    5.0456E+01    1.7427E+01    4.9030E+00    1.6107E+01    5.9389E+00    1.0121E+01
 5.8269E+02    4.5810E+01    5.3801E+01    2.4978E+01    2.0670E+01    1.5539E+01    6.6610E+01    5.0456E+01    1.7414E+01    4.9030E+00    1.6066E+01    5.8015E+00    1.0016E+01
 5.8319E+02    4.5800E+01    5.3795E+01    2.4963E+01    2.0705E+01    1.5555E+01    6.6623E+01    5.0444E+01    1.7383E+01    4.9030E+00    1.6229E+01    5.8829E+00    1.0121E+01
 5.8369E+02    4.5807E+01    5.3795E+01    2.4761E+01    2.0695E+01    1.5566E+01    6.6623E+01    5.0444E+01    1.7347E+01    4.9030E+00    1.6148E+01    5.8117E+00    9.9090E+00
 5.8419E+02    4.5817E+01    5.3790E+01    2.4691E+01    2.0716E+01    1.5561E+01    6.6621E+01    5.0430E+01    1.7347E+01    4.9030E+00    1.6087E+01    5.8779E+00    1.0016E+01
 5.8476E+02    4.5809E+01    5.3814E+01    2.4657E+01    2.0716E+01    1.5563E+01    6.6625E+01    5.0418E+01    1.7340E+01    4.9030E+00    1.6046E+01    5.7353E+00    1.0016E+01
 5.8526E+02    4.5794E+01    5.3800E+01    2.4597E+01    2.0649E+01    1.5563E+01    6.6642E+01    5.0402E+01    1.7313E+01    4.8826E+00    1.6148E+01    5.9186E+00    1.0016E+01
 5.8576E+02    4.5822E+01    5.3793E+01    2.4644E+01    2.0723E+01    1.5566E+01    6.6635E+01    5.0402E+01    1.7302E+01    4.9030E+00    1.6148E+01    5.7404E+00    1.0016E+01
 5.8626E+02    4.5818E+01    5.3793E+01    2.4644E+01    2.0623E+01    1.5609E+01    6.6656E+01    5.0400E+01    1.7268E+01    4.9030E+00    1.6087E+01    5.7404E+00    1.0121E+01
 5.8686E+02    4.5825E+01    5.3804E+01    2.4795E+01    2.0609E+01    1.5657E+01    6.6650E+01    5.0372E+01    1.7259E+01    4.9030E+00    1.6107E+01    5.9440E+00    1.0121E+01
 5.8736E+02    4.5838E+01    5.3804E+01    2.4976E+01    2.0652E+01    1.5727E+01    6.6650E+01    5.0385E+01    1.7259E+01    4.9030E+00    1.6209E+01    5.8779E+00    1.0121E+01
 5.8786E+02    4.5838E+01    5.3797E+01    2.5020E+01    2.0652E+01    1.5768E+01    6.6669E+01    5.0389E+01    1.7229E+01    4.8826E+00    1.6148E+01    5.7506E+00    1.0016E+01
 5.8836E+02    4.5839E+01    5.3816E+01    2.5055E+01    2.0624E+01    1.5768E+01    6.6679E+01    5.0384E+01    1.7203E+01    4.8826E+00    1.6107E+01    5.8829E+00    1.0121E+01
 5.8893E+02    4.5852E+01    5.3827E+01    2.4881E+01    2.0704E+01    1.5808E+01    6.6701E+01    5.0384E+01    1.7200E+01    4.8826E+00    1.6026E+01    5.8728E+00    9.9090E+00
 5.8943E+02    4.5863E+01    5.3827E+01    2.4881E+01    2.0730E+01    1.5780E+01    6.6727E+01    5.0389E+01    1.7179E+01    4.8826E+00    1.6087E+01    5.7455E+00    9.8010E+00
 5.8993E+02    4.5874E+01    5.3841E+01    2.4992E+01    2.0665E+01    1.5786E+01    6.6727E+01    5.0388E+01    1.7156E+01    4.8826E+00    1.6188E+01    5.8575E+00    1.0016E+01
 5.9043E+02    4.5888E+01    5.3839E+01    2.5013E+01    2.0665E+01    1.5833E+01    6.6739E+01    5.0386E+01    1.7156E+01    4.8826E+00    1.6148E+01    5.7353E+00    1.0121E+01
 5.9103E+02    4.5888E+01    5.3833E+01    2.5030E+01    2.0688E+01    1.5963E+01    6.6780E+01    5.0387E+01    1.7152E+01    4.8826E+00    1.6046E+01    5.8982E+00    1.0016E+01
 5.9153E+02    4.5881E+01    5.3826E+01    2.5228E+01    2.0565E+01    1.5963E+01    6.6798E+01    5.0372E+01    1.7143E+01    4.8826E+00    1.6168E+01    5.7302E+00    9.9090E+00
 5.9203E+02    4.5887E+01    5.3847E+01    2.5228E+01    2.0546E+01    1.6109E+01    6.6787E+01    5.0357E+01    1.7094E+01    4.8826E+00    1.6148E+01    5.7455E+00    1.0121E+01
 5.9253E+02    4.5891E+01    5.3847E+01    2.5228E+01    2.0557E+01    1.6267E+01    6.6786E+01    5.0359E+01    1.7099E+01    4.8826E+00    1.6107E+01    5.7251E+00    1.0121E+01
 5.9310E+02    4.5896E+01    5.3849E+01    2.5143E+01    2.0643E+01    1.6437E+01    6.6786E+01    5.0368E+01    1.7107E+01    4.8826E+00    1.6087E+01    5.8626E+00    9.9090E+00
 5.9360E+02    4.5897E+01    5.3852E+01    2.5021E+01    2.0643E+01    1.6579E+01    6.6798E+01    5.0375E+01    1.7107E+01    4.8826E+00    1.6046E+01    5.9237E+00    9.9090E+00
 5.9410E+02    4.5882E+01    5.3847E+01    2.4766E+01    2.0683E+01    1.6689E+01    6.6788E+01    5.0377E+01    1.7111E+01    4.8826E+00    1.6229E+01    5.8728E+00    1.0121E+01
 5.9460E+02    4.5877E+01    5.3864E+01    2.4553E+01    2.0632E+01    1.6689E+01    6.6823E+01    5.0377E+01    1.7120E+01    4.8826E+00    1.6148E+01    5.9288E+00    1.0016E+01
# Time (s)      T1w (C)       T2w (C)       T1a (C)       T2a (C)       T1r (C)       T2r (C)       T3r (C)       T4r (C)       P1 (bar)      P2 (bar)      Ic (amp)      Qc (l/min)    
 5.9519E+02    4.5876E+01    5.3845E+01    2.4553E+01    2.0665E+01    1.6788E+01    6.6839E+01    5.0386E+01    1.7117E+01    4.8826E+00    1.6066E+01    5.7964E+00    1.0016E+01
 5.9569E+02    4.5907E+01    5.3845E+01    2.4576E+01    2.0651E+01    1.6875E+01    6.6890E+01    5.0378E+01    1.7149E+01    4.8826E+00    1.6168E+01    5.7353E+00    9.9090E+00
 5.9619E+02    4.5910E+01    5.3834E+01    2.4640E+01    2.0628E+01    1.6982E+01    6.6890E+01    5.0424E+01    1.7149E+01    4.8826E+00    1.6209E+01    5.8066E+00    9.9090E+00
 5.9669E+02    4.5910E+01    5.3850E+01    2.4738E+01    2.0628E+01    1.7060E+01    6.6900E+01    5.0443E+01    1.7200E+01    4.8826E+00    1.6107E+01    5.8728E+00    1.0016E+01
 5.9727E+02    4.5903E+01    5.3857E+01    2.5089E+01    2.0683E+01    1.7148E+01    6.6884E+01    5.0423E+01    1.7211E+01    4.8826E+00    1.6107E+01    5.7404E+00    9.9090E+00
 5.9777E+02    4.5902E+01    5.3858E+01    2.5409E+01    2.0649E+01    1.7148E+01    6.6921E+01    5.0423E+01    1.7251E+01    4.8826E+00    1.6026E+01    5.7506E+00    1.0016E+01
 5.9827E+02    4.5928E+01    5.3876E+01    2.5425E+01    2.0709E+01    1.7246E+01    6.6936E+01    5.0452E+01    1.7296E+01    4.8826E+00    1.6229E+01    5.7302E+00    9.9090E+00
 5.9877E+02    4.5946E+01    5.3876E+01    2.5491E+01    2.0695E+01    1.7327E+01    6.6936E+01    5.0457E+01    1.7315E+01    4.9030E+00    1.6168E+01    5.7709E+00    1.0016E+01
 5.9937E+02    4.5923E+01    5.3877E+01    2.5300E+01    2.0716E+01    1.7392E+01    6.6952E+01    5.0480E+01    1.7351E+01    4.8826E+00    1.6188E+01    5.8117E+00    1.0016E+01
 5.9987E+02    4.5934E+01    5.3875E+01    2.5261E+01    2.0716E+01    1.7483E+01    6.6967E+01    5.0497E+01    1.7351E+01    4.9030E+00    1.6087E+01    5.7353E+00    9.9090E+00
 6.0037E+02    4.5934E+01    5.3868E+01    2.5271E+01    2.0707E+01    1.7540E+01    6.6970E+01    5.0519E+01    1.7387E+01    4.8826E+00    1.6107E+01    5.7760E+00    9.8010E+00
 6.0087E+02    4.5939E+01    5.3878E+01    2.5282E+01    2.0670E+01    1.7540E+01    6.7009E+01    5.0519E+01    1.7409E+01    4.8826E+00    1.6026E+01    5.7709E+00    1.0121E+01
 6.0144E+02    4.5929E+01    5.3863E+01    2.5267E+01    2.0765E+01    1.7567E+01    6.7001E+01    5.0515E+01    1.7434E+01    4.9030E+00    1.6148E+01    5.9288E+00    1.0121E+01
 6.0194E+02    4.5928E+01    5.3863E+01    2.5184E+01    2.0801E+01    1.7610E+01    6.6995E+01    5.0553E+01    1.7456E+01    4.9030E+00    1.6229E+01    5.7913E+00    1.0016E+01
 6.0244E+02    4.5940E+01    5.3864E+01    2.4975E+01    2.0740E+01    1.7664E+01    6.6995E+01    5.0579E+01    1.7456E+01    4.9030E+00    1.6107E+01    5.9135E+00    1.0016E+01
 6.0294E+02    4.5940E+01    5.3868E+01    2.5067E+01    2.0740E+01    1.7712E+01    6.6972E+01    5.0591E+01    1.7480E+01    4.9030E+00    1.6046E+01    5.7557E+00    1.0016E+01
 6.0355E+02    4.5940E+01    5.3849E+01    2.5371E+01    2.0760E+01    1.7746E+01    6.6961E+01    5.0618E+01    1.7503E+01    4.9030E+00    1.6026E+01    5.7455E+00    9.9090E+00
 6.0405E+02    4.5921E+01    5.3831E+01    2.5271E+01    2.0616E+01    1.7762E+01    6.6995E+01    5.0633E+01    1.7545E+01    4.9030E+00    1.6087E+01    5.7811E+00    1.0121E+01
 6.0455E+02    4.5945E+01    5.3831E+01    2.5271E+01    2.0691E+01    1.7864E+01    6.6978E+01    5.0650E+01    1.7572E+01    4.9030E+00    1.6168E+01    5.9237E+00    1.0016E+01
 6.0505E+02    4.5937E+01    5.3850E+01    2.5561E+01    2.0637E+01    1.7926E+01    6.6978E+01    5.0689E+01    1.7596E+01    4.9030E+00    1.6209E+01    5.7608E+00    9.9090E+00
 6.0562E+02    4.5965E+01    5.3858E+01    2.5396E+01    2.0749E+01    1.7989E+01    6.6984E+01    5.0724E+01    1.7596E+01    4.9234E+00    1.6127E+01    5.7608E+00    9.9090E+00
 6.0612E+02    4.5965E+01    5.3856E+01    2.5224E+01    2.0749E+01    1.8029E+01    6.6994E+01    5.0746E+01    1.7610E+01    4.9234E+00    1.6127E+01    5.9135E+00    9.9090E+00
 6.0662E+02    4.5972E+01    5.3857E+01    2.5085E+01    2.0708E+01    1.8029E+01    6.6983E+01    5.0776E+01    1.7640E+01    4.9030E+00    1.6148E+01    5.7811E+00    1.0016E+01
 6.0712E+02    4.5984E+01    5.3882E+01    2.5100E+01    2.0688E+01    1.8122E+01    6.7019E+01    5.0776E+01    1.7698E+01    4.9234E+00    1.6250E+01    5.9440E+00    1.0016E+01
 6.0772E+02    4.6002E+01    5.3874E+01    2.5357E+01    2.0707E+01    1.8174E+01    6.7022E+01    5.0785E+01    1.7735E+01    4.9234E+00    1.6127E+01    5.7659E+00    1.0016E+01
 6.0822E+02    4.6000E+01    5.3874E+01    2.5867E+01    2.0750E+01    1.8208E+01    6.7018E+01    5.0818E+01    1.7751E+01    4.9234E+00    1.6087E+01    5.9186E+00    9.9090E+00
 6.0872E+02    4.6000E+01    5.3884E+01    2.5845E+01    2.0689E+01    1.8246E+01    6.7018E+01    5.0854E+01    1.7751E+01    4.9234E+00    1.6087E+01    5.9339E+00    1.0121E+01
 6.0922E+02    4.6000E+01    5.3873E+01    2.5596E+01    2.0689E+01    1.8259E+01    6.7009E+01    5.0875E+01    1.7786E+01    4.9234E+00    1.6209E+01    5.9033E+00    1.0016E+01
 6.0979E+02    4.6008E+01    5.3878E+01    2.5406E+01    2.0711E+01    1.8259E+01    6.7071E+01    5.0906E+01    1.7842E+01    4.9234E+00    1.6127E+01    5.7506E+00    9.9090E+00
 6.1029E+02    4.6003E+01    5.3867E+01    2.5380E+01    2.0786E+01    1.8286E+01    6.7071E+01    5.0906E+01    1.7877E+01    4.9438E+00    1.6107E+01    5.9237E+00    1.0121E+01
# Time (s)      T1w (C)       T2w (C)       T1a (C)       T2a (C)       T1r (C)       T2r (C)       T3r (C)       T4r (C)       P1 (bar)      P2 (bar)      Ic (amp)      Qc (l/min)    
 6.1079E+02    4.6022E+01    5.3867E+01    2.5380E+01    2.0796E+01    1.8314E+01    6.7088E+01    5.0929E+01    1.7927E+01    4.9438E+00    1.6148E+01    5.7506E+00    1.0016E+01
 6.1129E+02    4.6027E+01    5.3882E+01    2.5331E+01    2.0723E+01    1.8347E+01    6.7088E+01    5.0982E+01    1.7953E+01    4.9438E+00    1.6229E+01    5.8015E+00    1.0121E+01
 6.1188E+02    4.6027E+01    5.3874E+01    2.5543E+01    2.0712E+01    1.8333E+01    6.7092E+01    5.1005E+01    1.7953E+01    4.9642E+00    1.6026E+01    5.7964E+00    9.9090E+00
 6.1238E+02    4.6027E+01    5.3899E+01    2.5774E+01    2.0712E+01    1.8349E+01    6.7111E+01    5.1035E+01    1.8001E+01    4.9438E+00    1.6087E+01    5.9237E+00    1.0016E+01
 6.1288E+02    4.6017E+01    5.3900E+01    2.5869E+01    2.0715E+01    1.8349E+01    6.7142E+01    5.1044E+01    1.8035E+01    4.9438E+00    1.6168E+01    5.7506E+00    1.0016E+01
 6.1339E+02    4.6031E+01    5.3914E+01    2.5885E+01    2.0697E+01    1.8368E+01    6.7162E+01    5.1044E+01    1.8065E+01    4.9438E+00    1.6250E+01    5.9593E+00    1.0016E+01
 6.1396E+02    4.6049E+01    5.3914E+01    2.6004E+01    2.0772E+01    1.8315E+01    6.7148E+01    5.1079E+01    1.8124E+01    4.9438E+00    1.6168E+01    5.8066E+00    1.0016E+01
 6.1446E+02    4.6012E+01    5.3910E+01    2.6022E+01    2.0741E+01    1.8243E+01    6.7148E+01    5.1103E+01    1.8147E+01    4.9642E+00    1.6148E+01    5.7557E+00    1.0016E+01
 6.1496E+02    4.6019E+01    5.3913E+01    2.6048E+01    2.0741E+01    1.8169E+01    6.7160E+01    5.1129E+01    1.8147E+01    4.9642E+00    1.6148E+01    5.7811E+00    1.0016E+01
 6.1546E+02    4.6004E+01    5.3891E+01    2.6004E+01    2.0796E+01    1.8080E+01    6.7143E+01    5.1141E+01    1.8196E+01    4.9642E+00    1.6250E+01    5.7557E+00    9.9090E+00
 6.1605E+02    4.6038E+01    5.3903E+01    2.5907E+01    2.0757E+01    1.8080E+01    6.7154E+01    5.1166E+01    1.8204E+01    4.9642E+00    1.6168E+01    5.8168E+00    9.9090E+00
 6.1655E+02    4.6044E+01    5.3916E+01    2.5923E+01    2.0791E+01    1.7953E+01    6.7150E+01    5.1166E+01    1.8249E+01    4.9642E+00    1.6087E+01    5.9288E+00    9.9090E+00
 6.1705E+02    4.6057E+01    5.3916E+01    2.5860E+01    2.0711E+01    1.7594E+01    6.7145E+01    5.1164E+01    1.8276E+01    4.9846E+00    1.6168E+01    5.7913E+00    1.0016E+01
 6.1755E+02    4.6055E+01    5.3919E+01    2.5694E+01    2.0832E+01    1.6807E+01    6.7131E+01    5.1182E+01    1.8276E+01    4.9642E+00    1.6270E+01    5.8117E+00    1.0121E+01
 6.1813E+02    4.6055E+01    5.3943E+01    2.5520E+01    2.0832E+01    1.6329E+01    6.7104E+01    5.1185E+01    1.8280E+01    4.9846E+00    1.6209E+01    5.9542E+00    1.0016E+01
 6.1863E+02    4.6055E+01    5.3945E+01    2.5436E+01    2.0871E+01    1.6117E+01    6.7104E+01    5.1219E+01    1.8328E+01    4.9846E+00    1.6168E+01    5.8015E+00    1.0016E+01
 6.1913E+02    4.6042E+01    5.3938E+01    2.5970E+01    2.0967E+01    1.6101E+01    6.7102E+01    5.1204E+01    1.8358E+01    4.9846E+00    1.6148E+01    5.9389E+00    9.9090E+00
 6.1963E+02    4.6057E+01    5.3938E+01    2.5970E+01    2.0992E+01    1.5998E+01    6.7102E+01    5.1213E+01    1.8371E+01    5.0050E+00    1.6250E+01    5.7913E+00    1.0121E+01
 6.2022E+02    4.6068E+01    5.3962E+01    2.5768E+01    2.0977E+01    1.5928E+01    6.7107E+01    5.1207E+01    1.8373E+01    5.0050E+00    1.6209E+01    5.9695E+00    1.0016E+01
 6.2072E+02    4.6067E+01    5.3969E+01    2.6076E+01    2.0930E+01    1.5902E+01    6.7107E+01    5.1222E+01    1.8378E+01    5.0050E+00    1.6168E+01    5.7709E+00    1.0016E+01
 6.2122E+02    4.6092E+01    5.3972E+01    2.5985E+01    2.0946E+01    1.5887E+01    6.7101E+01    5.1224E+01    1.8378E+01    4.9846E+00    1.6168E+01    5.9542E+00    9.9090E+00
 6.2172E+02    4.6092E+01    5.3997E+01    2.5931E+01    2.0948E+01    1.5887E+01    6.7098E+01    5.1231E+01    1.8372E+01    4.9846E+00    1.6311E+01    5.7709E+00    1.0016E+01
 6.2229E+02    4.6090E+01    5.3995E+01    2.6198E+01    2.0924E+01    1.5849E+01    6.7062E+01    5.1216E+01    1.8308E+01    5.0050E+00    1.6270E+01    5.8931E+00    1.0121E+01
 6.2279E+02    4.6078E+01    5.4004E+01    2.6198E+01    2.1073E+01    1.5841E+01    6.7023E+01    5.1214E+01    1.8238E+01    4.9846E+00    1.6250E+01    5.9746E+00    1.0016E+01
 6.2329E+02    4.6100E+01    5.4019E+01    2.6345E+01    2.1059E+01    1.5799E+01    6.7023E+01    5.1218E+01    1.8225E+01    4.9642E+00    1.6148E+01    5.9135E+00    1.0121E+01
 6.2379E+02    4.6121E+01    5.4035E+01    2.6117E+01    2.1127E+01    1.5728E+01    6.7034E+01    5.1222E+01    1.8225E+01    4.9846E+00    1.6229E+01    5.9593E+00    1.0121E+01
 6.2440E+02    4.6121E+01    5.4039E+01    2.5812E+01    2.1111E+01    1.5699E+01    6.7051E+01    5.1208E+01    1.8200E+01    4.9846E+00    1.6311E+01    5.7862E+00    1.0121E+01
 6.2490E+02    4.6121E+01    5.4033E+01    2.5861E+01    2.1183E+01    1.5710E+01    6.7065E+01    5.1204E+01    1.8182E+01    4.9846E+00    1.6290E+01    5.8880E+00    1.0016E+01
 6.2540E+02    4.6109E+01    5.4035E+01    2.5728E+01    2.1169E+01    1.5710E+01    6.7068E+01    5.1204E+01    1.8131E+01    4.9846E+00    1.6311E+01    5.7811E+00    1.0016E+01
 6.2590E+02    4.6117E+01    5.4035E+01    2.5728E+01    2.1190E+01    1.5705E+01    6.7069E+01    5.1196E+01    1.8088E+01    4.9846E+00    1.6229E+01    5.9746E+00    1.0016E+01
# Time (s)      T1w (C)       T2w (C)       T1a (C)       T2a (C)       T1r (C)       T2r (C)       T3r (C)       T4r (C)       P1 (bar)      P2 (bar)      Ic (amp)      Qc (l/min)    
 6.2649E+02    4.6133E+01    5.4054E+01    2.5877E+01    2.1160E+01    1.5701E+01    6.7077E+01    5.1203E+01    1.8067E+01    4.9642E+00    1.6168E+01    5.8626E+00    1.0016E+01
 6.2699E+02    4.6134E+01    5.4059E+01    2.5736E+01    2.1215E+01    1.5672E+01    6.7077E+01    5.1192E+01    1.8037E+01    4.9438E+00    1.6270E+01    5.8931E+00    9.9090E+00
 6.2749E+02    4.6134E+01    5.4090E+01    2.5893E+01    2.1215E+01    1.5647E+01    6.7074E+01    5.1166E+01    1.8021E+01    4.9846E+00    1.6290E+01    5.8931E+00    9.9090E+00
 6.2800E+02    4.6141E+01    5.4098E+01    2.5986E+01    2.1135E+01    1.5647E+01    6.7104E+01    5.1160E+01    1.8002E+01    4.9642E+00    1.6250E+01    5.9746E+00    9.9090E+00
 6.2859E+02    4.6167E+01    5.4100E+01    2.6113E+01    2.1171E+01    1.5675E+01    6.7130E+01    5.1151E+01    1.7958E+01    4.9846E+00    1.6148E+01    5.8575E+00    1.0016E+01
 6.2909E+02    4.6172E+01    5.4114E+01    2.6113E+01    2.1118E+01    1.5716E+01    6.7154E+01    5.1151E+01    1.7925E+01    4.9846E+00    1.6331E+01    5.8982E+00    1.0016E+01
 6.2959E+02    4.6172E+01    5.4114E+01    2.5998E+01    2.1166E+01    1.5745E+01    6.7160E+01    5.1134E+01    1.7856E+01    4.9846E+00    1.6270E+01    5.8982E+00    9.9090E+00
 6.3009E+02    4.6173E+01    5.4131E+01    2.6067E+01    2.1111E+01    1.5733E+01    6.7160E+01    5.1118E+01    1.7856E+01    4.9642E+00    1.6250E+01    5.8575E+00    1.0121E+01
 6.3066E+02    4.6176E+01    5.4152E+01    2.5990E+01    2.1111E+01    1.5714E+01    6.7175E+01    5.1087E+01    1.7832E+01    4.9642E+00    1.6188E+01    5.7760E+00    9.9090E+00
 6.3116E+02    4.6176E+01    5.4170E+01    2.5848E+01    2.1030E+01    1.5714E+01    6.7161E+01    5.1084E+01    1.7806E+01    4.9642E+00    1.6209E+01    5.8677E+00    1.0016E+01
 6.3166E+02    4.6184E+01    5.4170E+01    2.5934E+01    2.1015E+01    1.5660E+01    6.7154E+01    5.1084E+01    1.7794E+01    4.9642E+00    1.6351E+01    5.7862E+00    1.0016E+01
 6.3216E+02    4.6193E+01    5.4170E+01    2.5934E+01    2.0937E+01    1.5639E+01    6.7166E+01    5.1068E+01    1.7768E+01    4.9642E+00    1.6290E+01    5.9084E+00    1.0121E+01
 6.3276E+02    4.6190E+01    5.4173E+01    2.5998E+01    2.0972E+01    1.5664E+01    6.7148E+01    5.1053E+01    1.7745E+01    4.9642E+00    1.6209E+01    5.7760E+00    1.0016E+01
 6.3326E+02    4.6172E+01    5.4170E+01    2.5557E+01    2.0863E+01    1.5636E+01    6.7134E+01    5.1015E+01    1.7729E+01    4.9642E+00    1.6311E+01    5.9949E+00    1.0121E+01
 6.3376E+02    4.6172E+01    5.4186E+01    2.5331E+01    2.0863E+01    1.5630E+01    6.7136E+01    5.0992E+01    1.7708E+01    4.9642E+00    1.6250E+01    5.8779E+00    9.8010E+00
 6.3426E+02    4.6181E+01    5.4184E+01    2.5092E+01    2.0905E+01    1.5614E+01    6.7114E+01    5.0957E+01    1.7661E+01    4.9642E+00    1.6270E+01    5.9949E+00    9.9090E+00
 6.3483E+02    4.6198E+01    5.4180E+01    2.5013E+01    2.0935E+01    1.5633E+01    6.7136E+01    5.0957E+01    1.7636E+01    4.9642E+00    1.6229E+01    5.7964E+00    1.0016E+01
 6.3533E+02    4.6181E+01    5.4180E+01    2.5013E+01    2.0982E+01    1.5642E+01    6.7126E+01    5.0946E+01    1.7617E+01    4.9642E+00    1.6209E+01    5.7811E+00    1.0121E+01
 6.3583E+02    4.6195E+01    5.4200E+01    2.5089E+01    2.0866E+01    1.5601E+01    6.7126E+01    5.0940E+01    1.7600E+01    4.9438E+00    1.6412E+01    5.7913E+00    9.9090E+00
 6.3633E+02    4.6199E+01    5.4209E+01    2.5133E+01    2.0852E+01    1.5568E+01    6.7115E+01    5.0908E+01    1.7600E+01    4.9438E+00    1.6351E+01    5.7913E+00    1.0016E+01
 6.3693E+02    4.6212E+01    5.4215E+01    2.5528E+01    2.0852E+01    1.5555E+01    6.7121E+01    5.0870E+01    1.7573E+01    4.9234E+00    1.6229E+01    5.7964E+00    1.0016E+01
 6.3743E+02    4.6242E+01    5.4255E+01    2.5469E+01    2.0935E+01    1.5555E+01    6.7125E+01    5.0848E+01    1.7577E+01    4.9234E+00    1.6311E+01    5.9339E+00    9.9090E+00
 6.3793E+02    4.6232E+01    5.4255E+01    2.5320E+01    2.0803E+01    1.5510E+01    6.7155E+01    5.0848E+01    1.7530E+01    4.9234E+00    1.6250E+01    5.9186E+00    1.0121E+01
 6.3843E+02    4.6277E+01    5.4270E+01    2.5336E+01    2.0854E+01    1.5523E+01    6.7187E+01    5.0868E+01    1.7519E+01    4.9234E+00    1.6290E+01    5.8575E+00    1.0121E+01
 6.3900E+02    4.6287E+01    5.4276E+01    2.5087E+01    2.0819E+01    1.5506E+01    6.7187E+01    5.0859E+01    1.7507E+01    4.9234E+00    1.6311E+01    5.8168E+00    1.0016E+01
 6.3950E+02    4.6313E+01    5.4308E+01    2.5221E+01    2.0768E+01    1.5471E+01    6.7201E+01    5.0810E+01    1.7491E+01    4.9234E+00    1.6209E+01    5.8015E+00    1.0121E+01
 6.4000E+02    4.6313E+01    5.4308E+01    2.5187E+01    2.0768E+01    1.5513E+01    6.7218E+01    5.0794E+01    1.7468E+01    4.9234E+00    1.6392E+01    5.9440E+00    1.0016E+01
 6.4050E+02    4.6356E+01    5.4330E+01    2.5229E+01    2.0797E+01    1.5513E+01    6.7231E+01    5.0794E+01    1.7443E+01    4.9234E+00    1.6372E+01    5.7964E+00    1.0016E+01
 6.4110E+02    4.6363E+01    5.4347E+01    2.5017E+01    2.0884E+01    1.5568E+01    6.7262E+01    5.0779E+01    1.7420E+01    4.9438E+00    1.6270E+01    5.9695E+00    1.0016E+01
 6.4160E+02    4.6390E+01    5.4362E+01    2.5033E+01    2.0825E+01    1.5630E+01    6.7288E+01    5.0784E+01    1.7409E+01    4.9234E+00    1.6392E+01    5.8168E+00    1.0016E+01
# Time (s)      T1w (C)       T2w (C)       T1a (C)       T2a (C)       T1r (C)       T2r (C)       T3r (C)       T4r (C)       P1 (bar)      P2 (bar)      Ic (amp)      Qc (l/min)    
 6.4210E+02    4.6372E+01    5.4359E+01    2.4975E+01    2.0759E+01    1.5640E+01    6.7288E+01    5.0774E+01    1.7382E+01    4.9234E+00    1.6412E+01    5.9644E+00    1.0121E+01
 6.4260E+02    4.6405E+01    5.4361E+01    2.5113E+01    2.0775E+01    1.5701E+01    6.7282E+01    5.0749E+01    1.7366E+01    4.9234E+00    1.6331E+01    5.8269E+00    1.0121E+01
 6.4317E+02    4.6405E+01    5.4375E+01    2.4912E+01    2.0699E+01    1.5760E+01    6.7282E+01    5.0730E+01    1.7330E+01    4.9234E+00    1.6311E+01    5.9135E+00    9.9090E+00
 6.4367E+02    4.6410E+01    5.4394E+01    2.4946E+01    2.0799E+01    1.5776E+01    6.7302E+01    5.0740E+01    1.7307E+01    4.9234E+00    1.6270E+01    5.9848E+00    9.8010E+00
 6.4417E+02    4.6428E+01    5.4416E+01    2.4946E+01    2.0816E+01    1.5772E+01    6.7296E+01    5.0740E+01    1.7304E+01    4.9234E+00    1.6412E+01    5.9339E+00    9.9090E+00
 6.4467E+02    4.6445E+01    5.4416E+01    2.5103E+01    2.0934E+01    1.5729E+01    6.7281E+01    5.0722E+01    1.7283E+01    4.9030E+00    1.6209E+01    5.8422E+00    1.0121E+01
 6.4526E+02    4.6433E+01    5.4400E+01    2.5018E+01    2.0853E+01    1.5777E+01    6.7288E+01    5.0713E+01    1.7244E+01    4.9030E+00    1.6290E+01    5.8829E+00    1.0121E+01
 6.4576E+02    4.6435E+01    5.4415E+01    2.5043E+01    2.0853E+01    1.5832E+01    6.7280E+01    5.0695E+01    1.7228E+01    4.9030E+00    1.6209E+01    5.8931E+00    1.0016E+01
 6.4627E+02    4.6435E+01    5.4419E+01    2.5161E+01    2.0879E+01    1.5914E+01    6.7318E+01    5.0693E+01    1.7217E+01    4.9234E+00    1.6392E+01    5.9084E+00    1.0016E+01
 6.4677E+02    4.6437E+01    5.4412E+01    2.5660E+01    2.0900E+01    1.5930E+01    6.7333E+01    5.0708E+01    1.7207E+01    4.9030E+00    1.6351E+01    5.8677E+00    1.0016E+01
 6.4734E+02    4.6446E+01    5.4419E+01    2.5660E+01    2.0920E+01    1.5998E+01    6.7338E+01    5.0683E+01    1.7181E+01    4.9030E+00    1.6311E+01    5.7760E+00    9.9090E+00
 6.4784E+02    4.6461E+01    5.4419E+01    2.5749E+01    2.0875E+01    1.6129E+01    6.7347E+01    5.0679E+01    1.7156E+01    4.9234E+00    1.6270E+01    5.8575E+00    9.9090E+00
 6.4834E+02    4.6463E+01    5.4400E+01    2.5513E+01    2.0822E+01    1.6267E+01    6.7361E+01    5.0684E+01    1.7172E+01    4.9234E+00    1.6331E+01    5.7760E+00    1.0016E+01
 6.4884E+02    4.6463E+01    5.4408E+01    2.5433E+01    2.0822E+01    1.6405E+01    6.7363E+01    5.0674E+01    1.7169E+01    4.9030E+00    1.6412E+01    5.8880E+00    1.0121E+01
 6.4943E+02    4.6463E+01    5.4413E+01    2.5560E+01    2.0842E+01    1.6542E+01    6.7373E+01    5.0698E+01    1.7173E+01    4.9030E+00    1.6311E+01    5.7811E+00    1.0016E+01
 6.4993E+02    4.6461E+01    5.4421E+01    2.5199E+01    2.0869E+01    1.6542E+01    6.7376E+01    5.0698E+01    1.7160E+01    4.9030E+00    1.6270E+01    5.9797E+00    9.9090E+00
 6.5043E+02    4.6476E+01    5.4418E+01    2.5214E+01    2.0900E+01    1.6674E+01    6.7397E+01    5.0681E+01    1.7180E+01    4.9234E+00    1.6331E+01    5.7709E+00    1.0121E+01
 6.5093E+02    4.6485E+01    5.4418E+01    2.5292E+01    2.0914E+01    1.6773E+01    6.7397E+01    5.0697E+01    1.7200E+01    4.9030E+00    1.6270E+01    5.8524E+00    9.9090E+00
 6.5151E+02    4.6507E+01    5.4447E+01    2.5248E+01    2.0936E+01    1.6891E+01    6.7399E+01    5.0704E+01    1.7216E+01    4.9030E+00    1.6331E+01    5.7964E+00    9.9090E+00
 6.5201E+02    4.6507E+01    5.4454E+01    2.5457E+01    2.0936E+01    1.6949E+01    6.7429E+01    5.0719E+01    1.7248E+01    4.9030E+00    1.6331E+01    5.7862E+00    1.0016E+01
 6.5251E+02    4.6537E+01    5.4463E+01    2.5825E+01    2.0881E+01    1.6949E+01    6.7467E+01    5.0734E+01    1.7289E+01    4.9030E+00    1.6270E+01    5.7811E+00    1.0016E+01
 6.5301E+02    4.6522E+01    5.4457E+01    2.6145E+01    2.0822E+01    1.6981E+01    6.7458E+01    5.0734E+01    1.7313E+01    4.9030E+00    1.6372E+01    5.7709E+00    1.0016E+01
 6.5360E+02    4.6566E+01    5.4468E+01    2.6160E+01    2.0808E+01    1.7050E+01    6.7464E+01    5.0746E+01    1.7359E+01    4.9030E+00    1.6311E+01    5.7913E+00    1.0121E+01
 6.5410E+02    4.6579E+01    5.4468E+01    2.6187E+01    2.0907E+01    1.7085E+01    6.7464E+01    5.0759E+01    1.7401E+01    4.8826E+00    1.6250E+01    5.8066E+00    9.9090E+00
 6.5460E+02    4.6594E+01    5.4483E+01    2.5997E+01    2.1045E+01    1.7112E+01    6.7474E+01    5.0771E+01    1.7385E+01    4.9030E+00    1.6270E+01    5.7709E+00    9.9090E+00
 6.5510E+02    4.6594E+01    5.4467E+01    2.6014E+01    2.1045E+01    1.7144E+01    6.7492E+01    5.0776E+01    1.7407E+01    4.9030E+00    1.6372E+01    5.8524E+00    9.9090E+00
 6.5567E+02    4.6587E+01    5.4488E+01    2.5528E+01    2.0942E+01    1.7144E+01    6.7509E+01    5.0819E+01    1.7456E+01    4.9030E+00    1.6331E+01    5.9339E+00    1.0121E+01
 6.5617E+02    4.6620E+01    5.4472E+01    2.5452E+01    2.0977E+01    1.7207E+01    6.7522E+01    5.0819E+01    1.7477E+01    4.9030E+00    1.6270E+01    5.7760E+00    1.0121E+01
 6.5667E+02    4.6606E+01    5.4472E+01    2.5452E+01    2.1001E+01    1.7258E+01    6.7534E+01    5.0827E+01    1.7494E+01    4.9030E+00    1.6229E+01    5.9084E+00    9.9090E+00
 6.5717E+02    4.6602E+01    5.4466E+01    2.5619E+01    2.0919E+01    1.7336E+01    6.7534E+01    5.0866E+01    1.7520E+01    4.9234E+00    1.6331E+01    5.7709E+00    9.9090E+00
# Time (s)      T1w (C)       T2w (C)       T1a (C)       T2a (C)       T1r (C)       T2r (C)       T3r (C)       T4r (C)       P1 (bar)      P2 (bar)      Ic (amp)      Qc (l/min)    
 6.5778E+02    4.6637E+01    5.4445E+01    2.5985E+01    2.0926E+01    1.7390E+01    6.7550E+01    5.0875E+01    1.7504E+01    4.9030E+00    1.6372E+01    5.8117E+00    1.0016E+01
 6.5828E+02    4.6637E+01    5.4478E+01    2.6107E+01    2.0926E+01    1.7460E+01    6.7520E+01    5.0887E+01    1.7513E+01    4.9030E+00    1.6290E+01    5.7760E+00    1.0121E+01
 6.5878E+02    4.6602E+01    5.4457E+01    2.6222E+01    2.0953E+01    1.7476E+01    6.7541E+01    5.0932E+01    1.7554E+01    4.9030E+00    1.6331E+01    5.9797E+00    1.0121E+01
 6.5928E+02    4.6601E+01    5.4457E+01    2.6177E+01    2.1045E+01    1.7566E+01    6.7552E+01    5.0932E+01    1.7575E+01    4.9030E+00    1.6270E+01    5.7760E+00    1.0016E+01
 6.5985E+02    4.6614E+01    5.4442E+01    2.6161E+01    2.1025E+01    1.7647E+01    6.7552E+01    5.0958E+01    1.7604E+01    4.9030E+00    1.6229E+01    5.8066E+00    1.0016E+01
 6.6035E+02    4.6620E+01    5.4449E+01    2.6179E+01    2.0973E+01    1.7700E+01    6.7552E+01    5.0995E+01    1.7603E+01    4.9030E+00    1.6188E+01    5.9695E+00    1.0121E+01
 6.6085E+02    4.6626E+01    5.4433E+01    2.5528E+01    2.0988E+01    1.7751E+01    6.7567E+01    5.0995E+01    1.7587E+01    4.9234E+00    1.6351E+01    5.8320E+00    1.0016E+01
 6.6135E+02    4.6626E+01    5.4432E+01    2.5418E+01    2.0988E+01    1.7783E+01    6.7564E+01    5.1033E+01    1.7627E+01    4.9234E+00    1.6331E+01    5.9848E+00    1.0016E+01
 6.6195E+02    4.6620E+01    5.4435E+01    2.5227E+01    2.1122E+01    1.7799E+01    6.7601E+01    5.1084E+01    1.7684E+01    4.9234E+00    1.6209E+01    5.7964E+00    9.9090E+00
 6.6245E+02    4.6610E+01    5.4416E+01    2.5550E+01    2.1077E+01    1.7839E+01    6.7618E+01    5.1084E+01    1.7728E+01    4.9234E+00    1.6229E+01    5.9389E+00    1.0016E+01
 6.6295E+02    4.6601E+01    5.4401E+01    2.5550E+01    2.1095E+01    1.7883E+01    6.7626E+01    5.1091E+01    1.7749E+01    4.9234E+00    1.6372E+01    5.8371E+00    1.0016E+01
 6.6345E+02    4.6616E+01    5.4424E+01    2.5863E+01    2.1182E+01    1.7924E+01    6.7626E+01    5.1130E+01    1.7749E+01    4.9234E+00    1.6270E+01    5.9237E+00    1.0016E+01
 6.6403E+02    4.6609E+01    5.4425E+01    2.6045E+01    2.1094E+01    1.7986E+01    6.7632E+01    5.1153E+01    1.7808E+01    4.9438E+00    1.6331E+01    5.8117E+00    9.9090E+00
 6.6453E+02    4.6594E+01    5.4405E+01    2.6139E+01    2.1078E+01    1.8015E+01    6.7613E+01    5.1191E+01    1.7839E+01    4.9438E+00    1.6392E+01    5.7811E+00    1.0121E+01
 6.6503E+02    4.6601E+01    5.4412E+01    2.6131E+01    2.1110E+01    1.8015E+01    6.7640E+01    5.1214E+01    1.7852E+01    4.9438E+00    1.6331E+01    5.9797E+00    9.9090E+00
 6.6553E+02    4.6614E+01    5.4404E+01    2.6115E+01    2.0978E+01    1.8037E+01    6.7613E+01    5.1199E+01    1.7905E+01    4.9438E+00    1.6229E+01    5.7709E+00    9.9090E+00
 6.6613E+02    4.6584E+01    5.4404E+01    2.5947E+01    2.1027E+01    1.8061E+01    6.7607E+01    5.1230E+01    1.7918E+01    4.9642E+00    1.6229E+01    5.9491E+00    9.8010E+00
 6.6663E+02    4.6593E+01    5.4404E+01    2.5897E+01    2.1092E+01    1.8102E+01    6.7607E+01    5.1250E+01    1.7951E+01    4.9642E+00    1.6250E+01    5.7760E+00    1.0225E+01
 6.6713E+02    4.6594E+01    5.4397E+01    2.5793E+01    2.1092E+01    1.8163E+01    6.7609E+01    5.1273E+01    1.7951E+01    4.9642E+00    1.6311E+01    5.9491E+00    9.9090E+00
 6.6763E+02    4.6579E+01    5.4403E+01    2.5786E+01    2.0991E+01    1.8157E+01    6.7600E+01    5.1289E+01    1.7961E+01    4.9642E+00    1.6392E+01    5.7862E+00    1.0121E+01
 6.6820E+02    4.6589E+01    5.4398E+01    2.5650E+01    2.0981E+01    1.8157E+01    6.7592E+01    5.1304E+01    1.8002E+01    4.9642E+00    1.6351E+01    5.9440E+00    1.0016E+01
 6.6870E+02    4.6574E+01    5.4407E+01    2.5650E+01    2.0908E+01    1.8174E+01    6.7607E+01    5.1289E+01    1.8004E+01    4.9642E+00    1.6311E+01    5.9644E+00    1.0121E+01
 6.6920E+02    4.6587E+01    5.4407E+01    2.5514E+01    2.0892E+01    1.8195E+01    6.7623E+01    5.1326E+01    1.8040E+01    4.9642E+00    1.6270E+01    5.9644E+00    1.0121E+01
 6.6970E+02    4.6584E+01    5.4397E+01    2.5449E+01    2.0837E+01    1.8199E+01    6.7623E+01    5.1342E+01    1.8040E+01    4.9642E+00    1.6351E+01    5.9593E+00    1.0121E+01
 6.7030E+02    4.6592E+01    5.4421E+01    2.5376E+01    2.0907E+01    1.8197E+01    6.7626E+01    5.1353E+01    1.8063E+01    4.9642E+00    1.6351E+01    5.9288E+00    1.0016E+01
 6.7080E+02    4.6592E+01    5.4421E+01    2.5383E+01    2.0907E+01    1.8124E+01    6.7609E+01    5.1357E+01    1.8087E+01    4.9642E+00    1.6311E+01    5.8524E+00    9.9090E+00
 6.7130E+02    4.6585E+01    5.4410E+01    2.5416E+01    2.0910E+01    1.8124E+01    6.7617E+01    5.1357E+01    1.8119E+01    4.9642E+00    1.6270E+01    5.9440E+00    9.9090E+00
 6.7180E+02    4.6588E+01    5.4428E+01    2.5416E+01    2.0941E+01    1.8049E+01    6.7641E+01    5.1369E+01    1.8177E+01    4.9846E+00    1.6412E+01    5.8168E+00    1.0016E+01
 6.7237E+02    4.6609E+01    5.4428E+01    2.5225E+01    2.0846E+01    1.7971E+01    6.7669E+01    5.1401E+01    1.8202E+01    4.9846E+00    1.6412E+01    5.7862E+00    1.0016E+01
 6.7287E+02    4.6588E+01    5.4428E+01    2.5112E+01    2.0846E+01    1.7727E+01    6.7669E+01    5.1421E+01    1.8202E+01    4.9846E+00    1.6351E+01    5.9186E+00    9.9090E+00
# Time (s)      T1w (C)       T2w (C)       T1a (C)       T2a (C)       T1r (C)       T2r (C)       T3r (C)       T4r (C)       P1 (bar)      P2 (bar)      Ic (amp)      Qc (l/min)    
 6.7337E+02    4.6588E+01    5.4446E+01    2.5063E+01    2.0846E+01    1.7281E+01    6.7671E+01    5.1437E+01    1.8241E+01    4.9846E+00    1.6229E+01    5.8015E+00    1.0121E+01
 6.7387E+02    4.6585E+01    5.4420E+01    2.5012E+01    2.0867E+01    1.7281E+01    6.7687E+01    5.1455E+01    1.8278E+01    4.9846E+00    1.6290E+01    5.9542E+00    1.0121E+01
 6.7447E+02    4.6599E+01    5.4437E+01    2.4937E+01    2.0739E+01    1.6878E+01    6.7697E+01    5.1455E+01    1.8308E+01    4.9846E+00    1.6412E+01    5.7964E+00    1.0225E+01
 6.7497E+02    4.6584E+01    5.4430E+01    2.4921E+01    2.0876E+01    1.6469E+01    6.7694E+01    5.1472E+01    1.8318E+01    4.9846E+00    1.6311E+01    5.9949E+00    1.0121E+01
 6.7547E+02    4.6611E+01    5.4430E+01    2.4812E+01    2.0968E+01    1.6217E+01    6.7694E+01    5.1493E+01    1.8367E+01    4.9846E+00    1.6250E+01    5.7913E+00    1.0121E+01
 6.7597E+02    4.6605E+01    5.4428E+01    2.4825E+01    2.0842E+01    1.6114E+01    6.7689E+01    5.1535E+01    1.8367E+01    4.9846E+00    1.6392E+01    5.9797E+00    9.8010E+00
 6.7654E+02    4.6600E+01    5.4425E+01    2.4716E+01    2.0842E+01    1.6006E+01    6.7703E+01    5.1531E+01    1.8391E+01    5.0050E+00    1.6311E+01    5.9084E+00    9.9090E+00
 6.7704E+02    4.6585E+01    5.4423E+01    2.4654E+01    2.0853E+01    1.6006E+01    6.7726E+01    5.1549E+01    1.8406E+01    5.0050E+00    1.6392E+01    5.8015E+00    1.0121E+01
 6.7754E+02    4.6589E+01    5.4433E+01    2.4630E+01    2.0801E+01    1.5979E+01    6.7747E+01    5.1549E+01    1.8431E+01    5.0050E+00    1.6270E+01    5.7964E+00    1.0016E+01
 6.7804E+02    4.6596E+01    5.4433E+01    2.4630E+01    2.0796E+01    1.5977E+01    6.7770E+01    5.1570E+01    1.8430E+01    5.0050E+00    1.6311E+01    5.8677E+00    1.0121E+01
 6.7865E+02    4.6628E+01    5.4433E+01    2.4674E+01    2.0791E+01    1.5911E+01    6.7769E+01    5.1572E+01    1.8421E+01    4.9846E+00    1.6351E+01    5.9237E+00    1.0016E+01
 6.7915E+02    4.6615E+01    5.4442E+01    2.4694E+01    2.0883E+01    1.5888E+01    6.7769E+01    5.1586E+01    1.8421E+01    5.0050E+00    1.6290E+01    6.0051E+00    1.0121E+01
 6.7965E+02    4.6615E+01    5.4457E+01    2.4624E+01    2.0883E+01    1.5819E+01    6.7731E+01    5.1574E+01    1.8375E+01    4.9846E+00    1.6474E+01    5.8931E+00    9.9090E+00
 6.8015E+02    4.6626E+01    5.4452E+01    2.4689E+01    2.0807E+01    1.5819E+01    6.7742E+01    5.1580E+01    1.8353E+01    4.9846E+00    1.6392E+01    5.8117E+00    1.0016E+01
 6.8072E+02    4.6616E+01    5.4463E+01    2.4688E+01    2.0682E+01    1.5787E+01    6.7735E+01    5.1580E+01    1.8327E+01    4.9846E+00    1.6351E+01    6.0153E+00    9.9090E+00
 6.8122E+02    4.6616E+01    5.4463E+01    2.4688E+01    2.0702E+01    1.5782E+01    6.7721E+01    5.1579E+01    1.8294E+01    4.9846E+00    1.6351E+01    5.9339E+00    1.0121E+01
 6.8172E+02    4.6605E+01    5.4453E+01    2.4698E+01    2.0776E+01    1.5761E+01    6.7721E+01    5.1569E+01    1.8242E+01    5.0050E+00    1.6351E+01    5.9237E+00    1.0016E+01
 6.8222E+02    4.6609E+01    5.4466E+01    2.4753E+01    2.0756E+01    1.5796E+01    6.7716E+01    5.1561E+01    1.8242E+01    5.0050E+00    1.6494E+01    5.9135E+00    1.0016E+01
 6.8281E+02    4.6594E+01    5.4471E+01    2.4960E+01    2.0741E+01    1.5774E+01    6.7696E+01    5.1543E+01    1.8197E+01    4.9846E+00    1.6412E+01    6.0102E+00    1.0121E+01
 6.8331E+02    4.6589E+01    5.4473E+01    2.4782E+01    2.0604E+01    1.5774E+01    6.7694E+01    5.1533E+01    1.8136E+01    4.9846E+00    1.6351E+01    5.8066E+00    1.0016E+01
 6.8381E+02    4.6624E+01    5.4496E+01    2.5009E+01    2.0764E+01    1.5781E+01    6.7729E+01    5.1548E+01    1.8112E+01    4.9846E+00    1.6433E+01    6.0204E+00    1.0121E+01
 6.8431E+02    4.6616E+01    5.4496E+01    2.5009E+01    2.0739E+01    1.5764E+01    6.7745E+01    5.1550E+01    1.8069E+01    5.0050E+00    1.6494E+01    5.8117E+00    9.9090E+00
 6.8489E+02    4.6636E+01    5.4507E+01    2.5256E+01    2.0868E+01    1.5740E+01    6.7730E+01    5.1498E+01    1.8020E+01    4.9846E+00    1.6433E+01    5.8728E+00    9.9090E+00
 6.8539E+02    4.6649E+01    5.4540E+01    2.5334E+01    2.0869E+01    1.5722E+01    6.7749E+01    5.1502E+01    1.8020E+01    4.9846E+00    1.6433E+01    6.0255E+00    1.0121E+01
 6.8589E+02    4.6649E+01    5.4530E+01    2.5610E+01    2.0869E+01    1.5669E+01    6.7767E+01    5.1475E+01    1.7982E+01    4.9846E+00    1.6372E+01    5.9084E+00    1.0016E+01
 6.8639E+02    4.6659E+01    5.4550E+01    2.5666E+01    2.0703E+01    1.5669E+01    6.7788E+01    5.1465E+01    1.7952E+01    4.9642E+00    1.6494E+01    6.0204E+00    1.0016E+01
 6.8698E+02    4.6648E+01    5.4545E+01    2.5642E+01    2.0806E+01    1.5638E+01    6.7786E+01    5.1465E+01    1.7942E+01    4.9642E+00    1.6474E+01    5.8931E+00    1.0016E+01
 6.8748E+02    4.6651E+01    5.4545E+01    2.5642E+01    2.0851E+01    1.5622E+01    6.7797E+01    5.1449E+01    1.7918E+01    4.9642E+00    1.6412E+01    5.9135E+00    1.0016E+01
 6.8798E+02    4.6636E+01    5.4547E+01    2.5664E+01    2.0668E+01    1.5602E+01    6.7797E+01    5.1439E+01    1.7901E+01    4.9642E+00    1.6392E+01    5.9491E+00    1.0016E+01
 6.8848E+02    4.6637E+01    5.4553E+01    2.5756E+01    2.0668E+01    1.5636E+01    6.7796E+01    5.1430E+01    1.7901E+01    4.9642E+00    1.6535E+01    5.8575E+00    1.0121E+01
# Time (s)      T1w (C)       T2w (C)       T1a (C)       T2a (C)       T1r (C)       T2r (C)       T3r (C)       T4r (C)       P1 (bar)      P2 (bar)      Ic (amp)      Qc (l/min)    
 6.8907E+02    4.6622E+01    5.4542E+01    2.5736E+01    2.0781E+01    1.5693E+01    6.7799E+01    5.1398E+01    1.7898E+01    4.9846E+00    1.6514E+01    5.8982E+00    1.0016E+01
 6.8957E+02    4.6630E+01    5.4567E+01    2.5733E+01    2.0715E+01    1.5693E+01    6.7824E+01    5.1394E+01    1.7882E+01    4.9642E+00    1.6372E+01    5.8269E+00    1.0016E+01
 6.9007E+02    4.6613E+01    5.4551E+01    2.5733E+01    2.0750E+01    1.5722E+01    6.7838E+01    5.1394E+01    1.7842E+01    4.9642E+00    1.6392E+01    5.8371E+00    1.0016E+01
 6.9057E+02    4.6635E+01    5.4551E+01    2.5621E+01    2.0753E+01    1.5712E+01    6.7840E+01    5.1362E+01    1.7816E+01    4.9642E+00    1.6351E+01    5.8015E+00    9.9090E+00
 6.9118E+02    4.6625E+01    5.4574E+01    2.5325E+01    2.0750E+01    1.5739E+01    6.7840E+01    5.1329E+01    1.7782E+01    4.9642E+00    1.6392E+01    5.9848E+00    1.0121E+01
 6.9168E+02    4.6619E+01    5.4577E+01    2.5277E+01    2.0744E+01    1.5753E+01    6.7866E+01    5.1311E+01    1.7782E+01    4.9642E+00    1.6555E+01    5.8320E+00    9.9090E+00
 6.9218E+02    4.6634E+01    5.4600E+01    2.5290E+01    2.0744E+01    1.5688E+01    6.7900E+01    5.1288E+01    1.7735E+01    4.9438E+00    1.6433E+01    6.0204E+00    1.0016E+01
 6.9268E+02    4.6650E+01    5.4589E+01    2.5284E+01    2.0673E+01    1.5688E+01    6.7882E+01    5.1266E+01    1.7731E+01    4.9438E+00    1.6392E+01    5.8117E+00    1.0121E+01
 6.9326E+02    4.6651E+01    5.4597E+01    2.5194E+01    2.0629E+01    1.5651E+01    6.7853E+01    5.1266E+01    1.7696E+01    4.9438E+00    1.6351E+01    5.8575E+00    9.9090E+00
 6.9376E+02    4.6651E+01    5.4597E+01    2.5194E+01    2.0670E+01    1.5567E+01    6.7871E+01    5.1245E+01    1.7693E+01    4.9438E+00    1.6433E+01    6.0255E+00    1.0016E+01
 6.9426E+02    4.6651E+01    5.4610E+01    2.5169E+01    2.0614E+01    1.5527E+01    6.7871E+01    5.1230E+01    1.7675E+01    4.9234E+00    1.6453E+01    5.9135E+00    9.9090E+00
 6.9476E+02    4.6651E+01    5.4600E+01    2.5210E+01    2.0614E+01    1.5501E+01    6.7877E+01    5.1205E+01    1.7675E+01    4.9234E+00    1.6433E+01    6.0153E+00    1.0016E+01
 6.9535E+02    4.6650E+01    5.4617E+01    2.5152E+01    2.0592E+01    1.5522E+01    6.7883E+01    5.1184E+01    1.7646E+01    4.9438E+00    1.6351E+01    5.8931E+00    1.0016E+01
 6.9585E+02    4.6642E+01    5.4602E+01    2.5219E+01    2.0619E+01    1.5522E+01    6.7895E+01    5.1171E+01    1.7615E+01    4.9234E+00    1.6555E+01    5.9237E+00    1.0016E+01
 6.9635E+02    4.6637E+01    5.4596E+01    2.5219E+01    2.0643E+01    1.5514E+01    6.7919E+01    5.1171E+01    1.7619E+01    4.9234E+00    1.6474E+01    5.9491E+00    1.0121E+01
 6.9685E+02    4.6657E+01    5.4611E+01    2.5198E+01    2.0699E+01    1.5568E+01    6.7929E+01    5.1152E+01    1.7569E+01    4.9234E+00    1.6412E+01    5.8626E+00    9.9090E+00
 6.9742E+02    4.6679E+01    5.4617E+01    2.5124E+01    2.0724E+01    1.5600E+01    6.7929E+01    5.1122E+01    1.7532E+01    4.9438E+00    1.6372E+01    5.8117E+00    1.0121E+01
 6.9792E+02    4.6650E+01    5.4611E+01    2.5091E+01    2.0687E+01    1.5641E+01    6.7938E+01    5.1131E+01    1.7548E+01    4.9438E+00    1.6412E+01    5.9593E+00    1.0016E+01
 6.9842E+02    4.6650E+01    5.4609E+01    2.5124E+01    2.0687E+01    1.5641E+01    6.7937E+01    5.1110E+01    1.7527E+01    4.9234E+00    1.6494E+01    5.8473E+00    1.0016E+01
 6.9892E+02    4.6656E+01    5.4625E+01    2.5090E+01    2.0666E+01    1.5685E+01    6.7944E+01    5.1124E+01    1.7514E+01    4.9234E+00    1.6433E+01    6.0102E+00    1.0016E+01
 6.9952E+02    4.6661E+01    5.4614E+01    2.5114E+01    2.0619E+01    1.5660E+01    6.7931E+01    5.1104E+01    1.7489E+01    4.9234E+00    1.6351E+01    5.8269E+00    9.9090E+00
 7.0002E+02    4.6686E+01    5.4628E+01    2.5130E+01    2.0666E+01    1.5621E+01    6.7913E+01    5.1089E+01    1.7447E+01    4.9234E+00    1.6575E+01    5.8117E+00    1.0016E+01
 7.0052E+02    4.6671E+01    5.4646E+01    2.5251E+01    2.0622E+01    1.5622E+01    6.7913E+01    5.1071E+01    1.7447E+01    4.9234E+00    1.6474E+01    5.8677E+00    1.0016E+01
 7.0102E+02    4.6671E+01    5.4634E+01    2.5492E+01    2.0622E+01    1.5621E+01    6.7934E+01    5.1057E+01    1.7435E+01    4.9234E+00    1.6433E+01    5.9440E+00    1.0121E+01
 7.0159E+02    4.6671E+01    5.4663E+01    2.5428E+01    2.0612E+01    1.5685E+01    6.7940E+01    5.1022E+01    1.7397E+01    4.9030E+00    1.6372E+01    5.8066E+00    1.0016E+01
 7.0209E+02    4.6690E+01    5.4662E+01    2.5420E+01    2.0688E+01    1.5685E+01    6.7974E+01    5.1022E+01    1.7369E+01    4.9234E+00    1.6392E+01    5.8829E+00    1.0016E+01
 7.0259E+02    4.6706E+01    5.4662E+01    2.5420E+01    2.0644E+01    1.5787E+01    6.7978E+01    5.1007E+01    1.7336E+01    4.9234E+00    1.6494E+01    5.8168E+00    1.0121E+01
 7.0309E+02    4.6728E+01    5.4681E+01    2.5547E+01    2.0770E+01    1.5917E+01    6.7963E+01    5.0987E+01    1.7299E+01    4.9234E+00    1.6372E+01    5.8219E+00    1.0121E+01
 7.0369E+02    4.6731E+01    5.4685E+01    2.5674E+01    2.0780E+01    1.6060E+01    6.7971E+01    5.0972E+01    1.7288E+01    4.9030E+00    1.6433E+01    5.9237E+00    1.0016E+01
 7.0419E+02    4.6731E+01    5.4688E+01    2.5317E+01    2.0780E+01    1.6209E+01    6.7997E+01    5.0983E+01    1.7304E+01    4.9030E+00    1.6494E+01    6.0204E+00    1.0016E+01
# Time (s)      T1w (C)       T2w (C)       T1a (C)       T2a (C)       T1r (C)       T2r (C)       T3r (C)       T4r (C)       P1 (bar)      P2 (bar)      Ic (amp)      Qc (l/min)    
 7.0469E+02    4.6762E+01    5.4688E+01    2.5003E+01    2.0799E+01    1.6209E+01    6.8018E+01    5.1005E+01    1.7262E+01    4.9030E+00    1.6474E+01    5.8320E+00    1.0121E+01
 7.0519E+02    4.6756E+01    5.4691E+01    2.4976E+01    2.0736E+01    1.6293E+01    6.8026E+01    5.0990E+01    1.7241E+01    4.9030E+00    1.6433E+01    5.9746E+00    1.0016E+01
 7.0576E+02    4.6768E+01    5.4702E+01    2.4976E+01    2.0707E+01    1.6368E+01    6.8027E+01    5.0985E+01    1.7203E+01    4.9030E+00    1.6392E+01    5.8066E+00    1.0016E+01
 7.0626E+02    4.6762E+01    5.4702E+01    2.4895E+01    2.0738E+01    1.6410E+01    6.8013E+01    5.0965E+01    1.7198E+01    4.9030E+00    1.6372E+01    5.8422E+00    1.0016E+01
 7.0676E+02    4.6764E+01    5.4692E+01    2.4871E+01    2.0658E+01    1.6471E+01    6.8038E+01    5.0964E+01    1.7214E+01    4.9030E+00    1.6514E+01    5.8066E+00    1.0121E+01
 7.0726E+02    4.6764E+01    5.4686E+01    2.4875E+01    2.0658E+01    1.6567E+01    6.8052E+01    5.0981E+01    1.7238E+01    4.9030E+00    1.6453E+01    5.8982E+00    1.0016E+01
 7.0785E+02    4.6770E+01    5.4671E+01    2.4953E+01    2.0697E+01    1.6567E+01    6.8036E+01    5.0993E+01    1.7241E+01    4.9030E+00    1.6474E+01    5.8575E+00    1.0121E+01
 7.0835E+02    4.6770E+01    5.4700E+01    2.5021E+01    2.0597E+01    1.6661E+01    6.8042E+01    5.0993E+01    1.7246E+01    4.9030E+00    1.6412E+01    5.9440E+00    1.0016E+01
 7.0885E+02    4.6773E+01    5.4700E+01    2.5021E+01    2.0765E+01    1.6742E+01    6.8068E+01    5.1016E+01    1.7267E+01    4.9030E+00    1.6433E+01    5.9186E+00    1.0016E+01
 7.0935E+02    4.6778E+01    5.4688E+01    2.5030E+01    2.0735E+01    1.6782E+01    6.8068E+01    5.1017E+01    1.7299E+01    4.9030E+00    1.6555E+01    5.8829E+00    1.0016E+01
 7.0995E+02    4.6763E+01    5.4698E+01    2.5154E+01    2.0823E+01    1.6868E+01    6.8067E+01    5.1052E+01    1.7314E+01    4.9030E+00    1.6453E+01    6.0153E+00    1.0016E+01
 7.1045E+02    4.6763E+01    5.4689E+01    2.5064E+01    2.0823E+01    1.6933E+01    6.8070E+01    5.1059E+01    1.7345E+01    4.9030E+00    1.6392E+01    5.8728E+00    1.0121E+01
 7.1095E+02    4.6795E+01    5.4703E+01    2.5021E+01    2.0743E+01    1.6917E+01    6.8057E+01    5.1061E+01    1.7351E+01    4.9030E+00    1.6535E+01    5.9899E+00    1.0121E+01
 7.1145E+02    4.6795E+01    5.4698E+01    2.5225E+01    2.0734E+01    1.7005E+01    6.8066E+01    5.1061E+01    1.7387E+01    4.9234E+00    1.6535E+01    5.8269E+00    1.0016E+01
 7.1204E+02    4.6819E+01    5.4712E+01    2.5241E+01    2.0714E+01    1.7119E+01    6.8082E+01    5.1080E+01    1.7395E+01    4.9030E+00    1.6412E+01    5.9797E+00    1.0225E+01
 7.1254E+02    4.6812E+01    5.4711E+01    2.5572E+01    2.0723E+01    1.7210E+01    6.8082E+01    5.1104E+01    1.7426E+01    4.9030E+00    1.6351E+01    5.7964E+00    1.0121E+01
 7.1304E+02    4.6840E+01    5.4720E+01    2.5556E+01    2.0756E+01    1.7308E+01    6.8076E+01    5.1133E+01    1.7426E+01    4.9234E+00    1.6555E+01    5.9542E+00    9.9090E+00
 7.1354E+02    4.6840E+01    5.4720E+01    2.5924E+01    2.0756E+01    1.7364E+01    6.8113E+01    5.1166E+01    1.7457E+01    4.9030E+00    1.6474E+01    5.8117E+00    9.9090E+00
 7.1413E+02    4.6836E+01    5.4711E+01    2.6118E+01    2.0770E+01    1.7348E+01    6.8120E+01    5.1168E+01    1.7482E+01    4.9030E+00    1.6494E+01    5.8066E+00    1.0016E+01
 7.1463E+02    4.6844E+01    5.4731E+01    2.6132E+01    2.0744E+01    1.7408E+01    6.8122E+01    5.1168E+01    1.7506E+01    4.9030E+00    1.6453E+01    5.9033E+00    1.0016E+01
 7.1513E+02    4.6838E+01    5.4716E+01    2.6116E+01    2.0757E+01    1.7467E+01    6.8126E+01    5.1185E+01    1.7545E+01    4.9234E+00    1.6372E+01    5.8066E+00    1.0121E+01
 7.1563E+02    4.6827E+01    5.4694E+01    2.5627E+01    2.0842E+01    1.7517E+01    6.8126E+01    5.1206E+01    1.7559E+01    4.9234E+00    1.6453E+01    5.9593E+00    1.0121E+01
 7.1623E+02    4.6823E+01    5.4672E+01    2.5211E+01    2.0875E+01    1.7551E+01    6.8112E+01    5.1233E+01    1.7543E+01    4.9234E+00    1.6351E+01    5.8066E+00    1.0225E+01
 7.1673E+02    4.6823E+01    5.4693E+01    2.5185E+01    2.0875E+01    1.7595E+01    6.8124E+01    5.1250E+01    1.7583E+01    4.9234E+00    1.6372E+01    5.8066E+00    1.0016E+01
 7.1723E+02    4.6829E+01    5.4688E+01    2.5277E+01    2.0901E+01    1.7595E+01    6.8119E+01    5.1289E+01    1.7601E+01    4.9438E+00    1.6494E+01    5.8117E+00    1.0016E+01
 7.1774E+02    4.6831E+01    5.4690E+01    2.5483E+01    2.0910E+01    1.7687E+01    6.8116E+01    5.1289E+01    1.7628E+01    4.9234E+00    1.6433E+01    5.9899E+00    1.0016E+01
 7.1831E+02    4.6849E+01    5.4690E+01    2.5483E+01    2.0885E+01    1.7764E+01    6.8101E+01    5.1305E+01    1.7663E+01    4.9234E+00    1.6392E+01    5.9033E+00    1.0016E+01
 7.1881E+02    4.6861E+01    5.4683E+01    2.5298E+01    2.1017E+01    1.7840E+01    6.8101E+01    5.1330E+01    1.7689E+01    4.9234E+00    1.6331E+01    5.8168E+00    1.0016E+01
 7.1931E+02    4.6863E+01    5.4705E+01    2.5360E+01    2.0956E+01    1.7935E+01    6.8127E+01    5.1374E+01    1.7705E+01    4.9234E+00    1.6535E+01    5.8524E+00    1.0016E+01
 7.1981E+02    4.6863E+01    5.4707E+01    2.5168E+01    2.0956E+01    1.7935E+01    6.8128E+01    5.1404E+01    1.7740E+01    4.9438E+00    1.6494E+01    5.8117E+00    9.9090E+00
# Time (s)      T1w (C)       T2w (C)       T1a (C)       T2a (C)       T1r (C)       T2r (C)       T3r (C)       T4r (C)       P1 (bar)      P2 (bar)      Ic (amp)      Qc (l/min)    
 7.2040E+02    4.6874E+01    5.4702E+01    2.5413E+01    2.0979E+01    1.8024E+01    6.8167E+01    5.1425E+01    1.7753E+01    4.9438E+00    1.6392E+01    5.8931E+00    1.0016E+01
 7.2090E+02    4.6869E+01    5.4700E+01    2.5531E+01    2.0976E+01    1.8101E+01    6.8179E+01    5.1425E+01    1.7794E+01    4.9438E+00    1.6453E+01    6.0102E+00    1.0016E+01
 7.2140E+02    4.6874E+01    5.4700E+01    2.5531E+01    2.0954E+01    1.8182E+01    6.8182E+01    5.1468E+01    1.7838E+01    4.9438E+00    1.6535E+01    5.8575E+00    1.0121E+01
 7.2190E+02    4.6889E+01    5.4711E+01    2.5443E+01    2.1008E+01    1.8254E+01    6.8182E+01    5.1483E+01    1.7875E+01    4.9642E+00    1.6453E+01    5.8575E+00    1.0121E+01
 7.2250E+02    4.6872E+01    5.4735E+01    2.5287E+01    2.0981E+01    1.8343E+01    6.8219E+01    5.1519E+01    1.7875E+01    4.9642E+00    1.6351E+01    5.8168E+00    1.0016E+01
 7.2300E+02    4.6872E+01    5.4721E+01    2.5159E+01    2.0981E+01    1.8398E+01    6.8222E+01    5.1510E+01    1.7899E+01    4.9642E+00    1.6372E+01    5.8371E+00    9.9090E+00
 7.2350E+02    4.6876E+01    5.4724E+01    2.5136E+01    2.0965E+01    1.8398E+01    6.8219E+01    5.1551E+01    1.7932E+01    4.9642E+00    1.6392E+01    5.8524E+00    1.0016E+01
 7.2400E+02    4.6881E+01    5.4737E+01    2.5136E+01    2.0930E+01    1.8441E+01    6.8195E+01    5.1536E+01    1.7965E+01    4.9642E+00    1.6453E+01    5.8677E+00    1.0121E+01
 7.2458E+02    4.6908E+01    5.4737E+01    2.5145E+01    2.1000E+01    1.8492E+01    6.8193E+01    5.1556E+01    1.8014E+01    4.9642E+00    1.6453E+01    5.9746E+00    9.9090E+00
 7.2508E+02    4.6878E+01    5.4690E+01    2.5118E+01    2.1028E+01    1.8536E+01    6.8193E+01    5.1603E+01    1.8044E+01    4.9642E+00    1.6555E+01    5.8677E+00    1.0225E+01
 7.2558E+02    4.6869E+01    5.4718E+01    2.5012E+01    2.1028E+01    1.8576E+01    6.8176E+01    5.1620E+01    1.8044E+01    4.9846E+00    1.6453E+01    6.0000E+00    9.9090E+00
 7.2608E+02    4.6869E+01    5.4722E+01    2.5104E+01    2.0906E+01    1.8560E+01    6.8152E+01    5.1633E+01    1.8082E+01    4.9642E+00    1.6372E+01    5.8575E+00    9.9090E+00
 7.2667E+02    4.6882E+01    5.4723E+01    2.5168E+01    2.0995E+01    1.8606E+01    6.8172E+01    5.1672E+01    1.8124E+01    4.9846E+00    1.6412E+01    5.9135E+00    1.0016E+01
 7.2717E+02    4.6883E+01    5.4725E+01    2.4945E+01    2.0920E+01    1.8634E+01    6.8173E+01    5.1658E+01    1.8140E+01    4.9846E+00    1.6372E+01    5.8320E+00    1.0121E+01
 7.2767E+02    4.6883E+01    5.4725E+01    2.4945E+01    2.0944E+01    1.8636E+01    6.8173E+01    5.1667E+01    1.8187E+01    4.9846E+00    1.6555E+01    5.8779E+00    1.0016E+01
 7.2817E+02    4.6891E+01    5.4719E+01    2.4797E+01    2.1043E+01    1.8640E+01    6.8148E+01    5.1710E+01    1.8245E+01    4.9642E+00    1.6494E+01    5.8320E+00    1.0016E+01
 7.2875E+02    4.6876E+01    5.4751E+01    2.4739E+01    2.1031E+01    1.8581E+01    6.8173E+01    5.1737E+01    1.8245E+01    4.9846E+00    1.6535E+01    5.8422E+00    9.9090E+00
 7.2925E+02    4.6891E+01    5.4762E+01    2.4805E+01    2.1047E+01    1.8565E+01    6.8165E+01    5.1760E+01    1.8258E+01    4.9846E+00    1.6555E+01    6.0306E+00    1.0016E+01
 7.2975E+02    4.6892E+01    5.4783E+01    2.4880E+01    2.0988E+01    1.8473E+01    6.8200E+01    5.1760E+01    1.8324E+01    5.0050E+00    1.6372E+01    5.8422E+00    1.0016E+01
 7.3025E+02    4.6906E+01    5.4783E+01    2.4880E+01    2.0995E+01    1.8373E+01    6.8215E+01    5.1787E+01    1.8361E+01    5.0050E+00    1.6412E+01    6.0153E+00    1.0121E+01
 7.3084E+02    4.6918E+01    5.4767E+01    2.4859E+01    2.1072E+01    1.8247E+01    6.8218E+01    5.1818E+01    1.8421E+01    5.0050E+00    1.6453E+01    6.0408E+00    1.0016E+01
 7.3134E+02    4.6918E+01    5.4751E+01    2.5030E+01    2.1062E+01    1.8081E+01    6.8218E+01    5.1845E+01    1.8457E+01    5.0050E+00    1.6412E+01    5.8931E+00    1.0016E+01
 7.3184E+02    4.6918E+01    5.4776E+01    2.5295E+01    2.1062E+01    1.7051E+01    6.8209E+01    5.1861E+01    1.8457E+01    5.0050E+00    1.6575E+01    6.0204E+00    9.9090E+00
 7.3234E+02    4.6924E+01    5.4756E+01    2.5108E+01    2.0994E+01    1.7051E+01    6.8235E+01    5.1881E+01    1.8524E+01    5.0050E+00    1.6575E+01    5.8575E+00    1.0121E+01
 7.3293E+02    4.6927E+01    5.4752E+01    2.5155E+01    2.1016E+01    1.6499E+01    6.8253E+01    5.1900E+01    1.8537E+01    5.0050E+00    1.6453E+01    6.0408E+00    1.0016E+01
 7.3343E+02    4.6935E+01    5.4757E+01    2.5155E+01    2.0991E+01    1.6347E+01    6.8278E+01    5.1900E+01    1.8585E+01    5.0050E+00    1.6392E+01    5.8320E+00    1.0016E+01
 7.3393E+02    4.6948E+01    5.4757E+01    2.5083E+01    2.0939E+01    1.6255E+01    6.8278E+01    5.1929E+01    1.8612E+01    5.0050E+00    1.6575E+01    6.0255E+00    9.9090E+00
 7.3443E+02    4.6950E+01    5.4778E+01    2.5416E+01    2.0978E+01    1.6191E+01    6.8283E+01    5.1926E+01    1.8596E+01    5.0050E+00    1.6535E+01    5.8422E+00    9.9090E+00
 7.3500E+02    4.6950E+01    5.4775E+01    2.5811E+01    2.0978E+01    1.6148E+01    6.8278E+01    5.1941E+01    1.8621E+01    5.0254E+00    1.6474E+01    5.9695E+00    1.0016E+01
 7.3551E+02    4.6973E+01    5.4798E+01    2.5583E+01    2.1005E+01    1.6148E+01    6.8277E+01    5.1968E+01    1.8663E+01    5.0050E+00    1.6474E+01    6.0408E+00    1.0016E+01
# Time (s)      T1w (C)       T2w (C)       T1a (C)       T2a (C)       T1r (C)       T2r (C)       T3r (C)       T4r (C)       P1 (bar)      P2 (bar)      Ic (amp)      Qc (l/min)    
 7.3601E+02    4.6970E+01    5.4809E+01    2.5555E+01    2.1013E+01    1.6102E+01    6.8260E+01    5.1968E+01    1.8634E+01    5.0254E+00    1.6535E+01    6.0051E+00    1.0225E+01
 7.3651E+02    4.6981E+01    5.4824E+01    2.5570E+01    2.1023E+01    1.6064E+01    6.8270E+01    5.1973E+01    1.8603E+01    5.0458E+00    1.6616E+01    6.0204E+00    9.9090E+00
 7.3711E+02    4.6991E+01    5.4829E+01    2.5774E+01    2.1011E+01    1.6086E+01    6.8272E+01    5.1977E+01    1.8549E+01    5.0254E+00    1.6412E+01    5.8473E+00    1.0121E+01
 7.3761E+02    4.6995E+01    5.4829E+01    2.5428E+01    2.1002E+01    1.6069E+01    6.8272E+01    5.1975E+01    1.8508E+01    5.0254E+00    1.6514E+01    6.0051E+00    1.0016E+01
 7.3811E+02    4.6995E+01    5.4855E+01    2.5531E+01    2.1002E+01    1.6037E+01    6.8273E+01    5.1989E+01    1.8508E+01    5.0254E+00    1.6535E+01    5.8728E+00    1.0016E+01
 7.3861E+02    4.7014E+01    5.4863E+01    2.5338E+01    2.1049E+01    1.6037E+01    6.8279E+01    5.1974E+01    1.8474E+01    5.0254E+00    1.6514E+01    6.0255E+00    9.9090E+00
 7.3918E+02    4.7016E+01    5.4874E+01    2.5438E+01    2.1059E+01    1.6002E+01    6.8299E+01    5.1960E+01    1.8408E+01    5.0254E+00    1.6474E+01    5.8524E+00    1.0016E+01
 7.3968E+02    4.7015E+01    5.4874E+01    2.5438E+01    2.1186E+01    1.5988E+01    6.8288E+01    5.1960E+01    1.8379E+01    5.0254E+00    1.6474E+01    5.8626E+00    1.0121E+01
 7.4018E+02    4.7028E+01    5.4908E+01    2.5468E+01    2.1059E+01    1.5950E+01    6.8274E+01    5.1944E+01    1.8305E+01    5.0254E+00    1.6616E+01    5.8575E+00    1.0016E+01
 7.4068E+02    4.7027E+01    5.4906E+01    2.5307E+01    2.1028E+01    1.5928E+01    6.8314E+01    5.1933E+01    1.8305E+01    5.0254E+00    1.6555E+01    5.8829E+00    1.0016E+01
 7.4128E+02    4.7012E+01    5.4900E+01    2.5221E+01    2.1013E+01    1.5900E+01    6.8312E+01    5.1888E+01    1.8277E+01    5.0254E+00    1.6494E+01    5.8575E+00    1.0016E+01
 7.4178E+02    4.7030E+01    5.4928E+01    2.4966E+01    2.0997E+01    1.5900E+01    6.8307E+01    5.1878E+01    1.8235E+01    5.0254E+00    1.6494E+01    6.0102E+00    9.9090E+00
 7.4228E+02    4.7026E+01    5.4913E+01    2.4821E+01    2.0963E+01    1.5885E+01    6.8308E+01    5.1863E+01    1.8178E+01    5.0050E+00    1.6616E+01    5.8829E+00    1.0016E+01
 7.4278E+02    4.7010E+01    5.4913E+01    2.4821E+01    2.1004E+01    1.5870E+01    6.8310E+01    5.1853E+01    1.8134E+01    5.0254E+00    1.6555E+01    6.0408E+00    1.0016E+01
 7.4335E+02    4.7025E+01    5.4930E+01    2.4778E+01    2.1018E+01    1.5889E+01    6.8324E+01    5.1848E+01    1.8136E+01    5.0254E+00    1.6555E+01    5.9491E+00    1.0016E+01
 7.4385E+02    4.7024E+01    5.4949E+01    2.4804E+01    2.1005E+01    1.5844E+01    6.8310E+01    5.1840E+01    1.8136E+01    5.0050E+00    1.6535E+01    5.8575E+00    1.0016E+01
 7.4435E+02    4.7009E+01    5.4920E+01    2.4873E+01    2.0989E+01    1.5843E+01    6.8307E+01    5.1828E+01    1.8086E+01    5.0254E+00    1.6697E+01    5.9237E+00    1.0121E+01
 7.4485E+02    4.7006E+01    5.4944E+01    2.4769E+01    2.0993E+01    1.5843E+01    6.8304E+01    5.1800E+01    1.8063E+01    5.0050E+00    1.6697E+01    5.8677E+00    9.9090E+00
 7.4544E+02    4.6997E+01    5.4950E+01    2.4702E+01    2.1023E+01    1.5833E+01    6.8309E+01    5.1815E+01    1.8048E+01    5.0050E+00    1.6718E+01    5.8677E+00    9.8010E+00
 7.4594E+02    4.7009E+01    5.4950E+01    2.4702E+01    2.0975E+01    1.5836E+01    6.8306E+01    5.1799E+01    1.8024E+01    5.0050E+00    1.6636E+01    5.9797E+00    9.9090E+00
 7.4644E+02    4.7011E+01    5.4951E+01    2.4694E+01    2.0918E+01    1.5856E+01    6.8320E+01    5.1791E+01    1.7987E+01    5.0050E+00    1.6677E+01    5.8728E+00    1.0016E+01
 7.4694E+02    4.7011E+01    5.4975E+01    2.4717E+01    2.0918E+01    1.5824E+01    6.8311E+01    5.1764E+01    1.7987E+01    5.0050E+00    1.6535E+01    6.0051E+00    1.0016E+01
 7.4753E+02    4.6996E+01    5.4956E+01    2.4889E+01    2.1033E+01    1.5846E+01    6.8311E+01    5.1732E+01    1.7970E+01    5.0050E+00    1.6494E+01    5.9440E+00    1.0016E+01
 7.4803E+02    4.7000E+01    5.4971E+01    2.5078E+01    2.1022E+01    1.5846E+01    6.8341E+01    5.1721E+01    1.7948E+01    5.0050E+00    1.6596E+01    6.0815E+00    1.0225E+01
 7.4853E+02    4.7019E+01    5.4999E+01    2.5093E+01    2.1045E+01    1.5879E+01    6.8347E+01    5.1735E+01    1.7928E+01    4.9846E+00    1.6636E+01    5.9746E+00    1.0016E+01
 7.4903E+02    4.7043E+01    5.4999E+01    2.5300E+01    2.0981E+01    1.5885E+01    6.8347E+01    5.1712E+01    1.7909E+01    4.9846E+00    1.6616E+01    6.0764E+00    9.9090E+00
 7.4961E+02    4.7045E+01    5.5027E+01    2.5626E+01    2.0932E+01    1.5879E+01    6.8371E+01    5.1689E+01    1.7878E+01    5.0050E+00    1.6677E+01    6.0102E+00    1.0225E+01
 7.5011E+02    4.7052E+01    5.5035E+01    2.5602E+01    2.0932E+01    1.5884E+01    6.8385E+01    5.1684E+01    1.7878E+01    5.0050E+00    1.6718E+01    5.8677E+00    9.9090E+00
 7.5061E+02    4.7052E+01    5.5031E+01    2.5528E+01    2.0938E+01    1.5884E+01    6.8396E+01    5.1645E+01    1.7856E+01    4.9846E+00    1.6616E+01    5.9797E+00    1.0016E+01
 7.5111E+02    4.7057E+01    5.5050E+01    2.5430E+01    2.0871E+01    1.5900E+01    6.8396E+01    5.1645E+01    1.7821E+01    4.9846E+00    1.6535E+01    5.8677E+00    1.0016E+01
# Time (s)      T1w (C)       T2w (C)       T1a (C)       T2a (C)       T1r (C)       T2r (C)       T3r (C)       T4r (C)       P1 (bar)      P2 (bar)      Ic (amp)      Qc (l/min)    
 7.5169E+02    4.7061E+01    5.5053E+01    2.5362E+01    2.0914E+01    1.5854E+01    6.8363E+01    5.1637E+01    1.7806E+01    4.9642E+00    1.6575E+01    5.8677E+00    1.0121E+01
 7.5220E+02    4.7057E+01    5.5038E+01    2.5346E+01    2.0927E+01    1.5822E+01    6.8358E+01    5.1622E+01    1.7769E+01    4.9846E+00    1.6535E+01    5.9593E+00    1.0121E+01
 7.5270E+02    4.7058E+01    5.5046E+01    2.5468E+01    2.0981E+01    1.5850E+01    6.8358E+01    5.1612E+01    1.7749E+01    4.9846E+00    1.6718E+01    5.8677E+00    9.9090E+00
 7.5320E+02    4.7043E+01    5.5030E+01    2.5236E+01    2.0965E+01    1.5830E+01    6.8352E+01    5.1579E+01    1.7749E+01    4.9642E+00    1.6697E+01    5.9949E+00    9.9090E+00
 7.5380E+02    4.7052E+01    5.5043E+01    2.5212E+01    2.0941E+01    1.5748E+01    6.8367E+01    5.1588E+01    1.7702E+01    4.9642E+00    1.6697E+01    5.8728E+00    1.0016E+01
 7.5430E+02    4.7071E+01    5.5057E+01    2.5448E+01    2.0984E+01    1.5748E+01    6.8379E+01    5.1563E+01    1.7691E+01    4.9642E+00    1.6718E+01    5.9644E+00    1.0016E+01
 7.5480E+02    4.7079E+01    5.5057E+01    2.5448E+01    2.1011E+01    1.5730E+01    6.8369E+01    5.1563E+01    1.7642E+01    4.9642E+00    1.6636E+01    5.9848E+00    1.0016E+01
 7.5530E+02    4.7077E+01    5.5069E+01    2.5641E+01    2.0943E+01    1.5726E+01    6.8369E+01    5.1531E+01    1.7619E+01    4.9642E+00    1.6535E+01    5.9848E+00    9.9090E+00
 7.5588E+02    4.7082E+01    5.5059E+01    2.5567E+01    2.0956E+01    1.5747E+01    6.8340E+01    5.1533E+01    1.7580E+01    4.9642E+00    1.6738E+01    5.8575E+00    1.0016E+01
 7.5638E+02    4.7097E+01    5.5088E+01    2.5547E+01    2.0972E+01    1.5796E+01    6.8365E+01    5.1534E+01    1.7596E+01    4.9642E+00    1.6636E+01    6.0051E+00    9.8010E+00
 7.5688E+02    4.7089E+01    5.5083E+01    2.5725E+01    2.0985E+01    1.5796E+01    6.8376E+01    5.1527E+01    1.7581E+01    4.9642E+00    1.6555E+01    6.0764E+00    1.0016E+01
 7.5738E+02    4.7103E+01    5.5088E+01    2.5832E+01    2.0889E+01    1.5840E+01    6.8405E+01    5.1527E+01    1.7541E+01    4.9438E+00    1.6636E+01    5.9899E+00    1.0121E+01
 7.5796E+02    4.7092E+01    5.5088E+01    2.5832E+01    2.0922E+01    1.5867E+01    6.8411E+01    5.1501E+01    1.7520E+01    4.9438E+00    1.6616E+01    5.8829E+00    1.0016E+01
 7.5846E+02    4.7073E+01    5.5074E+01    2.5969E+01    2.0947E+01    1.5866E+01    6.8411E+01    5.1495E+01    1.7477E+01    4.9438E+00    1.6555E+01    5.9135E+00    1.0121E+01
 7.5896E+02    4.7082E+01    5.5065E+01    2.5900E+01    2.1022E+01    1.5878E+01    6.8414E+01    5.1469E+01    1.7469E+01    4.9438E+00    1.6697E+01    5.8728E+00    1.0016E+01
 7.5946E+02    4.7067E+01    5.5051E+01    2.5953E+01    2.1006E+01    1.5838E+01    6.8401E+01    5.1462E+01    1.7469E+01    4.9438E+00    1.6718E+01    5.9440E+00    1.0121E+01
 7.6006E+02    4.7085E+01    5.5067E+01    2.6087E+01    2.1019E+01    1.5838E+01    6.8418E+01    5.1461E+01    1.7434E+01    4.9438E+00    1.6616E+01    5.8829E+00    1.0225E+01
 7.6056E+02    4.7059E+01    5.5046E+01    2.5993E+01    2.0928E+01    1.5848E+01    6.8386E+01    5.1420E+01    1.7406E+01    4.9438E+00    1.6697E+01    5.8626E+00    1.0016E+01
 7.6106E+02    4.7066E+01    5.5046E+01    2.5993E+01    2.0913E+01    1.5926E+01    6.8399E+01    5.1420E+01    1.7381E+01    4.9438E+00    1.6636E+01    5.8677E+00    1.0121E+01
 7.6156E+02    4.7080E+01    5.5048E+01    2.5718E+01    2.0871E+01    1.6059E+01    6.8413E+01    5.1444E+01    1.7374E+01    4.9438E+00    1.6596E+01    5.8524E+00    1.0016E+01
 7.6214E+02    4.7094E+01    5.5044E+01    2.5443E+01    2.0891E+01    1.6206E+01    6.8427E+01    5.1440E+01    1.7363E+01    4.9438E+00    1.6738E+01    5.8931E+00    1.0121E+01
 7.6264E+02    4.7109E+01    5.5062E+01    2.5423E+01    2.0906E+01    1.6374E+01    6.8483E+01    5.1428E+01    1.7379E+01    4.9438E+00    1.6677E+01    6.0204E+00    9.9090E+00
 7.6315E+02    4.7108E+01    5.5077E+01    2.5672E+01    2.0887E+01    1.6374E+01    6.8506E+01    5.1444E+01    1.7366E+01    4.9438E+00    1.6575E+01    5.9186E+00    1.0016E+01
 7.6365E+02    4.7118E+01    5.5079E+01    2.5416E+01    2.0965E+01    1.6522E+01    6.8541E+01    5.1459E+01    1.7364E+01    4.9438E+00    1.6575E+01    6.0000E+00    9.9090E+00
 7.6422E+02    4.7103E+01    5.5079E+01    2.5416E+01    2.0739E+01    1.6670E+01    6.8538E+01    5.1442E+01    1.7374E+01    4.9234E+00    1.6657E+01    5.8779E+00    1.0121E+01
 7.6472E+02    4.7108E+01    5.5072E+01    2.5269E+01    2.0774E+01    1.6820E+01    6.8553E+01    5.1461E+01    1.7376E+01    4.9234E+00    1.6616E+01    5.8422E+00    1.0016E+01
 7.6523E+02    4.7127E+01    5.5083E+01    2.5523E+01    2.0751E+01    1.6911E+01    6.8554E+01    5.1459E+01    1.7376E+01    4.9234E+00    1.6616E+01    5.8626E+00    9.9090E+00
 7.6573E+02    4.7127E+01    5.5068E+01    2.5385E+01    2.0751E+01    1.6979E+01    6.8570E+01    5.1462E+01    1.7395E+01    4.9234E+00    1.6718E+01    5.8524E+00    1.0016E+01
 7.6630E+02    4.7089E+01    5.5054E+01    2.5133E+01    2.0815E+01    1.6963E+01    6.8559E+01    5.1448E+01    1.7405E+01    4.9234E+00    1.6575E+01    5.8982E+00    9.9090E+00
 7.6681E+02    4.7096E+01    5.5052E+01    2.5247E+01    2.0754E+01    1.7057E+01    6.8540E+01    5.1448E+01    1.7442E+01    4.9234E+00    1.6535E+01    6.0000E+00    1.0121E+01
# Time (s)      T1w (C)       T2w (C)       T1a (C)       T2a (C)       T1r (C)       T2r (C)       T3r (C)       T4r (C)       P1 (bar)      P2 (bar)      Ic (amp)      Qc (l/min)    
 7.6731E+02    4.7110E+01    5.5052E+01    2.5247E+01    2.0749E+01    1.7146E+01    6.8548E+01    5.1451E+01    1.7453E+01    4.9234E+00    1.6718E+01    5.9491E+00    1.0121E+01
 7.6781E+02    4.7127E+01    5.5060E+01    2.5539E+01    2.0607E+01    1.7226E+01    6.8548E+01    5.1466E+01    1.7472E+01    4.9234E+00    1.6514E+01    6.0662E+00    1.0016E+01
 7.6839E+02    4.7127E+01    5.5057E+01    2.5345E+01    2.0624E+01    1.7275E+01    6.8552E+01    5.1476E+01    1.7456E+01    4.9234E+00    1.6555E+01    5.8575E+00    1.0016E+01
 7.6889E+02    4.7127E+01    5.5052E+01    2.5319E+01    2.0624E+01    1.7314E+01    6.8566E+01    5.1476E+01    1.7500E+01    4.9438E+00    1.6657E+01    5.8422E+00    1.0016E+01
 7.6939E+02    4.7131E+01    5.5048E+01    2.5382E+01    2.0674E+01    1.7314E+01    6.8594E+01    5.1505E+01    1.7552E+01    4.9234E+00    1.6575E+01    5.8575E+00    9.9090E+00
 7.6989E+02    4.7151E+01    5.5056E+01    2.5382E+01    2.0663E+01    1.7347E+01    6.8614E+01    5.1505E+01    1.7597E+01    4.9234E+00    1.6575E+01    5.8473E+00    9.9090E+00
 7.7048E+02    4.7156E+01    5.5056E+01    2.5701E+01    2.0707E+01    1.7431E+01    6.8647E+01    5.1530E+01    1.7634E+01    4.9234E+00    1.6535E+01    5.8575E+00    1.0016E+01
 7.7098E+02    4.7171E+01    5.5051E+01    2.5881E+01    2.0804E+01    1.7485E+01    6.8647E+01    5.1560E+01    1.7643E+01    4.9438E+00    1.6697E+01    5.9542E+00    1.0016E+01
 7.7148E+02    4.7170E+01    5.5047E+01    2.6044E+01    2.0729E+01    1.7577E+01    6.8653E+01    5.1588E+01    1.7659E+01    4.9438E+00    1.6596E+01    5.8473E+00    1.0225E+01
 7.7198E+02    4.7170E+01    5.5055E+01    2.6024E+01    2.0729E+01    1.7577E+01    6.8680E+01    5.1614E+01    1.7708E+01    4.9438E+00    1.6555E+01    5.9797E+00    9.9090E+00
 7.7258E+02    4.7183E+01    5.5025E+01    2.5981E+01    2.0622E+01    1.7652E+01    6.8685E+01    5.1659E+01    1.7743E+01    4.9438E+00    1.6596E+01    5.8422E+00    1.0121E+01
 7.7308E+02    4.7177E+01    5.5041E+01    2.6022E+01    2.0737E+01    1.7722E+01    6.8698E+01    5.1659E+01    1.7767E+01    4.9438E+00    1.6697E+01    6.0713E+00    1.0016E+01
 7.7358E+02    4.7192E+01    5.5027E+01    2.6007E+01    2.0658E+01    1.7775E+01    6.8708E+01    5.1660E+01    1.7755E+01    4.9438E+00    1.6596E+01    5.8473E+00    1.0016E+01
 7.7408E+02    4.7183E+01    5.5022E+01    2.5834E+01    2.0660E+01    1.7844E+01    6.8708E+01    5.1703E+01    1.7801E+01    4.9438E+00    1.6555E+01    5.9695E+00    1.0016E+01
 7.7466E+02    4.7183E+01    5.5024E+01    2.5866E+01    2.0564E+01    1.7931E+01    6.8713E+01    5.1702E+01    1.7786E+01    4.9438E+00    1.6718E+01    6.0662E+00    1.0016E+01
 7.7516E+02    4.7183E+01    5.5029E+01    2.5677E+01    2.0564E+01    1.8012E+01    6.8728E+01    5.1727E+01    1.7803E+01    4.9642E+00    1.6636E+01    5.8575E+00    1.0016E+01
 7.7566E+02    4.7175E+01    5.5029E+01    2.5774E+01    2.0627E+01    1.7996E+01    6.8756E+01    5.1758E+01    1.7797E+01    4.9438E+00    1.6535E+01    6.0713E+00    1.0016E+01
 7.7616E+02    4.7190E+01    5.5029E+01    2.5774E+01    2.0631E+01    1.8078E+01    6.8755E+01    5.1758E+01    1.7833E+01    4.9438E+00    1.6575E+01    5.8575E+00    1.0225E+01
 7.7675E+02    4.7203E+01    5.5030E+01    2.5739E+01    2.0721E+01    1.8130E+01    6.8750E+01    5.1760E+01    1.7844E+01    4.9642E+00    1.6514E+01    5.8626E+00    1.0121E+01
 7.7725E+02    4.7205E+01    5.5045E+01    2.5569E+01    2.0772E+01    1.8214E+01    6.8750E+01    5.1782E+01    1.7891E+01    4.9642E+00    1.6616E+01    5.8575E+00    1.0121E+01
 7.7775E+02    4.7205E+01    5.5060E+01    2.5511E+01    2.0772E+01    1.8249E+01    6.8757E+01    5.1811E+01    1.7891E+01    4.9642E+00    1.6657E+01    5.8575E+00    1.0016E+01
 7.7825E+02    4.7212E+01    5.5060E+01    2.5540E+01    2.0802E+01    1.8249E+01    6.8770E+01    5.1838E+01    1.7940E+01    4.9642E+00    1.6596E+01    5.9949E+00    1.0121E+01
 7.7883E+02    4.7215E+01    5.5068E+01    2.5553E+01    2.0740E+01    1.8300E+01    6.8778E+01    5.1857E+01    1.7962E+01    4.9642E+00    1.6677E+01    5.9491E+00    1.0016E+01
 7.7933E+02    4.7197E+01    5.5061E+01    2.5553E+01    2.0722E+01    1.8367E+01    6.8786E+01    5.1857E+01    1.7987E+01    4.9846E+00    1.6677E+01    5.9746E+00    9.9090E+00
 7.7983E+02    4.7217E+01    5.5061E+01    2.5549E+01    2.0813E+01    1.8431E+01    6.8786E+01    5.1885E+01    1.8040E+01    4.9642E+00    1.6596E+01    5.9797E+00    9.9090E+00
 7.8033E+02    4.7252E+01    5.5075E+01    2.5967E+01    2.0829E+01    1.8484E+01    6.8795E+01    5.1923E+01    1.8065E+01    4.9846E+00    1.6535E+01    5.9288E+00    1.0121E+01
 7.8092E+02    4.7237E+01    5.5082E+01    2.6070E+01    2.0754E+01    1.8530E+01    6.8807E+01    5.1941E+01    1.8065E+01    4.9846E+00    1.6738E+01    6.0866E+00    1.0016E+01
 7.8142E+02    4.7237E+01    5.5085E+01    2.5905E+01    2.0754E+01    1.8530E+01    6.8815E+01    5.1963E+01    1.8101E+01    4.9846E+00    1.6677E+01    5.8677E+00    1.0121E+01
 7.8192E+02    4.7248E+01    5.5096E+01    2.6026E+01    2.0787E+01    1.8561E+01    6.8798E+01    5.1996E+01    1.8147E+01    4.9846E+00    1.6596E+01    5.8728E+00    9.9090E+00
 7.8242E+02    4.7261E+01    5.5096E+01    2.6026E+01    2.0855E+01    1.8604E+01    6.8827E+01    5.1996E+01    1.8191E+01    5.0050E+00    1.6535E+01    5.9288E+00    1.0121E+01
# Time (s)      T1w (C)       T2w (C)       T1a (C)       T2a (C)       T1r (C)       T2r (C)       T3r (C)       T4r (C)       P1 (bar)      P2 (bar)      Ic (amp)      Qc (l/min)    
 7.8300E+02    4.7241E+01    5.5121E+01    2.5779E+01    2.0899E+01    1.8650E+01    6.8827E+01    5.2023E+01    1.8238E+01    4.9846E+00    1.6677E+01    5.8779E+00    1.0016E+01
 7.8350E+02    4.7278E+01    5.5119E+01    2.5712E+01    2.0831E+01    1.8677E+01    6.8802E+01    5.2042E+01    1.8261E+01    5.0050E+00    1.6616E+01    6.0051E+00    1.0016E+01
 7.8400E+02    4.7278E+01    5.5124E+01    2.5344E+01    2.0831E+01    1.8696E+01    6.8786E+01    5.2065E+01    1.8261E+01    5.0050E+00    1.6555E+01    5.8728E+00    1.0016E+01
 7.8450E+02    4.7249E+01    5.5110E+01    2.5249E+01    2.0778E+01    1.8696E+01    6.8810E+01    5.2104E+01    1.8304E+01    5.0050E+00    1.6718E+01    6.0408E+00    1.0016E+01
 7.8509E+02    4.7286E+01    5.5126E+01    2.5191E+01    2.0947E+01    1.8693E+01    6.8813E+01    5.2128E+01    1.8351E+01    5.0050E+00    1.6677E+01    5.9848E+00    1.0016E+01
 7.8559E+02    4.7286E+01    5.5126E+01    2.5191E+01    2.0914E+01    1.8682E+01    6.8819E+01    5.2128E+01    1.8386E+01    5.0050E+00    1.6738E+01    6.0764E+00    1.0121E+01
 7.8609E+02    4.7286E+01    5.5136E+01    2.5175E+01    2.0914E+01    1.8638E+01    6.8819E+01    5.2164E+01    1.8463E+01    5.0050E+00    1.6616E+01    6.0204E+00    1.0225E+01
 7.8659E+02    4.7286E+01    5.5127E+01    2.5256E+01    2.0904E+01    1.8555E+01    6.8833E+01    5.2190E+01    1.8479E+01    5.0050E+00    1.6596E+01    6.0662E+00    9.9090E+00
 7.8717E+02    4.7286E+01    5.5128E+01    2.5285E+01    2.0904E+01    1.8430E+01    6.8854E+01    5.2205E+01    1.8479E+01    5.0050E+00    1.6738E+01    5.9797E+00    1.0121E+01
 7.8767E+02    4.7275E+01    5.5129E+01    2.5368E+01    2.0852E+01    1.8430E+01    6.8866E+01    5.2218E+01    1.8532E+01    5.0254E+00    1.6636E+01    5.8829E+00    1.0016E+01
 7.8817E+02    4.7289E+01    5.5144E+01    2.5348E+01    2.0886E+01    1.8252E+01    6.8858E+01    5.2218E+01    1.8565E+01    5.0050E+00    1.6575E+01    5.9389E+00    1.0121E+01
 7.8867E+02    4.7297E+01    5.5144E+01    2.5348E+01    2.0810E+01    1.7820E+01    6.8841E+01    5.2233E+01    1.8595E+01    5.0254E+00    1.6616E+01    5.9033E+00    1.0225E+01
 7.8926E+02    4.7294E+01    5.5115E+01    2.5457E+01    2.0891E+01    1.6940E+01    6.8841E+01    5.2243E+01    1.8633E+01    5.0254E+00    1.6575E+01    5.8728E+00    1.0121E+01
 7.8976E+02    4.7311E+01    5.5138E+01    2.5580E+01    2.0817E+01    1.6571E+01    6.8846E+01    5.2250E+01    1.8666E+01    5.0458E+00    1.6718E+01    6.0815E+00    1.0121E+01
 7.9026E+02    4.7311E+01    5.5138E+01    2.5521E+01    2.0817E+01    1.6469E+01    6.8859E+01    5.2270E+01    1.8666E+01    5.0254E+00    1.6657E+01    5.9084E+00    1.0016E+01
 7.9076E+02    4.7307E+01    5.5166E+01    2.5506E+01    2.0935E+01    1.6469E+01    6.8843E+01    5.2287E+01    1.8673E+01    5.0254E+00    1.6657E+01    6.0662E+00    1.0016E+01
 7.9134E+02    4.7307E+01    5.5157E+01    2.5413E+01    2.0953E+01    1.6381E+01    6.8825E+01    5.2311E+01    1.8713E+01    5.0458E+00    1.6738E+01    6.0866E+00    1.0016E+01
 7.9184E+02    4.7326E+01    5.5157E+01    2.5413E+01    2.0917E+01    1.6312E+01    6.8848E+01    5.2311E+01    1.8730E+01    5.0458E+00    1.6738E+01    5.8829E+00    9.9090E+00
 7.9234E+02    4.7326E+01    5.5175E+01    2.5296E+01    2.0934E+01    1.6252E+01    6.8848E+01    5.2342E+01    1.8730E+01    5.0458E+00    1.6657E+01    6.0611E+00    1.0016E+01
 7.9284E+02    4.7341E+01    5.5199E+01    2.5180E+01    2.0949E+01    1.6227E+01    6.8858E+01    5.2364E+01    1.8730E+01    5.0662E+00    1.6575E+01    5.8779E+00    1.0016E+01
 7.9343E+02    4.7340E+01    5.5188E+01    2.4951E+01    2.0889E+01    1.6227E+01    6.8887E+01    5.2379E+01    1.8730E+01    5.0458E+00    1.6799E+01    5.9440E+00    9.9090E+00
 7.9393E+02    4.7341E+01    5.5210E+01    2.4843E+01    2.0880E+01    1.6227E+01    6.8888E+01    5.2373E+01    1.8686E+01    5.0458E+00    1.6657E+01    6.0764E+00    1.0016E+01
 7.9443E+02    4.7335E+01    5.5230E+01    2.4843E+01    2.1004E+01    1.6245E+01    6.8911E+01    5.2373E+01    1.8638E+01    5.0458E+00    1.6759E+01    5.8880E+00    9.9090E+00
 7.9493E+02    4.7337E+01    5.5215E+01    2.4824E+01    2.0938E+01    1.6200E+01    6.8908E+01    5.2373E+01    1.8583E+01    5.0458E+00    1.6799E+01    5.9033E+00    1.0225E+01
 7.9551E+02    4.7345E+01    5.5212E+01    2.4860E+01    2.0943E+01    1.6176E+01    6.8908E+01    5.2375E+01    1.8542E+01    5.0458E+00    1.6657E+01    6.0866E+00    1.0121E+01
 7.9601E+02    4.7333E+01    5.5206E+01    2.4796E+01    2.0976E+01    1.6122E+01    6.8927E+01    5.2368E+01    1.8542E+01    5.0458E+00    1.6820E+01    5.9033E+00    1.0016E+01
 7.9651E+02    4.7333E+01    5.5218E+01    2.4742E+01    2.0960E+01    1.6122E+01    6.8924E+01    5.2356E+01    1.8508E+01    5.0254E+00    1.6697E+01    6.1120E+00    1.0121E+01
 7.9701E+02    4.7313E+01    5.5232E+01    2.4986E+01    2.0858E+01    1.6086E+01    6.8909E+01    5.2360E+01    1.8461E+01    5.0458E+00    1.6636E+01    6.0102E+00    1.0016E+01
 7.9761E+02    4.7311E+01    5.5238E+01    2.4958E+01    2.0968E+01    1.6062E+01    6.8940E+01    5.2360E+01    1.8434E+01    5.0254E+00    1.6759E+01    6.0357E+00    1.0225E+01
 7.9811E+02    4.7327E+01    5.5238E+01    2.4958E+01    2.0931E+01    1.6055E+01    6.8941E+01    5.2349E+01    1.8409E+01    5.0458E+00    1.6840E+01    5.9033E+00    1.0016E+01
# Time (s)      T1w (C)       T2w (C)       T1a (C)       T2a (C)       T1r (C)       T2r (C)       T3r (C)       T4r (C)       P1 (bar)      P2 (bar)      Ic (amp)      Qc (l/min)    
 7.9861E+02    4.7343E+01    5.5226E+01    2.5060E+01    2.1009E+01    1.6023E+01    6.8941E+01    5.2326E+01    1.8390E+01    5.0254E+00    1.6718E+01    5.9848E+00    1.0121E+01
 7.9911E+02    4.7343E+01    5.5240E+01    2.4912E+01    2.1009E+01    1.6028E+01    6.8936E+01    5.2321E+01    1.8390E+01    5.0458E+00    1.6799E+01    5.9237E+00    1.0016E+01
 7.9969E+02    4.7362E+01    5.5273E+01    2.5010E+01    2.0979E+01    1.6008E+01    6.8957E+01    5.2316E+01    1.8334E+01    5.0254E+00    1.6840E+01    5.9084E+00    1.0121E+01
 8.0019E+02    4.7350E+01    5.5285E+01    2.4945E+01    2.0934E+01    1.6008E+01    6.8959E+01    5.2287E+01    1.8300E+01    5.0254E+00    1.6779E+01    6.1120E+00    9.9090E+00
 8.0069E+02    4.7364E+01    5.5285E+01    2.4945E+01    2.0936E+01    1.6005E+01    6.8940E+01    5.2287E+01    1.8255E+01    5.0458E+00    1.6677E+01    5.9288E+00    1.0016E+01
 8.0119E+02    4.7346E+01    5.5304E+01    2.4987E+01    2.0925E+01    1.6000E+01    6.8940E+01    5.2274E+01    1.8225E+01    5.0458E+00    1.6759E+01    6.0866E+00    9.9090E+00
 8.0177E+02    4.7348E+01    5.5292E+01    2.5355E+01    2.0970E+01    1.5984E+01    6.8930E+01    5.2259E+01    1.8194E+01    5.0458E+00    1.6718E+01    6.1171E+00    1.0225E+01
 8.0227E+02    4.7348E+01    5.5295E+01    2.5520E+01    2.0953E+01    1.5978E+01    6.8928E+01    5.2241E+01    1.8194E+01    5.0458E+00    1.6881E+01    5.9135E+00    1.0121E+01
 8.0277E+02    4.7356E+01    5.5316E+01    2.5369E+01    2.0953E+01    1.5978E+01    6.8903E+01    5.2209E+01    1.8149E+01    5.0254E+00    1.6779E+01    6.0866E+00    1.0016E+01
 8.0327E+02    4.7371E+01    5.5336E+01    2.5135E+01    2.0944E+01    1.5997E+01    6.8885E+01    5.2170E+01    1.8100E+01    5.0254E+00    1.6759E+01    5.9135E+00    9.9090E+00
 8.0385E+02    4.7376E+01    5.5336E+01    2.5135E+01    2.0893E+01    1.5969E+01    6.8879E+01    5.2170E+01    1.8058E+01    5.0254E+00    1.6718E+01    6.0968E+00    1.0121E+01
 8.0435E+02    4.7367E+01    5.5341E+01    2.5053E+01    2.0892E+01    1.5923E+01    6.8879E+01    5.2162E+01    1.8032E+01    5.0254E+00    1.6738E+01    6.0764E+00    1.0016E+01
 8.0485E+02    4.7373E+01    5.5363E+01    2.4968E+01    2.0933E+01    1.5895E+01    6.8874E+01    5.2134E+01    1.8010E+01    5.0050E+00    1.6860E+01    6.1375E+00    1.0121E+01
 8.0535E+02    4.7373E+01    5.5380E+01    2.4832E+01    2.0933E+01    1.5854E+01    6.8874E+01    5.2122E+01    1.8010E+01    5.0050E+00    1.6820E+01    6.0357E+00    1.0121E+01
 8.0594E+02    4.7398E+01    5.5403E+01    2.4796E+01    2.0931E+01    1.5854E+01    6.8877E+01    5.2105E+01    1.7984E+01    5.0050E+00    1.6718E+01    6.1222E+00    1.0225E+01
 8.0644E+02    4.7398E+01    5.5409E+01    2.4860E+01    2.0897E+01    1.5827E+01    6.8881E+01    5.2073E+01    1.7948E+01    5.0050E+00    1.6881E+01    6.0408E+00    1.0016E+01
 8.0694E+02    4.7399E+01    5.5409E+01    2.4860E+01    2.0853E+01    1.5827E+01    6.8872E+01    5.2073E+01    1.7941E+01    5.0050E+00    1.6881E+01    6.1273E+00    1.0016E+01
 8.0744E+02    4.7417E+01    5.5417E+01    2.4790E+01    2.0901E+01    1.5809E+01    6.8872E+01    5.2058E+01    1.7909E+01    5.0050E+00    1.6799E+01    5.9186E+00    1.0121E+01
 8.0805E+02    4.7422E+01    5.5420E+01    2.4765E+01    2.0818E+01    1.5813E+01    6.8875E+01    5.2036E+01    1.7898E+01    4.9846E+00    1.6921E+01    6.1324E+00    1.0121E+01
 8.0855E+02    4.7422E+01    5.5430E+01    2.4740E+01    2.0818E+01    1.5767E+01    6.8856E+01    5.2011E+01    1.7898E+01    5.0050E+00    1.6860E+01    5.9949E+00    1.0121E+01
 8.0905E+02    4.7406E+01    5.5432E+01    2.4619E+01    2.0803E+01    1.5783E+01    6.8878E+01    5.2013E+01    1.7895E+01    4.9846E+00    1.6738E+01    6.0968E+00    1.0016E+01
 8.0955E+02    4.7427E+01    5.5426E+01    2.4774E+01    2.0757E+01    1.5771E+01    6.8912E+01    5.2013E+01    1.7864E+01    4.9846E+00    1.6697E+01    5.9288E+00    1.0121E+01
 8.1015E+02    4.7425E+01    5.5432E+01    2.4700E+01    2.0697E+01    1.5796E+01    6.8917E+01    5.1987E+01    1.7824E+01    5.0050E+00    1.6779E+01    5.9440E+00    1.0016E+01
 8.1065E+02    4.7438E+01    5.5447E+01    2.4715E+01    2.0833E+01    1.5783E+01    6.8928E+01    5.1980E+01    1.7810E+01    4.9846E+00    1.6697E+01    5.9288E+00    9.9090E+00
 8.1115E+02    4.7458E+01    5.5444E+01    2.4926E+01    2.0754E+01    1.5804E+01    6.8928E+01    5.1957E+01    1.7764E+01    5.0050E+00    1.6901E+01    6.1375E+00    1.0016E+01
 8.1165E+02    4.7473E+01    5.5465E+01    2.5011E+01    2.0770E+01    1.5878E+01    6.8962E+01    5.1948E+01    1.7779E+01    5.0050E+00    1.6860E+01    5.9237E+00    1.0016E+01
 8.1223E+02    4.7478E+01    5.5473E+01    2.5031E+01    2.0835E+01    1.5897E+01    6.8982E+01    5.1937E+01    1.7743E+01    4.9846E+00    1.6718E+01    5.9033E+00    1.0121E+01
 8.1273E+02    4.7503E+01    5.5478E+01    2.4863E+01    2.0759E+01    1.5897E+01    6.8982E+01    5.1927E+01    1.7723E+01    4.9846E+00    1.6799E+01    6.0255E+00    1.0121E+01
 8.1323E+02    4.7517E+01    5.5478E+01    2.4863E+01    2.0809E+01    1.5923E+01    6.8993E+01    5.1927E+01    1.7686E+01    4.9846E+00    1.6820E+01    5.9288E+00    9.9090E+00
 8.1373E+02    4.7522E+01    5.5484E+01    2.4887E+01    2.0717E+01    1.5931E+01    6.8993E+01    5.1924E+01    1.7657E+01    4.9846E+00    1.6820E+01    6.0917E+00    1.0121E+01
# Time (s)      T1w (C)       T2w (C)       T1a (C)       T2a (C)       T1r (C)       T2r (C)       T3r (C)       T4r (C)       P1 (bar)      P2 (bar)      Ic (amp)      Qc (l/min)    
 8.1433E+02    4.7529E+01    5.5483E+01    2.4796E+01    2.0655E+01    1.5969E+01    6.8987E+01    5.1924E+01    1.7622E+01    4.9642E+00    1.6697E+01    5.9186E+00    1.0121E+01
 8.1483E+02    4.7529E+01    5.5482E+01    2.4641E+01    2.0655E+01    1.5992E+01    6.9015E+01    5.1895E+01    1.7638E+01    4.9846E+00    1.6881E+01    6.1069E+00    1.0016E+01
 8.1533E+02    4.7526E+01    5.5492E+01    2.4709E+01    2.0690E+01    1.5992E+01    6.9005E+01    5.1899E+01    1.7612E+01    4.9642E+00    1.6840E+01    5.9593E+00    9.9090E+00
 8.1583E+02    4.7521E+01    5.5508E+01    2.4949E+01    2.0695E+01    1.6013E+01    6.9008E+01    5.1899E+01    1.7582E+01    4.9438E+00    1.6799E+01    6.0560E+00    1.0016E+01
 8.1640E+02    4.7526E+01    5.5508E+01    2.4949E+01    2.0690E+01    1.6028E+01    6.9030E+01    5.1902E+01    1.7564E+01    4.9642E+00    1.6738E+01    5.8982E+00    1.0121E+01
 8.1690E+02    4.7525E+01    5.5485E+01    2.5035E+01    2.0741E+01    1.5990E+01    6.9015E+01    5.1868E+01    1.7518E+01    4.9642E+00    1.6697E+01    5.9695E+00    1.0121E+01
 8.1740E+02    4.7518E+01    5.5480E+01    2.5040E+01    2.0683E+01    1.5953E+01    6.9026E+01    5.1859E+01    1.7518E+01    4.9438E+00    1.6738E+01    6.0000E+00    1.0121E+01
 8.1790E+02    4.7518E+01    5.5490E+01    2.5056E+01    2.0683E+01    1.6039E+01    6.9069E+01    5.1871E+01    1.7521E+01    4.9438E+00    1.6820E+01    6.0306E+00    1.0121E+01
 8.1850E+02    4.7501E+01    5.5498E+01    2.5106E+01    2.0747E+01    1.6039E+01    6.9090E+01    5.1869E+01    1.7476E+01    4.9438E+00    1.6718E+01    5.8982E+00    1.0121E+01
 8.1900E+02    4.7543E+01    5.5507E+01    2.5176E+01    2.0718E+01    1.6162E+01    6.9106E+01    5.1872E+01    1.7466E+01    4.9642E+00    1.6738E+01    6.1273E+00    1.0121E+01
 8.1950E+02    4.7547E+01    5.5507E+01    2.5176E+01    2.0830E+01    1.6290E+01    6.9109E+01    5.1872E+01    1.7437E+01    4.9438E+00    1.6759E+01    5.9033E+00    1.0016E+01
 8.2000E+02    4.7548E+01    5.5501E+01    2.5094E+01    2.0773E+01    1.6450E+01    6.9109E+01    5.1863E+01    1.7424E+01    4.9438E+00    1.6799E+01    6.0815E+00    1.0016E+01
 8.2057E+02    4.7565E+01    5.5510E+01    2.4962E+01    2.0717E+01    1.6607E+01    6.9134E+01    5.1860E+01    1.7414E+01    4.9234E+00    1.6820E+01    6.1019E+00    9.9090E+00
 8.2107E+02    4.7595E+01    5.5547E+01    2.4833E+01    2.0749E+01    1.6757E+01    6.9142E+01    5.1863E+01    1.7430E+01    4.9438E+00    1.6718E+01    5.9288E+00    1.0016E+01
 8.2157E+02    4.7607E+01    5.5542E+01    2.4777E+01    2.0677E+01    1.6757E+01    6.9167E+01    5.1864E+01    1.7435E+01    4.9438E+00    1.6921E+01    5.8982E+00    1.0016E+01
 8.2207E+02    4.7591E+01    5.5549E+01    2.4777E+01    2.0651E+01    1.6863E+01    6.9172E+01    5.1864E+01    1.7462E+01    4.9438E+00    1.6840E+01    5.9848E+00    1.0016E+01
 8.2266E+02    4.7632E+01    5.5549E+01    2.4702E+01    2.0671E+01    1.6942E+01    6.9178E+01    5.1864E+01    1.7502E+01    4.9438E+00    1.6779E+01    5.8931E+00    1.0016E+01
 8.2316E+02    4.7600E+01    5.5529E+01    2.4699E+01    2.0787E+01    1.7023E+01    6.9178E+01    5.1873E+01    1.7533E+01    4.9438E+00    1.6697E+01    6.1120E+00    1.0016E+01
 8.2367E+02    4.7607E+01    5.5523E+01    2.4600E+01    2.0743E+01    1.7073E+01    6.9181E+01    5.1890E+01    1.7533E+01    4.9438E+00    1.6881E+01    5.8982E+00    1.0016E+01
 8.2417E+02    4.7607E+01    5.5516E+01    2.4696E+01    2.0743E+01    1.7160E+01    6.9203E+01    5.1904E+01    1.7555E+01    4.9438E+00    1.6799E+01    6.1069E+00    9.9090E+00
 8.2474E+02    4.7607E+01    5.5519E+01    2.4842E+01    2.0707E+01    1.7160E+01    6.9247E+01    5.1909E+01    1.7591E+01    4.9438E+00    1.6799E+01    5.8982E+00    1.0121E+01
 8.2524E+02    4.7593E+01    5.5508E+01    2.4804E+01    2.0669E+01    1.7238E+01    6.9250E+01    5.1909E+01    1.7628E+01    4.9438E+00    1.6738E+01    5.9033E+00    1.0016E+01
 8.2574E+02    4.7581E+01    5.5508E+01    2.4804E+01    2.0655E+01    1.7310E+01    6.9276E+01    5.1916E+01    1.7660E+01    4.9438E+00    1.6860E+01    5.8982E+00    1.0121E+01
 8.2624E+02    4.7595E+01    5.5500E+01    2.4799E+01    2.0670E+01    1.7378E+01    6.9276E+01    5.1938E+01    1.7693E+01    4.9438E+00    1.6881E+01    5.9440E+00    1.0121E+01
 8.2684E+02    4.7613E+01    5.5497E+01    2.4793E+01    2.0635E+01    1.7443E+01    6.9297E+01    5.1942E+01    1.7693E+01    4.9438E+00    1.6840E+01    6.0968E+00    9.9090E+00
 8.2734E+02    4.7613E+01    5.5517E+01    2.4836E+01    2.0635E+01    1.7521E+01    6.9295E+01    5.1979E+01    1.7736E+01    4.9642E+00    1.6881E+01    5.9339E+00    1.0121E+01
 8.2784E+02    4.7618E+01    5.5514E+01    2.5048E+01    2.0788E+01    1.7521E+01    6.9310E+01    5.2006E+01    1.7775E+01    4.9438E+00    1.6779E+01    5.9135E+00    1.0016E+01
 8.2834E+02    4.7625E+01    5.5525E+01    2.5048E+01    2.0683E+01    1.7578E+01    6.9308E+01    5.2006E+01    1.7797E+01    4.9642E+00    1.6738E+01    5.9644E+00    1.0121E+01
 8.2891E+02    4.7634E+01    5.5540E+01    2.5108E+01    2.0682E+01    1.7626E+01    6.9301E+01    5.2023E+01    1.7829E+01    4.9438E+00    1.6677E+01    6.0815E+00    1.0121E+01
 8.2941E+02    4.7652E+01    5.5529E+01    2.4975E+01    2.0649E+01    1.7653E+01    6.9301E+01    5.2038E+01    1.7868E+01    4.9438E+00    1.6718E+01    5.9186E+00    1.0016E+01
# Time (s)      T1w (C)       T2w (C)       T1a (C)       T2a (C)       T1r (C)       T2r (C)       T3r (C)       T4r (C)       P1 (bar)      P2 (bar)      Ic (amp)      Qc (l/min)    
 8.2991E+02    4.7652E+01    5.5544E+01    2.5165E+01    2.0649E+01    1.7686E+01    6.9294E+01    5.2062E+01    1.7868E+01    4.9642E+00    1.6718E+01    5.9033E+00    9.9090E+00
 8.3041E+02    4.7657E+01    5.5519E+01    2.5284E+01    2.0730E+01    1.7686E+01    6.9294E+01    5.2089E+01    1.7895E+01    4.9642E+00    1.6759E+01    5.8982E+00    9.9090E+00
 8.3100E+02    4.7645E+01    5.5528E+01    2.5151E+01    2.0672E+01    1.7748E+01    6.9283E+01    5.2110E+01    1.7911E+01    4.9642E+00    1.6840E+01    5.9186E+00    1.0121E+01
 8.3150E+02    4.7668E+01    5.5519E+01    2.5151E+01    2.0744E+01    1.7770E+01    6.9303E+01    5.2110E+01    1.7932E+01    4.9846E+00    1.6759E+01    5.9033E+00    1.0016E+01
 8.3200E+02    4.7656E+01    5.5519E+01    2.4996E+01    2.0863E+01    1.7856E+01    6.9331E+01    5.2111E+01    1.7952E+01    4.9642E+00    1.6840E+01    6.0408E+00    1.0016E+01
 8.3250E+02    4.7653E+01    5.5541E+01    2.4921E+01    2.0809E+01    1.7913E+01    6.9331E+01    5.2141E+01    1.7978E+01    4.9642E+00    1.6697E+01    6.1222E+00    1.0016E+01
 8.3311E+02    4.7674E+01    5.5531E+01    2.5013E+01    2.0815E+01    1.7980E+01    6.9345E+01    5.2180E+01    1.7978E+01    4.9642E+00    1.6677E+01    5.9135E+00    1.0016E+01
 8.3361E+02    4.7674E+01    5.5521E+01    2.5298E+01    2.0815E+01    1.8037E+01    6.9334E+01    5.2198E+01    1.7997E+01    4.9846E+00    1.6881E+01    6.1273E+00    1.0121E+01
 8.3411E+02    4.7684E+01    5.5544E+01    2.5444E+01    2.0802E+01    1.8037E+01    6.9329E+01    5.2214E+01    1.8024E+01    4.9846E+00    1.6840E+01    5.9084E+00    1.0121E+01
 8.3461E+02    4.7700E+01    5.5544E+01    2.5444E+01    2.0815E+01    1.8103E+01    6.9345E+01    5.2214E+01    1.8038E+01    4.9846E+00    1.6799E+01    5.9084E+00    1.0121E+01
 8.3519E+02    4.7685E+01    5.5555E+01    2.5100E+01    2.0808E+01    1.8171E+01    6.9343E+01    5.2249E+01    1.8082E+01    4.9846E+00    1.6881E+01    6.0459E+00    1.0121E+01
 8.3569E+02    4.7690E+01    5.5566E+01    2.4920E+01    2.0969E+01    1.8230E+01    6.9343E+01    5.2259E+01    1.8106E+01    4.9846E+00    1.6759E+01    6.1222E+00    1.0016E+01
 8.3619E+02    4.7690E+01    5.5554E+01    2.4702E+01    2.0969E+01    1.8274E+01    6.9350E+01    5.2279E+01    1.8090E+01    4.9846E+00    1.6738E+01    5.9084E+00    1.0016E+01
 8.3669E+02    4.7725E+01    5.5572E+01    2.4711E+01    2.0932E+01    1.8274E+01    6.9358E+01    5.2295E+01    1.8111E+01    4.9846E+00    1.6881E+01    6.1171E+00    1.0016E+01
 8.3726E+02    4.7730E+01    5.5579E+01    2.4823E+01    2.0922E+01    1.8304E+01    6.9330E+01    5.2314E+01    1.8169E+01    5.0050E+00    1.6697E+01    5.9033E+00    1.0121E+01
 8.3776E+02    4.7735E+01    5.5579E+01    2.4823E+01    2.0886E+01    1.8365E+01    6.9354E+01    5.2314E+01    1.8199E+01    5.0050E+00    1.6759E+01    6.0306E+00    1.0121E+01
 8.3826E+02    4.7739E+01    5.5575E+01    2.5096E+01    2.0904E+01    1.8415E+01    6.9340E+01    5.2325E+01    1.8210E+01    5.0050E+00    1.6799E+01    5.9237E+00    1.0016E+01
 8.3876E+02    4.7745E+01    5.5568E+01    2.5468E+01    2.0948E+01    1.8449E+01    6.9363E+01    5.2348E+01    1.8210E+01    5.0050E+00    1.6799E+01    6.0917E+00    1.0016E+01
 8.3938E+02    4.7733E+01    5.5574E+01    2.5483E+01    2.0934E+01    1.8459E+01    6.9376E+01    5.2365E+01    1.8240E+01    5.0050E+00    1.6677E+01    5.9135E+00    1.0121E+01
 8.3988E+02    4.7733E+01    5.5575E+01    2.5293E+01    2.0934E+01    1.8487E+01    6.9382E+01    5.2390E+01    1.8270E+01    5.0050E+00    1.6738E+01    5.9186E+00    1.0016E+01
 8.4038E+02    4.7739E+01    5.5585E+01    2.5306E+01    2.1028E+01    1.8487E+01    6.9395E+01    5.2427E+01    1.8308E+01    5.0050E+00    1.6738E+01    6.0917E+00    1.0016E+01
 8.4088E+02    4.7741E+01    5.5570E+01    2.5290E+01    2.0960E+01    1.8479E+01    6.9427E+01    5.2427E+01    1.8349E+01    5.0050E+00    1.6840E+01    5.9593E+00    9.9090E+00
 8.4145E+02    4.7726E+01    5.5578E+01    2.5288E+01    2.1040E+01    1.8465E+01    6.9427E+01    5.2460E+01    1.8381E+01    5.0254E+00    1.6718E+01    6.0713E+00    1.0016E+01
 8.4195E+02    4.7722E+01    5.5579E+01    2.5275E+01    2.0994E+01    1.8434E+01    6.9396E+01    5.2482E+01    1.8412E+01    5.0254E+00    1.6799E+01    6.1019E+00    1.0016E+01
 8.4245E+02    4.7722E+01    5.5571E+01    2.5785E+01    2.0994E+01    1.8393E+01    6.9400E+01    5.2506E+01    1.8412E+01    5.0050E+00    1.6799E+01    6.1120E+00    1.0016E+01
 8.4295E+02    4.7708E+01    5.5577E+01    2.5990E+01    2.0948E+01    1.8393E+01    6.9424E+01    5.2517E+01    1.8454E+01    5.0254E+00    1.6820E+01    6.0662E+00    1.0016E+01
 8.4356E+02    4.7726E+01    5.5566E+01    2.5484E+01    2.0857E+01    1.8291E+01    6.9418E+01    5.2549E+01    1.8486E+01    5.0254E+00    1.6779E+01    5.9084E+00    1.0016E+01
 8.4407E+02    4.7712E+01    5.5575E+01    2.5469E+01    2.0951E+01    1.8127E+01    6.9428E+01    5.2549E+01    1.8537E+01    5.0254E+00    1.6901E+01    5.9593E+00    1.0016E+01
 8.4457E+02    4.7734E+01    5.5575E+01    2.5541E+01    2.0932E+01    1.7826E+01    6.9428E+01    5.2546E+01    1.8578E+01    5.0254E+00    1.6820E+01    5.9288E+00    1.0016E+01
 8.4507E+02    4.7715E+01    5.5567E+01    2.5552E+01    2.0911E+01    1.7082E+01    6.9416E+01    5.2575E+01    1.8578E+01    5.0254E+00    1.6779E+01    6.0713E+00    9.9090E+00
# Time (s)      T1w (C)       T2w (C)       T1a (C)       T2a (C)       T1r (C)       T2r (C)       T3r (C)       T4r (C)       P1 (bar)      P2 (bar)      Ic (amp)      Qc (l/min)    
 8.4564E+02    4.7726E+01    5.5582E+01    2.5529E+01    2.0911E+01    1.6649E+01    6.9414E+01    5.2587E+01    1.8608E+01    5.0458E+00    1.6738E+01    6.0917E+00    1.0016E+01
 8.4614E+02    4.7726E+01    5.5578E+01    2.5589E+01    2.0920E+01    1.6649E+01    6.9422E+01    5.2626E+01    1.8637E+01    5.0254E+00    1.6799E+01    5.9084E+00    1.0121E+01
 8.4664E+02    4.7725E+01    5.5582E+01    2.5795E+01    2.0948E+01    1.6480E+01    6.9419E+01    5.2626E+01    1.8668E+01    5.0458E+00    1.6759E+01    5.9237E+00    1.0121E+01
 8.4714E+02    4.7732E+01    5.5582E+01    2.5795E+01    2.0972E+01    1.6308E+01    6.9452E+01    5.2639E+01    1.8689E+01    5.0254E+00    1.6840E+01    5.9237E+00    1.0121E+01
 8.4774E+02    4.7742E+01    5.5599E+01    2.5669E+01    2.0983E+01    1.6229E+01    6.9452E+01    5.2654E+01    1.8728E+01    5.0458E+00    1.6718E+01    6.0815E+00    1.0121E+01
 8.4824E+02    4.7740E+01    5.5597E+01    2.5349E+01    2.0931E+01    1.6169E+01    6.9442E+01    5.2653E+01    1.8705E+01    5.0458E+00    1.6779E+01    5.9186E+00    1.0121E+01
 8.4874E+02    4.7740E+01    5.5602E+01    2.5133E+01    2.0931E+01    1.6154E+01    6.9459E+01    5.2662E+01    1.8705E+01    5.0662E+00    1.6860E+01    5.9339E+00    1.0016E+01
 8.4924E+02    4.7735E+01    5.5609E+01    2.5154E+01    2.0969E+01    1.6138E+01    6.9456E+01    5.2658E+01    1.8677E+01    5.0458E+00    1.6921E+01    5.9288E+00    9.9090E+00
 8.4982E+02    4.7750E+01    5.5602E+01    2.5037E+01    2.1016E+01    1.6100E+01    6.9429E+01    5.2673E+01    1.8655E+01    5.0662E+00    1.6921E+01    6.0051E+00    1.0121E+01
 8.5032E+02    4.7742E+01    5.5602E+01    2.5037E+01    2.0999E+01    1.6069E+01    6.9405E+01    5.2658E+01    1.8596E+01    5.0458E+00    1.6779E+01    6.0611E+00    1.0121E+01
 8.5082E+02    4.7754E+01    5.5621E+01    2.4911E+01    2.1036E+01    1.6078E+01    6.9405E+01    5.2660E+01    1.8534E+01    5.0458E+00    1.6860E+01    5.9389E+00    1.0016E+01
 8.5132E+02    4.7755E+01    5.5612E+01    2.4843E+01    2.1162E+01    1.6067E+01    6.9400E+01    5.2621E+01    1.8518E+01    5.0458E+00    1.6779E+01    6.0102E+00    9.9090E+00
 8.5191E+02    4.7755E+01    5.5619E+01    2.4869E+01    2.1162E+01    1.6037E+01    6.9392E+01    5.2609E+01    1.8460E+01    5.0458E+00    1.6840E+01    6.1629E+00    1.0121E+01
 8.5241E+02    4.7745E+01    5.5627E+01    2.4902E+01    2.1195E+01    1.6053E+01    6.9389E+01    5.2629E+01    1.8441E+01    5.0458E+00    1.6820E+01    6.0357E+00    1.0016E+01
 8.5291E+02    4.7756E+01    5.5641E+01    2.4843E+01    2.1122E+01    1.6006E+01    6.9360E+01    5.2629E+01    1.8412E+01    5.0458E+00    1.6983E+01    5.9389E+00    9.9090E+00
 8.5341E+02    4.7771E+01    5.5656E+01    2.4858E+01    2.1179E+01    1.5994E+01    6.9358E+01    5.2632E+01    1.8384E+01    5.0458E+00    1.6962E+01    5.9797E+00    1.0016E+01
 8.5403E+02    4.7782E+01    5.5659E+01    2.5036E+01    2.1274E+01    1.5999E+01    6.9389E+01    5.2623E+01    1.8341E+01    5.0458E+00    1.6881E+01    6.0917E+00    1.0121E+01
 8.5453E+02    4.7791E+01    5.5671E+01    2.5037E+01    2.1223E+01    1.5960E+01    6.9389E+01    5.2616E+01    1.8307E+01    5.0458E+00    1.6942E+01    6.1171E+00    1.0225E+01
 8.5503E+02    4.7806E+01    5.5690E+01    2.4923E+01    2.1239E+01    1.5966E+01    6.9403E+01    5.2606E+01    1.8307E+01    5.0458E+00    1.6881E+01    6.1375E+00    9.9090E+00
 8.5553E+02    4.7796E+01    5.5709E+01    2.4895E+01    2.1136E+01    1.5966E+01    6.9416E+01    5.2579E+01    1.8269E+01    5.0458E+00    1.7003E+01    5.9491E+00    9.9090E+00
 8.5617E+02    4.7806E+01    5.5725E+01    2.4901E+01    2.1114E+01    1.5970E+01    6.9405E+01    5.2555E+01    1.8194E+01    5.0254E+00    1.7044E+01    5.9440E+00    1.0121E+01
 8.5667E+02    4.7811E+01    5.5729E+01    2.4930E+01    2.1203E+01    1.5958E+01    6.9359E+01    5.2555E+01    1.8158E+01    5.0458E+00    1.6799E+01    6.0611E+00    1.0016E+01
 8.5717E+02    4.7814E+01    5.5729E+01    2.4930E+01    2.1170E+01    1.5894E+01    6.9356E+01    5.2522E+01    1.8128E+01    5.0254E+00    1.6840E+01    5.9491E+00    1.0016E+01
 8.5767E+02    4.7816E+01    5.5736E+01    2.4866E+01    2.1178E+01    1.5844E+01    6.9356E+01    5.2498E+01    1.8105E+01    5.0050E+00    1.6881E+01    5.9440E+00    1.0121E+01
 8.5825E+02    4.7826E+01    5.5747E+01    2.4942E+01    2.1156E+01    1.5824E+01    6.9341E+01    5.2487E+01    1.8105E+01    5.0254E+00    1.6983E+01    6.1680E+00    1.0121E+01
 8.5875E+02    4.7826E+01    5.5763E+01    2.5096E+01    2.1156E+01    1.5806E+01    6.9338E+01    5.2475E+01    1.8066E+01    5.0254E+00    1.6983E+01    6.1375E+00    1.0121E+01
 8.5925E+02    4.7823E+01    5.5753E+01    2.5069E+01    2.1119E+01    1.5822E+01    6.9353E+01    5.2465E+01    1.8081E+01    5.0254E+00    1.6881E+01    6.1171E+00    9.9090E+00
 8.5975E+02    4.7829E+01    5.5764E+01    2.5069E+01    2.1136E+01    1.5833E+01    6.9359E+01    5.2465E+01    1.8062E+01    5.0254E+00    1.6942E+01    5.9491E+00    1.0121E+01
 8.6034E+02    4.7826E+01    5.5764E+01    2.5125E+01    2.1054E+01    1.5896E+01    6.9386E+01    5.2472E+01    1.8066E+01    5.0254E+00    1.7003E+01    5.9389E+00    1.0016E+01
 8.6084E+02    4.7805E+01    5.5762E+01    2.5247E+01    2.1086E+01    1.5911E+01    6.9386E+01    5.2450E+01    1.8010E+01    5.0254E+00    1.7044E+01    6.1731E+00    1.0016E+01
# Time (s)      T1w (C)       T2w (C)       T1a (C)       T2a (C)       T1r (C)       T2r (C)       T3r (C)       T4r (C)       P1 (bar)      P2 (bar)      Ic (amp)      Qc (l/min)    
 8.6134E+02    4.7805E+01    5.5756E+01    2.5453E+01    2.1070E+01    1.5906E+01    6.9361E+01    5.2437E+01    1.8010E+01    5.0050E+00    1.6921E+01    5.9440E+00    9.9090E+00
 8.6184E+02    4.7805E+01    5.5755E+01    2.5554E+01    2.1003E+01    1.5906E+01    6.9389E+01    5.2415E+01    1.7994E+01    5.0254E+00    1.6881E+01    5.9491E+00    1.0121E+01
 8.6244E+02    4.7809E+01    5.5761E+01    2.5270E+01    2.1041E+01    1.5909E+01    6.9389E+01    5.2398E+01    1.8000E+01    5.0050E+00    1.6983E+01    5.9593E+00    1.0016E+01
 8.6294E+02    4.7818E+01    5.5758E+01    2.5270E+01    2.1051E+01    1.5930E+01    6.9369E+01    5.2398E+01    1.7975E+01    5.0050E+00    1.7044E+01    6.1629E+00    1.0121E+01
 8.6344E+02    4.7811E+01    5.5758E+01    2.5238E+01    2.1071E+01    1.5959E+01    6.9369E+01    5.2387E+01    1.7954E+01    5.0050E+00    1.7044E+01    6.1375E+00    1.0121E+01
 8.6394E+02    4.7830E+01    5.5785E+01    2.5182E+01    2.1144E+01    1.5930E+01    6.9394E+01    5.2363E+01    1.7923E+01    5.0050E+00    1.6881E+01    6.1120E+00    1.0121E+01
 8.6453E+02    4.7827E+01    5.5787E+01    2.5231E+01    2.1144E+01    1.5880E+01    6.9412E+01    5.2347E+01    1.7923E+01    5.0254E+00    1.6921E+01    6.1477E+00    1.0121E+01
 8.6503E+02    4.7827E+01    5.5792E+01    2.5047E+01    2.1057E+01    1.5879E+01    6.9412E+01    5.2337E+01    1.7911E+01    5.0050E+00    1.6942E+01    6.0051E+00    1.0225E+01
 8.6553E+02    4.7797E+01    5.5768E+01    2.4861E+01    2.1066E+01    1.5895E+01    6.9424E+01    5.2322E+01    1.7884E+01    5.0050E+00    1.7064E+01    6.1019E+00    1.0016E+01
 8.6603E+02    4.7812E+01    5.5768E+01    2.4861E+01    2.1106E+01    1.5880E+01    6.9454E+01    5.2337E+01    1.7864E+01    4.9846E+00    1.6962E+01    5.9542E+00    1.0016E+01
 8.6661E+02    4.7827E+01    5.5788E+01    2.4726E+01    2.1091E+01    1.5876E+01    6.9471E+01    5.2318E+01    1.7871E+01    5.0254E+00    1.7003E+01    6.0204E+00    1.0016E+01
 8.6712E+02    4.7839E+01    5.5782E+01    2.4804E+01    2.1093E+01    1.5906E+01    6.9471E+01    5.2308E+01    1.7818E+01    4.9846E+00    1.6962E+01    6.1731E+00    1.0016E+01
 8.6762E+02    4.7839E+01    5.5792E+01    2.4882E+01    2.1093E+01    1.5906E+01    6.9481E+01    5.2304E+01    1.7818E+01    5.0050E+00    1.6962E+01    6.1629E+00    1.0121E+01
 8.6812E+02    4.7843E+01    5.5795E+01    2.5076E+01    2.1054E+01    1.5906E+01    6.9487E+01    5.2279E+01    1.7793E+01    5.0050E+00    1.6921E+01    6.1528E+00    1.0016E+01
 8.6874E+02    4.7836E+01    5.5794E+01    2.4931E+01    2.1116E+01    1.5910E+01    6.9471E+01    5.2259E+01    1.7775E+01    4.9846E+00    1.6860E+01    6.0866E+00    1.0121E+01
 8.6924E+02    4.7855E+01    5.5800E+01    2.5052E+01    2.1171E+01    1.5884E+01    6.9490E+01    5.2259E+01    1.7768E+01    4.9846E+00    1.7044E+01    6.0153E+00    9.9090E+00
 8.6974E+02    4.7853E+01    5.5800E+01    2.5052E+01    2.1130E+01    1.5859E+01    6.9465E+01    5.2240E+01    1.7733E+01    4.9846E+00    1.6901E+01    5.9389E+00    1.0016E+01
 8.7024E+02    4.7840E+01    5.5807E+01    2.5420E+01    2.1133E+01    1.5828E+01    6.9465E+01    5.2234E+01    1.7717E+01    4.9846E+00    1.6840E+01    5.9899E+00    1.0121E+01
 8.7084E+02    4.7852E+01    5.5812E+01    2.5662E+01    2.1141E+01    1.5786E+01    6.9470E+01    5.2220E+01    1.7717E+01    4.9846E+00    1.6901E+01    6.1477E+00    1.0121E+01
 8.7134E+02    4.7852E+01    5.5800E+01    2.5654E+01    2.1141E+01    1.5764E+01    6.9501E+01    5.2208E+01    1.7697E+01    4.9846E+00    1.6921E+01    5.9797E+00    1.0121E+01
 8.7184E+02    4.7858E+01    5.5811E+01    2.5289E+01    2.1045E+01    1.5764E+01    6.9516E+01    5.2203E+01    1.7675E+01    4.9846E+00    1.6860E+01    6.1579E+00    1.0016E+01
 8.7234E+02    4.7860E+01    5.5820E+01    2.5289E+01    2.1017E+01    1.5819E+01    6.9517E+01    5.2218E+01    1.7677E+01    4.9846E+00    1.6881E+01    6.0153E+00    1.0121E+01
 8.7294E+02    4.7867E+01    5.5820E+01    2.5360E+01    2.1048E+01    1.5858E+01    6.9543E+01    5.2204E+01    1.7662E+01    4.9846E+00    1.7084E+01    6.1426E+00    1.0016E+01
 8.7344E+02    4.7844E+01    5.5815E+01    2.5194E+01    2.1094E+01    1.5912E+01    6.9543E+01    5.2182E+01    1.7642E+01    4.9846E+00    1.6901E+01    6.1579E+00    9.9090E+00
 8.7394E+02    4.7852E+01    5.5807E+01    2.5127E+01    2.1051E+01    1.5912E+01    6.9547E+01    5.2195E+01    1.7642E+01    4.9846E+00    1.6881E+01    6.1680E+00    1.0121E+01
 8.7444E+02    4.7852E+01    5.5803E+01    2.5014E+01    2.1051E+01    1.6034E+01    6.9542E+01    5.2184E+01    1.7630E+01    4.9846E+00    1.6881E+01    6.0764E+00    1.0121E+01
 8.7502E+02    4.7855E+01    5.5816E+01    2.4866E+01    2.1006E+01    1.6034E+01    6.9537E+01    5.2171E+01    1.7596E+01    4.9642E+00    1.7003E+01    5.9695E+00    1.0016E+01
 8.7552E+02    4.7864E+01    5.5824E+01    2.4811E+01    2.0950E+01    1.6171E+01    6.9556E+01    5.2186E+01    1.7585E+01    4.9846E+00    1.6962E+01    6.0204E+00    1.0121E+01
 8.7602E+02    4.7854E+01    5.5824E+01    2.4811E+01    2.0950E+01    1.6314E+01    6.9547E+01    5.2191E+01    1.7561E+01    4.9642E+00    1.7084E+01    6.0611E+00    1.0016E+01
 8.7652E+02    4.7849E+01    5.5818E+01    2.4898E+01    2.0968E+01    1.6463E+01    6.9547E+01    5.2176E+01    1.7539E+01    4.9642E+00    1.7064E+01    6.0815E+00    1.0121E+01
# Time (s)      T1w (C)       T2w (C)       T1a (C)       T2a (C)       T1r (C)       T2r (C)       T3r (C)       T4r (C)       P1 (bar)      P2 (bar)      Ic (amp)      Qc (l/min)    
 8.7712E+02    4.7854E+01    5.5810E+01    2.4967E+01    2.0870E+01    1.6590E+01    6.9554E+01    5.2190E+01    1.7555E+01    4.9642E+00    1.7003E+01    5.9440E+00    1.0016E+01
 8.7762E+02    4.7869E+01    5.5833E+01    2.4952E+01    2.0886E+01    1.6699E+01    6.9592E+01    5.2176E+01    1.7543E+01    4.9642E+00    1.6901E+01    5.9491E+00    1.0016E+01
 8.7812E+02    4.7853E+01    5.5833E+01    2.5014E+01    2.0793E+01    1.6699E+01    6.9618E+01    5.2193E+01    1.7523E+01    4.9642E+00    1.6921E+01    6.1477E+00    1.0016E+01
 8.7862E+02    4.7870E+01    5.5844E+01    2.5014E+01    2.0849E+01    1.6755E+01    6.9613E+01    5.2179E+01    1.7505E+01    4.9438E+00    1.6983E+01    5.9440E+00    1.0121E+01
 8.7921E+02    4.7879E+01    5.5844E+01    2.5235E+01    2.0895E+01    1.6838E+01    6.9609E+01    5.2157E+01    1.7535E+01    4.9438E+00    1.7064E+01    6.1528E+00    1.0121E+01
 8.7971E+02    4.7894E+01    5.5845E+01    2.5035E+01    2.0993E+01    1.6917E+01    6.9609E+01    5.2179E+01    1.7552E+01    4.9642E+00    1.6942E+01    6.1222E+00    1.0016E+01
 8.8021E+02    4.7905E+01    5.5844E+01    2.4913E+01    2.0993E+01    1.6993E+01    6.9622E+01    5.2171E+01    1.7552E+01    4.9438E+00    1.6901E+01    6.1477E+00    1.0016E+01
 8.8071E+02    4.7905E+01    5.5860E+01    2.4881E+01    2.0875E+01    1.7085E+01    6.9627E+01    5.2179E+01    1.7555E+01    4.9642E+00    1.6921E+01    5.9389E+00    1.0016E+01
 8.8134E+02    4.7911E+01    5.5855E+01    2.4962E+01    2.0867E+01    1.7085E+01    6.9648E+01    5.2179E+01    1.7594E+01    4.9642E+00    1.7023E+01    6.0968E+00    1.0016E+01
 8.8185E+02    4.7906E+01    5.5846E+01    2.4886E+01    2.0856E+01    1.7164E+01    6.9669E+01    5.2179E+01    1.7645E+01    4.9642E+00    1.6942E+01    6.0662E+00    1.0016E+01
 8.8235E+02    4.7912E+01    5.5846E+01    2.4886E+01    2.0866E+01    1.7253E+01    6.9697E+01    5.2190E+01    1.7664E+01    4.9642E+00    1.6881E+01    5.9389E+00    1.0121E+01
 8.8285E+02    4.7917E+01    5.5840E+01    2.4888E+01    2.0828E+01    1.7323E+01    6.9697E+01    5.2203E+01    1.7718E+01    4.9642E+00    1.6942E+01    6.0051E+00    1.0121E+01
 8.8344E+02    4.7919E+01    5.5839E+01    2.5081E+01    2.0765E+01    1.7344E+01    6.9716E+01    5.2225E+01    1.7756E+01    4.9642E+00    1.7044E+01    5.9389E+00    1.0121E+01
 8.8394E+02    4.7919E+01    5.5833E+01    2.5283E+01    2.0765E+01    1.7356E+01    6.9710E+01    5.2232E+01    1.7756E+01    4.9642E+00    1.6901E+01    5.9339E+00    1.0016E+01
 8.8444E+02    4.7919E+01    5.5816E+01    2.5459E+01    2.0873E+01    1.7356E+01    6.9742E+01    5.2243E+01    1.7792E+01    4.9642E+00    1.6881E+01    6.1120E+00    1.0121E+01
 8.8494E+02    4.7922E+01    5.5829E+01    2.5820E+01    2.0837E+01    1.7369E+01    6.9770E+01    5.2243E+01    1.7834E+01    4.9846E+00    1.7044E+01    5.9339E+00    1.0121E+01
 8.8553E+02    4.7916E+01    5.5811E+01    2.5820E+01    2.0824E+01    1.7406E+01    6.9781E+01    5.2262E+01    1.7864E+01    4.9846E+00    1.6881E+01    5.9593E+00    1.0121E+01
 8.8603E+02    4.7926E+01    5.5811E+01    2.5961E+01    2.0871E+01    1.7433E+01    6.9781E+01    5.2283E+01    1.7882E+01    4.9846E+00    1.6881E+01    6.1019E+00    1.0225E+01
 8.8653E+02    4.7925E+01    5.5816E+01    2.5854E+01    2.0925E+01    1.7489E+01    6.9793E+01    5.2309E+01    1.7882E+01    4.9642E+00    1.7044E+01    6.0153E+00    1.0121E+01
 8.8703E+02    4.7925E+01    5.5812E+01    2.5808E+01    2.0925E+01    1.7512E+01    6.9793E+01    5.2324E+01    1.7916E+01    4.9846E+00    1.6983E+01    6.1629E+00    1.0121E+01
 8.8761E+02    4.7922E+01    5.5805E+01    2.6064E+01    2.0894E+01    1.7512E+01    6.9830E+01    5.2352E+01    1.7916E+01    4.9846E+00    1.6860E+01    6.0866E+00    1.0121E+01
 8.8811E+02    4.7921E+01    5.5811E+01    2.6189E+01    2.0987E+01    1.7559E+01    6.9852E+01    5.2352E+01    1.7950E+01    4.9846E+00    1.7023E+01    5.9389E+00    1.0016E+01
 8.8861E+02    4.7936E+01    5.5811E+01    2.6189E+01    2.1003E+01    1.7611E+01    6.9828E+01    5.2363E+01    1.7965E+01    4.9846E+00    1.6942E+01    5.9389E+00    1.0121E+01
 8.8911E+02    4.7936E+01    5.5813E+01    2.6208E+01    2.0905E+01    1.7652E+01    6.9828E+01    5.2392E+01    1.7976E+01    4.9846E+00    1.6901E+01    5.9593E+00    1.0225E+01
 8.8970E+02    4.7963E+01    5.5811E+01    2.6117E+01    2.0882E+01    1.7728E+01    6.9860E+01    5.2425E+01    1.7992E+01    4.9846E+00    1.6962E+01    5.9440E+00    1.0121E+01
 8.9020E+02    4.7963E+01    5.5817E+01    2.6157E+01    2.0882E+01    1.7776E+01    6.9853E+01    5.2445E+01    1.8016E+01    5.0050E+00    1.6901E+01    6.1120E+00    1.0016E+01
 8.9070E+02    4.7984E+01    5.5835E+01    2.6205E+01    2.0960E+01    1.7792E+01    6.9894E+01    5.2456E+01    1.8019E+01    5.0050E+00    1.7023E+01    5.9848E+00    1.0121E+01
 8.9120E+02    4.7989E+01    5.5847E+01    2.6205E+01    2.0990E+01    1.7853E+01    6.9893E+01    5.2456E+01    1.8061E+01    5.0050E+00    1.7023E+01    6.1019E+00    1.0225E+01
 8.9178E+02    4.7988E+01    5.5862E+01    2.6166E+01    2.0996E+01    1.7914E+01    6.9894E+01    5.2492E+01    1.8095E+01    5.0050E+00    1.6881E+01    6.1273E+00    1.0016E+01
 8.9228E+02    4.7985E+01    5.5864E+01    2.6062E+01    2.1085E+01    1.8001E+01    6.9894E+01    5.2527E+01    1.8118E+01    5.0050E+00    1.7003E+01    6.1680E+00    1.0016E+01
# Time (s)      T1w (C)       T2w (C)       T1a (C)       T2a (C)       T1r (C)       T2r (C)       T3r (C)       T4r (C)       P1 (bar)      P2 (bar)      Ic (amp)      Qc (l/min)    
 8.9278E+02    4.8019E+01    5.5875E+01    2.6242E+01    2.1085E+01    1.8070E+01    6.9899E+01    5.2546E+01    1.8118E+01    5.0050E+00    1.7044E+01    6.0866E+00    1.0121E+01
 8.9328E+02    4.8019E+01    5.5869E+01    2.6164E+01    2.1048E+01    1.8054E+01    6.9889E+01    5.2530E+01    1.8140E+01    5.0050E+00    1.6942E+01    5.9542E+00    1.0225E+01
 8.9387E+02    4.8030E+01    5.5889E+01    2.6063E+01    2.0976E+01    1.8102E+01    6.9914E+01    5.2573E+01    1.8136E+01    5.0050E+00    1.6962E+01    5.9491E+00    1.0121E+01
 8.9437E+02    4.8033E+01    5.5893E+01    2.5785E+01    2.1007E+01    1.8137E+01    6.9890E+01    5.2558E+01    1.8170E+01    5.0050E+00    1.6962E+01    6.0815E+00    1.0121E+01
 8.9487E+02    4.8054E+01    5.5893E+01    2.5785E+01    2.0927E+01    1.8183E+01    6.9887E+01    5.2573E+01    1.8207E+01    5.0254E+00    1.6901E+01    5.9695E+00    1.0016E+01
 8.9537E+02    4.8057E+01    5.5905E+01    2.5666E+01    2.1017E+01    1.8218E+01    6.9887E+01    5.2598E+01    1.8247E+01    5.0254E+00    1.7044E+01    6.1477E+00    1.0121E+01
 8.9595E+02    4.8055E+01    5.5903E+01    2.5670E+01    2.0948E+01    1.8243E+01    6.9903E+01    5.2611E+01    1.8247E+01    5.0254E+00    1.6962E+01    6.1477E+00    1.0016E+01
 8.9645E+02    4.8055E+01    5.5912E+01    2.5689E+01    2.0948E+01    1.8271E+01    6.9897E+01    5.2632E+01    1.8268E+01    5.0254E+00    1.6860E+01    5.9389E+00    1.0121E+01
 8.9695E+02    4.8068E+01    5.5912E+01    2.5795E+01    2.1002E+01    1.8271E+01    6.9905E+01    5.2655E+01    1.8314E+01    5.0254E+00    1.7084E+01    6.1019E+00    1.0121E+01
 8.9745E+02    4.8044E+01    5.5898E+01    2.5779E+01    2.1047E+01    1.8300E+01    6.9896E+01    5.2655E+01    1.8336E+01    5.0254E+00    1.7023E+01    5.9491E+00    1.0121E+01
 8.9804E+02    4.8067E+01    5.5903E+01    2.5772E+01    2.1047E+01    1.8347E+01    6.9905E+01    5.2680E+01    1.8391E+01    5.0254E+00    1.6921E+01    5.9491E+00    1.0016E+01
 8.9854E+02    4.8073E+01    5.5912E+01    2.5737E+01    2.1094E+01    1.8343E+01    6.9905E+01    5.2700E+01    1.8407E+01    5.0050E+00    1.6881E+01    5.9440E+00    9.9090E+00
 8.9904E+02    4.8073E+01    5.5923E+01    2.5702E+01    2.1094E+01    1.8317E+01    6.9930E+01    5.2735E+01    1.8407E+01    5.0254E+00    1.6962E+01    6.0153E+00    1.0016E+01
 8.9954E+02    4.8070E+01    5.5906E+01    2.5733E+01    2.0994E+01    1.8301E+01    6.9916E+01    5.2747E+01    1.8418E+01    5.0254E+00    1.7044E+01    5.9899E+00    1.0016E+01
 9.0012E+02    4.8053E+01    5.5920E+01    2.5760E+01    2.0986E+01    1.8285E+01    6.9920E+01    5.2767E+01    1.8467E+01    5.0254E+00    1.6881E+01    6.1069E+00    1.0225E+01
 9.0062E+02    4.8075E+01    5.5929E+01    2.5760E+01    2.1091E+01    1.8238E+01    6.9913E+01    5.2767E+01    1.8499E+01    5.0458E+00    1.7023E+01    5.9695E+00    1.0016E+01
 9.0112E+02    4.8071E+01    5.5929E+01    2.5824E+01    2.1049E+01    1.8161E+01    6.9913E+01    5.2787E+01    1.8533E+01    5.0458E+00    1.6983E+01    6.1019E+00    1.0121E+01
 9.0162E+02    4.8089E+01    5.5940E+01    2.5704E+01    2.1007E+01    1.7885E+01    6.9938E+01    5.2817E+01    1.8533E+01    5.0458E+00    1.6942E+01    5.9542E+00    1.0225E+01
 9.0221E+02    4.8091E+01    5.5934E+01    2.5370E+01    2.1007E+01    1.7171E+01    6.9968E+01    5.2841E+01    1.8581E+01    5.0254E+00    1.6962E+01    5.9542E+00    1.0121E+01
 9.0271E+02    4.8091E+01    5.5939E+01    2.5236E+01    2.1118E+01    1.7171E+01    6.9976E+01    5.2876E+01    1.8610E+01    5.0458E+00    1.6962E+01    5.9491E+00    1.0016E+01
 9.0321E+02    4.8080E+01    5.5941E+01    2.5599E+01    2.1105E+01    1.6614E+01    6.9993E+01    5.2876E+01    1.8654E+01    5.0458E+00    1.7023E+01    5.9593E+00    9.9090E+00
 9.0371E+02    4.8102E+01    5.5956E+01    2.5615E+01    2.1081E+01    1.6467E+01    7.0006E+01    5.2888E+01    1.8671E+01    5.0458E+00    1.7084E+01    5.9899E+00    1.0016E+01
 9.0429E+02    4.8109E+01    5.5966E+01    2.5886E+01    2.1105E+01    1.6394E+01    7.0006E+01    5.2910E+01    1.8688E+01    5.0458E+00    1.6921E+01    6.1069E+00    1.0016E+01
 9.0479E+02    4.8122E+01    5.5977E+01    2.6050E+01    2.1048E+01    1.6306E+01    7.0003E+01    5.2912E+01    1.8672E+01    5.0458E+00    1.6901E+01    5.9899E+00    1.0121E+01
 9.0529E+02    4.8122E+01    5.5981E+01    2.5860E+01    2.1048E+01    1.6279E+01    6.9990E+01    5.2932E+01    1.8707E+01    5.0458E+00    1.7084E+01    6.1782E+00    1.0225E+01
 9.0579E+02    4.8140E+01    5.5978E+01    2.5540E+01    2.1073E+01    1.6263E+01    6.9987E+01    5.2918E+01    1.8707E+01    5.0458E+00    1.7023E+01    5.9746E+00    1.0016E+01
 9.0638E+02    4.8150E+01    5.5984E+01    2.5942E+01    2.1159E+01    1.6194E+01    6.9995E+01    5.2918E+01    1.8722E+01    5.0458E+00    1.7064E+01    5.9797E+00    1.0016E+01
 9.0688E+02    4.8136E+01    5.5986E+01    2.5942E+01    2.1184E+01    1.6157E+01    6.9985E+01    5.2943E+01    1.8715E+01    5.0662E+00    1.7023E+01    5.9746E+00    1.0121E+01
 9.0738E+02    4.8151E+01    5.5986E+01    2.5740E+01    2.1169E+01    1.6145E+01    6.9985E+01    5.2950E+01    1.8680E+01    5.0662E+00    1.6921E+01    5.9797E+00    1.0121E+01
 9.0788E+02    4.8148E+01    5.6002E+01    2.5433E+01    2.1176E+01    1.6161E+01    6.9963E+01    5.2953E+01    1.8680E+01    5.0662E+00    1.7003E+01    5.9899E+00    1.0016E+01
# Time (s)      T1w (C)       T2w (C)       T1a (C)       T2a (C)       T1r (C)       T2r (C)       T3r (C)       T4r (C)       P1 (bar)      P2 (bar)      Ic (amp)      Qc (l/min)    
 9.0846E+02    4.8148E+01    5.6005E+01    2.5250E+01    2.1176E+01    1.6166E+01    6.9993E+01    5.2962E+01    1.8644E+01    5.0662E+00    1.7003E+01    6.0968E+00    1.0016E+01
 9.0896E+02    4.8163E+01    5.6014E+01    2.5119E+01    2.1177E+01    1.6166E+01    7.0000E+01    5.2946E+01    1.8596E+01    5.0458E+00    1.6962E+01    6.0306E+00    1.0016E+01
 9.0946E+02    4.8168E+01    5.6023E+01    2.5023E+01    2.1126E+01    1.6122E+01    7.0019E+01    5.2961E+01    1.8557E+01    5.0662E+00    1.7084E+01    6.1680E+00    1.0016E+01
 9.0996E+02    4.8168E+01    5.6023E+01    2.5023E+01    2.1232E+01    1.6075E+01    7.0027E+01    5.2973E+01    1.8546E+01    5.0458E+00    1.7145E+01    5.9949E+00    1.0121E+01
 9.1055E+02    4.8161E+01    5.6021E+01    2.5032E+01    2.1195E+01    1.6053E+01    7.0027E+01    5.2955E+01    1.8512E+01    5.0458E+00    1.7064E+01    6.1477E+00    1.0121E+01
 9.1105E+02    4.8164E+01    5.6035E+01    2.4978E+01    2.1111E+01    1.6052E+01    7.0006E+01    5.2943E+01    1.8512E+01    5.0458E+00    1.7145E+01    5.9797E+00    9.9090E+00
 9.1155E+02    4.8164E+01    5.6058E+01    2.5020E+01    2.1111E+01    1.6036E+01    6.9983E+01    5.2936E+01    1.8472E+01    5.0458E+00    1.7003E+01    5.9797E+00    1.0016E+01
 9.1205E+02    4.8186E+01    5.6062E+01    2.5017E+01    2.1131E+01    1.6036E+01    6.9992E+01    5.2936E+01    1.8447E+01    5.0662E+00    1.7044E+01    6.0459E+00    1.0016E+01
 9.1263E+02    4.8166E+01    5.6048E+01    2.4965E+01    2.1261E+01    1.6022E+01    6.9978E+01    5.2936E+01    1.8409E+01    5.0458E+00    1.7125E+01    6.1120E+00    1.0016E+01
 9.1313E+02    4.8183E+01    5.6048E+01    2.4965E+01    2.1235E+01    1.6030E+01    6.9970E+01    5.2923E+01    1.8378E+01    5.0458E+00    1.7105E+01    6.0560E+00    1.0121E+01
 9.1363E+02    4.8176E+01    5.6073E+01    2.5327E+01    2.1144E+01    1.6005E+01    6.9956E+01    5.2890E+01    1.8317E+01    5.0458E+00    1.6962E+01    6.1731E+00    1.0225E+01
 9.1413E+02    4.8176E+01    5.6077E+01    2.5491E+01    2.1144E+01    1.6001E+01    6.9952E+01    5.2872E+01    1.8317E+01    5.0458E+00    1.7166E+01    5.9949E+00    1.0016E+01
 9.1471E+02    4.8161E+01    5.6082E+01    2.5535E+01    2.1121E+01    1.5918E+01    6.9954E+01    5.2837E+01    1.8276E+01    5.0254E+00    1.7064E+01    5.9797E+00    1.0016E+01
 9.1521E+02    4.8169E+01    5.6092E+01    2.5567E+01    2.1084E+01    1.5918E+01    6.9957E+01    5.2830E+01    1.8226E+01    5.0254E+00    1.7044E+01    6.0459E+00    1.0016E+01
 9.1571E+02    4.8176E+01    5.6087E+01    2.5567E+01    2.1122E+01    1.5850E+01    6.9949E+01    5.2815E+01    1.8181E+01    5.0458E+00    1.7186E+01    5.9848E+00    9.9090E+00
 9.1621E+02    4.8173E+01    5.6087E+01    2.5512E+01    2.1091E+01    1.5853E+01    6.9949E+01    5.2782E+01    1.8170E+01    5.0458E+00    1.7186E+01    6.1171E+00    1.0121E+01
 9.1679E+02    4.8166E+01    5.6093E+01    2.5518E+01    2.1142E+01    1.5876E+01    6.9973E+01    5.2779E+01    1.8128E+01    5.0458E+00    1.7023E+01    6.2088E+00    1.0016E+01
 9.1729E+02    4.8173E+01    5.6104E+01    2.5690E+01    2.1142E+01    1.5896E+01    6.9976E+01    5.2744E+01    1.8128E+01    5.0254E+00    1.7044E+01    5.9949E+00    1.0225E+01
 9.1779E+02    4.8173E+01    5.6123E+01    2.5813E+01    2.1104E+01    1.5896E+01    6.9975E+01    5.2751E+01    1.8109E+01    5.0254E+00    1.7186E+01    6.1935E+00    1.0016E+01
 9.1829E+02    4.8173E+01    5.6109E+01    2.5862E+01    2.1114E+01    1.5903E+01    6.9961E+01    5.2751E+01    1.8089E+01    5.0254E+00    1.7105E+01    5.9797E+00    1.0121E+01
 9.1887E+02    4.8185E+01    5.6131E+01    2.5862E+01    2.1160E+01    1.5904E+01    6.9957E+01    5.2719E+01    1.8063E+01    5.0254E+00    1.7105E+01    6.0102E+00    1.0016E+01
 9.1937E+02    4.8171E+01    5.6131E+01    2.5849E+01    2.1049E+01    1.5885E+01    6.9957E+01    5.2689E+01    1.8039E+01    5.0254E+00    1.7186E+01    6.1884E+00    1.0121E+01
 9.1987E+02    4.8189E+01    5.6125E+01    2.5838E+01    2.0997E+01    1.5881E+01    6.9967E+01    5.2673E+01    1.8039E+01    5.0254E+00    1.7105E+01    6.0509E+00    1.0121E+01
 9.2037E+02    4.8189E+01    5.6129E+01    2.5835E+01    2.0997E+01    1.5855E+01    6.9950E+01    5.2650E+01    1.8028E+01    5.0050E+00    1.7084E+01    6.2138E+00    1.0016E+01
 9.2095E+02    4.8202E+01    5.6166E+01    2.5727E+01    2.1065E+01    1.5855E+01    6.9950E+01    5.2638E+01    1.8012E+01    5.0254E+00    1.7227E+01    6.1477E+00    1.0016E+01
 9.2145E+02    4.8195E+01    5.6161E+01    2.5724E+01    2.1037E+01    1.5845E+01    6.9971E+01    5.2638E+01    1.7980E+01    5.0254E+00    1.7166E+01    5.9848E+00    1.0016E+01
 9.2195E+02    4.8191E+01    5.6147E+01    2.5708E+01    2.1111E+01    1.5843E+01    6.9963E+01    5.2625E+01    1.7964E+01    5.0458E+00    1.7064E+01    6.0815E+00    1.0121E+01
 9.2245E+02    4.8185E+01    5.6168E+01    2.5828E+01    2.1019E+01    1.5882E+01    6.9963E+01    5.2599E+01    1.7919E+01    5.0254E+00    1.7044E+01    6.0102E+00    1.0016E+01
 9.2305E+02    4.8198E+01    5.6154E+01    2.6016E+01    2.0931E+01    1.5908E+01    6.9990E+01    5.2562E+01    1.7891E+01    5.0254E+00    1.7247E+01    5.9949E+00    1.0225E+01
 9.2355E+02    4.8183E+01    5.6143E+01    2.6079E+01    2.0916E+01    1.5897E+01    6.9991E+01    5.2541E+01    1.7891E+01    5.0254E+00    1.7064E+01    5.9899E+00    1.0121E+01
# Time (s)      T1w (C)       T2w (C)       T1a (C)       T2a (C)       T1r (C)       T2r (C)       T3r (C)       T4r (C)       P1 (bar)      P2 (bar)      Ic (amp)      Qc (l/min)    
 9.2405E+02    4.8189E+01    5.6141E+01    2.6102E+01    2.0884E+01    1.5897E+01    6.9986E+01    5.2522E+01    1.7872E+01    5.0050E+00    1.7044E+01    5.9797E+00    1.0121E+01
 9.2455E+02    4.8162E+01    5.6134E+01    2.6017E+01    2.0890E+01    1.5878E+01    6.9968E+01    5.2522E+01    1.7839E+01    5.0050E+00    1.7023E+01    6.0662E+00    1.0016E+01
 9.2517E+02    4.8174E+01    5.6140E+01    2.6017E+01    2.0951E+01    1.5863E+01    6.9986E+01    5.2519E+01    1.7809E+01    5.0050E+00    1.7186E+01    6.2037E+00    1.0225E+01
 9.2567E+02    4.8187E+01    5.6140E+01    2.5726E+01    2.0883E+01    1.5847E+01    7.0001E+01    5.2494E+01    1.7799E+01    5.0050E+00    1.7125E+01    5.9949E+00    1.0225E+01
 9.2617E+02    4.8196E+01    5.6145E+01    2.5512E+01    2.0892E+01    1.5774E+01    7.0000E+01    5.2481E+01    1.7799E+01    5.0050E+00    1.7023E+01    6.2088E+00    1.0121E+01
 9.2667E+02    4.8181E+01    5.6127E+01    2.5405E+01    2.0876E+01    1.5787E+01    7.0015E+01    5.2469E+01    1.7773E+01    4.9846E+00    1.7186E+01    5.9949E+00    1.0121E+01
 9.2725E+02    4.8177E+01    5.6139E+01    2.5524E+01    2.0894E+01    1.5787E+01    7.0009E+01    5.2458E+01    1.7767E+01    4.9846E+00    1.7105E+01    5.9949E+00    1.0016E+01
 9.2775E+02    4.8181E+01    5.6139E+01    2.5768E+01    2.0871E+01    1.5831E+01    7.0051E+01    5.2473E+01    1.7747E+01    5.0050E+00    1.7084E+01    6.1579E+00    1.0121E+01
 9.2825E+02    4.8193E+01    5.6139E+01    2.5768E+01    2.0837E+01    1.5838E+01    7.0041E+01    5.2450E+01    1.7719E+01    5.0050E+00    1.7206E+01    6.0357E+00    1.0016E+01
 9.2875E+02    4.8167E+01    5.6137E+01    2.5948E+01    2.0753E+01    1.5874E+01    7.0041E+01    5.2441E+01    1.7697E+01    4.9846E+00    1.7206E+01    6.2138E+00    1.0121E+01
 9.2933E+02    4.8175E+01    5.6139E+01    2.5985E+01    2.0776E+01    1.5859E+01    7.0074E+01    5.2429E+01    1.7668E+01    4.9846E+00    1.7044E+01    6.1680E+00    1.0121E+01
 9.2983E+02    4.8175E+01    5.6120E+01    2.6021E+01    2.0776E+01    1.5838E+01    7.0096E+01    5.2430E+01    1.7668E+01    4.9846E+00    1.7064E+01    5.9949E+00    1.0016E+01
 9.3033E+02    4.8176E+01    5.6138E+01    2.5863E+01    2.0852E+01    1.5838E+01    7.0101E+01    5.2401E+01    1.7647E+01    4.9846E+00    1.7227E+01    6.1120E+00    1.0121E+01
 9.3083E+02    4.8186E+01    5.6167E+01    2.5878E+01    2.0942E+01    1.5838E+01    7.0130E+01    5.2416E+01    1.7650E+01    4.9642E+00    1.7125E+01    6.0153E+00    1.0016E+01
 9.3142E+02    4.8190E+01    5.6166E+01    2.5495E+01    2.0869E+01    1.5864E+01    7.0129E+01    5.2411E+01    1.7603E+01    4.9846E+00    1.7044E+01    6.0000E+00    1.0016E+01
 9.3192E+02    4.8191E+01    5.6166E+01    2.5459E+01    2.0877E+01    1.5905E+01    7.0129E+01    5.2398E+01    1.7578E+01    4.9846E+00    1.7044E+01    6.0000E+00    1.0016E+01
 9.3242E+02    4.8206E+01    5.6148E+01    2.5640E+01    2.0827E+01    1.5967E+01    7.0128E+01    5.2391E+01    1.7578E+01    4.9846E+00    1.7064E+01    6.0204E+00    1.0121E+01
 9.3292E+02    4.8221E+01    5.6174E+01    2.5881E+01    2.0843E+01    1.6089E+01    7.0154E+01    5.2392E+01    1.7586E+01    4.9846E+00    1.7166E+01    6.0560E+00    1.0225E+01
 9.3350E+02    4.8230E+01    5.6167E+01    2.6040E+01    2.0827E+01    1.6089E+01    7.0185E+01    5.2385E+01    1.7553E+01    4.9642E+00    1.7064E+01    6.1731E+00    9.9090E+00
 9.3400E+02    4.8236E+01    5.6177E+01    2.6173E+01    2.0819E+01    1.6145E+01    7.0171E+01    5.2385E+01    1.7531E+01    4.9642E+00    1.7105E+01    6.1477E+00    1.0016E+01
 9.3450E+02    4.8228E+01    5.6177E+01    2.6173E+01    2.0697E+01    1.6204E+01    7.0200E+01    5.2386E+01    1.7535E+01    4.9642E+00    1.7145E+01    6.2138E+00    1.0016E+01
 9.3500E+02    4.8248E+01    5.6186E+01    2.6103E+01    2.0761E+01    1.6316E+01    7.0200E+01    5.2383E+01    1.7510E+01    4.9642E+00    1.7186E+01    5.9899E+00    1.0016E+01
 9.3560E+02    4.8247E+01    5.6178E+01    2.6208E+01    2.0730E+01    1.6422E+01    7.0213E+01    5.2387E+01    1.7510E+01    4.9642E+00    1.7084E+01    6.1324E+00    1.0121E+01
 9.3610E+02    4.8247E+01    5.6178E+01    2.6064E+01    2.0730E+01    1.6511E+01    7.0232E+01    5.2379E+01    1.7509E+01    4.9438E+00    1.7206E+01    5.9899E+00    1.0121E+01
 9.3660E+02    4.8249E+01    5.6183E+01    2.5999E+01    2.0719E+01    1.6511E+01    7.0211E+01    5.2382E+01    1.7521E+01    4.9438E+00    1.7023E+01    6.1935E+00    1.0016E+01
 9.3710E+02    4.8277E+01    5.6185E+01    2.5999E+01    2.0730E+01    1.6612E+01    7.0219E+01    5.2382E+01    1.7541E+01    4.9642E+00    1.7105E+01    5.9848E+00    1.0121E+01
 9.3770E+02    4.8270E+01    5.6201E+01    2.6151E+01    2.0767E+01    1.6695E+01    7.0225E+01    5.2382E+01    1.7553E+01    4.9642E+00    1.7186E+01    5.9899E+00    1.0121E+01
 9.3820E+02    4.8272E+01    5.6201E+01    2.6022E+01    2.0729E+01    1.6794E+01    7.0225E+01    5.2385E+01    1.7575E+01    4.9438E+00    1.7105E+01    5.9797E+00    1.0121E+01
 9.3870E+02    4.8292E+01    5.6197E+01    2.5936E+01    2.0838E+01    1.6877E+01    7.0247E+01    5.2404E+01    1.7575E+01    4.9642E+00    1.7003E+01    6.1426E+00    1.0121E+01
 9.3921E+02    4.8292E+01    5.6192E+01    2.5817E+01    2.0838E+01    1.6963E+01    7.0286E+01    5.2405E+01    1.7594E+01    4.9642E+00    1.7145E+01    5.9746E+00    1.0016E+01
# Time (s)      T1w (C)       T2w (C)       T1a (C)       T2a (C)       T1r (C)       T2r (C)       T3r (C)       T4r (C)       P1 (bar)      P2 (bar)      Ic (amp)      Qc (l/min)    
 9.3980E+02    4.8284E+01    5.6183E+01    2.5611E+01    2.0741E+01    1.6963E+01    7.0296E+01    5.2431E+01    1.7600E+01    4.9642E+00    1.7145E+01    5.9949E+00    1.0121E+01
 9.4030E+02    4.8303E+01    5.6192E+01    2.5722E+01    2.0728E+01    1.7053E+01    7.0309E+01    5.2431E+01    1.7642E+01    4.9642E+00    1.7125E+01    5.9746E+00    1.0016E+01
 9.4080E+02    4.8320E+01    5.6207E+01    2.5737E+01    2.0817E+01    1.7151E+01    7.0305E+01    5.2437E+01    1.7676E+01    4.9642E+00    1.7003E+01    5.9797E+00    1.0016E+01
 9.4130E+02    4.8316E+01    5.6204E+01    2.5561E+01    2.0750E+01    1.7250E+01    7.0305E+01    5.2470E+01    1.7692E+01    4.9642E+00    1.7064E+01    5.9848E+00    1.0225E+01
 9.4188E+02    4.8335E+01    5.6213E+01    2.5915E+01    2.0856E+01    1.7350E+01    7.0360E+01    5.2469E+01    1.7692E+01    4.9438E+00    1.7105E+01    6.0662E+00    1.0225E+01
 9.4238E+02    4.8335E+01    5.6224E+01    2.6053E+01    2.0856E+01    1.7427E+01    7.0371E+01    5.2510E+01    1.7738E+01    4.9642E+00    1.7044E+01    6.0764E+00    1.0121E+01
 9.4288E+02    4.8333E+01    5.6213E+01    2.6179E+01    2.0803E+01    1.7427E+01    7.0385E+01    5.2543E+01    1.7783E+01    4.9642E+00    1.7125E+01    6.1324E+00    1.0121E+01
 9.4338E+02    4.8351E+01    5.6226E+01    2.6179E+01    2.0754E+01    1.7511E+01    7.0409E+01    5.2543E+01    1.7811E+01    4.9846E+00    1.7206E+01    6.0051E+00    1.0121E+01
 9.4397E+02    4.8345E+01    5.6226E+01    2.6551E+01    2.0783E+01    1.7562E+01    7.0400E+01    5.2561E+01    1.7861E+01    4.9846E+00    1.7206E+01    6.0459E+00    1.0121E+01
 9.4447E+02    4.8358E+01    5.6238E+01    2.6716E+01    2.0785E+01    1.7635E+01    7.0400E+01    5.2572E+01    1.7888E+01    4.9846E+00    1.7186E+01    5.9644E+00    1.0016E+01
 9.4497E+02    4.8347E+01    5.6216E+01    2.6653E+01    2.0769E+01    1.7718E+01    7.0417E+01    5.2592E+01    1.7888E+01    4.9846E+00    1.7044E+01    5.9848E+00    1.0225E+01
 9.4547E+02    4.8347E+01    5.6230E+01    2.6418E+01    2.0767E+01    1.7718E+01    7.0451E+01    5.2648E+01    1.7921E+01    4.9846E+00    1.7003E+01    5.9644E+00    1.0225E+01
 9.4607E+02    4.8349E+01    5.6221E+01    2.6268E+01    2.0864E+01    1.7774E+01    7.0472E+01    5.2654E+01    1.7941E+01    4.9846E+00    1.7166E+01    6.0000E+00    1.0016E+01
 9.4657E+02    4.8347E+01    5.6222E+01    2.6028E+01    2.0871E+01    1.7805E+01    7.0496E+01    5.2654E+01    1.7995E+01    4.9846E+00    1.7166E+01    6.0459E+00    1.0121E+01
 9.4707E+02    4.8351E+01    5.6208E+01    2.6013E+01    2.0830E+01    1.7855E+01    7.0520E+01    5.2679E+01    1.8025E+01    4.9846E+00    1.7064E+01    5.9746E+00    1.0121E+01
 9.4757E+02    4.8336E+01    5.6196E+01    2.5901E+01    2.0913E+01    1.7896E+01    7.0520E+01    5.2705E+01    1.8029E+01    5.0050E+00    1.6983E+01    6.0968E+00    1.0016E+01
 9.4816E+02    4.8360E+01    5.6218E+01    2.5724E+01    2.1069E+01    1.7932E+01    7.0517E+01    5.2737E+01    1.8029E+01    5.0050E+00    1.7186E+01    5.9746E+00    1.0121E+01
 9.4866E+02    4.8360E+01    5.6207E+01    2.5490E+01    2.1069E+01    1.7984E+01    7.0529E+01    5.2760E+01    1.8066E+01    5.0050E+00    1.7206E+01    6.0968E+00    1.0016E+01
 9.4916E+02    4.8375E+01    5.6230E+01    2.5305E+01    2.1005E+01    1.7984E+01    7.0539E+01    5.2787E+01    1.8110E+01    5.0050E+00    1.7064E+01    5.9848E+00    1.0016E+01
 9.4966E+02    4.8367E+01    5.6221E+01    2.5305E+01    2.0960E+01    1.8030E+01    7.0535E+01    5.2787E+01    1.8130E+01    5.0050E+00    1.7206E+01    6.0051E+00    1.0121E+01
 9.5024E+02    4.8360E+01    5.6221E+01    2.5146E+01    2.1032E+01    1.8051E+01    7.0540E+01    5.2818E+01    1.8168E+01    5.0050E+00    1.7206E+01    6.1935E+00    1.0016E+01
 9.5074E+02    4.8373E+01    5.6241E+01    2.5087E+01    2.1043E+01    1.8097E+01    7.0540E+01    5.2839E+01    1.8203E+01    5.0050E+00    1.7206E+01    6.1782E+00    1.0016E+01
 9.5124E+02    4.8397E+01    5.6242E+01    2.5034E+01    2.1043E+01    1.8129E+01    7.0538E+01    5.2882E+01    1.8203E+01    5.0050E+00    1.6983E+01    6.1477E+00    1.0121E+01
 9.5174E+02    4.8397E+01    5.6239E+01    2.5054E+01    2.0913E+01    1.8145E+01    7.0570E+01    5.2902E+01    1.8249E+01    5.0050E+00    1.7084E+01    5.9746E+00    1.0016E+01
 9.5234E+02    4.8384E+01    5.6255E+01    2.5071E+01    2.0923E+01    1.8190E+01    7.0565E+01    5.2929E+01    1.8291E+01    5.0050E+00    1.7186E+01    6.0000E+00    1.0016E+01
 9.5284E+02    4.8420E+01    5.6269E+01    2.5082E+01    2.1055E+01    1.8244E+01    7.0575E+01    5.2944E+01    1.8348E+01    5.0050E+00    1.7105E+01    5.9797E+00    1.0225E+01
 9.5334E+02    4.8432E+01    5.6269E+01    2.5082E+01    2.1207E+01    1.8261E+01    7.0575E+01    5.2981E+01    1.8355E+01    5.0254E+00    1.7003E+01    5.9899E+00    1.0016E+01
 9.5384E+02    4.8442E+01    5.6275E+01    2.5105E+01    2.1169E+01    1.8277E+01    7.0590E+01    5.3008E+01    1.8400E+01    5.0254E+00    1.7064E+01    5.9899E+00    1.0121E+01
 9.5442E+02    4.8442E+01    5.6287E+01    2.5267E+01    2.1129E+01    1.8269E+01    7.0585E+01    5.3020E+01    1.8400E+01    5.0254E+00    1.7125E+01    6.0866E+00    1.0016E+01
 9.5492E+02    4.8442E+01    5.6275E+01    2.5213E+01    2.1129E+01    1.8269E+01    7.0584E+01    5.3055E+01    1.8420E+01    5.0254E+00    1.7064E+01    6.0611E+00    1.0121E+01
# Time (s)      T1w (C)       T2w (C)       T1a (C)       T2a (C)       T1r (C)       T2r (C)       T3r (C)       T4r (C)       P1 (bar)      P2 (bar)      Ic (amp)      Qc (l/min)    
 9.5542E+02    4.8427E+01    5.6267E+01    2.5075E+01    2.1157E+01    1.8257E+01    7.0573E+01    5.3055E+01    1.8479E+01    5.0254E+00    1.7084E+01    6.1528E+00    1.0016E+01
 9.5592E+02    4.8445E+01    5.6273E+01    2.5075E+01    2.1189E+01    1.8186E+01    7.0540E+01    5.3074E+01    1.8492E+01    5.0254E+00    1.7206E+01    6.0102E+00    1.0225E+01
 9.5651E+02    4.8427E+01    5.6273E+01    2.5478E+01    2.1187E+01    1.8114E+01    7.0545E+01    5.3088E+01    1.8527E+01    5.0254E+00    1.7186E+01    6.0459E+00    1.0016E+01
 9.5701E+02    4.8424E+01    5.6259E+01    2.5296E+01    2.1140E+01    1.8011E+01    7.0530E+01    5.3089E+01    1.8543E+01    5.0254E+00    1.7227E+01    5.9848E+00    1.0016E+01
 9.5751E+02    4.8434E+01    5.6265E+01    2.5210E+01    2.1140E+01    1.7937E+01    7.0510E+01    5.3121E+01    1.8543E+01    5.0254E+00    1.7105E+01    5.9949E+00    1.0121E+01
 9.5801E+02    4.8434E+01    5.6253E+01    2.5111E+01    2.1174E+01    1.7937E+01    7.0509E+01    5.3151E+01    1.8575E+01    5.0458E+00    1.7044E+01    5.9797E+00    9.9090E+00
 9.5859E+02    4.8428E+01    5.6271E+01    2.4952E+01    2.1129E+01    1.7805E+01    7.0519E+01    5.3164E+01    1.8618E+01    5.0458E+00    1.7206E+01    6.0459E+00    1.0121E+01
 9.5909E+02    4.8442E+01    5.6284E+01    2.4952E+01    2.1061E+01    1.7512E+01    7.0550E+01    5.3179E+01    1.8650E+01    5.0458E+00    1.7166E+01    6.0000E+00    1.0016E+01
 9.5959E+02    4.8451E+01    5.6284E+01    2.4896E+01    2.1103E+01    1.6971E+01    7.0550E+01    5.3187E+01    1.8669E+01    5.0458E+00    1.7064E+01    6.1069E+00    1.0225E+01
 9.6009E+02    4.8470E+01    5.6292E+01    2.5009E+01    2.1078E+01    1.6651E+01    7.0566E+01    5.3235E+01    1.8685E+01    5.0458E+00    1.7084E+01    6.0713E+00    1.0121E+01
 9.6067E+02    4.8474E+01    5.6287E+01    2.5049E+01    2.1078E+01    1.6522E+01    7.0547E+01    5.3251E+01    1.8716E+01    5.0458E+00    1.7145E+01    6.0000E+00    1.0121E+01
 9.6117E+02    4.8474E+01    5.6303E+01    2.5060E+01    2.1094E+01    1.6522E+01    7.0570E+01    5.3265E+01    1.8750E+01    5.0458E+00    1.7105E+01    6.0051E+00    1.0121E+01
 9.6167E+02    4.8480E+01    5.6302E+01    2.4992E+01    2.1043E+01    1.6450E+01    7.0574E+01    5.3265E+01    1.8766E+01    5.0458E+00    1.7125E+01    5.9949E+00    1.0016E+01
 9.6217E+02    4.8485E+01    5.6302E+01    2.4992E+01    2.1065E+01    1.6371E+01    7.0567E+01    5.3285E+01    1.8795E+01    5.0662E+00    1.7206E+01    6.0255E+00    1.0121E+01
 9.6278E+02    4.8489E+01    5.6309E+01    2.5116E+01    2.1014E+01    1.6340E+01    7.0567E+01    5.3298E+01    1.8824E+01    5.0662E+00    1.7247E+01    6.2189E+00    1.0121E+01
 9.6328E+02    4.8500E+01    5.6320E+01    2.5420E+01    2.1002E+01    1.6266E+01    7.0539E+01    5.3291E+01    1.8813E+01    5.0662E+00    1.7186E+01    6.0051E+00    9.9090E+00
 9.6378E+02    4.8500E+01    5.6332E+01    2.5706E+01    2.1002E+01    1.6186E+01    7.0548E+01    5.3298E+01    1.8813E+01    5.0458E+00    1.7145E+01    6.0459E+00    1.0016E+01
 9.6428E+02    4.8489E+01    5.6335E+01    2.5854E+01    2.1058E+01    1.6170E+01    7.0554E+01    5.3313E+01    1.8805E+01    5.0458E+00    1.7064E+01    6.0000E+00    9.9090E+00
 9.6487E+02    4.8502E+01    5.6333E+01    2.6039E+01    2.1076E+01    1.6135E+01    7.0546E+01    5.3300E+01    1.8798E+01    5.0662E+00    1.7064E+01    6.0000E+00    1.0225E+01
 9.6537E+02    4.8493E+01    5.6340E+01    2.6039E+01    2.1063E+01    1.6139E+01    7.0554E+01    5.3300E+01    1.8771E+01    5.0662E+00    1.7105E+01    6.0560E+00    1.0121E+01
 9.6587E+02    4.8508E+01    5.6340E+01    2.6001E+01    2.1028E+01    1.6121E+01    7.0540E+01    5.3285E+01    1.8692E+01    5.0662E+00    1.7227E+01    6.0051E+00    9.9090E+00
 9.6637E+02    4.8521E+01    5.6339E+01    2.5957E+01    2.1006E+01    1.6148E+01    7.0570E+01    5.3279E+01    1.8692E+01    5.0662E+00    1.7206E+01    6.1069E+00    1.0016E+01
 9.6700E+02    4.8496E+01    5.6348E+01    2.5786E+01    2.1025E+01    1.6136E+01    7.0574E+01    5.3260E+01    1.8643E+01    5.0662E+00    1.7288E+01    6.0917E+00    1.0016E+01
 9.6750E+02    4.8496E+01    5.6364E+01    2.5677E+01    2.1025E+01    1.6136E+01    7.0583E+01    5.3261E+01    1.8596E+01    5.0458E+00    1.7206E+01    6.1528E+00    1.0225E+01
 9.6800E+02    4.8482E+01    5.6350E+01    2.5536E+01    2.1011E+01    1.6117E+01    7.0567E+01    5.3247E+01    1.8564E+01    5.0662E+00    1.7227E+01    6.2393E+00    1.0121E+01
 9.6850E+02    4.8479E+01    5.6363E+01    2.5536E+01    2.1022E+01    1.6093E+01    7.0568E+01    5.3247E+01    1.8513E+01    5.0662E+00    1.7206E+01    6.0917E+00    1.0016E+01
 9.6910E+02    4.8485E+01    5.6363E+01    2.5462E+01    2.1070E+01    1.6073E+01    7.0574E+01    5.3235E+01    1.8503E+01    5.0866E+00    1.7288E+01    6.0204E+00    1.0016E+01
 9.6960E+02    4.8501E+01    5.6388E+01    2.5571E+01    2.1063E+01    1.6069E+01    7.0574E+01    5.3207E+01    1.8461E+01    5.0662E+00    1.7308E+01    6.1731E+00    1.0121E+01
 9.7010E+02    4.8495E+01    5.6392E+01    2.5622E+01    2.1063E+01    1.6078E+01    7.0610E+01    5.3216E+01    1.8477E+01    5.0662E+00    1.7186E+01    6.0255E+00    1.0016E+01
 9.7060E+02    4.8495E+01    5.6397E+01    2.5491E+01    2.1143E+01    1.6078E+01    7.0604E+01    5.3194E+01    1.8454E+01    5.0662E+00    1.7329E+01    6.2138E+00    9.9090E+00
# Time (s)      T1w (C)       T2w (C)       T1a (C)       T2a (C)       T1r (C)       T2r (C)       T3r (C)       T4r (C)       P1 (bar)      P2 (bar)      Ic (amp)      Qc (l/min)    
 9.7120E+02    4.8485E+01    5.6403E+01    2.5374E+01    2.1197E+01    1.6049E+01    7.0574E+01    5.3154E+01    1.8405E+01    5.0662E+00    1.7227E+01    6.0459E+00    1.0121E+01
 9.7170E+02    4.8484E+01    5.6416E+01    2.5242E+01    2.1199E+01    1.6052E+01    7.0569E+01    5.3154E+01    1.8375E+01    5.0662E+00    1.7349E+01    6.2291E+00    1.0121E+01
 9.7221E+02    4.8481E+01    5.6416E+01    2.5242E+01    2.1105E+01    1.6091E+01    7.0569E+01    5.3139E+01    1.8348E+01    5.0458E+00    1.7247E+01    6.0764E+00    9.9090E+00
 9.7271E+02    4.8496E+01    5.6431E+01    2.5271E+01    2.1165E+01    1.6107E+01    7.0559E+01    5.3108E+01    1.8307E+01    5.0458E+00    1.7166E+01    6.0255E+00    9.9090E+00
 9.7329E+02    4.8480E+01    5.6421E+01    2.5342E+01    2.1224E+01    1.6063E+01    7.0554E+01    5.3089E+01    1.8307E+01    5.0458E+00    1.7227E+01    6.2037E+00    1.0016E+01
 9.7379E+02    4.8480E+01    5.6440E+01    2.5396E+01    2.1224E+01    1.6079E+01    7.0551E+01    5.3087E+01    1.8296E+01    5.0458E+00    1.7349E+01    6.1782E+00    1.0016E+01
 9.7429E+02    4.8472E+01    5.6421E+01    2.5429E+01    2.1097E+01    1.6079E+01    7.0523E+01    5.3057E+01    1.8274E+01    5.0662E+00    1.7349E+01    6.1528E+00    1.0016E+01
 9.7480E+02    4.8497E+01    5.6448E+01    2.5429E+01    2.1128E+01    1.6097E+01    7.0495E+01    5.3057E+01    1.8248E+01    5.0662E+00    1.7145E+01    6.0306E+00    1.0121E+01
 9.7537E+02    4.8509E+01    5.6463E+01    2.5493E+01    2.1130E+01    1.6126E+01    7.0533E+01    5.3030E+01    1.8221E+01    5.0662E+00    1.7186E+01    6.0255E+00    1.0225E+01
 9.7587E+02    4.8504E+01    5.6477E+01    2.5638E+01    2.1062E+01    1.6125E+01    7.0533E+01    5.3019E+01    1.8192E+01    5.0458E+00    1.7329E+01    6.1782E+00    1.0121E+01
 9.7637E+02    4.8514E+01    5.6486E+01    2.5722E+01    2.1062E+01    1.6082E+01    7.0512E+01    5.2987E+01    1.8177E+01    5.0458E+00    1.7349E+01    6.0560E+00    1.0121E+01
 9.7687E+02    4.8514E+01    5.6491E+01    2.5581E+01    2.1134E+01    1.6082E+01    7.0528E+01    5.2977E+01    1.8157E+01    5.0662E+00    1.7227E+01    6.0611E+00    1.0016E+01
 9.7749E+02    4.8523E+01    5.6502E+01    2.5465E+01    2.1071E+01    1.6039E+01    7.0516E+01    5.2949E+01    1.8121E+01    5.0458E+00    1.7206E+01    6.0866E+00    1.0121E+01
 9.7799E+02    4.8508E+01    5.6496E+01    2.5306E+01    2.1046E+01    1.6019E+01    7.0505E+01    5.2934E+01    1.8087E+01    5.0458E+00    1.7288E+01    6.0306E+00    9.9090E+00
 9.7849E+02    4.8503E+01    5.6496E+01    2.5306E+01    2.1132E+01    1.6031E+01    7.0491E+01    5.2920E+01    1.8068E+01    5.0458E+00    1.7308E+01    6.0459E+00    1.0121E+01
 9.7899E+02    4.8504E+01    5.6490E+01    2.5228E+01    2.0963E+01    1.6035E+01    7.0491E+01    5.2891E+01    1.8035E+01    5.0662E+00    1.7268E+01    6.0357E+00    1.0225E+01
 9.7960E+02    4.8495E+01    5.6493E+01    2.5198E+01    2.0948E+01    1.5993E+01    7.0477E+01    5.2867E+01    1.8013E+01    5.0458E+00    1.7268E+01    6.1019E+00    1.0016E+01
 9.8010E+02    4.8495E+01    5.6487E+01    2.5106E+01    2.0948E+01    1.5974E+01    7.0471E+01    5.2854E+01    1.8013E+01    5.0458E+00    1.7329E+01    6.0306E+00    1.0121E+01
 9.8060E+02    4.8507E+01    5.6493E+01    2.4969E+01    2.0919E+01    1.5974E+01    7.0496E+01    5.2831E+01    1.7985E+01    5.0458E+00    1.7186E+01    6.0357E+00    1.0121E+01
 9.8110E+02    4.8493E+01    5.6498E+01    2.4969E+01    2.0914E+01    1.5932E+01    7.0498E+01    5.2831E+01    1.7961E+01    5.0254E+00    1.7206E+01    6.0408E+00    1.0016E+01
 9.8171E+02    4.8504E+01    5.6512E+01    2.4832E+01    2.1045E+01    1.5916E+01    7.0510E+01    5.2827E+01    1.7924E+01    5.0254E+00    1.7268E+01    6.2546E+00    1.0121E+01
 9.8221E+02    4.8495E+01    5.6512E+01    2.4985E+01    2.1010E+01    1.5895E+01    7.0510E+01    5.2836E+01    1.7917E+01    5.0254E+00    1.7390E+01    6.0917E+00    1.0121E+01
 9.8271E+02    4.8515E+01    5.6510E+01    2.4996E+01    2.1019E+01    1.5882E+01    7.0519E+01    5.2810E+01    1.7917E+01    5.0254E+00    1.7369E+01    6.0560E+00    1.0121E+01
 9.8321E+02    4.8515E+01    5.6509E+01    2.5074E+01    2.1019E+01    1.5882E+01    7.0536E+01    5.2795E+01    1.7871E+01    5.0254E+00    1.7268E+01    6.0408E+00    1.0016E+01
 9.8381E+02    4.8511E+01    5.6519E+01    2.5043E+01    2.1025E+01    1.5899E+01    7.0552E+01    5.2770E+01    1.7845E+01    5.0254E+00    1.7369E+01    6.2342E+00    1.0121E+01
 9.8431E+02    4.8495E+01    5.6512E+01    2.5221E+01    2.0968E+01    1.5939E+01    7.0577E+01    5.2778E+01    1.7814E+01    5.0050E+00    1.7206E+01    6.1629E+00    1.0016E+01
 9.8482E+02    4.8507E+01    5.6512E+01    2.5221E+01    2.0932E+01    1.5959E+01    7.0579E+01    5.2778E+01    1.7789E+01    5.0050E+00    1.7186E+01    6.2444E+00    1.0121E+01
 9.8532E+02    4.8520E+01    5.6509E+01    2.5136E+01    2.0922E+01    1.6024E+01    7.0594E+01    5.2770E+01    1.7786E+01    5.0254E+00    1.7308E+01    6.0255E+00    1.0225E+01
 9.8593E+02    4.8517E+01    5.6520E+01    2.5161E+01    2.0883E+01    1.5997E+01    7.0623E+01    5.2773E+01    1.7758E+01    5.0050E+00    1.7268E+01    6.1579E+00    1.0225E+01
 9.8644E+02    4.8526E+01    5.6489E+01    2.4936E+01    2.0883E+01    1.6009E+01    7.0635E+01    5.2771E+01    1.7774E+01    5.0254E+00    1.7288E+01    6.0459E+00    1.0016E+01
# Time (s)      T1w (C)       T2w (C)       T1a (C)       T2a (C)       T1r (C)       T2r (C)       T3r (C)       T4r (C)       P1 (bar)      P2 (bar)      Ic (amp)      Qc (l/min)    
 9.8694E+02    4.8526E+01    5.6519E+01    2.4854E+01    2.0876E+01    1.6009E+01    7.0642E+01    5.2774E+01    1.7754E+01    5.0050E+00    1.7308E+01    6.0764E+00    1.0121E+01
 9.8744E+02    4.8527E+01    5.6521E+01    2.5134E+01    2.0936E+01    1.6109E+01    7.0680E+01    5.2788E+01    1.7745E+01    4.9846E+00    1.7186E+01    6.1731E+00    1.0121E+01
 9.8803E+02    4.8526E+01    5.6513E+01    2.5134E+01    2.0910E+01    1.6150E+01    7.0682E+01    5.2780E+01    1.7719E+01    5.0050E+00    1.7288E+01    6.0764E+00    9.9090E+00
 9.8853E+02    4.8528E+01    5.6513E+01    2.5171E+01    2.0868E+01    1.6217E+01    7.0682E+01    5.2763E+01    1.7691E+01    5.0050E+00    1.7268E+01    6.1579E+00    9.9090E+00
 9.8903E+02    4.8533E+01    5.6517E+01    2.5396E+01    2.0927E+01    1.6294E+01    7.0689E+01    5.2760E+01    1.7670E+01    4.9846E+00    1.7329E+01    6.0255E+00    9.9090E+00
 9.8953E+02    4.8533E+01    5.6507E+01    2.5301E+01    2.0927E+01    1.6408E+01    7.0702E+01    5.2762E+01    1.7670E+01    5.0050E+00    1.7186E+01    6.0153E+00    1.0016E+01
 9.9012E+02    4.8536E+01    5.6517E+01    2.5165E+01    2.0989E+01    1.6408E+01    7.0709E+01    5.2740E+01    1.7657E+01    4.9846E+00    1.7329E+01    6.1171E+00    1.0016E+01
 9.9062E+02    4.8549E+01    5.6528E+01    2.5022E+01    2.1060E+01    1.6514E+01    7.0724E+01    5.2746E+01    1.7647E+01    4.9846E+00    1.7268E+01    6.0713E+00    1.0016E+01
 9.9112E+02    4.8551E+01    5.6532E+01    2.5022E+01    2.1053E+01    1.6630E+01    7.0751E+01    5.2746E+01    1.7653E+01    4.9846E+00    1.7247E+01    6.0560E+00    1.0016E+01
 9.9162E+02    4.8562E+01    5.6532E+01    2.4974E+01    2.0996E+01    1.6731E+01    7.0751E+01    5.2739E+01    1.7647E+01    4.9846E+00    1.7227E+01    6.0051E+00    1.0225E+01
 9.9222E+02    4.8556E+01    5.6525E+01    2.5051E+01    2.0938E+01    1.6830E+01    7.0760E+01    5.2753E+01    1.7673E+01    4.9846E+00    1.7227E+01    6.0408E+00    1.0016E+01
 9.9272E+02    4.8568E+01    5.6518E+01    2.5113E+01    2.0938E+01    1.6942E+01    7.0756E+01    5.2749E+01    1.7673E+01    4.9846E+00    1.7369E+01    6.0968E+00    9.9090E+00
 9.9322E+02    4.8568E+01    5.6509E+01    2.5086E+01    2.0927E+01    1.6942E+01    7.0766E+01    5.2754E+01    1.7692E+01    4.9846E+00    1.7268E+01    6.0204E+00    1.0121E+01
 9.9372E+02    4.8574E+01    5.6525E+01    2.5334E+01    2.0874E+01    1.7071E+01    7.0757E+01    5.2754E+01    1.7713E+01    4.9846E+00    1.7227E+01    6.1629E+00    1.0121E+01
 9.9429E+02    4.8574E+01    5.6548E+01    2.5334E+01    2.0864E+01    1.7132E+01    7.0800E+01    5.2765E+01    1.7765E+01    4.9846E+00    1.7145E+01    6.1579E+00    1.0016E+01
 9.9479E+02    4.8577E+01    5.6548E+01    2.5343E+01    2.0871E+01    1.7222E+01    7.0800E+01    5.2779E+01    1.7798E+01    4.9846E+00    1.7186E+01    6.0306E+00    1.0016E+01
 9.9529E+02    4.8578E+01    5.6533E+01    2.5471E+01    2.0922E+01    1.7266E+01    7.0795E+01    5.2795E+01    1.7798E+01    4.9846E+00    1.7329E+01    6.0866E+00    1.0121E+01
 9.9579E+02    4.8578E+01    5.6514E+01    2.5496E+01    2.0922E+01    1.7338E+01    7.0807E+01    5.2820E+01    1.7846E+01    4.9846E+00    1.7288E+01    6.0204E+00    9.9090E+00
 9.9638E+02    4.8590E+01    5.6523E+01    2.5380E+01    2.0921E+01    1.7338E+01    7.0839E+01    5.2842E+01    1.7866E+01    4.9846E+00    1.7166E+01    6.0815E+00    9.9090E+00
 9.9688E+02    4.8593E+01    5.6517E+01    2.5286E+01    2.0969E+01    1.7355E+01    7.0832E+01    5.2847E+01    1.7909E+01    5.0050E+00    1.7206E+01    6.0662E+00    1.0016E+01
 9.9738E+02    4.8616E+01    5.6517E+01    2.5286E+01    2.1083E+01    1.7396E+01    7.0837E+01    5.2847E+01    1.7943E+01    5.0050E+00    1.7349E+01    6.0306E+00    1.0016E+01
 9.9788E+02    4.8629E+01    5.6533E+01    2.5119E+01    2.1003E+01    1.7451E+01    7.0837E+01    5.2884E+01    1.7992E+01    5.0050E+00    1.7247E+01    6.1222E+00    1.0121E+01
 9.9846E+02    4.8599E+01    5.6511E+01    2.5128E+01    2.0949E+01    1.7534E+01    7.0846E+01    5.2909E+01    1.8000E+01    5.0050E+00    1.7247E+01    6.1833E+00    1.0225E+01
 9.9896E+02    4.8599E+01    5.6507E+01    2.5184E+01    2.0949E+01    1.7613E+01    7.0835E+01    5.2927E+01    1.8000E+01    4.9846E+00    1.7206E+01    6.0255E+00    1.0016E+01
 9.9946E+02    4.8616E+01    5.6498E+01    2.5525E+01    2.0943E+01    1.7613E+01    7.0853E+01    5.2957E+01    1.8041E+01    5.0050E+00    1.7308E+01    6.1324E+00    1.0016E+01
 9.9996E+02    4.8603E+01    5.6489E+01    2.5525E+01    2.0955E+01    1.7689E+01    7.0864E+01    5.2957E+01    1.8058E+01    5.0050E+00    1.7369E+01    6.0357E+00    1.0016E+01
 1.0006E+03    4.8606E+01    5.6509E+01    2.5229E+01    2.0879E+01    1.7781E+01    7.0890E+01    5.2983E+01    1.8117E+01    5.0050E+00    1.7247E+01    6.1426E+00    1.0121E+01
 1.0011E+03    4.8621E+01    5.6509E+01    2.5224E+01    2.0831E+01    1.7841E+01    7.0890E+01    5.3009E+01    1.8140E+01    5.0254E+00    1.7227E+01    6.0357E+00    9.9090E+00
 1.0016E+03    4.8608E+01    5.6510E+01    2.5627E+01    2.0928E+01    1.7928E+01    7.0893E+01    5.3041E+01    1.8140E+01    5.0254E+00    1.7247E+01    6.0611E+00    9.9090E+00
 1.0021E+03    4.8608E+01    5.6514E+01    2.5413E+01    2.0928E+01    1.7994E+01    7.0895E+01    5.3068E+01    1.8165E+01    5.0254E+00    1.7247E+01    6.0204E+00    1.0121E+01
# Time (s)      T1w (C)       T2w (C)       T1a (C)       T2a (C)       T1r (C)       T2r (C)       T3r (C)       T4r (C)       P1 (bar)      P2 (bar)      Ic (amp)      Qc (l/min)    
 1.0026E+03    4.8628E+01    5.6516E+01    2.5417E+01    2.0937E+01    1.7994E+01    7.0904E+01    5.3092E+01    1.8202E+01    5.0254E+00    1.7145E+01    6.0764E+00    1.0121E+01
 1.0031E+03    4.8614E+01    5.6522E+01    2.5270E+01    2.1012E+01    1.8081E+01    7.0910E+01    5.3107E+01    1.8217E+01    5.0050E+00    1.7227E+01    6.0662E+00    9.9090E+00
 1.0036E+03    4.8629E+01    5.6522E+01    2.5270E+01    2.1014E+01    1.8149E+01    7.0942E+01    5.3118E+01    1.8248E+01    5.0254E+00    1.7247E+01    6.0255E+00    1.0121E+01
 1.0041E+03    4.8650E+01    5.6535E+01    2.4967E+01    2.1070E+01    1.8219E+01    7.0942E+01    5.3152E+01    1.8284E+01    5.0254E+00    1.7329E+01    6.1375E+00    1.0016E+01
 1.0047E+03    4.8632E+01    5.6527E+01    2.4933E+01    2.1063E+01    1.8306E+01    7.0927E+01    5.3166E+01    1.8326E+01    5.0254E+00    1.7268E+01    6.0917E+00    1.0121E+01
 1.0052E+03    4.8632E+01    5.6535E+01    2.4970E+01    2.1063E+01    1.8382E+01    7.0960E+01    5.3230E+01    1.8342E+01    5.0254E+00    1.7390E+01    6.1579E+00    1.0121E+01
 1.0057E+03    4.8663E+01    5.6547E+01    2.4938E+01    2.1128E+01    1.8382E+01    7.0996E+01    5.3248E+01    1.8387E+01    5.0254E+00    1.7247E+01    6.1579E+00    1.0016E+01
 1.0062E+03    4.8662E+01    5.6555E+01    2.4938E+01    2.1139E+01    1.8453E+01    7.1000E+01    5.3263E+01    1.8429E+01    5.0458E+00    1.7206E+01    6.0815E+00    9.9090E+00
 1.0068E+03    4.8663E+01    5.6552E+01    2.4935E+01    2.1032E+01    1.8484E+01    7.1007E+01    5.3292E+01    1.8470E+01    5.0458E+00    1.7268E+01    6.2444E+00    1.0016E+01
 1.0073E+03    4.8676E+01    5.6566E+01    2.4998E+01    2.1114E+01    1.8524E+01    7.1007E+01    5.3320E+01    1.8520E+01    5.0458E+00    1.7369E+01    6.0917E+00    1.0016E+01
 1.0078E+03    4.8693E+01    5.6575E+01    2.5024E+01    2.1119E+01    1.8561E+01    7.1013E+01    5.3351E+01    1.8520E+01    5.0458E+00    1.7268E+01    6.2088E+00    1.0121E+01
 1.0083E+03    4.8693E+01    5.6572E+01    2.5303E+01    2.1119E+01    1.8545E+01    7.1015E+01    5.3366E+01    1.8531E+01    5.0458E+00    1.7227E+01    6.0306E+00    1.0121E+01
 1.0089E+03    4.8698E+01    5.6576E+01    2.5327E+01    2.1100E+01    1.8600E+01    7.1058E+01    5.3387E+01    1.8582E+01    5.0458E+00    1.7206E+01    6.0560E+00    1.0121E+01
 1.0094E+03    4.8706E+01    5.6595E+01    2.5316E+01    2.1019E+01    1.8640E+01    7.1076E+01    5.3415E+01    1.8626E+01    5.0662E+00    1.7227E+01    6.1884E+00    1.0121E+01
 1.0099E+03    4.8717E+01    5.6595E+01    2.5316E+01    2.1107E+01    1.8645E+01    7.1099E+01    5.3415E+01    1.8668E+01    5.0662E+00    1.7390E+01    6.1222E+00    1.0016E+01
 1.0104E+03    4.8738E+01    5.6629E+01    2.5256E+01    2.1175E+01    1.8647E+01    7.1085E+01    5.3440E+01    1.8681E+01    5.0662E+00    1.7288E+01    6.1222E+00    1.0016E+01
 1.0110E+03    4.8740E+01    5.6624E+01    2.5300E+01    2.1121E+01    1.8601E+01    7.1071E+01    5.3457E+01    1.8734E+01    5.0662E+00    1.7227E+01    6.0306E+00    1.0121E+01
 1.0115E+03    4.8740E+01    5.6620E+01    2.5119E+01    2.1121E+01    1.8591E+01    7.1062E+01    5.3466E+01    1.8718E+01    5.0662E+00    1.7329E+01    6.0408E+00    9.9090E+00
 1.0120E+03    4.8731E+01    5.6624E+01    2.5040E+01    2.1279E+01    1.8591E+01    7.1072E+01    5.3504E+01    1.8763E+01    5.0662E+00    1.7308E+01    6.0408E+00    1.0016E+01
 1.0125E+03    4.8753E+01    5.6643E+01    2.5055E+01    2.1281E+01    1.8592E+01    7.1062E+01    5.3504E+01    1.8794E+01    5.0662E+00    1.7308E+01    6.0713E+00    1.0121E+01
 1.0131E+03    4.8773E+01    5.6643E+01    2.4983E+01    2.1272E+01    1.8528E+01    7.1053E+01    5.3527E+01    1.8841E+01    5.0866E+00    1.7186E+01    6.0357E+00    9.9090E+00
 1.0136E+03    4.8764E+01    5.6660E+01    2.4968E+01    2.1174E+01    1.8428E+01    7.1053E+01    5.3555E+01    1.8857E+01    5.0662E+00    1.7329E+01    6.2291E+00    1.0016E+01
 1.0141E+03    4.8766E+01    5.6649E+01    2.5025E+01    2.1214E+01    1.8157E+01    7.1055E+01    5.3585E+01    1.8857E+01    5.0866E+00    1.7369E+01    6.0408E+00    1.0121E+01
 1.0146E+03    4.8751E+01    5.6624E+01    2.5036E+01    2.1198E+01    1.7300E+01    7.1067E+01    5.3623E+01    1.8931E+01    5.0662E+00    1.7288E+01    6.2648E+00    1.0016E+01
 1.0152E+03    4.8767E+01    5.6640E+01    2.5092E+01    2.1192E+01    1.7300E+01    7.1071E+01    5.3658E+01    1.8964E+01    5.0866E+00    1.7268E+01    6.0611E+00    1.0121E+01
 1.0157E+03    4.8732E+01    5.6645E+01    2.5173E+01    2.1239E+01    1.6891E+01    7.1082E+01    5.3667E+01    1.8990E+01    5.0866E+00    1.7227E+01    6.0357E+00    1.0225E+01
 1.0162E+03    4.8760E+01    5.6645E+01    2.5173E+01    2.1151E+01    1.6741E+01    7.1094E+01    5.3667E+01    1.9033E+01    5.0866E+00    1.7410E+01    6.0459E+00    1.0016E+01
 1.0167E+03    4.8765E+01    5.6649E+01    2.5202E+01    2.1188E+01    1.6640E+01    7.1094E+01    5.3708E+01    1.9070E+01    5.0866E+00    1.7410E+01    6.0560E+00    1.0121E+01
 1.0173E+03    4.8764E+01    5.6661E+01    2.5248E+01    2.1180E+01    1.6566E+01    7.1066E+01    5.3715E+01    1.9078E+01    5.1070E+00    1.7227E+01    6.1426E+00    1.0016E+01
 1.0178E+03    4.8764E+01    5.6651E+01    2.5213E+01    2.1180E+01    1.6540E+01    7.1096E+01    5.3722E+01    1.9078E+01    5.1070E+00    1.7268E+01    6.1477E+00    1.0121E+01
# Time (s)      T1w (C)       T2w (C)       T1a (C)       T2a (C)       T1r (C)       T2r (C)       T3r (C)       T4r (C)       P1 (bar)      P2 (bar)      Ic (amp)      Qc (l/min)    
 1.0183E+03    4.8786E+01    5.6675E+01    2.5125E+01    2.1258E+01    1.6524E+01    7.1066E+01    5.3724E+01    1.9074E+01    5.1070E+00    1.7410E+01    6.2240E+00    1.0016E+01
 1.0188E+03    4.8780E+01    5.6688E+01    2.5125E+01    2.1275E+01    1.6480E+01    7.1044E+01    5.3724E+01    1.9065E+01    5.1070E+00    1.7349E+01    6.0866E+00    1.0121E+01
 1.0194E+03    4.8793E+01    5.6675E+01    2.5185E+01    2.1253E+01    1.6480E+01    7.1041E+01    5.3727E+01    1.9038E+01    5.1274E+00    1.7247E+01    6.0662E+00    1.0225E+01
 1.0199E+03    4.8780E+01    5.6675E+01    2.5262E+01    2.1333E+01    1.6452E+01    7.1041E+01    5.3733E+01    1.8996E+01    5.0866E+00    1.7329E+01    6.0968E+00    1.0121E+01
 1.0204E+03    4.8788E+01    5.6696E+01    2.5215E+01    2.1287E+01    1.6400E+01    7.1049E+01    5.3749E+01    1.8967E+01    5.1070E+00    1.7369E+01    6.0560E+00    1.0016E+01
 1.0209E+03    4.8788E+01    5.6703E+01    2.5151E+01    2.1287E+01    1.6396E+01    7.1041E+01    5.3746E+01    1.8967E+01    5.0866E+00    1.7349E+01    6.1528E+00    9.9090E+00
 1.0215E+03    4.8808E+01    5.6732E+01    2.5253E+01    2.1316E+01    1.6396E+01    7.1060E+01    5.3740E+01    1.8925E+01    5.1070E+00    1.7349E+01    6.2698E+00    1.0121E+01
 1.0220E+03    4.8810E+01    5.6746E+01    2.5558E+01    2.1271E+01    1.6373E+01    7.1071E+01    5.3750E+01    1.8897E+01    5.1070E+00    1.7471E+01    6.0662E+00    1.0016E+01
 1.0225E+03    4.8818E+01    5.6746E+01    2.5558E+01    2.1320E+01    1.6415E+01    7.1078E+01    5.3750E+01    1.8830E+01    5.1070E+00    1.7369E+01    6.2902E+00    1.0225E+01
 1.0230E+03    4.8828E+01    5.6749E+01    2.5619E+01    2.1214E+01    1.6401E+01    7.1078E+01    5.3733E+01    1.8779E+01    5.0866E+00    1.7329E+01    6.0662E+00    1.0016E+01
 1.0236E+03    4.8837E+01    5.6775E+01    2.5567E+01    2.1309E+01    1.6357E+01    7.1065E+01    5.3706E+01    1.8745E+01    5.0866E+00    1.7512E+01    6.0764E+00    1.0121E+01
 1.0241E+03    4.8837E+01    5.6771E+01    2.5754E+01    2.1309E+01    1.6340E+01    7.1074E+01    5.3684E+01    1.8745E+01    5.1070E+00    1.7329E+01    6.0764E+00    1.0121E+01
 1.0246E+03    4.8842E+01    5.6792E+01    2.5790E+01    2.1344E+01    1.6340E+01    7.1087E+01    5.3679E+01    1.8703E+01    5.1070E+00    1.7308E+01    6.0968E+00    1.0121E+01
 1.0251E+03    4.8846E+01    5.6800E+01    2.5790E+01    2.1310E+01    1.6336E+01    7.1095E+01    5.3679E+01    1.8676E+01    5.1070E+00    1.7430E+01    6.2393E+00    1.0016E+01
 1.0257E+03    4.8820E+01    5.6801E+01    2.5533E+01    2.1379E+01    1.6307E+01    7.1099E+01    5.3652E+01    1.8661E+01    5.0866E+00    1.7390E+01    6.0662E+00    1.0121E+01
 1.0262E+03    4.8831E+01    5.6801E+01    2.5526E+01    2.1352E+01    1.6288E+01    7.1099E+01    5.3641E+01    1.8622E+01    5.0866E+00    1.7349E+01    6.2953E+00    1.0016E+01
 1.0267E+03    4.8836E+01    5.6814E+01    2.5415E+01    2.1313E+01    1.6269E+01    7.1101E+01    5.3622E+01    1.8622E+01    5.0866E+00    1.7410E+01    6.0713E+00    1.0016E+01
 1.0272E+03    4.8836E+01    5.6831E+01    2.5400E+01    2.1313E+01    1.6240E+01    7.1100E+01    5.3606E+01    1.8593E+01    5.0866E+00    1.7532E+01    6.2953E+00    1.0016E+01
 1.0278E+03    4.8829E+01    5.6841E+01    2.5449E+01    2.1288E+01    1.6240E+01    7.1100E+01    5.3595E+01    1.8586E+01    5.0866E+00    1.7369E+01    6.1833E+00    9.9090E+00
 1.0283E+03    4.8824E+01    5.6834E+01    2.5338E+01    2.1268E+01    1.6210E+01    7.1089E+01    5.3575E+01    1.8561E+01    5.0866E+00    1.7349E+01    6.0713E+00    9.9090E+00
 1.0288E+03    4.8839E+01    5.6834E+01    2.5338E+01    2.1256E+01    1.6231E+01    7.1107E+01    5.3575E+01    1.8509E+01    5.0866E+00    1.7308E+01    6.0611E+00    9.9090E+00
 1.0293E+03    4.8834E+01    5.6856E+01    2.5324E+01    2.1249E+01    1.6251E+01    7.1107E+01    5.3562E+01    1.8486E+01    5.1070E+00    1.7430E+01    6.2953E+00    1.0016E+01
 1.0299E+03    4.8826E+01    5.6844E+01    2.5252E+01    2.1312E+01    1.6242E+01    7.1084E+01    5.3533E+01    1.8434E+01    5.1070E+00    1.7390E+01    6.2648E+00    1.0016E+01
 1.0304E+03    4.8830E+01    5.6865E+01    2.5280E+01    2.1312E+01    1.6218E+01    7.1110E+01    5.3505E+01    1.8434E+01    5.0866E+00    1.7553E+01    6.0815E+00    9.9090E+00
 1.0309E+03    4.8830E+01    5.6864E+01    2.5174E+01    2.1258E+01    1.6218E+01    7.1104E+01    5.3499E+01    1.8416E+01    5.0866E+00    1.7471E+01    6.2088E+00    1.0121E+01
 1.0314E+03    4.8822E+01    5.6871E+01    2.5074E+01    2.1328E+01    1.6198E+01    7.1073E+01    5.3499E+01    1.8378E+01    5.0866E+00    1.7410E+01    6.0917E+00    1.0016E+01
 1.0320E+03    4.8820E+01    5.6883E+01    2.5074E+01    2.1238E+01    1.6183E+01    7.1068E+01    5.3467E+01    1.8368E+01    5.0866E+00    1.7532E+01    6.1986E+00    1.0016E+01
 1.0325E+03    4.8832E+01    5.6883E+01    2.5004E+01    2.1263E+01    1.6184E+01    7.1068E+01    5.3440E+01    1.8338E+01    5.0866E+00    1.7573E+01    6.3055E+00    1.0121E+01
 1.0330E+03    4.8855E+01    5.6886E+01    2.4959E+01    2.1338E+01    1.6176E+01    7.1067E+01    5.3416E+01    1.8330E+01    5.0866E+00    1.7410E+01    6.2698E+00    1.0225E+01
 1.0335E+03    4.8855E+01    5.6894E+01    2.4882E+01    2.1338E+01    1.6177E+01    7.1070E+01    5.3405E+01    1.8330E+01    5.0866E+00    1.7369E+01    6.2546E+00    1.0016E+01
# Time (s)      T1w (C)       T2w (C)       T1a (C)       T2a (C)       T1r (C)       T2r (C)       T3r (C)       T4r (C)       P1 (bar)      P2 (bar)      Ic (amp)      Qc (l/min)    
 1.0341E+03    4.8843E+01    5.6915E+01    2.4826E+01    2.1382E+01    1.6189E+01    7.1066E+01    5.3375E+01    1.8307E+01    5.0662E+00    1.7553E+01    6.1120E+00    1.0016E+01
 1.0346E+03    4.8869E+01    5.6904E+01    2.4847E+01    2.1293E+01    1.6189E+01    7.1101E+01    5.3360E+01    1.8293E+01    5.0662E+00    1.7471E+01    6.1629E+00    1.0121E+01
 1.0351E+03    4.8859E+01    5.6920E+01    2.4847E+01    2.1298E+01    1.6206E+01    7.1085E+01    5.3360E+01    1.8250E+01    5.0866E+00    1.7390E+01    6.0815E+00    1.0225E+01
 1.0356E+03    4.8877E+01    5.6920E+01    2.4960E+01    2.1200E+01    1.6196E+01    7.1070E+01    5.3334E+01    1.8225E+01    5.0662E+00    1.7390E+01    6.2393E+00    1.0225E+01
 1.0362E+03    4.8886E+01    5.6903E+01    2.5174E+01    2.1251E+01    1.6230E+01    7.1082E+01    5.3310E+01    1.8183E+01    5.0662E+00    1.7512E+01    6.1935E+00    1.0016E+01
 1.0367E+03    4.8887E+01    5.6925E+01    2.5185E+01    2.1251E+01    1.6241E+01    7.1063E+01    5.3300E+01    1.8183E+01    5.0662E+00    1.7593E+01    6.0866E+00    1.0016E+01
 1.0372E+03    4.8887E+01    5.6923E+01    2.5160E+01    2.1146E+01    1.6241E+01    7.1054E+01    5.3278E+01    1.8154E+01    5.0662E+00    1.7471E+01    6.1171E+00    1.0016E+01
 1.0377E+03    4.8880E+01    5.6937E+01    2.5177E+01    2.1199E+01    1.6263E+01    7.1059E+01    5.3278E+01    1.8128E+01    5.0662E+00    1.7410E+01    6.0764E+00    1.0016E+01
 1.0383E+03    4.8918E+01    5.6930E+01    2.5177E+01    2.1169E+01    1.6247E+01    7.1064E+01    5.3275E+01    1.8098E+01    5.0458E+00    1.7369E+01    6.2749E+00    1.0016E+01
 1.0388E+03    4.8897E+01    5.6915E+01    2.5184E+01    2.1134E+01    1.6233E+01    7.1050E+01    5.3219E+01    1.8039E+01    5.0662E+00    1.7410E+01    6.0866E+00    1.0121E+01
 1.0393E+03    4.8908E+01    5.6929E+01    2.4983E+01    2.1078E+01    1.6237E+01    7.1078E+01    5.3205E+01    1.8010E+01    5.0458E+00    1.7553E+01    6.3208E+00    1.0225E+01
 1.0398E+03    4.8908E+01    5.6921E+01    2.4836E+01    2.1078E+01    1.6233E+01    7.1110E+01    5.3209E+01    1.8010E+01    5.0458E+00    1.7471E+01    6.0866E+00    1.0016E+01
 1.0404E+03    4.8909E+01    5.6941E+01    2.4792E+01    2.1163E+01    1.6244E+01    7.1102E+01    5.3184E+01    1.7979E+01    5.0458E+00    1.7573E+01    6.3157E+00    9.9090E+00
 1.0409E+03    4.8887E+01    5.6925E+01    2.4692E+01    2.1128E+01    1.6244E+01    7.1099E+01    5.3166E+01    1.7952E+01    5.0254E+00    1.7451E+01    6.2851E+00    1.0121E+01
 1.0414E+03    4.8910E+01    5.6924E+01    2.4692E+01    2.1062E+01    1.6280E+01    7.1090E+01    5.3166E+01    1.7913E+01    5.0254E+00    1.7430E+01    6.2546E+00    9.9090E+00
 1.0419E+03    4.8919E+01    5.6924E+01    2.4642E+01    2.1168E+01    1.6267E+01    7.1076E+01    5.3147E+01    1.7882E+01    5.0254E+00    1.7369E+01    6.0764E+00    1.0016E+01
 1.0425E+03    4.8930E+01    5.6932E+01    2.4652E+01    2.1116E+01    1.6335E+01    7.1083E+01    5.3130E+01    1.7867E+01    5.0254E+00    1.7349E+01    6.1324E+00    1.0121E+01
 1.0430E+03    4.8939E+01    5.6942E+01    2.4736E+01    2.1163E+01    1.6445E+01    7.1118E+01    5.3124E+01    1.7867E+01    5.0254E+00    1.7512E+01    6.3106E+00    1.0016E+01
 1.0435E+03    4.8939E+01    5.6960E+01    2.4786E+01    2.1163E+01    1.6461E+01    7.1136E+01    5.3127E+01    1.7841E+01    5.0254E+00    1.7553E+01    6.2138E+00    1.0016E+01
 1.0440E+03    4.8953E+01    5.6942E+01    2.4829E+01    2.1140E+01    1.6556E+01    7.1130E+01    5.3119E+01    1.7832E+01    5.0254E+00    1.7390E+01    6.2800E+00    9.9090E+00
 1.0446E+03    4.8951E+01    5.6961E+01    2.4829E+01    2.1117E+01    1.6638E+01    7.1165E+01    5.3119E+01    1.7822E+01    5.0254E+00    1.7451E+01    6.0713E+00    1.0121E+01
 1.0451E+03    4.8950E+01    5.6961E+01    2.4990E+01    2.1109E+01    1.6752E+01    7.1196E+01    5.3125E+01    1.7827E+01    5.0050E+00    1.7532E+01    6.1069E+00    9.9090E+00
 1.0456E+03    4.8969E+01    5.6961E+01    2.5080E+01    2.1187E+01    1.6882E+01    7.1211E+01    5.3134E+01    1.7849E+01    5.0050E+00    1.7573E+01    6.1324E+00    9.9090E+00
 1.0461E+03    4.8978E+01    5.6950E+01    2.5063E+01    2.1187E+01    1.7010E+01    7.1214E+01    5.3131E+01    1.7849E+01    5.0050E+00    1.7573E+01    6.3055E+00    1.0016E+01
 1.0467E+03    4.8978E+01    5.6944E+01    2.5055E+01    2.1182E+01    1.7155E+01    7.1220E+01    5.3167E+01    1.7877E+01    5.0254E+00    1.7532E+01    6.0866E+00    1.0121E+01
 1.0472E+03    4.8991E+01    5.6949E+01    2.5131E+01    2.1133E+01    1.7155E+01    7.1219E+01    5.3151E+01    1.7905E+01    5.0254E+00    1.7430E+01    6.2037E+00    9.9090E+00
 1.0477E+03    4.8989E+01    5.6979E+01    2.5131E+01    2.1172E+01    1.7279E+01    7.1249E+01    5.3151E+01    1.7928E+01    5.0050E+00    1.7349E+01    6.0764E+00    9.9090E+00
 1.0482E+03    4.8999E+01    5.6979E+01    2.5050E+01    2.1175E+01    1.7392E+01    7.1249E+01    5.3179E+01    1.7988E+01    5.0254E+00    1.7451E+01    6.2546E+00    1.0016E+01
 1.0488E+03    4.9006E+01    5.6960E+01    2.5135E+01    2.1187E+01    1.7494E+01    7.1261E+01    5.3182E+01    1.8017E+01    5.0254E+00    1.7329E+01    6.2240E+00    1.0016E+01
 1.0493E+03    4.9007E+01    5.6975E+01    2.5108E+01    2.1147E+01    1.7589E+01    7.1241E+01    5.3201E+01    1.8017E+01    5.0050E+00    1.7573E+01    6.0662E+00    1.0121E+01
# Time (s)      T1w (C)       T2w (C)       T1a (C)       T2a (C)       T1r (C)       T2r (C)       T3r (C)       T4r (C)       P1 (bar)      P2 (bar)      Ic (amp)      Qc (l/min)    
 1.0498E+03    4.9007E+01    5.6961E+01    2.5189E+01    2.1147E+01    1.7589E+01    7.1260E+01    5.3214E+01    1.8048E+01    5.0254E+00    1.7430E+01    6.0764E+00    1.0016E+01
 1.0503E+03    4.9009E+01    5.6953E+01    2.5343E+01    2.1112E+01    1.7670E+01    7.1264E+01    5.3250E+01    1.8089E+01    5.0254E+00    1.7430E+01    6.2189E+00    1.0121E+01
 1.0509E+03    4.9021E+01    5.6956E+01    2.5334E+01    2.1145E+01    1.7761E+01    7.1303E+01    5.3250E+01    1.8125E+01    5.0254E+00    1.7492E+01    6.2342E+00    1.0016E+01
 1.0514E+03    4.9010E+01    5.6961E+01    2.5334E+01    2.1087E+01    1.7830E+01    7.1319E+01    5.3259E+01    1.8169E+01    5.0254E+00    1.7430E+01    6.0662E+00    9.9090E+00
 1.0519E+03    4.9025E+01    5.6961E+01    2.5124E+01    2.1133E+01    1.7924E+01    7.1319E+01    5.3289E+01    1.8213E+01    5.0254E+00    1.7430E+01    6.0662E+00    1.0016E+01
 1.0524E+03    4.9007E+01    5.6979E+01    2.5065E+01    2.1133E+01    1.8022E+01    7.1306E+01    5.3318E+01    1.8213E+01    5.0458E+00    1.7512E+01    6.0917E+00    1.0016E+01
 1.0530E+03    4.9029E+01    5.6969E+01    2.5317E+01    2.1145E+01    1.8097E+01    7.1317E+01    5.3339E+01    1.8258E+01    5.0458E+00    1.7410E+01    6.0764E+00    1.0016E+01
 1.0535E+03    4.9029E+01    5.6964E+01    2.5189E+01    2.1168E+01    1.8097E+01    7.1350E+01    5.3356E+01    1.8305E+01    5.0254E+00    1.7512E+01    6.2495E+00    1.0121E+01
 1.0540E+03    4.9037E+01    5.6966E+01    2.5189E+01    2.1122E+01    1.8164E+01    7.1389E+01    5.3371E+01    1.8333E+01    5.0458E+00    1.7329E+01    6.0560E+00    9.9090E+00
 1.0545E+03    4.9024E+01    5.6966E+01    2.5099E+01    2.1181E+01    1.8201E+01    7.1389E+01    5.3393E+01    1.8398E+01    5.0458E+00    1.7410E+01    6.2902E+00    1.0016E+01
 1.0551E+03    4.9032E+01    5.6962E+01    2.5135E+01    2.1198E+01    1.8278E+01    7.1422E+01    5.3437E+01    1.8437E+01    5.0458E+00    1.7471E+01    6.2902E+00    1.0121E+01
 1.0556E+03    4.9034E+01    5.6973E+01    2.5067E+01    2.1057E+01    1.8325E+01    7.1428E+01    5.3462E+01    1.8437E+01    5.0458E+00    1.7349E+01    6.1731E+00    1.0121E+01
 1.0561E+03    4.9034E+01    5.6970E+01    2.5019E+01    2.1057E+01    1.8381E+01    7.1427E+01    5.3502E+01    1.8468E+01    5.0458E+00    1.7553E+01    6.0764E+00    1.0121E+01
 1.0566E+03    4.9031E+01    5.6969E+01    2.4961E+01    2.1225E+01    1.8397E+01    7.1428E+01    5.3550E+01    1.8510E+01    5.0458E+00    1.7492E+01    6.2495E+00    1.0016E+01
 1.0572E+03    4.9050E+01    5.6965E+01    2.5082E+01    2.1231E+01    1.8429E+01    7.1445E+01    5.3550E+01    1.8543E+01    5.0458E+00    1.7471E+01    6.1629E+00    1.0016E+01
 1.0577E+03    4.9034E+01    5.6965E+01    2.5082E+01    2.1214E+01    1.8447E+01    7.1425E+01    5.3563E+01    1.8598E+01    5.0458E+00    1.7410E+01    6.0662E+00    9.9090E+00
 1.0582E+03    4.9051E+01    5.6975E+01    2.5131E+01    2.1189E+01    1.8453E+01    7.1425E+01    5.3606E+01    1.8627E+01    5.0662E+00    1.7430E+01    6.0968E+00    1.0121E+01
 1.0587E+03    4.9053E+01    5.6961E+01    2.5415E+01    2.1189E+01    1.8480E+01    7.1442E+01    5.3641E+01    1.8627E+01    5.0662E+00    1.7532E+01    6.0764E+00    1.0016E+01
 1.0593E+03    4.9045E+01    5.6975E+01    2.5625E+01    2.1212E+01    1.8520E+01    7.1463E+01    5.3660E+01    1.8662E+01    5.0866E+00    1.7430E+01    6.1477E+00    1.0121E+01
 1.0598E+03    4.9045E+01    5.6965E+01    2.5421E+01    2.1161E+01    1.8536E+01    7.1486E+01    5.3711E+01    1.8727E+01    5.0866E+00    1.7369E+01    6.2189E+00    1.0016E+01
 1.0603E+03    4.9050E+01    5.6959E+01    2.5421E+01    2.1227E+01    1.8586E+01    7.1505E+01    5.3711E+01    1.8750E+01    5.0662E+00    1.7512E+01    6.2342E+00    1.0225E+01
 1.0608E+03    4.9076E+01    5.6974E+01    2.5223E+01    2.1293E+01    1.8608E+01    7.1498E+01    5.3723E+01    1.8772E+01    5.0866E+00    1.7573E+01    6.1375E+00    1.0016E+01
 1.0614E+03    4.9088E+01    5.6986E+01    2.5318E+01    2.1356E+01    1.8634E+01    7.1498E+01    5.3757E+01    1.8800E+01    5.0866E+00    1.7369E+01    6.0866E+00    1.0016E+01
 1.0619E+03    4.9093E+01    5.6995E+01    2.5435E+01    2.1428E+01    1.8672E+01    7.1530E+01    5.3793E+01    1.8828E+01    5.0866E+00    1.7349E+01    6.1222E+00    9.9090E+00
 1.0624E+03    4.9093E+01    5.6984E+01    2.5534E+01    2.1428E+01    1.8702E+01    7.1538E+01    5.3810E+01    1.8828E+01    5.0866E+00    1.7553E+01    6.0815E+00    1.0225E+01
 1.0629E+03    4.9093E+01    5.6986E+01    2.5551E+01    2.1436E+01    1.8702E+01    7.1522E+01    5.3822E+01    1.8855E+01    5.0866E+00    1.7532E+01    6.1986E+00    1.0121E+01
 1.0636E+03    4.9077E+01    5.7004E+01    2.5600E+01    2.1408E+01    1.8752E+01    7.1536E+01    5.3861E+01    1.8862E+01    5.1070E+00    1.7492E+01    6.2495E+00    1.0016E+01
 1.0641E+03    4.9087E+01    5.7012E+01    2.5615E+01    2.1424E+01    1.8767E+01    7.1547E+01    5.3861E+01    1.8905E+01    5.1070E+00    1.7430E+01    6.0866E+00    1.0121E+01
 1.0646E+03    4.9112E+01    5.7012E+01    2.5412E+01    2.1410E+01    1.8749E+01    7.1547E+01    5.3876E+01    1.8940E+01    5.1070E+00    1.7410E+01    6.1629E+00    1.0016E+01
 1.0651E+03    4.9106E+01    5.7019E+01    2.5372E+01    2.1367E+01    1.8733E+01    7.1555E+01    5.3897E+01    1.8940E+01    5.1070E+00    1.7553E+01    6.1324E+00    1.0016E+01
# Time (s)      T1w (C)       T2w (C)       T1a (C)       T2a (C)       T1r (C)       T2r (C)       T3r (C)       T4r (C)       P1 (bar)      P2 (bar)      Ic (amp)      Qc (l/min)    
 1.0656E+03    4.9121E+01    5.7019E+01    2.5480E+01    2.1367E+01    1.8689E+01    7.1574E+01    5.3959E+01    1.8989E+01    5.1070E+00    1.7451E+01    6.2495E+00    1.0016E+01
 1.0661E+03    4.9136E+01    5.7024E+01    2.5483E+01    2.1381E+01    1.8705E+01    7.1592E+01    5.3959E+01    1.9033E+01    5.1070E+00    1.7430E+01    6.2851E+00    1.0121E+01
 1.0666E+03    4.9137E+01    5.7044E+01    2.5405E+01    2.1358E+01    1.8691E+01    7.1590E+01    5.3959E+01    1.9059E+01    5.1274E+00    1.7573E+01    6.3258E+00    1.0016E+01
 1.0671E+03    4.9149E+01    5.7059E+01    2.5420E+01    2.1463E+01    1.8573E+01    7.1611E+01    5.3996E+01    1.9120E+01    5.1070E+00    1.7593E+01    6.2189E+00    9.9090E+00
 1.0678E+03    4.9153E+01    5.7064E+01    2.5477E+01    2.1370E+01    1.8328E+01    7.1610E+01    5.4016E+01    1.9130E+01    5.1274E+00    1.7451E+01    6.0917E+00    1.0225E+01
 1.0683E+03    4.9161E+01    5.7067E+01    2.5468E+01    2.1447E+01    1.7743E+01    7.1610E+01    5.4028E+01    1.9177E+01    5.1274E+00    1.7451E+01    6.0968E+00    9.9090E+00
 1.0688E+03    4.9149E+01    5.7069E+01    2.5533E+01    2.1447E+01    1.7187E+01    7.1620E+01    5.4060E+01    1.9177E+01    5.1274E+00    1.7614E+01    6.1019E+00    1.0225E+01
 1.0693E+03    4.9149E+01    5.7076E+01    2.5475E+01    2.1480E+01    1.7187E+01    7.1621E+01    5.4070E+01    1.9214E+01    5.1274E+00    1.7553E+01    6.3106E+00    1.0016E+01
 1.0698E+03    4.9181E+01    5.7093E+01    2.5438E+01    2.1404E+01    1.7062E+01    7.1632E+01    5.4093E+01    1.9250E+01    5.1274E+00    1.7492E+01    6.1528E+00    1.0016E+01
 1.0703E+03    4.9168E+01    5.7097E+01    2.5438E+01    2.1517E+01    1.6957E+01    7.1640E+01    5.4093E+01    1.9277E+01    5.1478E+00    1.7492E+01    6.0968E+00    1.0121E+01
 1.0708E+03    4.9170E+01    5.7097E+01    2.5397E+01    2.1545E+01    1.6874E+01    7.1654E+01    5.4125E+01    1.9337E+01    5.1478E+00    1.7492E+01    6.1120E+00    9.9090E+00
 1.0713E+03    4.9175E+01    5.7100E+01    2.5550E+01    2.1597E+01    1.6785E+01    7.1654E+01    5.4152E+01    1.9337E+01    5.1478E+00    1.7593E+01    6.1019E+00    1.0016E+01
 1.0720E+03    4.9170E+01    5.7094E+01    2.5565E+01    2.1629E+01    1.6790E+01    7.1674E+01    5.4166E+01    1.9358E+01    5.1478E+00    1.7451E+01    6.2393E+00    1.0225E+01
 1.0725E+03    4.9170E+01    5.7121E+01    2.5803E+01    2.1629E+01    1.6795E+01    7.1677E+01    5.4166E+01    1.9384E+01    5.1478E+00    1.7451E+01    6.1120E+00    1.0121E+01
 1.0730E+03    4.9167E+01    5.7118E+01    2.5681E+01    2.1561E+01    1.6811E+01    7.1670E+01    5.4177E+01    1.9328E+01    5.1478E+00    1.7451E+01    6.1120E+00    9.9090E+00
 1.0735E+03    4.9171E+01    5.7121E+01    2.5681E+01    2.1502E+01    1.6774E+01    7.1662E+01    5.4177E+01    1.9309E+01    5.1478E+00    1.7573E+01    6.1629E+00    1.0121E+01
 1.0741E+03    4.9173E+01    5.7121E+01    2.5502E+01    2.1484E+01    1.6731E+01    7.1638E+01    5.4179E+01    1.9244E+01    5.1682E+00    1.7634E+01    6.1426E+00    1.0121E+01
 1.0746E+03    4.9174E+01    5.7130E+01    2.5396E+01    2.1488E+01    1.6754E+01    7.1638E+01    5.4165E+01    1.9196E+01    5.1478E+00    1.7614E+01    6.3309E+00    1.0016E+01
 1.0751E+03    4.9175E+01    5.7145E+01    2.5300E+01    2.1488E+01    1.6709E+01    7.1621E+01    5.4166E+01    1.9196E+01    5.1274E+00    1.7471E+01    6.1782E+00    9.9090E+00
 1.0756E+03    4.9175E+01    5.7160E+01    2.5217E+01    2.1555E+01    1.6709E+01    7.1642E+01    5.4147E+01    1.9138E+01    5.1274E+00    1.7451E+01    6.3462E+00    1.0121E+01
 1.0762E+03    4.9169E+01    5.7166E+01    2.5208E+01    2.1508E+01    1.6615E+01    7.1628E+01    5.4120E+01    1.9108E+01    5.1478E+00    1.7675E+01    6.1629E+00    1.0016E+01
 1.0767E+03    4.9177E+01    5.7163E+01    2.5208E+01    2.1513E+01    1.6586E+01    7.1610E+01    5.4120E+01    1.9073E+01    5.1478E+00    1.7654E+01    6.2902E+00    1.0016E+01
 1.0772E+03    4.9177E+01    5.7163E+01    2.5194E+01    2.1493E+01    1.6582E+01    7.1596E+01    5.4101E+01    1.9019E+01    5.1478E+00    1.7553E+01    6.2037E+00    1.0121E+01
 1.0777E+03    4.9189E+01    5.7182E+01    2.5153E+01    2.1481E+01    1.6595E+01    7.1602E+01    5.4084E+01    1.8974E+01    5.1478E+00    1.7634E+01    6.1273E+00    1.0121E+01
 1.0783E+03    4.9173E+01    5.7191E+01    2.5228E+01    2.1522E+01    1.6570E+01    7.1601E+01    5.4085E+01    1.8990E+01    5.1478E+00    1.7614E+01    6.1884E+00    1.0016E+01
 1.0788E+03    4.9173E+01    5.7197E+01    2.5162E+01    2.1522E+01    1.6549E+01    7.1586E+01    5.4052E+01    1.8920E+01    5.1274E+00    1.7593E+01    6.3513E+00    1.0016E+01
 1.0793E+03    4.9175E+01    5.7217E+01    2.5253E+01    2.1623E+01    1.6549E+01    7.1584E+01    5.4050E+01    1.8899E+01    5.1478E+00    1.7532E+01    6.2291E+00    9.9090E+00
 1.0798E+03    4.9168E+01    5.7225E+01    2.5269E+01    2.1620E+01    1.6509E+01    7.1575E+01    5.4050E+01    1.8874E+01    5.1274E+00    1.7614E+01    6.3513E+00    1.0016E+01
 1.0804E+03    4.9197E+01    5.7239E+01    2.5385E+01    2.1497E+01    1.6490E+01    7.1549E+01    5.4015E+01    1.8838E+01    5.1274E+00    1.7634E+01    6.2749E+00    9.9090E+00
 1.0809E+03    4.9207E+01    5.7254E+01    2.5457E+01    2.1546E+01    1.6478E+01    7.1549E+01    5.4013E+01    1.8806E+01    5.1274E+00    1.7573E+01    6.1222E+00    1.0121E+01
# Time (s)      T1w (C)       T2w (C)       T1a (C)       T2a (C)       T1r (C)       T2r (C)       T3r (C)       T4r (C)       P1 (bar)      P2 (bar)      Ic (amp)      Qc (l/min)    
 1.0814E+03    4.9204E+01    5.7249E+01    2.5410E+01    2.1569E+01    1.6479E+01    7.1554E+01    5.4006E+01    1.8806E+01    5.1274E+00    1.7553E+01    6.2648E+00    1.0016E+01
 1.0819E+03    4.9219E+01    5.7270E+01    2.5687E+01    2.1585E+01    1.6463E+01    7.1535E+01    5.3957E+01    1.8745E+01    5.1274E+00    1.7695E+01    6.1426E+00    1.0016E+01
 1.0825E+03    4.9219E+01    5.7286E+01    2.5504E+01    2.1648E+01    1.6490E+01    7.1553E+01    5.3949E+01    1.8737E+01    5.1274E+00    1.7675E+01    6.1324E+00    1.0121E+01
 1.0830E+03    4.9248E+01    5.7304E+01    2.5418E+01    2.1501E+01    1.6496E+01    7.1554E+01    5.3943E+01    1.8705E+01    5.1274E+00    1.7675E+01    6.1375E+00    1.0016E+01
 1.0835E+03    4.9259E+01    5.7314E+01    2.5418E+01    2.1465E+01    1.6500E+01    7.1530E+01    5.3943E+01    1.8674E+01    5.1274E+00    1.7654E+01    6.1426E+00    1.0016E+01
 1.0840E+03    4.9243E+01    5.7314E+01    2.5246E+01    2.1482E+01    1.6499E+01    7.1530E+01    5.3916E+01    1.8647E+01    5.1274E+00    1.7553E+01    6.1477E+00    1.0121E+01
 1.0846E+03    4.9252E+01    5.7322E+01    2.5251E+01    2.1495E+01    1.6512E+01    7.1545E+01    5.3915E+01    1.8624E+01    5.1070E+00    1.7756E+01    6.1324E+00    1.0121E+01
 1.0851E+03    4.9257E+01    5.7313E+01    2.5193E+01    2.1479E+01    1.6454E+01    7.1560E+01    5.3879E+01    1.8624E+01    5.1070E+00    1.7695E+01    6.2648E+00    1.0121E+01
 1.0856E+03    4.9257E+01    5.7305E+01    2.5158E+01    2.1577E+01    1.6454E+01    7.1555E+01    5.3843E+01    1.8603E+01    5.1070E+00    1.7614E+01    6.1324E+00    1.0016E+01
 1.0861E+03    4.9256E+01    5.7321E+01    2.5183E+01    2.1596E+01    1.6424E+01    7.1546E+01    5.3843E+01    1.8570E+01    5.1070E+00    1.7532E+01    6.3004E+00    9.9090E+00
 1.0867E+03    4.9272E+01    5.7320E+01    2.5183E+01    2.1546E+01    1.6387E+01    7.1567E+01    5.3829E+01    1.8561E+01    5.1070E+00    1.7573E+01    6.2546E+00    1.0121E+01
 1.0872E+03    4.9278E+01    5.7320E+01    2.5317E+01    2.1514E+01    1.6388E+01    7.1567E+01    5.3825E+01    1.8532E+01    5.1070E+00    1.7634E+01    6.1273E+00    9.9090E+00
 1.0877E+03    4.9279E+01    5.7330E+01    2.5473E+01    2.1512E+01    1.6397E+01    7.1560E+01    5.3799E+01    1.8532E+01    5.0866E+00    1.7695E+01    6.2088E+00    1.0121E+01
 1.0882E+03    4.9264E+01    5.7320E+01    2.5322E+01    2.1496E+01    1.6419E+01    7.1545E+01    5.3780E+01    1.8522E+01    5.0866E+00    1.7654E+01    6.1273E+00    9.9090E+00
 1.0888E+03    4.9276E+01    5.7320E+01    2.5187E+01    2.1518E+01    1.6419E+01    7.1541E+01    5.3779E+01    1.8494E+01    5.0866E+00    1.7736E+01    6.3615E+00    1.0016E+01
 1.0893E+03    4.9273E+01    5.7331E+01    2.5112E+01    2.1439E+01    1.6446E+01    7.1560E+01    5.3750E+01    1.8468E+01    5.1070E+00    1.7736E+01    6.1324E+00    1.0016E+01
 1.0898E+03    4.9279E+01    5.7321E+01    2.5112E+01    2.1503E+01    1.6455E+01    7.1582E+01    5.3750E+01    1.8443E+01    5.1070E+00    1.7634E+01    6.3360E+00    1.0016E+01
 1.0903E+03    4.9274E+01    5.7321E+01    2.5274E+01    2.1554E+01    1.6483E+01    7.1582E+01    5.3717E+01    1.8407E+01    5.0866E+00    1.7573E+01    6.1120E+00    9.9090E+00
 1.0909E+03    4.9284E+01    5.7314E+01    2.5275E+01    2.1508E+01    1.6422E+01    7.1576E+01    5.3723E+01    1.8393E+01    5.0866E+00    1.7675E+01    6.3462E+00    1.0016E+01
 1.0914E+03    4.9273E+01    5.7334E+01    2.5222E+01    2.1508E+01    1.6365E+01    7.1586E+01    5.3714E+01    1.8393E+01    5.1070E+00    1.7634E+01    6.1782E+00    1.0016E+01
 1.0919E+03    4.9273E+01    5.7321E+01    2.5233E+01    2.1529E+01    1.6365E+01    7.1583E+01    5.3706E+01    1.8361E+01    5.0866E+00    1.7593E+01    6.3258E+00    9.9090E+00
 1.0924E+03    4.9276E+01    5.7310E+01    2.5230E+01    2.1445E+01    1.6339E+01    7.1594E+01    5.3706E+01    1.8336E+01    5.0866E+00    1.7654E+01    6.1426E+00    1.0016E+01
 1.0930E+03    4.9293E+01    5.7344E+01    2.5284E+01    2.1462E+01    1.6335E+01    7.1607E+01    5.3670E+01    1.8315E+01    5.0866E+00    1.7756E+01    6.3309E+00    1.0016E+01
 1.0935E+03    4.9301E+01    5.7344E+01    2.5284E+01    2.1405E+01    1.6355E+01    7.1631E+01    5.3667E+01    1.8287E+01    5.0866E+00    1.7675E+01    6.1782E+00    1.0016E+01
 1.0940E+03    4.9304E+01    5.7348E+01    2.5288E+01    2.1473E+01    1.6389E+01    7.1631E+01    5.3660E+01    1.8241E+01    5.0866E+00    1.7715E+01    6.1375E+00    1.0016E+01
 1.0945E+03    4.9300E+01    5.7346E+01    2.5331E+01    2.1473E+01    1.6428E+01    7.1609E+01    5.3645E+01    1.8241E+01    5.0662E+00    1.7736E+01    6.1324E+00    1.0121E+01
 1.0951E+03    4.9300E+01    5.7357E+01    2.5342E+01    2.1462E+01    1.6404E+01    7.1602E+01    5.3626E+01    1.8214E+01    5.0662E+00    1.7675E+01    6.1884E+00    1.0016E+01
 1.0956E+03    4.9313E+01    5.7355E+01    2.5464E+01    2.1417E+01    1.6404E+01    7.1623E+01    5.3601E+01    1.8197E+01    5.0662E+00    1.7654E+01    6.3564E+00    1.0121E+01
 1.0961E+03    4.9337E+01    5.7364E+01    2.5479E+01    2.1438E+01    1.6430E+01    7.1627E+01    5.3601E+01    1.8175E+01    5.0662E+00    1.7553E+01    6.2291E+00    1.0016E+01
 1.0966E+03    4.9323E+01    5.7364E+01    2.5645E+01    2.1486E+01    1.6398E+01    7.1627E+01    5.3600E+01    1.8158E+01    5.0662E+00    1.7614E+01    6.3513E+00    9.9090E+00
# Time (s)      T1w (C)       T2w (C)       T1a (C)       T2a (C)       T1r (C)       T2r (C)       T3r (C)       T4r (C)       P1 (bar)      P2 (bar)      Ic (amp)      Qc (l/min)    
 1.0972E+03    4.9332E+01    5.7371E+01    2.5768E+01    2.1449E+01    1.6413E+01    7.1635E+01    5.3579E+01    1.8144E+01    5.0662E+00    1.7634E+01    6.1222E+00    1.0121E+01
 1.0977E+03    4.9328E+01    5.7378E+01    2.5601E+01    2.1465E+01    1.6473E+01    7.1643E+01    5.3575E+01    1.8144E+01    5.0662E+00    1.7553E+01    6.3513E+00    9.9090E+00
 1.0982E+03    4.9328E+01    5.7381E+01    2.5504E+01    2.1465E+01    1.6473E+01    7.1660E+01    5.3591E+01    1.8133E+01    5.0662E+00    1.7756E+01    6.1324E+00    1.0121E+01
 1.0987E+03    4.9335E+01    5.7375E+01    2.5536E+01    2.1495E+01    1.6556E+01    7.1659E+01    5.3573E+01    1.8125E+01    5.0662E+00    1.7736E+01    6.3462E+00    1.0016E+01
 1.0993E+03    4.9340E+01    5.7371E+01    2.5536E+01    2.1447E+01    1.6689E+01    7.1673E+01    5.3573E+01    1.8109E+01    5.0662E+00    1.7593E+01    6.2698E+00    1.0121E+01
 1.0998E+03    4.9348E+01    5.7371E+01    2.5442E+01    2.1454E+01    1.6829E+01    7.1646E+01    5.3574E+01    1.8075E+01    5.0662E+00    1.7553E+01    6.1273E+00    1.0121E+01
 1.1003E+03    4.9344E+01    5.7388E+01    2.5512E+01    2.1518E+01    1.6951E+01    7.1646E+01    5.3554E+01    1.8074E+01    5.0662E+00    1.7777E+01    6.2291E+00    1.0016E+01
 1.1008E+03    4.9320E+01    5.7380E+01    2.5440E+01    2.1518E+01    1.6995E+01    7.1655E+01    5.3559E+01    1.8074E+01    5.0662E+00    1.7736E+01    6.1273E+00    1.0016E+01
 1.1014E+03    4.9320E+01    5.7386E+01    2.5446E+01    2.1520E+01    1.7000E+01    7.1662E+01    5.3549E+01    1.8064E+01    5.0662E+00    1.7573E+01    6.1120E+00    9.9090E+00
 1.1019E+03    4.9338E+01    5.7373E+01    2.5466E+01    2.1505E+01    1.7000E+01    7.1667E+01    5.3552E+01    1.8066E+01    5.0662E+00    1.7614E+01    6.3513E+00    1.0016E+01
 1.1024E+03    4.9342E+01    5.7380E+01    2.5466E+01    2.1416E+01    1.7042E+01    7.1692E+01    5.3552E+01    1.8074E+01    5.0662E+00    1.7777E+01    6.1324E+00    1.0121E+01
 1.1029E+03    4.9339E+01    5.7380E+01    2.5600E+01    2.1310E+01    1.7152E+01    7.1724E+01    5.3569E+01    1.8106E+01    5.0662E+00    1.7695E+01    6.3360E+00    1.0016E+01
 1.1036E+03    4.9344E+01    5.7375E+01    2.5555E+01    2.1363E+01    1.7246E+01    7.1734E+01    5.3572E+01    1.8108E+01    5.0662E+00    1.7675E+01    6.1273E+00    1.0016E+01
 1.1041E+03    4.9349E+01    5.7375E+01    2.5687E+01    2.1297E+01    1.7354E+01    7.1734E+01    5.3570E+01    1.8122E+01    5.0662E+00    1.7634E+01    6.1324E+00    1.0121E+01
 1.1046E+03    4.9359E+01    5.7376E+01    2.5607E+01    2.1297E+01    1.7444E+01    7.1702E+01    5.3579E+01    1.8122E+01    5.0662E+00    1.7614E+01    6.1273E+00    1.0016E+01
 1.1051E+03    4.9359E+01    5.7391E+01    2.5550E+01    2.1406E+01    1.7444E+01    7.1684E+01    5.3591E+01    1.8150E+01    5.0662E+00    1.7654E+01    6.1528E+00    1.0016E+01
 1.1057E+03    4.9368E+01    5.7382E+01    2.5519E+01    2.1314E+01    1.7555E+01    7.1694E+01    5.3585E+01    1.8176E+01    5.0662E+00    1.7777E+01    6.1222E+00    1.0016E+01
 1.1062E+03    4.9378E+01    5.7381E+01    2.5519E+01    2.1327E+01    1.7657E+01    7.1682E+01    5.3585E+01    1.8195E+01    5.0662E+00    1.7675E+01    6.2698E+00    1.0016E+01
 1.1067E+03    4.9355E+01    5.7381E+01    2.5545E+01    2.1338E+01    1.7750E+01    7.1682E+01    5.3594E+01    1.8236E+01    5.0866E+00    1.7777E+01    6.1833E+00    9.9090E+00
 1.1072E+03    4.9363E+01    5.7366E+01    2.5727E+01    2.1284E+01    1.7864E+01    7.1716E+01    5.3649E+01    1.8252E+01    5.0662E+00    1.7593E+01    6.2953E+00    1.0016E+01
 1.1078E+03    4.9358E+01    5.7376E+01    2.5650E+01    2.1284E+01    1.7937E+01    7.1695E+01    5.3651E+01    1.8286E+01    5.0662E+00    1.7553E+01    6.2393E+00    1.0016E+01
 1.1083E+03    4.9358E+01    5.7374E+01    2.6014E+01    2.1394E+01    1.7953E+01    7.1719E+01    5.3697E+01    1.8350E+01    5.0662E+00    1.7553E+01    6.3462E+00    9.9090E+00
 1.1088E+03    4.9365E+01    5.7369E+01    2.6056E+01    2.1402E+01    1.8050E+01    7.1731E+01    5.3697E+01    1.8391E+01    5.0866E+00    1.7756E+01    6.2698E+00    1.0121E+01
 1.1093E+03    4.9380E+01    5.7369E+01    2.6056E+01    2.1509E+01    1.8103E+01    7.1752E+01    5.3716E+01    1.8451E+01    5.0866E+00    1.7573E+01    6.1884E+00    1.0016E+01
 1.1098E+03    4.9367E+01    5.7376E+01    2.5987E+01    2.1418E+01    1.8179E+01    7.1752E+01    5.3755E+01    1.8482E+01    5.0866E+00    1.7634E+01    6.2138E+00    1.0016E+01
 1.1103E+03    4.9369E+01    5.7364E+01    2.5978E+01    2.1357E+01    1.8229E+01    7.1780E+01    5.3786E+01    1.8545E+01    5.0662E+00    1.7573E+01    6.2444E+00    1.0121E+01
 1.1108E+03    4.9371E+01    5.7353E+01    2.6031E+01    2.1357E+01    1.8266E+01    7.1792E+01    5.3818E+01    1.8545E+01    5.0662E+00    1.7695E+01    6.2342E+00    1.0121E+01
 1.1113E+03    4.9371E+01    5.7353E+01    2.6121E+01    2.1322E+01    1.8266E+01    7.1809E+01    5.3853E+01    1.8578E+01    5.0866E+00    1.7736E+01    6.2342E+00    1.0016E+01
 1.1119E+03    4.9384E+01    5.7366E+01    2.5910E+01    2.1445E+01    1.8283E+01    7.1843E+01    5.3868E+01    1.8610E+01    5.0866E+00    1.7715E+01    6.2749E+00    1.0016E+01
 1.1124E+03    4.9384E+01    5.7374E+01    2.5910E+01    2.1544E+01    1.8297E+01    7.1864E+01    5.3868E+01    1.8663E+01    5.0866E+00    1.7756E+01    6.1171E+00    9.9090E+00
# Time (s)      T1w (C)       T2w (C)       T1a (C)       T2a (C)       T1r (C)       T2r (C)       T3r (C)       T4r (C)       P1 (bar)      P2 (bar)      Ic (amp)      Qc (l/min)    
 1.1129E+03    4.9399E+01    5.7374E+01    2.5768E+01    2.1488E+01    1.8334E+01    7.1864E+01    5.3905E+01    1.8685E+01    5.0866E+00    1.7634E+01    6.2648E+00    1.0121E+01
 1.1134E+03    4.9408E+01    5.7365E+01    2.5604E+01    2.1567E+01    1.8362E+01    7.1891E+01    5.3934E+01    1.8669E+01    5.0866E+00    1.7756E+01    6.1120E+00    1.0016E+01
 1.1141E+03    4.9402E+01    5.7368E+01    2.5654E+01    2.1588E+01    1.8397E+01    7.1887E+01    5.3953E+01    1.8703E+01    5.0866E+00    1.7532E+01    6.2902E+00    1.0121E+01
 1.1146E+03    4.9402E+01    5.7355E+01    2.6158E+01    2.1588E+01    1.8466E+01    7.1906E+01    5.3995E+01    1.8724E+01    5.1070E+00    1.7695E+01    6.1069E+00    1.0016E+01
 1.1151E+03    4.9423E+01    5.7369E+01    2.6145E+01    2.1646E+01    1.8466E+01    7.1903E+01    5.4029E+01    1.8767E+01    5.0866E+00    1.7573E+01    6.1222E+00    1.0016E+01
 1.1156E+03    4.9425E+01    5.7369E+01    2.6145E+01    2.1638E+01    1.8503E+01    7.1929E+01    5.4029E+01    1.8785E+01    5.1070E+00    1.7614E+01    6.1171E+00    9.9090E+00
 1.1162E+03    4.9404E+01    5.7369E+01    2.6433E+01    2.1562E+01    1.8575E+01    7.1942E+01    5.4045E+01    1.8810E+01    5.1070E+00    1.7553E+01    6.1528E+00    1.0016E+01
 1.1167E+03    4.9415E+01    5.7375E+01    2.6592E+01    2.1625E+01    1.8599E+01    7.1942E+01    5.4074E+01    1.8833E+01    5.1070E+00    1.7532E+01    6.1120E+00    1.0121E+01
 1.1172E+03    4.9447E+01    5.7347E+01    2.6308E+01    2.1625E+01    1.8618E+01    7.1983E+01    5.4104E+01    1.8849E+01    5.1070E+00    1.7736E+01    6.1477E+00    1.0016E+01
 1.1177E+03    4.9447E+01    5.7359E+01    2.5896E+01    2.1621E+01    1.8618E+01    7.1998E+01    5.4126E+01    1.8880E+01    5.1070E+00    1.7715E+01    6.1222E+00    1.0016E+01
 1.1183E+03    4.9446E+01    5.7402E+01    2.5668E+01    2.1643E+01    1.8662E+01    7.2008E+01    5.4170E+01    1.8888E+01    5.1070E+00    1.7614E+01    6.3513E+00    9.9090E+00
 1.1188E+03    4.9464E+01    5.7384E+01    2.5690E+01    2.1581E+01    1.8676E+01    7.1996E+01    5.4170E+01    1.8943E+01    5.1274E+00    1.7756E+01    6.1375E+00    1.0121E+01
 1.1193E+03    4.9434E+01    5.7369E+01    2.5675E+01    2.1625E+01    1.8688E+01    7.1945E+01    5.4193E+01    1.8990E+01    5.1274E+00    1.7675E+01    6.3462E+00    1.0016E+01
 1.1198E+03    4.9479E+01    5.7372E+01    2.5734E+01    2.1738E+01    1.8663E+01    7.1945E+01    5.4236E+01    1.9014E+01    5.1274E+00    1.7634E+01    6.1782E+00    1.0016E+01
 1.1204E+03    4.9469E+01    5.7374E+01    2.5608E+01    2.1698E+01    1.8618E+01    7.1948E+01    5.4241E+01    1.9014E+01    5.1274E+00    1.7695E+01    6.1375E+00    9.9090E+00
 1.1209E+03    4.9469E+01    5.7392E+01    2.5397E+01    2.1698E+01    1.8550E+01    7.1963E+01    5.4279E+01    1.9042E+01    5.1274E+00    1.7736E+01    6.2546E+00    9.9090E+00
 1.1214E+03    4.9505E+01    5.7414E+01    2.5345E+01    2.1788E+01    1.8566E+01    7.1973E+01    5.4316E+01    1.9118E+01    5.1274E+00    1.7614E+01    6.3666E+00    1.0016E+01
 1.1219E+03    4.9486E+01    5.7426E+01    2.5345E+01    2.1670E+01    1.8387E+01    7.1988E+01    5.4316E+01    1.9163E+01    5.1478E+00    1.7715E+01    6.1426E+00    1.0121E+01
 1.1225E+03    4.9496E+01    5.7408E+01    2.5288E+01    2.1674E+01    1.8063E+01    7.1977E+01    5.4327E+01    1.9179E+01    5.1478E+00    1.7654E+01    6.3004E+00    1.0121E+01
 1.1230E+03    4.9488E+01    5.7408E+01    2.5264E+01    2.1721E+01    1.7715E+01    7.1977E+01    5.4361E+01    1.9204E+01    5.1478E+00    1.7614E+01    6.1324E+00    1.0016E+01
 1.1235E+03    4.9489E+01    5.7410E+01    2.5360E+01    2.1655E+01    1.7351E+01    7.1963E+01    5.4374E+01    1.9204E+01    5.1478E+00    1.7715E+01    6.2902E+00    9.9090E+00
 1.1240E+03    4.9489E+01    5.7405E+01    2.5558E+01    2.1655E+01    1.7160E+01    7.1984E+01    5.4384E+01    1.9228E+01    5.1478E+00    1.7797E+01    6.1426E+00    9.9090E+00
 1.1246E+03    4.9487E+01    5.7408E+01    2.5504E+01    2.1619E+01    1.7059E+01    7.2022E+01    5.4428E+01    1.9283E+01    5.1682E+00    1.7736E+01    6.1426E+00    1.0121E+01
 1.1251E+03    4.9496E+01    5.7425E+01    2.5355E+01    2.1623E+01    1.7059E+01    7.2015E+01    5.4428E+01    1.9285E+01    5.1478E+00    1.7777E+01    6.1986E+00    1.0016E+01
 1.1256E+03    4.9492E+01    5.7426E+01    2.5355E+01    2.1624E+01    1.6961E+01    7.2016E+01    5.4428E+01    1.9325E+01    5.1478E+00    1.7756E+01    6.2037E+00    9.9090E+00
 1.1261E+03    4.9495E+01    5.7441E+01    2.5325E+01    2.1653E+01    1.6860E+01    7.2030E+01    5.4462E+01    1.9370E+01    5.1478E+00    1.7675E+01    6.2138E+00    1.0016E+01
 1.1267E+03    4.9520E+01    5.7443E+01    2.5392E+01    2.1568E+01    1.6778E+01    7.2061E+01    5.4487E+01    1.9380E+01    5.1682E+00    1.7736E+01    6.3258E+00    1.0225E+01
 1.1272E+03    4.9513E+01    5.7437E+01    2.5513E+01    2.1583E+01    1.6783E+01    7.2066E+01    5.4526E+01    1.9396E+01    5.1478E+00    1.7817E+01    6.1884E+00    1.0016E+01
 1.1277E+03    4.9513E+01    5.7450E+01    2.5466E+01    2.1680E+01    1.6783E+01    7.2069E+01    5.4522E+01    1.9396E+01    5.1682E+00    1.7695E+01    6.3513E+00    1.0016E+01
 1.1282E+03    4.9520E+01    5.7454E+01    2.5412E+01    2.1823E+01    1.6729E+01    7.2061E+01    5.4522E+01    1.9384E+01    5.1682E+00    1.7675E+01    6.1731E+00    1.0121E+01
# Time (s)      T1w (C)       T2w (C)       T1a (C)       T2a (C)       T1r (C)       T2r (C)       T3r (C)       T4r (C)       P1 (bar)      P2 (bar)      Ic (amp)      Qc (l/min)    
 1.1288E+03    4.9524E+01    5.7480E+01    2.5412E+01    2.1898E+01    1.6734E+01    7.2079E+01    5.4532E+01    1.9335E+01    5.1682E+00    1.7654E+01    6.3818E+00    1.0121E+01
 1.1293E+03    4.9551E+01    5.7495E+01    2.5264E+01    2.1818E+01    1.6723E+01    7.2079E+01    5.4539E+01    1.9307E+01    5.1682E+00    1.7715E+01    6.2138E+00    9.9090E+00
 1.1298E+03    4.9561E+01    5.7509E+01    2.5177E+01    2.1743E+01    1.6728E+01    7.2066E+01    5.4542E+01    1.9307E+01    5.1682E+00    1.7797E+01    6.3717E+00    1.0121E+01
 1.1303E+03    4.9561E+01    5.7518E+01    2.5244E+01    2.1743E+01    1.6709E+01    7.2082E+01    5.4520E+01    1.9266E+01    5.1682E+00    1.7756E+01    6.1986E+00    1.0121E+01
 1.1309E+03    4.9568E+01    5.7518E+01    2.5161E+01    2.1809E+01    1.6709E+01    7.2086E+01    5.4520E+01    1.9223E+01    5.1478E+00    1.7675E+01    6.1680E+00    1.0016E+01
 1.1314E+03    4.9550E+01    5.7527E+01    2.5201E+01    2.1763E+01    1.6672E+01    7.2063E+01    5.4520E+01    1.9181E+01    5.1682E+00    1.7838E+01    6.3208E+00    1.0121E+01
 1.1319E+03    4.9562E+01    5.7527E+01    2.5201E+01    2.1779E+01    1.6634E+01    7.2086E+01    5.4521E+01    1.9150E+01    5.1478E+00    1.7817E+01    6.1680E+00    1.0016E+01
 1.1324E+03    4.9585E+01    5.7534E+01    2.5244E+01    2.1765E+01    1.6623E+01    7.2086E+01    5.4501E+01    1.9118E+01    5.1478E+00    1.7736E+01    6.3462E+00    1.0016E+01
 1.1330E+03    4.9586E+01    5.7559E+01    2.5196E+01    2.1871E+01    1.6648E+01    7.2101E+01    5.4493E+01    1.9093E+01    5.1478E+00    1.7817E+01    6.2953E+00    9.9090E+00
 1.1335E+03    4.9570E+01    5.7544E+01    2.5166E+01    2.1855E+01    1.6680E+01    7.2087E+01    5.4478E+01    1.9093E+01    5.1478E+00    1.7654E+01    6.3106E+00    1.0016E+01
 1.1340E+03    4.9570E+01    5.7563E+01    2.5076E+01    2.1809E+01    1.6680E+01    7.2061E+01    5.4460E+01    1.9041E+01    5.1478E+00    1.7797E+01    6.3971E+00    9.9090E+00
 1.1345E+03    4.9558E+01    5.7555E+01    2.5051E+01    2.1671E+01    1.6657E+01    7.2059E+01    5.4460E+01    1.9019E+01    5.1478E+00    1.7675E+01    6.3768E+00    1.0121E+01
 1.1352E+03    4.9556E+01    5.7573E+01    2.5269E+01    2.1726E+01    1.6632E+01    7.2050E+01    5.4467E+01    1.9001E+01    5.1478E+00    1.7675E+01    6.1680E+00    1.0121E+01
 1.1357E+03    4.9576E+01    5.7587E+01    2.5285E+01    2.1698E+01    1.6590E+01    7.2055E+01    5.4446E+01    1.8987E+01    5.1274E+00    1.7838E+01    6.3208E+00    1.0121E+01
 1.1362E+03    4.9572E+01    5.7581E+01    2.5283E+01    2.1700E+01    1.6571E+01    7.2055E+01    5.4434E+01    1.8970E+01    5.1478E+00    1.7715E+01    6.1833E+00    1.0016E+01
 1.1367E+03    4.9570E+01    5.7578E+01    2.5276E+01    2.1700E+01    1.6617E+01    7.2060E+01    5.4407E+01    1.8970E+01    5.1274E+00    1.7777E+01    6.3411E+00    1.0016E+01
 1.1373E+03    4.9582E+01    5.7615E+01    2.5361E+01    2.1690E+01    1.6676E+01    7.2058E+01    5.4390E+01    1.8944E+01    5.1274E+00    1.7715E+01    6.1629E+00    1.0016E+01
 1.1378E+03    4.9582E+01    5.7616E+01    2.5376E+01    2.1821E+01    1.6676E+01    7.2067E+01    5.4381E+01    1.8915E+01    5.1478E+00    1.7695E+01    6.2902E+00    1.0016E+01
 1.1383E+03    4.9603E+01    5.7640E+01    2.5392E+01    2.1848E+01    1.6709E+01    7.2069E+01    5.4381E+01    1.8899E+01    5.1478E+00    1.7919E+01    6.1833E+00    1.0121E+01
 1.1388E+03    4.9599E+01    5.7640E+01    2.5454E+01    2.1699E+01    1.6715E+01    7.2073E+01    5.4367E+01    1.8846E+01    5.1478E+00    1.7899E+01    6.3360E+00    9.9090E+00
 1.1393E+03    4.9635E+01    5.7642E+01    2.5587E+01    2.1581E+01    1.6667E+01    7.2073E+01    5.4355E+01    1.8828E+01    5.1274E+00    1.7736E+01    6.4022E+00    9.9090E+00
 1.1398E+03    4.9623E+01    5.7648E+01    2.5441E+01    2.1597E+01    1.6605E+01    7.2083E+01    5.4338E+01    1.8828E+01    5.1274E+00    1.7736E+01    6.1731E+00    1.0121E+01
 1.1403E+03    4.9623E+01    5.7657E+01    2.6026E+01    2.1597E+01    1.6592E+01    7.2060E+01    5.4322E+01    1.8828E+01    5.1274E+00    1.7919E+01    6.4073E+00    1.0016E+01
 1.1408E+03    4.9626E+01    5.7678E+01    2.5650E+01    2.1592E+01    1.6592E+01    7.2061E+01    5.4309E+01    1.8775E+01    5.1274E+00    1.7858E+01    6.1782E+00    1.0121E+01
 1.1415E+03    4.9639E+01    5.7663E+01    2.5721E+01    2.1543E+01    1.6586E+01    7.2094E+01    5.4309E+01    1.8767E+01    5.1274E+00    1.7817E+01    6.3971E+00    1.0121E+01
 1.1420E+03    4.9641E+01    5.7663E+01    2.5721E+01    2.1585E+01    1.6558E+01    7.2086E+01    5.4296E+01    1.8737E+01    5.1274E+00    1.7899E+01    6.3258E+00    1.0121E+01
 1.1425E+03    4.9672E+01    5.7672E+01    2.5819E+01    2.1561E+01    1.6560E+01    7.2086E+01    5.4275E+01    1.8725E+01    5.1274E+00    1.7817E+01    6.4022E+00    1.0016E+01
 1.1430E+03    4.9684E+01    5.7697E+01    2.6313E+01    2.1561E+01    1.6588E+01    7.2110E+01    5.4258E+01    1.8725E+01    5.1478E+00    1.7838E+01    6.3106E+00    1.0121E+01
 1.1436E+03    4.9679E+01    5.7698E+01    2.6577E+01    2.1568E+01    1.6561E+01    7.2128E+01    5.4239E+01    1.8707E+01    5.1274E+00    1.7777E+01    6.1833E+00    1.0121E+01
 1.1441E+03    4.9679E+01    5.7700E+01    2.6004E+01    2.1653E+01    1.6561E+01    7.2128E+01    5.4228E+01    1.8684E+01    5.1070E+00    1.7919E+01    6.2444E+00    1.0016E+01
# Time (s)      T1w (C)       T2w (C)       T1a (C)       T2a (C)       T1r (C)       T2r (C)       T3r (C)       T4r (C)       P1 (bar)      P2 (bar)      Ic (amp)      Qc (l/min)    
 1.1446E+03    4.9707E+01    5.7728E+01    2.5821E+01    2.1568E+01    1.6486E+01    7.2114E+01    5.4228E+01    1.8667E+01    5.1070E+00    1.7858E+01    6.1782E+00    1.0016E+01
 1.1451E+03    4.9701E+01    5.7728E+01    2.5821E+01    2.1630E+01    1.6469E+01    7.2125E+01    5.4210E+01    1.8654E+01    5.1070E+00    1.7797E+01    6.2698E+00    1.0016E+01
 1.1457E+03    4.9720E+01    5.7742E+01    2.5894E+01    2.1629E+01    1.6473E+01    7.2111E+01    5.4169E+01    1.8624E+01    5.1274E+00    1.7817E+01    6.3462E+00    1.0016E+01
 1.1462E+03    4.9724E+01    5.7745E+01    2.5609E+01    2.1565E+01    1.6507E+01    7.2111E+01    5.4165E+01    1.8599E+01    5.1070E+00    1.7939E+01    6.1629E+00    1.0121E+01
 1.1467E+03    4.9722E+01    5.7738E+01    2.5304E+01    2.1549E+01    1.6478E+01    7.2110E+01    5.4134E+01    1.8583E+01    5.1274E+00    1.7960E+01    6.1680E+00    1.0121E+01
 1.1472E+03    4.9722E+01    5.7743E+01    2.5270E+01    2.1572E+01    1.6478E+01    7.2125E+01    5.4117E+01    1.8549E+01    5.1070E+00    1.7736E+01    6.1629E+00    9.9090E+00
 1.1478E+03    4.9740E+01    5.7764E+01    2.5219E+01    2.1553E+01    1.6466E+01    7.2103E+01    5.4099E+01    1.8510E+01    5.1070E+00    1.7817E+01    6.1579E+00    1.0121E+01
 1.1483E+03    4.9729E+01    5.7764E+01    2.5219E+01    2.1526E+01    1.6465E+01    7.2090E+01    5.4099E+01    1.8465E+01    5.1070E+00    1.7736E+01    6.3920E+00    1.0225E+01
 1.1488E+03    4.9740E+01    5.7764E+01    2.5157E+01    2.1587E+01    1.6431E+01    7.2090E+01    5.4083E+01    1.8456E+01    5.1070E+00    1.7878E+01    6.1680E+00    1.0121E+01
 1.1493E+03    4.9745E+01    5.7776E+01    2.4957E+01    2.1582E+01    1.6440E+01    7.2108E+01    5.4074E+01    1.8461E+01    5.0866E+00    1.7960E+01    6.4124E+00    1.0016E+01
 1.1499E+03    4.9740E+01    5.7758E+01    2.4890E+01    2.1568E+01    1.6438E+01    7.2067E+01    5.4081E+01    1.8461E+01    5.0866E+00    1.7838E+01    6.2189E+00    1.0016E+01
 1.1504E+03    4.9740E+01    5.7763E+01    2.5109E+01    2.1568E+01    1.6435E+01    7.2089E+01    5.4066E+01    1.8429E+01    5.1070E+00    1.7838E+01    6.3920E+00    1.0016E+01
 1.1509E+03    4.9734E+01    5.7765E+01    2.5357E+01    2.1550E+01    1.6435E+01    7.2103E+01    5.4062E+01    1.8402E+01    5.1070E+00    1.7756E+01    6.2444E+00    1.0016E+01
 1.1514E+03    4.9732E+01    5.7779E+01    2.5357E+01    2.1537E+01    1.6445E+01    7.2100E+01    5.4062E+01    1.8371E+01    5.0866E+00    1.7838E+01    6.4022E+00    9.9090E+00
 1.1520E+03    4.9741E+01    5.7779E+01    2.5586E+01    2.1573E+01    1.6436E+01    7.2099E+01    5.4050E+01    1.8344E+01    5.1070E+00    1.7878E+01    6.1935E+00    1.0121E+01
 1.1525E+03    4.9724E+01    5.7768E+01    2.5796E+01    2.1435E+01    1.6449E+01    7.2099E+01    5.4045E+01    1.8336E+01    5.0866E+00    1.7960E+01    6.2393E+00    1.0121E+01
 1.1530E+03    4.9733E+01    5.7791E+01    2.5969E+01    2.1435E+01    1.6475E+01    7.2096E+01    5.4043E+01    1.8336E+01    5.0866E+00    1.7838E+01    6.1731E+00    1.0121E+01
 1.1535E+03    4.9733E+01    5.7759E+01    2.5975E+01    2.1402E+01    1.6459E+01    7.2104E+01    5.4019E+01    1.8296E+01    5.1070E+00    1.7797E+01    6.2749E+00    1.0121E+01
 1.1541E+03    4.9735E+01    5.7768E+01    2.5945E+01    2.1383E+01    1.6538E+01    7.2102E+01    5.4014E+01    1.8285E+01    5.0866E+00    1.7777E+01    6.1629E+00    1.0016E+01
 1.1546E+03    4.9747E+01    5.7796E+01    2.5961E+01    2.1397E+01    1.6630E+01    7.2088E+01    5.4014E+01    1.8293E+01    5.0866E+00    1.7858E+01    6.2546E+00    1.0016E+01
 1.1551E+03    4.9752E+01    5.7796E+01    2.6232E+01    2.1616E+01    1.6707E+01    7.2120E+01    5.4001E+01    1.8261E+01    5.0866E+00    1.7858E+01    6.1731E+00    1.0016E+01
 1.1556E+03    4.9728E+01    5.7793E+01    2.6293E+01    2.1483E+01    1.6827E+01    7.2120E+01    5.4005E+01    1.8238E+01    5.0866E+00    1.7939E+01    6.4124E+00    1.0121E+01
 1.1563E+03    4.9747E+01    5.7787E+01    2.6182E+01    2.1498E+01    1.6913E+01    7.2130E+01    5.4009E+01    1.8244E+01    5.0866E+00    1.7919E+01    6.1782E+00    1.0121E+01
 1.1568E+03    4.9747E+01    5.7786E+01    2.6093E+01    2.1498E+01    1.6988E+01    7.2124E+01    5.3991E+01    1.8228E+01    5.0866E+00    1.7939E+01    6.2851E+00    1.0016E+01
 1.1573E+03    4.9755E+01    5.7784E+01    2.6366E+01    2.1369E+01    1.6988E+01    7.2114E+01    5.3975E+01    1.8222E+01    5.0866E+00    1.7939E+01    6.1782E+00    1.0121E+01
 1.1578E+03    4.9761E+01    5.7797E+01    2.6366E+01    2.1391E+01    1.7076E+01    7.2106E+01    5.3975E+01    1.8216E+01    5.0866E+00    1.7756E+01    6.3157E+00    1.0121E+01
 1.1584E+03    4.9772E+01    5.7804E+01    2.5988E+01    2.1406E+01    1.7127E+01    7.2094E+01    5.3976E+01    1.8217E+01    5.0866E+00    1.7838E+01    6.1782E+00    1.0121E+01
 1.1589E+03    4.9755E+01    5.7790E+01    2.5861E+01    2.1503E+01    1.7173E+01    7.2094E+01    5.3986E+01    1.8217E+01    5.0866E+00    1.7858E+01    6.1782E+00    1.0016E+01
 1.1594E+03    4.9768E+01    5.7796E+01    2.5629E+01    2.1333E+01    1.7229E+01    7.2105E+01    5.3972E+01    1.8217E+01    5.0866E+00    1.7858E+01    6.1833E+00    1.0121E+01
 1.1599E+03    4.9768E+01    5.7796E+01    2.5262E+01    2.1333E+01    1.7309E+01    7.2149E+01    5.3991E+01    1.8198E+01    5.0866E+00    1.7817E+01    6.3411E+00    1.0016E+01
# Time (s)      T1w (C)       T2w (C)       T1a (C)       T2a (C)       T1r (C)       T2r (C)       T3r (C)       T4r (C)       P1 (bar)      P2 (bar)      Ic (amp)      Qc (l/min)    
 1.1605E+03    4.9761E+01    5.7792E+01    2.5376E+01    2.1291E+01    1.7361E+01    7.2171E+01    5.3986E+01    1.8209E+01    5.0662E+00    1.7960E+01    6.1731E+00    9.9090E+00
 1.1610E+03    4.9782E+01    5.7795E+01    2.5291E+01    2.1301E+01    1.7361E+01    7.2174E+01    5.3999E+01    1.8248E+01    5.0662E+00    1.7878E+01    6.3157E+00    9.9090E+00
 1.1615E+03    4.9765E+01    5.7795E+01    2.5291E+01    2.1302E+01    1.7375E+01    7.2189E+01    5.3999E+01    1.8261E+01    5.0662E+00    1.7797E+01    6.1680E+00    9.9090E+00
 1.1620E+03    4.9774E+01    5.7796E+01    2.5080E+01    2.1258E+01    1.7402E+01    7.2189E+01    5.4028E+01    1.8291E+01    5.0662E+00    1.7736E+01    6.3411E+00    1.0016E+01
 1.1626E+03    4.9760E+01    5.7788E+01    2.5038E+01    2.1315E+01    1.7428E+01    7.2201E+01    5.4023E+01    1.8329E+01    5.0866E+00    1.7858E+01    6.1680E+00    1.0121E+01
 1.1631E+03    4.9778E+01    5.7794E+01    2.5094E+01    2.1315E+01    1.7377E+01    7.2229E+01    5.4048E+01    1.8329E+01    5.0866E+00    1.7899E+01    6.3360E+00    1.0121E+01
 1.1636E+03    4.9793E+01    5.7791E+01    2.5378E+01    2.1301E+01    1.7280E+01    7.2229E+01    5.4042E+01    1.8359E+01    5.0866E+00    1.7817E+01    6.1935E+00    9.9090E+00
 1.1641E+03    4.9784E+01    5.7805E+01    2.5613E+01    2.1402E+01    1.7280E+01    7.2241E+01    5.4071E+01    1.8396E+01    5.0866E+00    1.7817E+01    6.3666E+00    1.0016E+01
 1.1647E+03    4.9806E+01    5.7802E+01    2.5652E+01    2.1400E+01    1.7212E+01    7.2281E+01    5.4086E+01    1.8439E+01    5.0866E+00    1.7939E+01    6.1731E+00    1.0225E+01
 1.1652E+03    4.9794E+01    5.7802E+01    2.5652E+01    2.1441E+01    1.7230E+01    7.2293E+01    5.4113E+01    1.8452E+01    5.0662E+00    1.7817E+01    6.3462E+00    1.0016E+01
 1.1657E+03    4.9785E+01    5.7793E+01    2.5837E+01    2.1413E+01    1.7298E+01    7.2307E+01    5.4139E+01    1.8489E+01    5.0866E+00    1.7756E+01    6.1528E+00    1.0121E+01
 1.1662E+03    4.9812E+01    5.7779E+01    2.5925E+01    2.1413E+01    1.7357E+01    7.2276E+01    5.4154E+01    1.8489E+01    5.0866E+00    1.7695E+01    6.3818E+00    1.0016E+01
 1.1668E+03    4.9823E+01    5.7802E+01    2.5940E+01    2.1552E+01    1.7477E+01    7.2310E+01    5.4189E+01    1.8509E+01    5.0866E+00    1.7817E+01    6.1680E+00    1.0016E+01
 1.1673E+03    4.9823E+01    5.7790E+01    2.6059E+01    2.1504E+01    1.7477E+01    7.2347E+01    5.4206E+01    1.8533E+01    5.0866E+00    1.7797E+01    6.2088E+00    1.0121E+01
 1.1678E+03    4.9816E+01    5.7796E+01    2.6081E+01    2.1494E+01    1.7587E+01    7.2342E+01    5.4206E+01    1.8550E+01    5.0866E+00    1.7797E+01    6.1629E+00    9.9090E+00
 1.1683E+03    4.9811E+01    5.7796E+01    2.6081E+01    2.1389E+01    1.7701E+01    7.2346E+01    5.4228E+01    1.8545E+01    5.0866E+00    1.7858E+01    6.2597E+00    1.0016E+01
 1.1689E+03    4.9817E+01    5.7789E+01    2.5868E+01    2.1401E+01    1.7788E+01    7.2346E+01    5.4257E+01    1.8578E+01    5.0866E+00    1.7756E+01    6.1986E+00    1.0016E+01
 1.1694E+03    4.9804E+01    5.7784E+01    2.5831E+01    2.1420E+01    1.7848E+01    7.2350E+01    5.4273E+01    1.8598E+01    5.0866E+00    1.7919E+01    6.3309E+00    1.0121E+01
 1.1699E+03    4.9804E+01    5.7786E+01    2.5629E+01    2.1420E+01    1.7897E+01    7.2339E+01    5.4272E+01    1.8582E+01    5.0866E+00    1.7878E+01    6.2495E+00    1.0016E+01
 1.1704E+03    4.9819E+01    5.7774E+01    2.5496E+01    2.1418E+01    1.7897E+01    7.2362E+01    5.4303E+01    1.8620E+01    5.0866E+00    1.7817E+01    6.2800E+00    1.0016E+01
 1.1710E+03    4.9812E+01    5.7779E+01    2.5274E+01    2.1560E+01    1.7957E+01    7.2356E+01    5.4318E+01    1.8628E+01    5.1070E+00    1.7878E+01    6.1782E+00    1.0121E+01
 1.1715E+03    4.9825E+01    5.7779E+01    2.5274E+01    2.1513E+01    1.8050E+01    7.2400E+01    5.4332E+01    1.8692E+01    5.1070E+00    1.7919E+01    6.1579E+00    1.0121E+01
 1.1720E+03    4.9826E+01    5.7790E+01    2.5164E+01    2.1371E+01    1.8137E+01    7.2400E+01    5.4354E+01    1.8702E+01    5.1070E+00    1.7736E+01    6.2851E+00    1.0121E+01
 1.1725E+03    4.9836E+01    5.7773E+01    2.5233E+01    2.1355E+01    1.8182E+01    7.2409E+01    5.4362E+01    1.8686E+01    5.1070E+00    1.7797E+01    6.1731E+00    9.9090E+00
 1.1731E+03    4.9805E+01    5.7787E+01    2.5278E+01    2.1439E+01    1.8254E+01    7.2430E+01    5.4377E+01    1.8719E+01    5.0866E+00    1.7838E+01    6.2749E+00    1.0016E+01
 1.1736E+03    4.9805E+01    5.7775E+01    2.5508E+01    2.1466E+01    1.8270E+01    7.2457E+01    5.4420E+01    1.8747E+01    5.1070E+00    1.7838E+01    6.1731E+00    1.0121E+01
 1.1741E+03    4.9825E+01    5.7780E+01    2.5520E+01    2.1584E+01    1.8303E+01    7.2445E+01    5.4420E+01    1.8780E+01    5.1070E+00    1.7756E+01    6.2597E+00    1.0121E+01
 1.1746E+03    4.9816E+01    5.7780E+01    2.5520E+01    2.1550E+01    1.8339E+01    7.2466E+01    5.4442E+01    1.8807E+01    5.0866E+00    1.7695E+01    6.1782E+00    1.0121E+01
 1.1752E+03    4.9810E+01    5.7785E+01    2.5367E+01    2.1496E+01    1.8378E+01    7.2466E+01    5.4469E+01    1.8850E+01    5.1070E+00    1.7777E+01    6.3971E+00    1.0121E+01
 1.1757E+03    4.9808E+01    5.7779E+01    2.5293E+01    2.1565E+01    1.8418E+01    7.2463E+01    5.4488E+01    1.8874E+01    5.1274E+00    1.7817E+01    6.2546E+00    1.0016E+01
# Time (s)      T1w (C)       T2w (C)       T1a (C)       T2a (C)       T1r (C)       T2r (C)       T3r (C)       T4r (C)       P1 (bar)      P2 (bar)      Ic (amp)      Qc (l/min)    
 1.1762E+03    4.9808E+01    5.7764E+01    2.5532E+01    2.1565E+01    1.8435E+01    7.2485E+01    5.4524E+01    1.8874E+01    5.1070E+00    1.7817E+01    6.2291E+00    1.0016E+01
 1.1767E+03    4.9843E+01    5.7782E+01    2.5305E+01    2.1569E+01    1.8451E+01    7.2504E+01    5.4540E+01    1.8933E+01    5.1070E+00    1.7838E+01    6.2037E+00    1.0016E+01
 1.1774E+03    4.9839E+01    5.7809E+01    2.5116E+01    2.1530E+01    1.8437E+01    7.2528E+01    5.4574E+01    1.8977E+01    5.1070E+00    1.7777E+01    6.3869E+00    1.0225E+01
 1.1779E+03    4.9848E+01    5.7806E+01    2.5116E+01    2.1525E+01    1.8384E+01    7.2535E+01    5.4574E+01    1.9016E+01    5.1274E+00    1.7715E+01    6.1629E+00    1.0121E+01
 1.1784E+03    4.9833E+01    5.7806E+01    2.5081E+01    2.1455E+01    1.8273E+01    7.2535E+01    5.4591E+01    1.9037E+01    5.1070E+00    1.7960E+01    6.3717E+00    1.0121E+01
 1.1789E+03    4.9844E+01    5.7809E+01    2.5082E+01    2.1375E+01    1.8088E+01    7.2552E+01    5.4621E+01    1.9068E+01    5.1070E+00    1.7899E+01    6.1629E+00    1.0121E+01
 1.1795E+03    4.9855E+01    5.7797E+01    2.5061E+01    2.1341E+01    1.7362E+01    7.2562E+01    5.4635E+01    1.9068E+01    5.1274E+00    1.7797E+01    6.1629E+00    1.0016E+01
 1.1800E+03    4.9855E+01    5.7796E+01    2.5167E+01    2.1341E+01    1.7022E+01    7.2564E+01    5.4676E+01    1.9111E+01    5.1274E+00    1.7777E+01    6.1629E+00    1.0016E+01
 1.1805E+03    4.9856E+01    5.7797E+01    2.5024E+01    2.1320E+01    1.7022E+01    7.2559E+01    5.4684E+01    1.9132E+01    5.1274E+00    1.7878E+01    6.1935E+00    1.0016E+01
 1.1810E+03    4.9877E+01    5.7798E+01    2.5039E+01    2.1410E+01    1.6913E+01    7.2571E+01    5.4684E+01    1.9146E+01    5.1274E+00    1.7736E+01    6.2342E+00    1.0121E+01
 1.1816E+03    4.9880E+01    5.7798E+01    2.4857E+01    2.1412E+01    1.6834E+01    7.2579E+01    5.4712E+01    1.9175E+01    5.1274E+00    1.7878E+01    6.2291E+00    9.9090E+00
 1.1821E+03    4.9905E+01    5.7821E+01    2.4867E+01    2.1628E+01    1.6769E+01    7.2579E+01    5.4735E+01    1.9189E+01    5.1274E+00    1.7838E+01    6.2189E+00    1.0016E+01
 1.1826E+03    4.9912E+01    5.7837E+01    2.5154E+01    2.1628E+01    1.6733E+01    7.2582E+01    5.4761E+01    1.9189E+01    5.1478E+00    1.7817E+01    6.3971E+00    1.0016E+01
 1.1831E+03    4.9927E+01    5.7857E+01    2.5303E+01    2.1659E+01    1.6733E+01    7.2593E+01    5.4768E+01    1.9230E+01    5.1478E+00    1.7878E+01    6.1731E+00    1.0121E+01
 1.1837E+03    4.9942E+01    5.7867E+01    2.5714E+01    2.1650E+01    1.6695E+01    7.2619E+01    5.4799E+01    1.9245E+01    5.1274E+00    1.7939E+01    6.1731E+00    1.0016E+01
 1.1842E+03    4.9956E+01    5.7861E+01    2.6000E+01    2.1544E+01    1.6676E+01    7.2622E+01    5.4813E+01    1.9251E+01    5.1478E+00    1.7919E+01    6.2291E+00    1.0016E+01
 1.1847E+03    4.9960E+01    5.7861E+01    2.6000E+01    2.1662E+01    1.6641E+01    7.2607E+01    5.4813E+01    1.9244E+01    5.1274E+00    1.7817E+01    6.1833E+00    1.0016E+01
 1.1852E+03    4.9986E+01    5.7873E+01    2.6204E+01    2.1657E+01    1.6641E+01    7.2607E+01    5.4816E+01    1.9209E+01    5.1478E+00    1.7980E+01    6.1833E+00    1.0121E+01
 1.1858E+03    4.9969E+01    5.7869E+01    2.6414E+01    2.1643E+01    1.6617E+01    7.2576E+01    5.4821E+01    1.9177E+01    5.1478E+00    1.7980E+01    6.3818E+00    9.9090E+00
 1.1863E+03    4.9969E+01    5.7866E+01    2.6338E+01    2.1643E+01    1.6610E+01    7.2560E+01    5.4821E+01    1.9177E+01    5.1478E+00    1.7980E+01    6.4022E+00    1.0121E+01
 1.1868E+03    4.9985E+01    5.7906E+01    2.6301E+01    2.1579E+01    1.6625E+01    7.2585E+01    5.4846E+01    1.9181E+01    5.1682E+00    1.7838E+01    6.4073E+00    1.0016E+01
 1.1873E+03    4.9990E+01    5.7902E+01    2.6301E+01    2.1592E+01    1.6652E+01    7.2592E+01    5.4846E+01    1.9110E+01    5.1478E+00    1.7777E+01    6.2037E+00    1.0016E+01
 1.1880E+03    4.9973E+01    5.7927E+01    2.6543E+01    2.1621E+01    1.6642E+01    7.2585E+01    5.4839E+01    1.9076E+01    5.1478E+00    1.7777E+01    6.2342E+00    9.9090E+00
 1.1885E+03    5.0000E+01    5.7927E+01    2.6543E+01    2.1686E+01    1.6616E+01    7.2561E+01    5.4845E+01    1.9063E+01    5.1478E+00    1.7797E+01    6.4226E+00    1.0016E+01
 1.1890E+03    5.0007E+01    5.7934E+01    2.6844E+01    2.1715E+01    1.6639E+01    7.2576E+01    5.4838E+01    1.9044E+01    5.1478E+00    1.8001E+01    6.2749E+00    1.0225E+01
 1.1895E+03    4.9998E+01    5.7947E+01    2.6559E+01    2.1715E+01    1.6645E+01    7.2573E+01    5.4835E+01    1.9044E+01    5.1682E+00    1.8001E+01    6.4429E+00    1.0016E+01
 1.1901E+03    5.0013E+01    5.7969E+01    2.6534E+01    2.1910E+01    1.6635E+01    7.2602E+01    5.4832E+01    1.9033E+01    5.1478E+00    1.7919E+01    6.2444E+00    1.0016E+01
 1.1906E+03    5.0025E+01    5.7973E+01    2.6620E+01    2.1903E+01    1.6635E+01    7.2605E+01    5.4823E+01    1.9006E+01    5.1478E+00    1.7838E+01    6.3768E+00    1.0016E+01
 1.1911E+03    5.0023E+01    5.8000E+01    2.6620E+01    2.1813E+01    1.6624E+01    7.2601E+01    5.4823E+01    1.8978E+01    5.1478E+00    1.7939E+01    6.2800E+00    1.0121E+01
 1.1916E+03    5.0046E+01    5.8000E+01    2.6937E+01    2.1793E+01    1.6625E+01    7.2606E+01    5.4817E+01    1.8953E+01    5.1478E+00    1.8041E+01    6.3564E+00    1.0016E+01
# Time (s)      T1w (C)       T2w (C)       T1a (C)       T2a (C)       T1r (C)       T2r (C)       T3r (C)       T4r (C)       P1 (bar)      P2 (bar)      Ic (amp)      Qc (l/min)    
 1.1921E+03    5.0058E+01    5.8022E+01    2.6805E+01    2.1962E+01    1.6663E+01    7.2606E+01    5.4810E+01    1.8915E+01    5.1478E+00    1.8062E+01    6.1935E+00    9.9090E+00
 1.1926E+03    5.0060E+01    5.8028E+01    2.7174E+01    2.1962E+01    1.6685E+01    7.2643E+01    5.4784E+01    1.8915E+01    5.1478E+00    1.8001E+01    6.2597E+00    1.0121E+01
 1.1931E+03    5.0060E+01    5.8043E+01    2.7117E+01    2.1863E+01    1.6685E+01    7.2644E+01    5.4776E+01    1.8904E+01    5.1478E+00    1.7838E+01    6.1986E+00    1.0016E+01
 1.1936E+03    5.0049E+01    5.8044E+01    2.7006E+01    2.1797E+01    1.6731E+01    7.2691E+01    5.4739E+01    1.8882E+01    5.1274E+00    1.7838E+01    6.3055E+00    9.9090E+00
 1.1943E+03    5.0055E+01    5.8046E+01    2.6416E+01    2.1776E+01    1.6721E+01    7.2699E+01    5.4738E+01    1.8871E+01    5.1274E+00    1.7960E+01    6.2037E+00    1.0121E+01
 1.1948E+03    5.0064E+01    5.8060E+01    2.6416E+01    2.1739E+01    1.6700E+01    7.2708E+01    5.4738E+01    1.8863E+01    5.1274E+00    1.8062E+01    6.4531E+00    1.0016E+01
 1.1953E+03    5.0085E+01    5.8060E+01    2.5926E+01    2.1674E+01    1.6674E+01    7.2708E+01    5.4726E+01    1.8836E+01    5.1274E+00    1.7980E+01    6.2138E+00    1.0016E+01
 1.1958E+03    5.0085E+01    5.8056E+01    2.5732E+01    2.1674E+01    1.6623E+01    7.2684E+01    5.4693E+01    1.8820E+01    5.1274E+00    1.7919E+01    6.4480E+00    9.9090E+00
 1.1963E+03    5.0085E+01    5.8088E+01    2.5860E+01    2.1732E+01    1.6651E+01    7.2684E+01    5.4667E+01    1.8800E+01    5.1274E+00    1.7899E+01    6.2138E+00    1.0121E+01
 1.1968E+03    5.0080E+01    5.8080E+01    2.5836E+01    2.1655E+01    1.6651E+01    7.2688E+01    5.4655E+01    1.8774E+01    5.1478E+00    1.7878E+01    6.1986E+00    1.0016E+01
 1.1973E+03    5.0084E+01    5.8083E+01    2.5836E+01    2.1800E+01    1.6689E+01    7.2690E+01    5.4655E+01    1.8760E+01    5.1274E+00    1.8082E+01    6.2088E+00    1.0121E+01
 1.1978E+03    5.0088E+01    5.8083E+01    2.5652E+01    2.1697E+01    1.6736E+01    7.2690E+01    5.4635E+01    1.8757E+01    5.1274E+00    1.8062E+01    6.2088E+00    1.0016E+01
 1.1985E+03    5.0095E+01    5.8104E+01    2.5944E+01    2.1771E+01    1.6744E+01    7.2721E+01    5.4624E+01    1.8731E+01    5.1274E+00    1.8001E+01    6.2189E+00    1.0016E+01
 1.1990E+03    5.0115E+01    5.8111E+01    2.6206E+01    2.1653E+01    1.6679E+01    7.2688E+01    5.4625E+01    1.8699E+01    5.1274E+00    1.7939E+01    6.3004E+00    1.0016E+01
 1.1995E+03    5.0115E+01    5.8133E+01    2.6234E+01    2.1653E+01    1.6591E+01    7.2699E+01    5.4594E+01    1.8699E+01    5.1070E+00    1.8041E+01    6.3411E+00    1.0121E+01
 1.2000E+03    5.0119E+01    5.8133E+01    2.5970E+01    2.1743E+01    1.6607E+01    7.2722E+01    5.4594E+01    1.8712E+01    5.1274E+00    1.8021E+01    6.3462E+00    1.0121E+01
 1.2006E+03    5.0129E+01    5.8143E+01    2.5927E+01    2.1701E+01    1.6572E+01    7.2731E+01    5.4590E+01    1.8695E+01    5.1274E+00    1.7899E+01    6.2088E+00    1.0225E+01
 1.2011E+03    5.0137E+01    5.8141E+01    2.5942E+01    2.1746E+01    1.6532E+01    7.2713E+01    5.4575E+01    1.8672E+01    5.1070E+00    1.7878E+01    6.2037E+00    9.9090E+00
 1.2016E+03    5.0141E+01    5.8141E+01    2.6411E+01    2.1795E+01    1.6541E+01    7.2713E+01    5.4550E+01    1.8644E+01    5.1274E+00    1.8102E+01    6.2138E+00    1.0121E+01
 1.2021E+03    5.0168E+01    5.8171E+01    2.6476E+01    2.1907E+01    1.6552E+01    7.2712E+01    5.4545E+01    1.8644E+01    5.1070E+00    1.7858E+01    6.3462E+00    1.0121E+01
 1.2027E+03    5.0147E+01    5.8162E+01    2.7056E+01    2.1907E+01    1.6560E+01    7.2723E+01    5.4536E+01    1.8619E+01    5.1070E+00    1.7980E+01    6.2138E+00    1.0121E+01
 1.2032E+03    5.0147E+01    5.8167E+01    2.7435E+01    2.1754E+01    1.6560E+01    7.2725E+01    5.4524E+01    1.8605E+01    5.1070E+00    1.7939E+01    6.3157E+00    1.0016E+01
 1.2037E+03    5.0149E+01    5.8169E+01    2.7582E+01    2.1788E+01    1.6577E+01    7.2737E+01    5.4524E+01    1.8587E+01    5.1274E+00    1.7919E+01    6.2189E+00    1.0121E+01
 1.2042E+03    5.0173E+01    5.8184E+01    2.7597E+01    2.1668E+01    1.6599E+01    7.2714E+01    5.4484E+01    1.8529E+01    5.1070E+00    1.8062E+01    6.3513E+00    1.0016E+01
 1.2048E+03    5.0177E+01    5.8194E+01    2.7745E+01    2.1623E+01    1.6641E+01    7.2711E+01    5.4497E+01    1.8527E+01    5.1070E+00    1.7939E+01    6.2088E+00    1.0121E+01
 1.2053E+03    5.0187E+01    5.8201E+01    2.7511E+01    2.1641E+01    1.6637E+01    7.2711E+01    5.4497E+01    1.8506E+01    5.1070E+00    1.7878E+01    6.2037E+00    1.0121E+01
 1.2058E+03    5.0165E+01    5.8198E+01    2.7073E+01    2.1641E+01    1.6599E+01    7.2687E+01    5.4456E+01    1.8490E+01    5.1070E+00    1.8123E+01    6.2138E+00    1.0121E+01
 1.2063E+03    5.0165E+01    5.8202E+01    2.7335E+01    2.1673E+01    1.6599E+01    7.2711E+01    5.4459E+01    1.8473E+01    5.0866E+00    1.8102E+01    6.2138E+00    1.0121E+01
 1.2069E+03    5.0191E+01    5.8209E+01    2.7604E+01    2.1760E+01    1.6534E+01    7.2713E+01    5.4429E+01    1.8436E+01    5.0866E+00    1.7878E+01    6.3717E+00    1.0121E+01
 1.2074E+03    5.0197E+01    5.8208E+01    2.7604E+01    2.1745E+01    1.6525E+01    7.2718E+01    5.4429E+01    1.8407E+01    5.1070E+00    1.7980E+01    6.2037E+00    1.0121E+01
# Time (s)      T1w (C)       T2w (C)       T1a (C)       T2a (C)       T1r (C)       T2r (C)       T3r (C)       T4r (C)       P1 (bar)      P2 (bar)      Ic (amp)      Qc (l/min)    
 1.2079E+03    5.0200E+01    5.8208E+01    2.7938E+01    2.1729E+01    1.6531E+01    7.2727E+01    5.4421E+01    1.8405E+01    5.0866E+00    1.8041E+01    6.3462E+00    1.0016E+01
 1.2084E+03    5.0222E+01    5.8238E+01    2.7852E+01    2.1765E+01    1.6589E+01    7.2727E+01    5.4415E+01    1.8385E+01    5.1070E+00    1.8041E+01    6.3157E+00    1.0016E+01
 1.2091E+03    5.0224E+01    5.8234E+01    2.7161E+01    2.1730E+01    1.6679E+01    7.2751E+01    5.4390E+01    1.8348E+01    5.1070E+00    1.7858E+01    6.2698E+00    1.0121E+01
 1.2096E+03    5.0217E+01    5.8220E+01    2.6537E+01    2.1730E+01    1.6815E+01    7.2768E+01    5.4388E+01    1.8348E+01    5.1070E+00    1.7919E+01    6.4378E+00    9.9090E+00
 1.2101E+03    5.0217E+01    5.8220E+01    2.6939E+01    2.1741E+01    1.6815E+01    7.2752E+01    5.4384E+01    1.8345E+01    5.0866E+00    1.8062E+01    6.3004E+00    1.0016E+01
 1.2106E+03    5.0231E+01    5.8234E+01    2.7307E+01    2.1684E+01    1.6954E+01    7.2743E+01    5.4384E+01    1.8316E+01    5.0866E+00    1.8041E+01    6.4429E+00    1.0016E+01
 1.2112E+03    5.0214E+01    5.8239E+01    2.7307E+01    2.1647E+01    1.7057E+01    7.2746E+01    5.4381E+01    1.8304E+01    5.0866E+00    1.7878E+01    6.3920E+00    1.0016E+01
 1.2117E+03    5.0211E+01    5.8239E+01    2.6692E+01    2.1654E+01    1.7178E+01    7.2754E+01    5.4377E+01    1.8280E+01    5.0866E+00    1.8001E+01    6.2698E+00    1.0016E+01
 1.2122E+03    5.0223E+01    5.8253E+01    2.6135E+01    2.1660E+01    1.7255E+01    7.2754E+01    5.4371E+01    1.8278E+01    5.0866E+00    1.7878E+01    6.2138E+00    1.0016E+01
 1.2127E+03    5.0214E+01    5.8250E+01    2.6052E+01    2.1660E+01    1.7352E+01    7.2763E+01    5.4362E+01    1.8278E+01    5.0866E+00    1.7919E+01    6.2088E+00    1.0016E+01
 1.2133E+03    5.0214E+01    5.8249E+01    2.5922E+01    2.1744E+01    1.7400E+01    7.2742E+01    5.4391E+01    1.8307E+01    5.0662E+00    1.8041E+01    6.4124E+00    1.0016E+01
 1.2138E+03    5.0216E+01    5.8244E+01    2.5674E+01    2.1733E+01    1.7400E+01    7.2755E+01    5.4390E+01    1.8310E+01    5.0866E+00    1.8102E+01    6.2444E+00    1.0121E+01
 1.2143E+03    5.0211E+01    5.8243E+01    2.5674E+01    2.1813E+01    1.7444E+01    7.2757E+01    5.4390E+01    1.8343E+01    5.0662E+00    1.7980E+01    6.4124E+00    1.0016E+01
 1.2148E+03    5.0211E+01    5.8243E+01    2.5615E+01    2.1699E+01    1.7498E+01    7.2757E+01    5.4420E+01    1.8353E+01    5.0866E+00    1.8082E+01    6.1986E+00    1.0121E+01
 1.2154E+03    5.0215E+01    5.8239E+01    2.5887E+01    2.1740E+01    1.7577E+01    7.2781E+01    5.4414E+01    1.8383E+01    5.0866E+00    1.7960E+01    6.2088E+00    1.0121E+01
 1.2159E+03    5.0230E+01    5.8258E+01    2.5782E+01    2.1756E+01    1.7672E+01    7.2791E+01    5.4425E+01    1.8383E+01    5.1070E+00    1.8102E+01    6.3615E+00    1.0121E+01
 1.2164E+03    5.0230E+01    5.8263E+01    2.6057E+01    2.1712E+01    1.7672E+01    7.2795E+01    5.4448E+01    1.8407E+01    5.0866E+00    1.8021E+01    6.2138E+00    1.0016E+01
 1.2169E+03    5.0237E+01    5.8236E+01    2.5849E+01    2.1765E+01    1.7692E+01    7.2792E+01    5.4433E+01    1.8429E+01    5.0866E+00    1.7960E+01    6.3666E+00    1.0121E+01
 1.2175E+03    5.0219E+01    5.8234E+01    2.5849E+01    2.1788E+01    1.7753E+01    7.2821E+01    5.4438E+01    1.8447E+01    5.0866E+00    1.7939E+01    6.3564E+00    1.0016E+01
 1.2180E+03    5.0227E+01    5.8249E+01    2.5779E+01    2.1701E+01    1.7813E+01    7.2838E+01    5.4446E+01    1.8482E+01    5.0866E+00    1.7878E+01    6.1986E+00    9.9090E+00
 1.2185E+03    5.0250E+01    5.8252E+01    2.5618E+01    2.1636E+01    1.7836E+01    7.2838E+01    5.4468E+01    1.8482E+01    5.1070E+00    1.8062E+01    6.3513E+00    1.0121E+01
 1.2190E+03    5.0250E+01    5.8257E+01    2.5756E+01    2.1636E+01    1.7881E+01    7.2836E+01    5.4496E+01    1.8531E+01    5.0866E+00    1.8102E+01    6.2037E+00    9.9090E+00
 1.2196E+03    5.0236E+01    5.8237E+01    2.6128E+01    2.1715E+01    1.7925E+01    7.2848E+01    5.4521E+01    1.8558E+01    5.0866E+00    1.7939E+01    6.1935E+00    1.0121E+01
 1.2201E+03    5.0236E+01    5.8243E+01    2.6098E+01    2.1687E+01    1.7925E+01    7.2869E+01    5.4542E+01    1.8593E+01    5.0866E+00    1.7919E+01    6.4124E+00    1.0016E+01
 1.2206E+03    5.0222E+01    5.8241E+01    2.6098E+01    2.1608E+01    1.7981E+01    7.2871E+01    5.4542E+01    1.8612E+01    5.0866E+00    1.7939E+01    6.2495E+00    1.0121E+01
 1.2211E+03    5.0260E+01    5.8256E+01    2.6072E+01    2.1728E+01    1.8041E+01    7.2905E+01    5.4551E+01    1.8648E+01    5.1070E+00    1.8062E+01    6.4277E+00    1.0225E+01
 1.2217E+03    5.0274E+01    5.8260E+01    2.6153E+01    2.1695E+01    1.8112E+01    7.2905E+01    5.4576E+01    1.8664E+01    5.0866E+00    1.7919E+01    6.3564E+00    1.0016E+01
 1.2222E+03    5.0251E+01    5.8210E+01    2.5864E+01    2.1833E+01    1.8148E+01    7.2925E+01    5.4596E+01    1.8664E+01    5.1070E+00    1.8001E+01    6.4226E+00    1.0121E+01
 1.2227E+03    5.0251E+01    5.8222E+01    2.5665E+01    2.1833E+01    1.8215E+01    7.2930E+01    5.4621E+01    1.8691E+01    5.0866E+00    1.7960E+01    6.3615E+00    9.8010E+00
 1.2232E+03    5.0255E+01    5.8230E+01    2.5483E+01    2.1726E+01    1.8215E+01    7.2950E+01    5.4647E+01    1.8709E+01    5.1070E+00    1.7960E+01    6.4226E+00    1.0016E+01
# Time (s)      T1w (C)       T2w (C)       T1a (C)       T2a (C)       T1r (C)       T2r (C)       T3r (C)       T4r (C)       P1 (bar)      P2 (bar)      Ic (amp)      Qc (l/min)    
 1.2238E+03    5.0258E+01    5.8221E+01    2.5612E+01    2.1729E+01    1.8263E+01    7.2938E+01    5.4655E+01    1.8755E+01    5.1070E+00    1.7858E+01    6.3564E+00    1.0016E+01
 1.2243E+03    5.0254E+01    5.8199E+01    2.5596E+01    2.1755E+01    1.8286E+01    7.2950E+01    5.4655E+01    1.8779E+01    5.1070E+00    1.7980E+01    6.1986E+00    1.0121E+01
 1.2248E+03    5.0232E+01    5.8199E+01    2.5915E+01    2.1768E+01    1.8320E+01    7.2950E+01    5.4688E+01    1.8804E+01    5.1070E+00    1.8041E+01    6.3513E+00    1.0016E+01
 1.2253E+03    5.0249E+01    5.8197E+01    2.5958E+01    2.1756E+01    1.8332E+01    7.2962E+01    5.4709E+01    1.8804E+01    5.1070E+00    1.7960E+01    6.1986E+00    1.0225E+01
 1.2260E+03    5.0240E+01    5.8183E+01    2.5787E+01    2.1747E+01    1.8362E+01    7.2960E+01    5.4732E+01    1.8854E+01    5.1070E+00    1.8021E+01    6.4022E+00    1.0016E+01
 1.2265E+03    5.0240E+01    5.8193E+01    2.5865E+01    2.1747E+01    1.8351E+01    7.2972E+01    5.4763E+01    1.8885E+01    5.1274E+00    1.8082E+01    6.2291E+00    1.0016E+01
 1.2270E+03    5.0245E+01    5.8169E+01    2.6082E+01    2.1685E+01    1.8351E+01    7.2956E+01    5.4760E+01    1.8910E+01    5.1274E+00    1.7960E+01    6.3971E+00    1.0225E+01
 1.2275E+03    5.0234E+01    5.8191E+01    2.6082E+01    2.1719E+01    1.8351E+01    7.2970E+01    5.4760E+01    1.8941E+01    5.1274E+00    1.7960E+01    6.2240E+00    1.0016E+01
 1.2281E+03    5.0247E+01    5.8205E+01    2.6117E+01    2.1673E+01    1.8319E+01    7.2986E+01    5.4786E+01    1.8973E+01    5.1274E+00    1.7939E+01    6.2037E+00    1.0121E+01
 1.2286E+03    5.0273E+01    5.8188E+01    2.5949E+01    2.1803E+01    1.8308E+01    7.2986E+01    5.4819E+01    1.9004E+01    5.1274E+00    1.7878E+01    6.4328E+00    1.0121E+01
 1.2291E+03    5.0289E+01    5.8204E+01    2.5995E+01    2.1819E+01    1.8255E+01    7.2980E+01    5.4831E+01    1.9004E+01    5.1478E+00    1.8001E+01    6.2138E+00    1.0121E+01
 1.2296E+03    5.0289E+01    5.8204E+01    2.6140E+01    2.1776E+01    1.8223E+01    7.2984E+01    5.4855E+01    1.9035E+01    5.1274E+00    1.8062E+01    6.4328E+00    1.0121E+01
 1.2302E+03    5.0294E+01    5.8222E+01    2.6099E+01    2.1711E+01    1.8239E+01    7.3018E+01    5.4912E+01    1.9073E+01    5.1478E+00    1.7960E+01    6.4328E+00    1.0016E+01
 1.2307E+03    5.0286E+01    5.8221E+01    2.5898E+01    2.1806E+01    1.8197E+01    7.3033E+01    5.4912E+01    1.9119E+01    5.1478E+00    1.8102E+01    6.2037E+00    1.0121E+01
 1.2312E+03    5.0299E+01    5.8221E+01    2.5898E+01    2.1833E+01    1.8161E+01    7.3057E+01    5.4941E+01    1.9152E+01    5.1478E+00    1.8001E+01    6.3717E+00    1.0225E+01
 1.2317E+03    5.0303E+01    5.8220E+01    2.5943E+01    2.1834E+01    1.8088E+01    7.3057E+01    5.4951E+01    1.9171E+01    5.1478E+00    1.8001E+01    6.3717E+00    1.0121E+01
 1.2323E+03    5.0317E+01    5.8220E+01    2.5841E+01    2.1810E+01    1.8033E+01    7.3052E+01    5.4963E+01    1.9199E+01    5.1478E+00    1.7980E+01    6.2037E+00    1.0121E+01
 1.2328E+03    5.0323E+01    5.8232E+01    2.5782E+01    2.1810E+01    1.8004E+01    7.3025E+01    5.4994E+01    1.9199E+01    5.1478E+00    1.7939E+01    6.3971E+00    1.0121E+01
 1.2333E+03    5.0323E+01    5.8226E+01    2.5717E+01    2.1764E+01    1.8020E+01    7.3034E+01    5.5014E+01    1.9239E+01    5.1478E+00    1.7919E+01    6.2189E+00    1.0016E+01
 1.2338E+03    5.0338E+01    5.8233E+01    2.5618E+01    2.1664E+01    1.7890E+01    7.3019E+01    5.5014E+01    1.9273E+01    5.1478E+00    1.8062E+01    6.3920E+00    1.0016E+01
 1.2344E+03    5.0345E+01    5.8236E+01    2.5618E+01    2.1673E+01    1.7375E+01    7.3048E+01    5.5030E+01    1.9280E+01    5.1478E+00    1.8102E+01    6.3717E+00    1.0121E+01
 1.2349E+03    5.0349E+01    5.8236E+01    2.5622E+01    2.1741E+01    1.7166E+01    7.3048E+01    5.5045E+01    1.9315E+01    5.1478E+00    1.8102E+01    6.2189E+00    9.9090E+00
 1.2354E+03    5.0364E+01    5.8247E+01    2.5539E+01    2.1810E+01    1.7021E+01    7.3043E+01    5.5071E+01    1.9315E+01    5.1478E+00    1.7980E+01    6.3768E+00    1.0016E+01
 1.2359E+03    5.0364E+01    5.8246E+01    2.5557E+01    2.1810E+01    1.6946E+01    7.3026E+01    5.5088E+01    1.9337E+01    5.1682E+00    1.7980E+01    6.2189E+00    1.0016E+01
 1.2365E+03    5.0331E+01    5.8230E+01    2.5504E+01    2.1711E+01    1.6920E+01    7.3030E+01    5.5089E+01    1.9356E+01    5.1682E+00    1.7919E+01    6.4378E+00    1.0016E+01
 1.2370E+03    5.0337E+01    5.8243E+01    2.5460E+01    2.1585E+01    1.6920E+01    7.3030E+01    5.5105E+01    1.9370E+01    5.1682E+00    1.7939E+01    6.2240E+00    1.0016E+01
 1.2375E+03    5.0345E+01    5.8238E+01    2.5460E+01    2.1655E+01    1.6895E+01    7.3009E+01    5.5105E+01    1.9383E+01    5.1682E+00    1.8123E+01    6.4633E+00    1.0016E+01
 1.2380E+03    5.0343E+01    5.8238E+01    2.5569E+01    2.1623E+01    1.6860E+01    7.3023E+01    5.5130E+01    1.9407E+01    5.1682E+00    1.7919E+01    6.3309E+00    9.9090E+00
 1.2386E+03    5.0371E+01    5.8253E+01    2.5716E+01    2.1759E+01    1.6797E+01    7.3031E+01    5.5142E+01    1.9414E+01    5.1682E+00    1.8123E+01    6.2444E+00    9.9090E+00
 1.2391E+03    5.0366E+01    5.8248E+01    2.5735E+01    2.1744E+01    1.6781E+01    7.3046E+01    5.5143E+01    1.9414E+01    5.1682E+00    1.8021E+01    6.4226E+00    1.0016E+01
# Time (s)      T1w (C)       T2w (C)       T1a (C)       T2a (C)       T1r (C)       T2r (C)       T3r (C)       T4r (C)       P1 (bar)      P2 (bar)      Ic (amp)      Qc (l/min)    
 1.2396E+03    5.0366E+01    5.8266E+01    2.5548E+01    2.1847E+01    1.6781E+01    7.3036E+01    5.5164E+01    1.9413E+01    5.1682E+00    1.7899E+01    6.2495E+00    1.0016E+01
 1.2401E+03    5.0361E+01    5.8278E+01    2.5566E+01    2.1808E+01    1.6727E+01    7.3045E+01    5.5164E+01    1.9366E+01    5.1682E+00    1.7919E+01    6.4022E+00    1.0016E+01
 1.2408E+03    5.0368E+01    5.8285E+01    2.5486E+01    2.1968E+01    1.6732E+01    7.3047E+01    5.5159E+01    1.9349E+01    5.1682E+00    1.8021E+01    6.2240E+00    1.0121E+01
 1.2413E+03    5.0341E+01    5.8286E+01    2.5470E+01    2.1777E+01    1.6730E+01    7.3048E+01    5.5161E+01    1.9321E+01    5.1478E+00    1.8163E+01    6.4633E+00    9.9090E+00
 1.2418E+03    5.0345E+01    5.8286E+01    2.5376E+01    2.1832E+01    1.6717E+01    7.3048E+01    5.5164E+01    1.9268E+01    5.1682E+00    1.8062E+01    6.2240E+00    1.0016E+01
 1.2423E+03    5.0345E+01    5.8265E+01    2.5347E+01    2.1816E+01    1.6701E+01    7.3052E+01    5.5144E+01    1.9252E+01    5.1682E+00    1.8062E+01    6.4328E+00    1.0225E+01
 1.2429E+03    5.0349E+01    5.8277E+01    2.5182E+01    2.1807E+01    1.6697E+01    7.3077E+01    5.5133E+01    1.9217E+01    5.1682E+00    1.7960E+01    6.2240E+00    1.0121E+01
 1.2434E+03    5.0349E+01    5.8297E+01    2.5093E+01    2.1777E+01    1.6697E+01    7.3112E+01    5.5123E+01    1.9185E+01    5.1682E+00    1.7939E+01    6.3411E+00    1.0016E+01
 1.2439E+03    5.0355E+01    5.8293E+01    2.5093E+01    2.1732E+01    1.6715E+01    7.3102E+01    5.5123E+01    1.9146E+01    5.1682E+00    1.8163E+01    6.2291E+00    1.0016E+01
 1.2444E+03    5.0372E+01    5.8307E+01    2.5008E+01    2.1695E+01    1.6744E+01    7.3131E+01    5.5119E+01    1.9114E+01    5.1478E+00    1.8184E+01    6.3258E+00    1.0121E+01
 1.2450E+03    5.0390E+01    5.8332E+01    2.5112E+01    2.1838E+01    1.6719E+01    7.3131E+01    5.5109E+01    1.9083E+01    5.1478E+00    1.8021E+01    6.4022E+00    1.0121E+01
 1.2455E+03    5.0380E+01    5.8337E+01    2.5531E+01    2.1730E+01    1.6688E+01    7.3162E+01    5.5115E+01    1.9099E+01    5.1682E+00    1.7960E+01    6.3258E+00    1.0121E+01
 1.2460E+03    5.0380E+01    5.8335E+01    2.5581E+01    2.1730E+01    1.6690E+01    7.3143E+01    5.5101E+01    1.9081E+01    5.1478E+00    1.8163E+01    6.3869E+00    9.9090E+00
 1.2465E+03    5.0407E+01    5.8365E+01    2.5569E+01    2.1861E+01    1.6690E+01    7.3150E+01    5.5092E+01    1.9049E+01    5.1478E+00    1.8102E+01    6.2393E+00    9.9090E+00
 1.2471E+03    5.0428E+01    5.8391E+01    2.5543E+01    2.1849E+01    1.6685E+01    7.3172E+01    5.5066E+01    1.9045E+01    5.1478E+00    1.8204E+01    6.2393E+00    9.9090E+00
 1.2476E+03    5.0441E+01    5.8389E+01    2.5543E+01    2.1699E+01    1.6701E+01    7.3173E+01    5.5066E+01    1.9023E+01    5.1478E+00    1.8184E+01    6.2902E+00    1.0016E+01
 1.2481E+03    5.0451E+01    5.8389E+01    2.5576E+01    2.1689E+01    1.6750E+01    7.3159E+01    5.5037E+01    1.8989E+01    5.1478E+00    1.8082E+01    6.2291E+00    9.9090E+00
 1.2486E+03    5.0465E+01    5.8418E+01    2.5580E+01    2.1757E+01    1.6779E+01    7.3175E+01    5.5012E+01    1.8989E+01    5.1478E+00    1.8204E+01    6.4429E+00    1.0121E+01
 1.2492E+03    5.0466E+01    5.8428E+01    2.5873E+01    2.1801E+01    1.6755E+01    7.3174E+01    5.4996E+01    1.8956E+01    5.1478E+00    1.8224E+01    6.3818E+00    1.0016E+01
 1.2497E+03    5.0466E+01    5.8433E+01    2.5738E+01    2.1801E+01    1.6695E+01    7.3165E+01    5.4981E+01    1.8948E+01    5.1478E+00    1.8204E+01    6.3869E+00    1.0121E+01
 1.2502E+03    5.0470E+01    5.8431E+01    2.5666E+01    2.1853E+01    1.6711E+01    7.3174E+01    5.4986E+01    1.8947E+01    5.1274E+00    1.8123E+01    6.3309E+00    1.0016E+01
 1.2507E+03    5.0470E+01    5.8450E+01    2.5666E+01    2.1763E+01    1.6665E+01    7.3174E+01    5.4986E+01    1.8936E+01    5.1274E+00    1.8082E+01    6.3971E+00    9.9090E+00
 1.2513E+03    5.0470E+01    5.8451E+01    2.5572E+01    2.1664E+01    1.6654E+01    7.3169E+01    5.4982E+01    1.8919E+01    5.1274E+00    1.8082E+01    6.2342E+00    1.0016E+01
 1.2518E+03    5.0473E+01    5.8451E+01    2.5287E+01    2.1735E+01    1.6651E+01    7.3169E+01    5.4967E+01    1.8913E+01    5.1274E+00    1.8123E+01    6.3055E+00    1.0016E+01
 1.2523E+03    5.0489E+01    5.8458E+01    2.5189E+01    2.1735E+01    1.6675E+01    7.3163E+01    5.4961E+01    1.8913E+01    5.1274E+00    1.8102E+01    6.2342E+00    1.0016E+01
 1.2528E+03    5.0489E+01    5.8477E+01    2.5381E+01    2.1701E+01    1.6685E+01    7.3171E+01    5.4957E+01    1.8891E+01    5.1274E+00    1.8163E+01    6.2495E+00    1.0016E+01
 1.2534E+03    5.0485E+01    5.8481E+01    2.5375E+01    2.1621E+01    1.6685E+01    7.3188E+01    5.4952E+01    1.8889E+01    5.1478E+00    1.8163E+01    6.2495E+00    1.0016E+01
 1.2539E+03    5.0488E+01    5.8480E+01    2.5375E+01    2.1769E+01    1.6713E+01    7.3198E+01    5.4952E+01    1.8875E+01    5.1274E+00    1.8143E+01    6.3208E+00    1.0121E+01
 1.2544E+03    5.0517E+01    5.8494E+01    2.5390E+01    2.1800E+01    1.6704E+01    7.3187E+01    5.4910E+01    1.8864E+01    5.1274E+00    1.8041E+01    6.2444E+00    1.0121E+01
 1.2549E+03    5.0526E+01    5.8507E+01    2.5366E+01    2.1670E+01    1.6725E+01    7.3187E+01    5.4898E+01    1.8822E+01    5.1274E+00    1.8021E+01    6.3208E+00    1.0016E+01
# Time (s)      T1w (C)       T2w (C)       T1a (C)       T2a (C)       T1r (C)       T2r (C)       T3r (C)       T4r (C)       P1 (bar)      P2 (bar)      Ic (amp)      Qc (l/min)    
 1.2556E+03    5.0521E+01    5.8498E+01    2.5244E+01    2.1629E+01    1.6725E+01    7.3170E+01    5.4884E+01    1.8808E+01    5.1274E+00    1.8184E+01    6.2444E+00    9.9090E+00
 1.2561E+03    5.0534E+01    5.8515E+01    2.5199E+01    2.1629E+01    1.6734E+01    7.3164E+01    5.4867E+01    1.8808E+01    5.1274E+00    1.8204E+01    6.2953E+00    1.0121E+01
 1.2566E+03    5.0549E+01    5.8533E+01    2.5237E+01    2.1534E+01    1.6750E+01    7.3153E+01    5.4874E+01    1.8812E+01    5.1274E+00    1.8204E+01    6.3004E+00    1.0121E+01
 1.2571E+03    5.0568E+01    5.8537E+01    2.5237E+01    2.1615E+01    1.6696E+01    7.3157E+01    5.4874E+01    1.8777E+01    5.1274E+00    1.8143E+01    6.3106E+00    1.0121E+01
 1.2577E+03    5.0562E+01    5.8546E+01    2.5206E+01    2.1624E+01    1.6673E+01    7.3147E+01    5.4854E+01    1.8750E+01    5.1274E+00    1.8082E+01    6.4226E+00    1.0225E+01
 1.2582E+03    5.0555E+01    5.8531E+01    2.5104E+01    2.1751E+01    1.6623E+01    7.3177E+01    5.4835E+01    1.8739E+01    5.1070E+00    1.8021E+01    6.2240E+00    1.0016E+01
 1.2587E+03    5.0560E+01    5.8525E+01    2.5147E+01    2.1634E+01    1.6598E+01    7.3177E+01    5.4839E+01    1.8739E+01    5.1274E+00    1.8123E+01    6.4480E+00    1.0016E+01
 1.2592E+03    5.0564E+01    5.8538E+01    2.5184E+01    2.1634E+01    1.6632E+01    7.3188E+01    5.4843E+01    1.8749E+01    5.1274E+00    1.8245E+01    6.2393E+00    1.0121E+01
 1.2598E+03    5.0564E+01    5.8550E+01    2.5150E+01    2.1627E+01    1.6657E+01    7.3173E+01    5.4832E+01    1.8715E+01    5.1274E+00    1.8265E+01    6.4022E+00    1.0121E+01
 1.2603E+03    5.0562E+01    5.8553E+01    2.5166E+01    2.1650E+01    1.6641E+01    7.3166E+01    5.4801E+01    1.8686E+01    5.1274E+00    1.8245E+01    6.4735E+00    1.0121E+01
 1.2608E+03    5.0554E+01    5.8530E+01    2.5166E+01    2.1708E+01    1.6652E+01    7.3174E+01    5.4801E+01    1.8677E+01    5.1274E+00    1.8102E+01    6.4277E+00    1.0121E+01
 1.2613E+03    5.0559E+01    5.8530E+01    2.5262E+01    2.1738E+01    1.6662E+01    7.3174E+01    5.4793E+01    1.8645E+01    5.1274E+00    1.8123E+01    6.4480E+00    1.0121E+01
 1.2620E+03    5.0553E+01    5.8550E+01    2.5286E+01    2.1625E+01    1.6708E+01    7.3194E+01    5.4804E+01    1.8626E+01    5.1274E+00    1.8102E+01    6.2342E+00    1.0121E+01
 1.2625E+03    5.0570E+01    5.8557E+01    2.5255E+01    2.1605E+01    1.6732E+01    7.3194E+01    5.4796E+01    1.8626E+01    5.1274E+00    1.8021E+01    6.4124E+00    1.0121E+01
 1.2630E+03    5.0570E+01    5.8555E+01    2.5201E+01    2.1605E+01    1.6756E+01    7.3187E+01    5.4792E+01    1.8616E+01    5.1070E+00    1.8041E+01    6.2546E+00    1.0016E+01
 1.2635E+03    5.0581E+01    5.8560E+01    2.5146E+01    2.1493E+01    1.6724E+01    7.3168E+01    5.4764E+01    1.8572E+01    5.1070E+00    1.8265E+01    6.4429E+00    1.0121E+01
 1.2640E+03    5.0585E+01    5.8564E+01    2.5135E+01    2.1592E+01    1.6749E+01    7.3175E+01    5.4764E+01    1.8531E+01    5.1070E+00    1.8041E+01    6.4786E+00    1.0016E+01
 1.2645E+03    5.0561E+01    5.8566E+01    2.5135E+01    2.1573E+01    1.6757E+01    7.3173E+01    5.4778E+01    1.8524E+01    5.1070E+00    1.8184E+01    6.2495E+00    1.0121E+01
 1.2650E+03    5.0583E+01    5.8566E+01    2.5096E+01    2.1453E+01    1.6833E+01    7.3173E+01    5.4775E+01    1.8505E+01    5.1070E+00    1.8265E+01    6.4786E+00    1.0121E+01
 1.2655E+03    5.0587E+01    5.8574E+01    2.4961E+01    2.1453E+01    1.6866E+01    7.3170E+01    5.4753E+01    1.8489E+01    5.1070E+00    1.8143E+01    6.2546E+00    1.0016E+01
 1.2662E+03    5.0591E+01    5.8592E+01    2.4908E+01    2.1411E+01    1.6941E+01    7.3184E+01    5.4752E+01    1.8481E+01    5.0866E+00    1.8123E+01    6.2393E+00    1.0016E+01
 1.2667E+03    5.0591E+01    5.8590E+01    2.5064E+01    2.1490E+01    1.6925E+01    7.3164E+01    5.4743E+01    1.8458E+01    5.1070E+00    1.8062E+01    6.3462E+00    1.0121E+01
 1.2672E+03    5.0621E+01    5.8595E+01    2.5154E+01    2.1472E+01    1.6978E+01    7.3179E+01    5.4743E+01    1.8451E+01    5.0866E+00    1.8204E+01    6.2393E+00    1.0016E+01
 1.2677E+03    5.0618E+01    5.8591E+01    2.5154E+01    2.1376E+01    1.6952E+01    7.3154E+01    5.4733E+01    1.8435E+01    5.0866E+00    1.8245E+01    6.3615E+00    1.0121E+01
 1.2683E+03    5.0640E+01    5.8591E+01    2.5006E+01    2.1270E+01    1.6851E+01    7.3148E+01    5.4718E+01    1.8415E+01    5.0866E+00    1.8143E+01    6.3055E+00    1.0121E+01
 1.2688E+03    5.0639E+01    5.8600E+01    2.4842E+01    2.1412E+01    1.6846E+01    7.3148E+01    5.4725E+01    1.8402E+01    5.1070E+00    1.8204E+01    6.4735E+00    9.9090E+00
 1.2693E+03    5.0653E+01    5.8610E+01    2.4747E+01    2.1412E+01    1.6964E+01    7.3163E+01    5.4730E+01    1.8402E+01    5.0866E+00    1.8184E+01    6.4684E+00    1.0121E+01
 1.2698E+03    5.0653E+01    5.8605E+01    2.4725E+01    2.1377E+01    1.6964E+01    7.3186E+01    5.4750E+01    1.8390E+01    5.0866E+00    1.8143E+01    6.4633E+00    1.0121E+01
 1.2704E+03    5.0671E+01    5.8617E+01    2.4729E+01    2.1403E+01    1.7080E+01    7.3211E+01    5.4756E+01    1.8396E+01    5.0866E+00    1.8041E+01    6.2546E+00    1.0016E+01
 1.2709E+03    5.0663E+01    5.8625E+01    2.4729E+01    2.1343E+01    1.7177E+01    7.3240E+01    5.4756E+01    1.8407E+01    5.0866E+00    1.8021E+01    6.4480E+00    1.0016E+01
# Time (s)      T1w (C)       T2w (C)       T1a (C)       T2a (C)       T1r (C)       T2r (C)       T3r (C)       T4r (C)       P1 (bar)      P2 (bar)      Ic (amp)      Qc (l/min)    
 1.2714E+03    5.0652E+01    5.8610E+01    2.4691E+01    2.1401E+01    1.7263E+01    7.3240E+01    5.4762E+01    1.8431E+01    5.0866E+00    1.8265E+01    6.2698E+00    1.0121E+01
 1.2719E+03    5.0661E+01    5.8613E+01    2.4687E+01    2.1328E+01    1.7298E+01    7.3235E+01    5.4772E+01    1.8431E+01    5.0866E+00    1.8062E+01    6.2749E+00    1.0225E+01
 1.2726E+03    5.0647E+01    5.8596E+01    2.4661E+01    2.1468E+01    1.7329E+01    7.3218E+01    5.4786E+01    1.8476E+01    5.0866E+00    1.8021E+01    6.2393E+00    9.9090E+00
 1.2731E+03    5.0665E+01    5.8603E+01    2.4704E+01    2.1468E+01    1.7350E+01    7.3243E+01    5.4804E+01    1.8476E+01    5.0866E+00    1.8062E+01    6.3869E+00    1.0121E+01
 1.2736E+03    5.0650E+01    5.8592E+01    2.4783E+01    2.1413E+01    1.7350E+01    7.3250E+01    5.4823E+01    1.8505E+01    5.0866E+00    1.8184E+01    6.2444E+00    1.0121E+01
 1.2741E+03    5.0631E+01    5.8587E+01    2.4777E+01    2.1454E+01    1.7349E+01    7.3272E+01    5.4823E+01    1.8550E+01    5.0866E+00    1.8184E+01    6.3971E+00    1.0121E+01
 1.2747E+03    5.0630E+01    5.8577E+01    2.4761E+01    2.1347E+01    1.7354E+01    7.3259E+01    5.4833E+01    1.8556E+01    5.0866E+00    1.8102E+01    6.2189E+00    1.0121E+01
 1.2752E+03    5.0631E+01    5.8577E+01    2.4787E+01    2.1406E+01    1.7409E+01    7.3258E+01    5.4858E+01    1.8595E+01    5.0866E+00    1.8021E+01    6.4684E+00    1.0121E+01
 1.2757E+03    5.0646E+01    5.8587E+01    2.4849E+01    2.1456E+01    1.7453E+01    7.3258E+01    5.4865E+01    1.8595E+01    5.0866E+00    1.8102E+01    6.2342E+00    9.9090E+00
 1.2762E+03    5.0655E+01    5.8570E+01    2.5064E+01    2.1456E+01    1.7523E+01    7.3276E+01    5.4885E+01    1.8609E+01    5.0866E+00    1.8224E+01    6.4735E+00    1.0016E+01
 1.2767E+03    5.0655E+01    5.8569E+01    2.5189E+01    2.1405E+01    1.7523E+01    7.3269E+01    5.4911E+01    1.8635E+01    5.0866E+00    1.8082E+01    6.4124E+00    1.0121E+01
 1.2772E+03    5.0655E+01    5.8584E+01    2.5436E+01    2.1432E+01    1.7613E+01    7.3267E+01    5.4911E+01    1.8664E+01    5.0866E+00    1.8204E+01    6.4022E+00    9.9090E+00
 1.2777E+03    5.0663E+01    5.8580E+01    2.5436E+01    2.1341E+01    1.7694E+01    7.3268E+01    5.4937E+01    1.8667E+01    5.0866E+00    1.8143E+01    6.4633E+00    1.0121E+01
 1.2782E+03    5.0649E+01    5.8580E+01    2.5833E+01    2.1352E+01    1.7754E+01    7.3268E+01    5.4955E+01    1.8678E+01    5.1070E+00    1.8001E+01    6.2189E+00    1.0121E+01
 1.2789E+03    5.0663E+01    5.8587E+01    2.5979E+01    2.1446E+01    1.7835E+01    7.3284E+01    5.4964E+01    1.8702E+01    5.1070E+00    1.8062E+01    6.2698E+00    1.0121E+01
 1.2794E+03    5.0661E+01    5.8577E+01    2.5944E+01    2.1446E+01    1.7901E+01    7.3294E+01    5.4977E+01    1.8702E+01    5.1070E+00    1.8184E+01    6.2800E+00    1.0121E+01
 1.2799E+03    5.0661E+01    5.8570E+01    2.5845E+01    2.1354E+01    1.7901E+01    7.3306E+01    5.4986E+01    1.8744E+01    5.1070E+00    1.8163E+01    6.2597E+00    1.0121E+01
 1.2804E+03    5.0659E+01    5.8578E+01    2.5807E+01    2.1412E+01    1.7950E+01    7.3322E+01    5.4986E+01    1.8776E+01    5.0866E+00    1.8123E+01    6.2953E+00    1.0016E+01
 1.2810E+03    5.0672E+01    5.8591E+01    2.5807E+01    2.1311E+01    1.7947E+01    7.3316E+01    5.5020E+01    1.8809E+01    5.0866E+00    1.8123E+01    6.4531E+00    1.0016E+01
 1.2815E+03    5.0676E+01    5.8588E+01    2.5906E+01    2.1307E+01    1.7924E+01    7.3320E+01    5.5035E+01    1.8843E+01    5.0866E+00    1.8102E+01    6.2800E+00    1.0121E+01
 1.2820E+03    5.0682E+01    5.8588E+01    2.6009E+01    2.1332E+01    1.7831E+01    7.3320E+01    5.5043E+01    1.8879E+01    5.1070E+00    1.8082E+01    6.4429E+00    1.0121E+01
 1.2825E+03    5.0663E+01    5.8586E+01    2.6007E+01    2.1332E+01    1.7660E+01    7.3324E+01    5.5055E+01    1.8879E+01    5.1070E+00    1.8143E+01    6.2597E+00    1.0225E+01
 1.2831E+03    5.0682E+01    5.8589E+01    2.5997E+01    2.1307E+01    1.7466E+01    7.3322E+01    5.5072E+01    1.8913E+01    5.1070E+00    1.7980E+01    6.3157E+00    1.0016E+01
 1.2836E+03    5.0682E+01    5.8576E+01    2.5832E+01    2.1339E+01    1.7466E+01    7.3330E+01    5.5081E+01    1.8937E+01    5.1070E+00    1.8102E+01    6.3971E+00    1.0121E+01
 1.2841E+03    5.0694E+01    5.8570E+01    2.5742E+01    2.1330E+01    1.7372E+01    7.3343E+01    5.5081E+01    1.8952E+01    5.1070E+00    1.8001E+01    6.2291E+00    1.0016E+01
 1.2846E+03    5.0703E+01    5.8584E+01    2.5758E+01    2.1350E+01    1.7389E+01    7.3363E+01    5.5102E+01    1.8980E+01    5.1274E+00    1.8082E+01    6.4124E+00    1.0121E+01
 1.2852E+03    5.0714E+01    5.8584E+01    2.5696E+01    2.1420E+01    1.7428E+01    7.3372E+01    5.5136E+01    1.9000E+01    5.1274E+00    1.8102E+01    6.2342E+00    1.0121E+01
 1.2857E+03    5.0721E+01    5.8581E+01    2.5584E+01    2.1465E+01    1.7443E+01    7.3372E+01    5.5127E+01    1.9008E+01    5.1274E+00    1.8082E+01    6.2342E+00    1.0016E+01
 1.2862E+03    5.0723E+01    5.8584E+01    2.5440E+01    2.1465E+01    1.7515E+01    7.3389E+01    5.5169E+01    1.9008E+01    5.1478E+00    1.8163E+01    6.2393E+00    1.0016E+01
 1.2867E+03    5.0723E+01    5.8606E+01    2.5348E+01    2.1480E+01    1.7531E+01    7.3423E+01    5.5196E+01    1.9043E+01    5.1274E+00    1.8204E+01    6.2444E+00    1.0225E+01
# Time (s)      T1w (C)       T2w (C)       T1a (C)       T2a (C)       T1r (C)       T2r (C)       T3r (C)       T4r (C)       P1 (bar)      P2 (bar)      Ic (amp)      Qc (l/min)    
 1.2873E+03    5.0723E+01    5.8602E+01    2.5284E+01    2.1458E+01    1.7573E+01    7.3428E+01    5.5225E+01    1.9076E+01    5.1070E+00    1.8123E+01    6.3208E+00    1.0016E+01
 1.2878E+03    5.0728E+01    5.8599E+01    2.5284E+01    2.1561E+01    1.7358E+01    7.3464E+01    5.5240E+01    1.9102E+01    5.1274E+00    1.8041E+01    6.3920E+00    1.0016E+01
 1.2883E+03    5.0736E+01    5.8599E+01    2.5390E+01    2.1468E+01    1.7094E+01    7.3464E+01    5.5250E+01    1.9150E+01    5.1274E+00    1.8123E+01    6.3615E+00    1.0016E+01
 1.2888E+03    5.0729E+01    5.8608E+01    2.5378E+01    2.1522E+01    1.6984E+01    7.3469E+01    5.5272E+01    1.9150E+01    5.1478E+00    1.8204E+01    6.4735E+00    1.0016E+01
 1.2895E+03    5.0735E+01    5.8601E+01    2.5559E+01    2.1522E+01    1.6980E+01    7.3476E+01    5.5291E+01    1.9161E+01    5.1274E+00    1.8224E+01    6.3309E+00    1.0016E+01
 1.2900E+03    5.0735E+01    5.8608E+01    2.5401E+01    2.1615E+01    1.6951E+01    7.3478E+01    5.5306E+01    1.9184E+01    5.1274E+00    1.8163E+01    6.3971E+00    1.0225E+01
 1.2905E+03    5.0748E+01    5.8601E+01    2.5585E+01    2.1602E+01    1.6951E+01    7.3489E+01    5.5312E+01    1.9192E+01    5.1478E+00    1.8082E+01    6.3462E+00    1.0016E+01
 1.2910E+03    5.0760E+01    5.8631E+01    2.5585E+01    2.1544E+01    1.6964E+01    7.3488E+01    5.5312E+01    1.9218E+01    5.1478E+00    1.8021E+01    6.3768E+00    1.0016E+01
 1.2916E+03    5.0767E+01    5.8634E+01    2.5888E+01    2.1576E+01    1.6984E+01    7.3498E+01    5.5333E+01    1.9198E+01    5.1478E+00    1.8021E+01    6.2342E+00    1.0016E+01
 1.2921E+03    5.0781E+01    5.8634E+01    2.5684E+01    2.1543E+01    1.6921E+01    7.3498E+01    5.5365E+01    1.9230E+01    5.1274E+00    1.8224E+01    6.4124E+00    9.9090E+00
 1.2926E+03    5.0752E+01    5.8631E+01    2.5487E+01    2.1543E+01    1.6881E+01    7.3496E+01    5.5386E+01    1.9246E+01    5.1478E+00    1.8224E+01    6.4124E+00    1.0016E+01
 1.2931E+03    5.0752E+01    5.8644E+01    2.5409E+01    2.1583E+01    1.6864E+01    7.3515E+01    5.5394E+01    1.9269E+01    5.1478E+00    1.8102E+01    6.2495E+00    1.0121E+01
 1.2937E+03    5.0768E+01    5.8651E+01    2.5288E+01    2.1466E+01    1.6880E+01    7.3535E+01    5.5417E+01    1.9270E+01    5.1478E+00    1.8245E+01    6.3055E+00    1.0121E+01
 1.2942E+03    5.0785E+01    5.8652E+01    2.5223E+01    2.1535E+01    1.6861E+01    7.3546E+01    5.5417E+01    1.9268E+01    5.1478E+00    1.8224E+01    6.4429E+00    1.0016E+01
 1.2947E+03    5.0787E+01    5.8680E+01    2.5223E+01    2.1486E+01    1.6882E+01    7.3530E+01    5.5440E+01    1.9239E+01    5.1478E+00    1.8143E+01    6.3258E+00    1.0016E+01
 1.2952E+03    5.0803E+01    5.8680E+01    2.5292E+01    2.1664E+01    1.6883E+01    7.3530E+01    5.5432E+01    1.9223E+01    5.1274E+00    1.8082E+01    6.4226E+00    1.0121E+01
 1.2958E+03    5.0807E+01    5.8689E+01    2.5359E+01    2.1590E+01    1.6776E+01    7.3514E+01    5.5447E+01    1.9210E+01    5.1478E+00    1.8224E+01    6.2851E+00    1.0016E+01
 1.2963E+03    5.0824E+01    5.8687E+01    2.5372E+01    2.1590E+01    1.6704E+01    7.3531E+01    5.5456E+01    1.9210E+01    5.1478E+00    1.8184E+01    6.4531E+00    1.0121E+01
 1.2968E+03    5.0824E+01    5.8695E+01    2.5504E+01    2.1633E+01    1.6680E+01    7.3543E+01    5.5457E+01    1.9212E+01    5.1478E+00    1.8102E+01    6.3004E+00    1.0121E+01
 1.2973E+03    5.0814E+01    5.8713E+01    2.5541E+01    2.1489E+01    1.6680E+01    7.3566E+01    5.5457E+01    1.9185E+01    5.1478E+00    1.8062E+01    6.4786E+00    1.0225E+01
 1.2979E+03    5.0806E+01    5.8706E+01    2.5526E+01    2.1575E+01    1.6674E+01    7.3582E+01    5.5458E+01    1.9174E+01    5.1478E+00    1.8286E+01    6.4888E+00    1.0121E+01
 1.2984E+03    5.0808E+01    5.8716E+01    2.5396E+01    2.1533E+01    1.6684E+01    7.3583E+01    5.5446E+01    1.9127E+01    5.1478E+00    1.8204E+01    6.2597E+00    1.0016E+01
 1.2989E+03    5.0823E+01    5.8716E+01    2.5332E+01    2.1477E+01    1.6681E+01    7.3583E+01    5.5461E+01    1.9127E+01    5.1478E+00    1.8143E+01    6.4786E+00    1.0016E+01
 1.2994E+03    5.0817E+01    5.8721E+01    2.5391E+01    2.1477E+01    1.6723E+01    7.3599E+01    5.5436E+01    1.9090E+01    5.1478E+00    1.8204E+01    6.2902E+00    1.0121E+01
 1.3001E+03    5.0818E+01    5.8732E+01    2.5201E+01    2.1478E+01    1.6742E+01    7.3593E+01    5.5429E+01    1.9058E+01    5.1478E+00    1.8265E+01    6.3818E+00    1.0121E+01
 1.3006E+03    5.0833E+01    5.8742E+01    2.5172E+01    2.1481E+01    1.6742E+01    7.3612E+01    5.5411E+01    1.9018E+01    5.1478E+00    1.8306E+01    6.2749E+00    1.0121E+01
 1.3011E+03    5.0853E+01    5.8758E+01    2.5172E+01    2.1439E+01    1.6792E+01    7.3623E+01    5.5411E+01    1.8985E+01    5.1478E+00    1.8306E+01    6.2749E+00    1.0016E+01
 1.3016E+03    5.0865E+01    5.8773E+01    2.5311E+01    2.1419E+01    1.6828E+01    7.3614E+01    5.5388E+01    1.8965E+01    5.1274E+00    1.8224E+01    6.2698E+00    1.0016E+01
 1.3022E+03    5.0874E+01    5.8783E+01    2.5552E+01    2.1513E+01    1.6811E+01    7.3614E+01    5.5378E+01    1.8925E+01    5.1478E+00    1.8367E+01    6.5142E+00    1.0121E+01
 1.3027E+03    5.0894E+01    5.8815E+01    2.5719E+01    2.1444E+01    1.6767E+01    7.3628E+01    5.5351E+01    1.8925E+01    5.1274E+00    1.8306E+01    6.2749E+00    1.0225E+01
# Time (s)      T1w (C)       T2w (C)       T1a (C)       T2a (C)       T1r (C)       T2r (C)       T3r (C)       T4r (C)       P1 (bar)      P2 (bar)      Ic (amp)      Qc (l/min)    
 1.3032E+03    5.0897E+01    5.8825E+01    2.5780E+01    2.1444E+01    1.6763E+01    7.3633E+01    5.5341E+01    1.8913E+01    5.1274E+00    1.8224E+01    6.5091E+00    1.0121E+01
 1.3037E+03    5.0897E+01    5.8818E+01    2.5772E+01    2.1437E+01    1.6763E+01    7.3630E+01    5.5291E+01    1.8896E+01    5.1478E+00    1.8306E+01    6.4022E+00    1.0016E+01
 1.3043E+03    5.0901E+01    5.8838E+01    2.5955E+01    2.1419E+01    1.6765E+01    7.3625E+01    5.5287E+01    1.8876E+01    5.1274E+00    1.8143E+01    6.4480E+00    1.0016E+01
 1.3048E+03    5.0891E+01    5.8832E+01    2.5939E+01    2.1450E+01    1.6762E+01    7.3645E+01    5.5287E+01    1.8869E+01    5.1274E+00    1.8204E+01    6.2851E+00    1.0016E+01
 1.3053E+03    5.0876E+01    5.8832E+01    2.5870E+01    2.1422E+01    1.6705E+01    7.3661E+01    5.5272E+01    1.8860E+01    5.1274E+00    1.8306E+01    6.4480E+00    1.0121E+01
 1.3058E+03    5.0900E+01    5.8832E+01    2.5846E+01    2.1401E+01    1.6653E+01    7.3661E+01    5.5242E+01    1.8860E+01    5.1274E+00    1.8286E+01    6.2851E+00    1.0121E+01
 1.3065E+03    5.0900E+01    5.8837E+01    2.5837E+01    2.1326E+01    1.6635E+01    7.3670E+01    5.5232E+01    1.8862E+01    5.1274E+00    1.8204E+01    6.4429E+00    9.9090E+00
 1.3070E+03    5.0899E+01    5.8844E+01    2.5906E+01    2.1311E+01    1.6637E+01    7.3690E+01    5.5209E+01    1.8844E+01    5.1274E+00    1.8326E+01    6.3208E+00    1.0121E+01
 1.3075E+03    5.0899E+01    5.8846E+01    2.5946E+01    2.1344E+01    1.6637E+01    7.3677E+01    5.5187E+01    1.8830E+01    5.1274E+00    1.8306E+01    6.4633E+00    9.9090E+00
 1.3080E+03    5.0899E+01    5.8848E+01    2.5946E+01    2.1415E+01    1.6660E+01    7.3682E+01    5.5187E+01    1.8829E+01    5.1274E+00    1.8204E+01    6.3055E+00    1.0016E+01
 1.3085E+03    5.0909E+01    5.8851E+01    2.5952E+01    2.1348E+01    1.6659E+01    7.3696E+01    5.5181E+01    1.8811E+01    5.1070E+00    1.8306E+01    6.3869E+00    1.0121E+01
 1.3090E+03    5.0900E+01    5.8851E+01    2.5938E+01    2.1318E+01    1.6618E+01    7.3710E+01    5.5169E+01    1.8798E+01    5.1070E+00    1.8265E+01    6.2800E+00    9.9090E+00
 1.3095E+03    5.0926E+01    5.8856E+01    2.6040E+01    2.1318E+01    1.6597E+01    7.3714E+01    5.5168E+01    1.8798E+01    5.1070E+00    1.8163E+01    6.3768E+00    1.0016E+01
 1.3100E+03    5.0926E+01    5.8875E+01    2.6163E+01    2.1327E+01    1.6594E+01    7.3740E+01    5.5157E+01    1.8807E+01    5.1274E+00    1.8123E+01    6.2698E+00    1.0121E+01
 1.3107E+03    5.0932E+01    5.8883E+01    2.6362E+01    2.1316E+01    1.6623E+01    7.3720E+01    5.5137E+01    1.8805E+01    5.1274E+00    1.8286E+01    6.5091E+00    1.0121E+01
 1.3112E+03    5.0946E+01    5.8895E+01    2.6331E+01    2.1328E+01    1.6623E+01    7.3729E+01    5.5137E+01    1.8791E+01    5.1070E+00    1.8224E+01    6.2698E+00    1.0016E+01
 1.3117E+03    5.0943E+01    5.8875E+01    2.6331E+01    2.1299E+01    1.6654E+01    7.3700E+01    5.5142E+01    1.8782E+01    5.1070E+00    1.8143E+01    6.5091E+00    1.0121E+01
 1.3122E+03    5.0950E+01    5.8875E+01    2.5906E+01    2.1280E+01    1.6628E+01    7.3700E+01    5.5106E+01    1.8767E+01    5.1070E+00    1.8224E+01    6.2597E+00    1.0016E+01
 1.3128E+03    5.0949E+01    5.8899E+01    2.5608E+01    2.1370E+01    1.6597E+01    7.3700E+01    5.5115E+01    1.8777E+01    5.1070E+00    1.8204E+01    6.4938E+00    9.9090E+00
 1.3133E+03    5.0955E+01    5.8895E+01    2.5493E+01    2.1370E+01    1.6604E+01    7.3681E+01    5.5103E+01    1.8777E+01    5.1070E+00    1.8204E+01    6.4277E+00    1.0016E+01
 1.3138E+03    5.0955E+01    5.8913E+01    2.5488E+01    2.1410E+01    1.6588E+01    7.3687E+01    5.5084E+01    1.8739E+01    5.1070E+00    1.8326E+01    6.5040E+00    1.0016E+01
 1.3143E+03    5.0980E+01    5.8908E+01    2.5488E+01    2.1319E+01    1.6627E+01    7.3691E+01    5.5084E+01    1.8708E+01    5.1070E+00    1.8326E+01    6.4226E+00    1.0016E+01
 1.3149E+03    5.0977E+01    5.8913E+01    2.5714E+01    2.1334E+01    1.6677E+01    7.3708E+01    5.5072E+01    1.8695E+01    5.1070E+00    1.8326E+01    6.2648E+00    9.9090E+00
 1.3154E+03    5.0971E+01    5.8931E+01    2.5714E+01    2.1388E+01    1.6721E+01    7.3722E+01    5.5064E+01    1.8689E+01    5.1070E+00    1.8367E+01    6.5040E+00    9.9090E+00
 1.3159E+03    5.0983E+01    5.8931E+01    2.6175E+01    2.1304E+01    1.6742E+01    7.3722E+01    5.5077E+01    1.8648E+01    5.1070E+00    1.8245E+01    6.2597E+00    1.0016E+01
 1.3164E+03    5.0985E+01    5.8918E+01    2.6441E+01    2.1304E+01    1.6782E+01    7.3749E+01    5.5061E+01    1.8648E+01    5.1070E+00    1.8204E+01    6.5040E+00    1.0016E+01
 1.3170E+03    5.0982E+01    5.8919E+01    2.6633E+01    2.1432E+01    1.6816E+01    7.3732E+01    5.5059E+01    1.8644E+01    5.1070E+00    1.8367E+01    6.2648E+00    9.9090E+00
 1.3175E+03    5.0982E+01    5.8919E+01    2.6748E+01    2.1312E+01    1.6816E+01    7.3738E+01    5.5072E+01    1.8626E+01    5.1070E+00    1.8265E+01    6.4837E+00    1.0225E+01
 1.3180E+03    5.0997E+01    5.8936E+01    2.6748E+01    2.1423E+01    1.6839E+01    7.3760E+01    5.5072E+01    1.8617E+01    5.0866E+00    1.8265E+01    6.4480E+00    1.0016E+01
 1.3185E+03    5.0991E+01    5.8925E+01    2.6841E+01    2.1396E+01    1.6779E+01    7.3757E+01    5.5073E+01    1.8603E+01    5.1070E+00    1.8143E+01    6.3309E+00    1.0121E+01
# Time (s)      T1w (C)       T2w (C)       T1a (C)       T2a (C)       T1r (C)       T2r (C)       T3r (C)       T4r (C)       P1 (bar)      P2 (bar)      Ic (amp)      Qc (l/min)    
 1.3192E+03    5.0999E+01    5.8925E+01    2.6372E+01    2.1339E+01    1.6742E+01    7.3732E+01    5.5076E+01    1.8594E+01    5.1070E+00    1.8387E+01    6.4633E+00    9.9090E+00
 1.3197E+03    5.1007E+01    5.8924E+01    2.6222E+01    2.1357E+01    1.6692E+01    7.3732E+01    5.5054E+01    1.8594E+01    5.0866E+00    1.8326E+01    6.3106E+00    1.0121E+01
 1.3202E+03    5.1012E+01    5.8938E+01    2.6223E+01    2.1357E+01    1.6723E+01    7.3730E+01    5.5063E+01    1.8586E+01    5.0866E+00    1.8245E+01    6.4684E+00    1.0121E+01
 1.3207E+03    5.1012E+01    5.8941E+01    2.5955E+01    2.1443E+01    1.6723E+01    7.3723E+01    5.5060E+01    1.8557E+01    5.0866E+00    1.8163E+01    6.3004E+00    9.9090E+00
 1.3213E+03    5.1039E+01    5.8955E+01    2.6158E+01    2.1325E+01    1.6820E+01    7.3737E+01    5.5049E+01    1.8553E+01    5.0866E+00    1.8387E+01    6.2698E+00    1.0121E+01
 1.3218E+03    5.1058E+01    5.8981E+01    2.6174E+01    2.1405E+01    1.6896E+01    7.3747E+01    5.5049E+01    1.8543E+01    5.0866E+00    1.8387E+01    6.2902E+00    1.0016E+01
 1.3223E+03    5.1063E+01    5.8981E+01    2.6612E+01    2.1379E+01    1.6987E+01    7.3747E+01    5.5055E+01    1.8520E+01    5.0866E+00    1.8367E+01    6.2953E+00    1.0121E+01
 1.3228E+03    5.1077E+01    5.8995E+01    2.6595E+01    2.1316E+01    1.7060E+01    7.3774E+01    5.5064E+01    1.8520E+01    5.0866E+00    1.8245E+01    6.3004E+00    1.0016E+01
 1.3234E+03    5.1080E+01    5.8973E+01    2.6657E+01    2.1364E+01    1.7140E+01    7.3774E+01    5.5077E+01    1.8506E+01    5.0866E+00    1.8286E+01    6.2749E+00    1.0121E+01
 1.3239E+03    5.1098E+01    5.9002E+01    2.6366E+01    2.1380E+01    1.7227E+01    7.3767E+01    5.5078E+01    1.8509E+01    5.0866E+00    1.8224E+01    6.4938E+00    1.0121E+01
 1.3244E+03    5.1098E+01    5.9019E+01    2.6539E+01    2.1378E+01    1.7227E+01    7.3771E+01    5.5078E+01    1.8493E+01    5.0662E+00    1.8265E+01    6.4328E+00    1.0016E+01
 1.3249E+03    5.1110E+01    5.9038E+01    2.6539E+01    2.1306E+01    1.7320E+01    7.3783E+01    5.5096E+01    1.8498E+01    5.0866E+00    1.8347E+01    6.4786E+00    1.0121E+01
 1.3255E+03    5.1106E+01    5.9029E+01    2.6407E+01    2.1403E+01    1.7436E+01    7.3826E+01    5.5095E+01    1.8500E+01    5.0866E+00    1.8387E+01    6.4022E+00    1.0121E+01
 1.3260E+03    5.1098E+01    5.9014E+01    2.6236E+01    2.1395E+01    1.7569E+01    7.3826E+01    5.5110E+01    1.8504E+01    5.0866E+00    1.8286E+01    6.3513E+00    1.0225E+01
 1.3265E+03    5.1110E+01    5.9021E+01    2.6116E+01    2.1362E+01    1.7683E+01    7.3833E+01    5.5110E+01    1.8504E+01    5.0866E+00    1.8204E+01    6.4175E+00    1.0121E+01
 1.3270E+03    5.1123E+01    5.9032E+01    2.6161E+01    2.1378E+01    1.7745E+01    7.3838E+01    5.5125E+01    1.8531E+01    5.0866E+00    1.8184E+01    6.4735E+00    9.9090E+00
 1.3276E+03    5.1123E+01    5.9051E+01    2.6529E+01    2.1328E+01    1.7745E+01    7.3872E+01    5.5141E+01    1.8535E+01    5.0662E+00    1.8387E+01    6.3920E+00    1.0016E+01
 1.3281E+03    5.1134E+01    5.9057E+01    2.6722E+01    2.1359E+01    1.7821E+01    7.3872E+01    5.5141E+01    1.8577E+01    5.0866E+00    1.8306E+01    6.2648E+00    1.0016E+01
 1.3286E+03    5.1130E+01    5.9054E+01    2.6722E+01    2.1383E+01    1.7840E+01    7.3894E+01    5.5159E+01    1.8632E+01    5.0866E+00    1.8204E+01    6.3411E+00    1.0121E+01
 1.3291E+03    5.1141E+01    5.9054E+01    2.6679E+01    2.1444E+01    1.7872E+01    7.3880E+01    5.5157E+01    1.8650E+01    5.0866E+00    1.8123E+01    6.2749E+00    1.0016E+01
 1.3297E+03    5.1147E+01    5.9047E+01    2.6269E+01    2.1389E+01    1.7866E+01    7.3859E+01    5.5177E+01    1.8634E+01    5.0866E+00    1.8347E+01    6.3971E+00    1.0121E+01
 1.3302E+03    5.1165E+01    5.9075E+01    2.6153E+01    2.1405E+01    1.7912E+01    7.3851E+01    5.5201E+01    1.8682E+01    5.0866E+00    1.8163E+01    6.3462E+00    9.9090E+00
 1.3307E+03    5.1165E+01    5.9056E+01    2.6324E+01    2.1355E+01    1.7896E+01    7.3845E+01    5.5199E+01    1.8701E+01    5.0866E+00    1.8367E+01    6.4938E+00    9.9090E+00
 1.3313E+03    5.1180E+01    5.9063E+01    2.6318E+01    2.1365E+01    1.7944E+01    7.3870E+01    5.5199E+01    1.8721E+01    5.0866E+00    1.8265E+01    6.2851E+00    1.0121E+01
 1.3319E+03    5.1179E+01    5.9067E+01    2.6318E+01    2.1399E+01    1.8008E+01    7.3895E+01    5.5224E+01    1.8753E+01    5.1070E+00    1.8245E+01    6.4938E+00    1.0016E+01
 1.3324E+03    5.1175E+01    5.9067E+01    2.6189E+01    2.1511E+01    1.8042E+01    7.3921E+01    5.5253E+01    1.8777E+01    5.0866E+00    1.8204E+01    6.2546E+00    1.0121E+01
 1.3329E+03    5.1201E+01    5.9075E+01    2.6226E+01    2.1478E+01    1.8076E+01    7.3921E+01    5.5283E+01    1.8777E+01    5.0866E+00    1.8245E+01    6.3462E+00    1.0121E+01
 1.3334E+03    5.1213E+01    5.9064E+01    2.6307E+01    2.1478E+01    1.8091E+01    7.3937E+01    5.5308E+01    1.8805E+01    5.0866E+00    1.8367E+01    6.2597E+00    9.9090E+00
 1.3340E+03    5.1207E+01    5.9059E+01    2.6358E+01    2.1472E+01    1.8090E+01    7.3959E+01    5.5316E+01    1.8844E+01    5.1070E+00    1.8245E+01    6.2597E+00    1.0016E+01
 1.3345E+03    5.1207E+01    5.9054E+01    2.6416E+01    2.1441E+01    1.8090E+01    7.3975E+01    5.5345E+01    1.8866E+01    5.1070E+00    1.8224E+01    6.4022E+00    1.0121E+01
# Time (s)      T1w (C)       T2w (C)       T1a (C)       T2a (C)       T1r (C)       T2r (C)       T3r (C)       T4r (C)       P1 (bar)      P2 (bar)      Ic (amp)      Qc (l/min)    
 1.3350E+03    5.1213E+01    5.9043E+01    2.6416E+01    2.1477E+01    1.8055E+01    7.4000E+01    5.5359E+01    1.8915E+01    5.1070E+00    1.8224E+01    6.2749E+00    9.9090E+00
 1.3355E+03    5.1218E+01    5.9043E+01    2.6273E+01    2.1431E+01    1.8033E+01    7.3989E+01    5.5381E+01    1.8941E+01    5.1274E+00    1.8286E+01    6.4429E+00    1.0121E+01
 1.3361E+03    5.1196E+01    5.9041E+01    2.6187E+01    2.1433E+01    1.8008E+01    7.3983E+01    5.5398E+01    1.8933E+01    5.1070E+00    1.8204E+01    6.2597E+00    1.0016E+01
 1.3366E+03    5.1201E+01    5.9035E+01    2.6210E+01    2.1418E+01    1.8032E+01    7.3983E+01    5.5425E+01    1.8933E+01    5.1070E+00    1.8163E+01    6.3869E+00    1.0121E+01
 1.3371E+03    5.1211E+01    5.9024E+01    2.6418E+01    2.1402E+01    1.8037E+01    7.4002E+01    5.5456E+01    1.8981E+01    5.1070E+00    1.8326E+01    6.2648E+00    1.0016E+01
 1.3376E+03    5.1211E+01    5.9027E+01    2.6453E+01    2.1374E+01    1.8037E+01    7.4028E+01    5.5464E+01    1.9009E+01    5.1274E+00    1.8143E+01    6.4989E+00    1.0016E+01
 1.3383E+03    5.1201E+01    5.9028E+01    2.6522E+01    2.1498E+01    1.7787E+01    7.4012E+01    5.5495E+01    1.9047E+01    5.1070E+00    1.8143E+01    6.2698E+00    1.0016E+01
 1.3388E+03    5.1214E+01    5.9039E+01    2.6522E+01    2.1477E+01    1.7478E+01    7.4002E+01    5.5495E+01    1.9044E+01    5.1274E+00    1.8123E+01    6.2698E+00    1.0121E+01
 1.3393E+03    5.1203E+01    5.9025E+01    2.6237E+01    2.1499E+01    1.7171E+01    7.3974E+01    5.5511E+01    1.9095E+01    5.1274E+00    1.8367E+01    6.2800E+00    1.0016E+01
 1.3398E+03    5.1205E+01    5.9027E+01    2.6291E+01    2.1499E+01    1.7089E+01    7.3974E+01    5.5526E+01    1.9095E+01    5.1478E+00    1.8387E+01    6.2851E+00    1.0121E+01
 1.3404E+03    5.1225E+01    5.9053E+01    2.5994E+01    2.1525E+01    1.7124E+01    7.3999E+01    5.5535E+01    1.9115E+01    5.1274E+00    1.8184E+01    6.4582E+00    1.0121E+01
 1.3409E+03    5.1219E+01    5.9066E+01    2.5758E+01    2.1525E+01    1.7204E+01    7.3962E+01    5.5545E+01    1.9125E+01    5.1478E+00    1.8347E+01    6.2800E+00    9.9090E+00
 1.3414E+03    5.1219E+01    5.9067E+01    2.5570E+01    2.1551E+01    1.7204E+01    7.3979E+01    5.5574E+01    1.9126E+01    5.1478E+00    1.8367E+01    6.4429E+00    1.0121E+01
 1.3419E+03    5.1231E+01    5.9061E+01    2.5570E+01    2.1545E+01    1.7284E+01    7.3984E+01    5.5574E+01    1.9154E+01    5.1478E+00    1.8286E+01    6.2902E+00    1.0016E+01
 1.3425E+03    5.1229E+01    5.9085E+01    2.5686E+01    2.1723E+01    1.7291E+01    7.3980E+01    5.5578E+01    1.9177E+01    5.1478E+00    1.8163E+01    6.3360E+00    1.0016E+01
 1.3430E+03    5.1244E+01    5.9085E+01    2.5836E+01    2.1583E+01    1.7202E+01    7.3980E+01    5.5588E+01    1.9182E+01    5.1478E+00    1.8265E+01    6.4633E+00    1.0121E+01
 1.3435E+03    5.1239E+01    5.9078E+01    2.5809E+01    2.1571E+01    1.7169E+01    7.3986E+01    5.5603E+01    1.9182E+01    5.1478E+00    1.8367E+01    6.3666E+00    1.0121E+01
 1.3440E+03    5.1224E+01    5.9084E+01    2.5822E+01    2.1556E+01    1.7153E+01    7.3992E+01    5.5619E+01    1.9220E+01    5.1478E+00    1.8306E+01    6.3004E+00    1.0121E+01
 1.3447E+03    5.1215E+01    5.9077E+01    2.6191E+01    2.1603E+01    1.7090E+01    7.4002E+01    5.5641E+01    1.9228E+01    5.1478E+00    1.8347E+01    6.3360E+00    1.0016E+01
 1.3452E+03    5.1215E+01    5.9082E+01    2.6118E+01    2.1718E+01    1.7090E+01    7.4006E+01    5.5658E+01    1.9236E+01    5.1478E+00    1.8286E+01    6.3462E+00    1.0016E+01
 1.3457E+03    5.1249E+01    5.9098E+01    2.6118E+01    2.1747E+01    1.7018E+01    7.4017E+01    5.5658E+01    1.9257E+01    5.1478E+00    1.8204E+01    6.3208E+00    9.9090E+00
 1.3462E+03    5.1230E+01    5.9083E+01    2.6014E+01    2.1585E+01    1.6957E+01    7.4019E+01    5.5675E+01    1.9277E+01    5.1478E+00    1.8224E+01    6.3513E+00    1.0121E+01
 1.3468E+03    5.1232E+01    5.9078E+01    2.5905E+01    2.1635E+01    1.6889E+01    7.4011E+01    5.5692E+01    1.9285E+01    5.1478E+00    1.8286E+01    6.3564E+00    1.0121E+01
 1.3473E+03    5.1238E+01    5.9087E+01    2.5928E+01    2.1649E+01    1.6836E+01    7.4011E+01    5.5705E+01    1.9285E+01    5.1478E+00    1.8265E+01    6.3208E+00    1.0016E+01
 1.3478E+03    5.1236E+01    5.9100E+01    2.6056E+01    2.1649E+01    1.6818E+01    7.4018E+01    5.5700E+01    1.9295E+01    5.1478E+00    1.8245E+01    6.3258E+00    9.9090E+00
 1.3483E+03    5.1236E+01    5.9100E+01    2.5940E+01    2.1562E+01    1.6818E+01    7.4025E+01    5.5721E+01    1.9289E+01    5.1478E+00    1.8265E+01    6.2902E+00    1.0121E+01
 1.3489E+03    5.1243E+01    5.9105E+01    2.5860E+01    2.1530E+01    1.6791E+01    7.4044E+01    5.5736E+01    1.9297E+01    5.1478E+00    1.8326E+01    6.3004E+00    1.0016E+01
 1.3494E+03    5.1249E+01    5.9115E+01    2.5860E+01    2.1559E+01    1.6770E+01    7.4051E+01    5.5729E+01    1.9251E+01    5.1478E+00    1.8326E+01    6.5295E+00    1.0016E+01
 1.3499E+03    5.1265E+01    5.9115E+01    2.6185E+01    2.1594E+01    1.6773E+01    7.4065E+01    5.5740E+01    1.9233E+01    5.1682E+00    1.8204E+01    6.2953E+00    1.0121E+01
 1.3504E+03    5.1286E+01    5.9153E+01    2.6017E+01    2.1610E+01    1.6789E+01    7.4061E+01    5.5739E+01    1.9233E+01    5.1478E+00    1.8306E+01    6.5193E+00    1.0121E+01
# Time (s)      T1w (C)       T2w (C)       T1a (C)       T2a (C)       T1r (C)       T2r (C)       T3r (C)       T4r (C)       P1 (bar)      P2 (bar)      Ic (amp)      Qc (l/min)    
 1.3510E+03    5.1307E+01    5.9150E+01    2.5750E+01    2.1609E+01    1.6774E+01    7.4075E+01    5.5755E+01    1.9216E+01    5.1478E+00    1.8224E+01    6.5397E+00    1.0121E+01
 1.3515E+03    5.1307E+01    5.9159E+01    2.5793E+01    2.1633E+01    1.6774E+01    7.4054E+01    5.5732E+01    1.9196E+01    5.1682E+00    1.8245E+01    6.4277E+00    1.0016E+01
 1.3520E+03    5.1305E+01    5.9166E+01    2.5793E+01    2.1557E+01    1.6803E+01    7.4059E+01    5.5747E+01    1.9171E+01    5.1478E+00    1.8347E+01    6.3055E+00    1.0121E+01
 1.3525E+03    5.1314E+01    5.9164E+01    2.5992E+01    2.1645E+01    1.6778E+01    7.4057E+01    5.5740E+01    1.9144E+01    5.1478E+00    1.8428E+01    6.4429E+00    1.0016E+01
 1.3531E+03    5.1307E+01    5.9177E+01    2.6189E+01    2.1631E+01    1.6772E+01    7.4082E+01    5.5742E+01    1.9107E+01    5.1478E+00    1.8306E+01    6.3055E+00    1.0016E+01
 1.3536E+03    5.1318E+01    5.9177E+01    2.6111E+01    2.1530E+01    1.6777E+01    7.4082E+01    5.5748E+01    1.9086E+01    5.1478E+00    1.8265E+01    6.3818E+00    9.9090E+00
 1.3541E+03    5.1320E+01    5.9192E+01    2.5862E+01    2.1530E+01    1.6725E+01    7.4092E+01    5.5724E+01    1.9086E+01    5.1478E+00    1.8408E+01    6.3055E+00    9.9090E+00
 1.3546E+03    5.1320E+01    5.9205E+01    2.5840E+01    2.1571E+01    1.6725E+01    7.4084E+01    5.5727E+01    1.9068E+01    5.1274E+00    1.8489E+01    6.4022E+00    1.0016E+01
 1.3552E+03    5.1329E+01    5.9204E+01    2.5820E+01    2.1568E+01    1.6719E+01    7.4108E+01    5.5723E+01    1.9063E+01    5.1274E+00    1.8408E+01    6.2953E+00    1.0016E+01
 1.3557E+03    5.1330E+01    5.9227E+01    2.5820E+01    2.1528E+01    1.6723E+01    7.4127E+01    5.5723E+01    1.9053E+01    5.1274E+00    1.8347E+01    6.5091E+00    1.0121E+01
 1.3562E+03    5.1335E+01    5.9227E+01    2.6201E+01    2.1622E+01    1.6733E+01    7.4146E+01    5.5709E+01    1.9016E+01    5.1274E+00    1.8489E+01    6.3157E+00    1.0121E+01
 1.3567E+03    5.1330E+01    5.9224E+01    2.5666E+01    2.1574E+01    1.6689E+01    7.4146E+01    5.5698E+01    1.9016E+01    5.1274E+00    1.8265E+01    6.3513E+00    1.0121E+01
 1.3574E+03    5.1352E+01    5.9226E+01    2.5527E+01    2.1664E+01    1.6649E+01    7.4119E+01    5.5678E+01    1.8991E+01    5.1274E+00    1.8347E+01    6.3258E+00    1.0016E+01
 1.3579E+03    5.1337E+01    5.9224E+01    2.5464E+01    2.1664E+01    1.6654E+01    7.4116E+01    5.5668E+01    1.8991E+01    5.1274E+00    1.8347E+01    6.2902E+00    1.0121E+01
 1.3584E+03    5.1337E+01    5.9236E+01    2.5653E+01    2.1595E+01    1.6654E+01    7.4103E+01    5.5651E+01    1.8996E+01    5.1274E+00    1.8489E+01    6.4938E+00    1.0016E+01
 1.3589E+03    5.1336E+01    5.9249E+01    2.5976E+01    2.1613E+01    1.6669E+01    7.4124E+01    5.5651E+01    1.8986E+01    5.1274E+00    1.8408E+01    6.2902E+00    1.0016E+01
 1.3595E+03    5.1323E+01    5.9264E+01    2.5976E+01    2.1545E+01    1.6681E+01    7.4157E+01    5.5663E+01    1.8981E+01    5.1274E+00    1.8489E+01    6.2902E+00    1.0016E+01
 1.3600E+03    5.1341E+01    5.9264E+01    2.5969E+01    2.1548E+01    1.6684E+01    7.4178E+01    5.5648E+01    1.8934E+01    5.1274E+00    1.8448E+01    6.3258E+00    1.0016E+01
 1.3605E+03    5.1360E+01    5.9270E+01    2.5826E+01    2.1585E+01    1.6720E+01    7.4178E+01    5.5631E+01    1.8934E+01    5.1274E+00    1.8326E+01    6.2953E+00    1.0016E+01
 1.3610E+03    5.1361E+01    5.9256E+01    2.5625E+01    2.1585E+01    1.6746E+01    7.4192E+01    5.5621E+01    1.8925E+01    5.1274E+00    1.8265E+01    6.5091E+00    1.0121E+01
 1.3616E+03    5.1350E+01    5.9260E+01    2.5482E+01    2.1638E+01    1.6723E+01    7.4199E+01    5.5610E+01    1.8921E+01    5.1274E+00    1.8510E+01    6.4684E+00    1.0016E+01
 1.3621E+03    5.1350E+01    5.9257E+01    2.5449E+01    2.1649E+01    1.6723E+01    7.4220E+01    5.5610E+01    1.8863E+01    5.1274E+00    1.8489E+01    6.3768E+00    1.0016E+01
 1.3626E+03    5.1353E+01    5.9264E+01    2.5449E+01    2.1616E+01    1.6640E+01    7.4217E+01    5.5600E+01    1.8862E+01    5.1274E+00    1.8530E+01    6.5295E+00    1.0121E+01
 1.3631E+03    5.1356E+01    5.9264E+01    2.5582E+01    2.1634E+01    1.6576E+01    7.4223E+01    5.5584E+01    1.8844E+01    5.1070E+00    1.8489E+01    6.2953E+00    1.0121E+01
 1.3638E+03    5.1367E+01    5.9260E+01    2.5748E+01    2.1650E+01    1.6567E+01    7.4223E+01    5.5573E+01    1.8826E+01    5.1070E+00    1.8408E+01    6.4022E+00    1.0016E+01
 1.3643E+03    5.1363E+01    5.9258E+01    2.5966E+01    2.1684E+01    1.6622E+01    7.4204E+01    5.5555E+01    1.8826E+01    5.1070E+00    1.8408E+01    6.3106E+00    1.0016E+01
 1.3648E+03    5.1355E+01    5.9274E+01    2.5902E+01    2.1684E+01    1.6595E+01    7.4182E+01    5.5549E+01    1.8800E+01    5.1070E+00    1.8326E+01    6.3666E+00    1.0121E+01
 1.3653E+03    5.1355E+01    5.9285E+01    2.6138E+01    2.1669E+01    1.6611E+01    7.4215E+01    5.5564E+01    1.8798E+01    5.1070E+00    1.8367E+01    6.3004E+00    1.0016E+01
 1.3659E+03    5.1369E+01    5.9298E+01    2.5862E+01    2.1687E+01    1.6594E+01    7.4210E+01    5.5542E+01    1.8801E+01    5.0866E+00    1.8530E+01    6.4175E+00    1.0016E+01
 1.3664E+03    5.1375E+01    5.9276E+01    2.5862E+01    2.1728E+01    1.6593E+01    7.4196E+01    5.5552E+01    1.8805E+01    5.1070E+00    1.8448E+01    6.3157E+00    1.0016E+01
# Time (s)      T1w (C)       T2w (C)       T1a (C)       T2a (C)       T1r (C)       T2r (C)       T3r (C)       T4r (C)       P1 (bar)      P2 (bar)      Ic (amp)      Qc (l/min)    
 1.3669E+03    5.1387E+01    5.9276E+01    2.5767E+01    2.1623E+01    1.6575E+01    7.4196E+01    5.5530E+01    1.8785E+01    5.1070E+00    1.8530E+01    6.3055E+00    1.0016E+01
 1.3674E+03    5.1396E+01    5.9285E+01    2.5902E+01    2.1623E+01    1.6618E+01    7.4198E+01    5.5539E+01    1.8800E+01    5.1070E+00    1.8306E+01    6.3309E+00    1.0016E+01
 1.3681E+03    5.1400E+01    5.9275E+01    2.5740E+01    2.1554E+01    1.6669E+01    7.4193E+01    5.5544E+01    1.8807E+01    5.1274E+00    1.8489E+01    6.4633E+00    1.0121E+01
 1.3686E+03    5.1411E+01    5.9295E+01    2.5655E+01    2.1554E+01    1.6729E+01    7.4213E+01    5.5543E+01    1.8783E+01    5.1070E+00    1.8510E+01    6.5448E+00    1.0121E+01
 1.3691E+03    5.1411E+01    5.9301E+01    2.5519E+01    2.1557E+01    1.6729E+01    7.4221E+01    5.5543E+01    1.8762E+01    5.1274E+00    1.8530E+01    6.5448E+00    1.0016E+01
 1.3696E+03    5.1434E+01    5.9301E+01    2.5519E+01    2.1627E+01    1.6767E+01    7.4238E+01    5.5506E+01    1.8758E+01    5.1070E+00    1.8408E+01    6.5193E+00    1.0016E+01
 1.3701E+03    5.1428E+01    5.9309E+01    2.5466E+01    2.1550E+01    1.6785E+01    7.4235E+01    5.5529E+01    1.8731E+01    5.1070E+00    1.8428E+01    6.5549E+00    9.9090E+00
 1.3706E+03    5.1425E+01    5.9309E+01    2.5413E+01    2.1754E+01    1.6825E+01    7.4235E+01    5.5507E+01    1.8720E+01    5.1070E+00    1.8448E+01    6.5549E+00    1.0225E+01
 1.3711E+03    5.1422E+01    5.9313E+01    2.5532E+01    2.1754E+01    1.6791E+01    7.4212E+01    5.5475E+01    1.8704E+01    5.1070E+00    1.8306E+01    6.5448E+00    1.0016E+01
 1.3716E+03    5.1422E+01    5.9318E+01    2.5524E+01    2.1688E+01    1.6808E+01    7.4244E+01    5.5489E+01    1.8671E+01    5.1070E+00    1.8387E+01    6.3055E+00    1.0016E+01
 1.3722E+03    5.1441E+01    5.9309E+01    2.5546E+01    2.1616E+01    1.6792E+01    7.4211E+01    5.5462E+01    1.8653E+01    5.1070E+00    1.8306E+01    6.3157E+00    1.0016E+01
 1.3727E+03    5.1418E+01    5.9316E+01    2.5546E+01    2.1617E+01    1.6795E+01    7.4221E+01    5.5462E+01    1.8641E+01    5.1070E+00    1.8306E+01    6.2953E+00    9.9090E+00
 1.3732E+03    5.1434E+01    5.9335E+01    2.5625E+01    2.1496E+01    1.6734E+01    7.4237E+01    5.5454E+01    1.8621E+01    5.1070E+00    1.8448E+01    6.4175E+00    1.0121E+01
 1.3737E+03    5.1422E+01    5.9335E+01    2.5419E+01    2.1611E+01    1.6724E+01    7.4237E+01    5.5455E+01    1.8621E+01    5.1070E+00    1.8326E+01    6.4175E+00    1.0016E+01
 1.3744E+03    5.1431E+01    5.9322E+01    2.5326E+01    2.1612E+01    1.6731E+01    7.4246E+01    5.5448E+01    1.8627E+01    5.0866E+00    1.8428E+01    6.3208E+00    1.0121E+01
 1.3749E+03    5.1437E+01    5.9321E+01    2.5295E+01    2.1612E+01    1.6734E+01    7.4242E+01    5.5443E+01    1.8600E+01    5.1070E+00    1.8408E+01    6.3818E+00    9.9090E+00
 1.3754E+03    5.1452E+01    5.9350E+01    2.5483E+01    2.1556E+01    1.6750E+01    7.4279E+01    5.5448E+01    1.8597E+01    5.0866E+00    1.8448E+01    6.3106E+00    1.0016E+01
 1.3759E+03    5.1448E+01    5.9347E+01    2.5483E+01    2.1556E+01    1.6774E+01    7.4258E+01    5.5448E+01    1.8593E+01    5.1070E+00    1.8469E+01    6.4022E+00    1.0016E+01
 1.3765E+03    5.1454E+01    5.9354E+01    2.5459E+01    2.1519E+01    1.6784E+01    7.4275E+01    5.5469E+01    1.8585E+01    5.0866E+00    1.8367E+01    6.3309E+00    1.0121E+01
 1.3770E+03    5.1467E+01    5.9354E+01    2.5705E+01    2.1561E+01    1.6823E+01    7.4295E+01    5.5482E+01    1.8579E+01    5.1070E+00    1.8326E+01    6.3564E+00    1.0121E+01
 1.3775E+03    5.1454E+01    5.9362E+01    2.5634E+01    2.1503E+01    1.6848E+01    7.4295E+01    5.5456E+01    1.8579E+01    5.1070E+00    1.8510E+01    6.3157E+00    1.0121E+01
 1.3780E+03    5.1481E+01    5.9359E+01    2.5566E+01    2.1503E+01    1.6853E+01    7.4278E+01    5.5457E+01    1.8568E+01    5.0866E+00    1.8347E+01    6.3666E+00    1.0225E+01
 1.3787E+03    5.1483E+01    5.9357E+01    2.5578E+01    2.1498E+01    1.6816E+01    7.4309E+01    5.5490E+01    1.8566E+01    5.0866E+00    1.8387E+01    6.5193E+00    9.9090E+00
 1.3792E+03    5.1483E+01    5.9350E+01    2.5522E+01    2.1498E+01    1.6800E+01    7.4305E+01    5.5470E+01    1.8549E+01    5.1070E+00    1.8306E+01    6.2902E+00    1.0121E+01
 1.3797E+03    5.1471E+01    5.9359E+01    2.5522E+01    2.1507E+01    1.6788E+01    7.4329E+01    5.5470E+01    1.8557E+01    5.0866E+00    1.8530E+01    6.4989E+00    1.0016E+01
 1.3802E+03    5.1467E+01    5.9375E+01    2.5520E+01    2.1557E+01    1.6708E+01    7.4331E+01    5.5454E+01    1.8533E+01    5.0866E+00    1.8550E+01    6.3004E+00    1.0225E+01
 1.3807E+03    5.1493E+01    5.9375E+01    2.5450E+01    2.1525E+01    1.6677E+01    7.4331E+01    5.5443E+01    1.8522E+01    5.1070E+00    1.8510E+01    6.3106E+00    1.0016E+01
 1.3812E+03    5.1501E+01    5.9382E+01    2.5455E+01    2.1530E+01    1.6655E+01    7.4331E+01    5.5448E+01    1.8522E+01    5.0866E+00    1.8530E+01    6.3360E+00    1.0016E+01
 1.3817E+03    5.1512E+01    5.9383E+01    2.5593E+01    2.1530E+01    1.6693E+01    7.4315E+01    5.5450E+01    1.8509E+01    5.0866E+00    1.8448E+01    6.3055E+00    1.0016E+01
 1.3822E+03    5.1527E+01    5.9407E+01    2.6139E+01    2.1573E+01    1.6677E+01    7.4320E+01    5.5435E+01    1.8499E+01    5.0866E+00    1.8448E+01    6.3513E+00    1.0016E+01
# Time (s)      T1w (C)       T2w (C)       T1a (C)       T2a (C)       T1r (C)       T2r (C)       T3r (C)       T4r (C)       P1 (bar)      P2 (bar)      Ic (amp)      Qc (l/min)    
 1.3829E+03    5.1522E+01    5.9407E+01    2.6318E+01    2.1574E+01    1.6719E+01    7.4324E+01    5.5417E+01    1.8485E+01    5.0866E+00    1.8347E+01    6.3004E+00    1.0121E+01
 1.3834E+03    5.1549E+01    5.9432E+01    2.6334E+01    2.1581E+01    1.6768E+01    7.4317E+01    5.5444E+01    1.8474E+01    5.0866E+00    1.8469E+01    6.5346E+00    1.0016E+01
 1.3839E+03    5.1546E+01    5.9432E+01    2.6231E+01    2.1547E+01    1.6819E+01    7.4317E+01    5.5439E+01    1.8439E+01    5.0866E+00    1.8571E+01    6.3411E+00    9.9090E+00
 1.3844E+03    5.1537E+01    5.9414E+01    2.5910E+01    2.1531E+01    1.6911E+01    7.4344E+01    5.5447E+01    1.8439E+01    5.0866E+00    1.8469E+01    6.3411E+00    1.0016E+01
 1.3850E+03    5.1539E+01    5.9418E+01    2.5620E+01    2.1489E+01    1.6974E+01    7.4311E+01    5.5462E+01    1.8474E+01    5.0866E+00    1.8408E+01    6.3258E+00    1.0016E+01
 1.3855E+03    5.1542E+01    5.9433E+01    2.5578E+01    2.1489E+01    1.6955E+01    7.4300E+01    5.5449E+01    1.8458E+01    5.0662E+00    1.8387E+01    6.3208E+00    1.0121E+01
 1.3860E+03    5.1542E+01    5.9440E+01    2.5449E+01    2.1470E+01    1.6955E+01    7.4331E+01    5.5449E+01    1.8448E+01    5.0866E+00    1.8571E+01    6.3004E+00    1.0121E+01
 1.3865E+03    5.1541E+01    5.9450E+01    2.5449E+01    2.1473E+01    1.6969E+01    7.4342E+01    5.5458E+01    1.8463E+01    5.0866E+00    1.8550E+01    6.3360E+00    9.9090E+00
 1.3871E+03    5.1545E+01    5.9442E+01    2.5352E+01    2.1457E+01    1.6962E+01    7.4352E+01    5.5462E+01    1.8493E+01    5.0866E+00    1.8408E+01    6.4175E+00    1.0121E+01
 1.3876E+03    5.1566E+01    5.9442E+01    2.5344E+01    2.1422E+01    1.6989E+01    7.4352E+01    5.5479E+01    1.8499E+01    5.0866E+00    1.8530E+01    6.3157E+00    1.0121E+01
 1.3881E+03    5.1554E+01    5.9436E+01    2.5321E+01    2.1422E+01    1.7007E+01    7.4360E+01    5.5467E+01    1.8499E+01    5.0866E+00    1.8510E+01    6.3971E+00    1.0121E+01
 1.3886E+03    5.1568E+01    5.9459E+01    2.5348E+01    2.1409E+01    1.6991E+01    7.4333E+01    5.5476E+01    1.8499E+01    5.0866E+00    1.8448E+01    6.3208E+00    9.9090E+00
 1.3893E+03    5.1560E+01    5.9441E+01    2.5349E+01    2.1350E+01    1.7056E+01    7.4348E+01    5.5490E+01    1.8494E+01    5.0866E+00    1.8347E+01    6.4073E+00    1.0121E+01
 1.3898E+03    5.1560E+01    5.9468E+01    2.5304E+01    2.1410E+01    1.7056E+01    7.4355E+01    5.5490E+01    1.8522E+01    5.0866E+00    1.8367E+01    6.5448E+00    9.9090E+00
 1.3903E+03    5.1565E+01    5.9441E+01    2.5289E+01    2.1367E+01    1.7165E+01    7.4376E+01    5.5490E+01    1.8527E+01    5.0866E+00    1.8347E+01    6.5448E+00    1.0225E+01
 1.3908E+03    5.1570E+01    5.9441E+01    2.5232E+01    2.1374E+01    1.7299E+01    7.4408E+01    5.5500E+01    1.8551E+01    5.0866E+00    1.8530E+01    6.5498E+00    1.0016E+01
 1.3914E+03    5.1574E+01    5.9440E+01    2.5185E+01    2.1345E+01    1.7408E+01    7.4408E+01    5.5527E+01    1.8575E+01    5.0866E+00    1.8448E+01    6.3666E+00    1.0016E+01
 1.3919E+03    5.1583E+01    5.9455E+01    2.5227E+01    2.1345E+01    1.7484E+01    7.4410E+01    5.5529E+01    1.8575E+01    5.0866E+00    1.8367E+01    6.4735E+00    9.9090E+00
 1.3924E+03    5.1583E+01    5.9441E+01    2.5300E+01    2.1345E+01    1.7549E+01    7.4449E+01    5.5570E+01    1.8624E+01    5.0866E+00    1.8408E+01    6.3818E+00    1.0121E+01
 1.3929E+03    5.1590E+01    5.9447E+01    2.5343E+01    2.1302E+01    1.7549E+01    7.4449E+01    5.5570E+01    1.8665E+01    5.0866E+00    1.8530E+01    6.4684E+00    1.0225E+01
 1.3935E+03    5.1622E+01    5.9470E+01    2.5359E+01    2.1403E+01    1.7589E+01    7.4464E+01    5.5574E+01    1.8689E+01    5.0866E+00    1.8489E+01    6.4989E+00    1.0016E+01
 1.3940E+03    5.1621E+01    5.9471E+01    2.5532E+01    2.1320E+01    1.7606E+01    7.4481E+01    5.5607E+01    1.8702E+01    5.0866E+00    1.8510E+01    6.5142E+00    1.0121E+01
 1.3945E+03    5.1645E+01    5.9485E+01    2.5433E+01    2.1319E+01    1.7656E+01    7.4467E+01    5.5597E+01    1.8686E+01    5.1070E+00    1.8571E+01    6.3411E+00    1.0225E+01
 1.3950E+03    5.1626E+01    5.9474E+01    2.5292E+01    2.1319E+01    1.7717E+01    7.4465E+01    5.5647E+01    1.8714E+01    5.0866E+00    1.8530E+01    6.5142E+00    1.0016E+01
 1.3956E+03    5.1647E+01    5.9463E+01    2.5458E+01    2.1301E+01    1.7732E+01    7.4470E+01    5.5640E+01    1.8729E+01    5.0866E+00    1.8428E+01    6.4582E+00    1.0121E+01
 1.3961E+03    5.1647E+01    5.9479E+01    2.5660E+01    2.1283E+01    1.7732E+01    7.4461E+01    5.5659E+01    1.8757E+01    5.0866E+00    1.8448E+01    6.5346E+00    1.0121E+01
 1.3966E+03    5.1639E+01    5.9479E+01    2.5660E+01    2.1370E+01    1.7748E+01    7.4429E+01    5.5645E+01    1.8756E+01    5.1070E+00    1.8489E+01    6.4735E+00    1.0016E+01
 1.3971E+03    5.1651E+01    5.9472E+01    2.5743E+01    2.1437E+01    1.7740E+01    7.4449E+01    5.5650E+01    1.8800E+01    5.1070E+00    1.8387E+01    6.5295E+00    1.0121E+01
 1.3978E+03    5.1672E+01    5.9472E+01    2.5789E+01    2.1445E+01    1.7690E+01    7.4418E+01    5.5662E+01    1.8798E+01    5.1070E+00    1.8347E+01    6.5498E+00    1.0121E+01
 1.3983E+03    5.1652E+01    5.9482E+01    2.5774E+01    2.1373E+01    1.7676E+01    7.4418E+01    5.5681E+01    1.8798E+01    5.1070E+00    1.8347E+01    6.3106E+00    1.0016E+01
# Time (s)      T1w (C)       T2w (C)       T1a (C)       T2a (C)       T1r (C)       T2r (C)       T3r (C)       T4r (C)       P1 (bar)      P2 (bar)      Ic (amp)      Qc (l/min)    
 1.3988E+03    5.1665E+01    5.9482E+01    2.5745E+01    2.1373E+01    1.7690E+01    7.4419E+01    5.5699E+01    1.8825E+01    5.1070E+00    1.8367E+01    6.4277E+00    1.0016E+01
 1.3993E+03    5.1665E+01    5.9490E+01    2.5834E+01    2.1459E+01    1.7690E+01    7.4424E+01    5.5716E+01    1.8846E+01    5.1070E+00    1.8550E+01    6.4226E+00    1.0121E+01
 1.3999E+03    5.1651E+01    5.9485E+01    2.5982E+01    2.1431E+01    1.7710E+01    7.4443E+01    5.5724E+01    1.8866E+01    5.1070E+00    1.8347E+01    6.3869E+00    1.0225E+01
 1.4004E+03    5.1655E+01    5.9475E+01    2.5982E+01    2.1435E+01    1.7756E+01    7.4449E+01    5.5724E+01    1.8873E+01    5.1070E+00    1.8347E+01    6.4684E+00    1.0121E+01
 1.4009E+03    5.1666E+01    5.9475E+01    2.5752E+01    2.1476E+01    1.7754E+01    7.4450E+01    5.5750E+01    1.8894E+01    5.1070E+00    1.8347E+01    6.5498E+00    1.0121E+01
 1.4014E+03    5.1653E+01    5.9479E+01    2.5744E+01    2.1472E+01    1.7748E+01    7.4450E+01    5.5752E+01    1.8894E+01    5.1070E+00    1.8550E+01    6.4582E+00    1.0016E+01
 1.4020E+03    5.1651E+01    5.9479E+01    2.5903E+01    2.1445E+01    1.7690E+01    7.4467E+01    5.5796E+01    1.8920E+01    5.1070E+00    1.8448E+01    6.5295E+00    1.0016E+01
 1.4025E+03    5.1658E+01    5.9482E+01    2.5952E+01    2.1445E+01    1.7488E+01    7.4466E+01    5.5794E+01    1.8948E+01    5.1070E+00    1.8469E+01    6.4786E+00    1.0016E+01
 1.4030E+03    5.1658E+01    5.9479E+01    2.5889E+01    2.1410E+01    1.7488E+01    7.4488E+01    5.5824E+01    1.8986E+01    5.1070E+00    1.8367E+01    6.5448E+00    1.0016E+01
 1.4035E+03    5.1664E+01    5.9483E+01    2.5889E+01    2.1573E+01    1.7319E+01    7.4480E+01    5.5824E+01    1.9000E+01    5.1070E+00    1.8408E+01    6.4633E+00    1.0121E+01
 1.4041E+03    5.1658E+01    5.9470E+01    2.6097E+01    2.1414E+01    1.7174E+01    7.4497E+01    5.5841E+01    1.9006E+01    5.1070E+00    1.8428E+01    6.3462E+00    9.9090E+00
 1.4046E+03    5.1670E+01    5.9455E+01    2.6246E+01    2.1520E+01    1.6989E+01    7.4501E+01    5.5853E+01    1.9029E+01    5.1070E+00    1.8347E+01    6.4989E+00    1.0016E+01
 1.4051E+03    5.1683E+01    5.9477E+01    2.6281E+01    2.1490E+01    1.6911E+01    7.4501E+01    5.5856E+01    1.9029E+01    5.1274E+00    1.8428E+01    6.3717E+00    1.0016E+01
 1.4056E+03    5.1690E+01    5.9498E+01    2.6294E+01    2.1505E+01    1.6833E+01    7.4498E+01    5.5887E+01    1.9054E+01    5.1070E+00    1.8591E+01    6.4888E+00    1.0225E+01
 1.4063E+03    5.1683E+01    5.9499E+01    2.6270E+01    2.1462E+01    1.6743E+01    7.4532E+01    5.5891E+01    1.9065E+01    5.1274E+00    1.8347E+01    6.3360E+00    1.0121E+01
 1.4068E+03    5.1669E+01    5.9485E+01    2.6037E+01    2.1497E+01    1.6743E+01    7.4519E+01    5.5918E+01    1.9075E+01    5.1070E+00    1.8367E+01    6.5091E+00    1.0016E+01
 1.4073E+03    5.1670E+01    5.9477E+01    2.6037E+01    2.1492E+01    1.6695E+01    7.4510E+01    5.5918E+01    1.9088E+01    5.1274E+00    1.8347E+01    6.5091E+00    1.0121E+01
 1.4078E+03    5.1676E+01    5.9477E+01    2.6117E+01    2.1560E+01    1.6643E+01    7.4515E+01    5.5927E+01    1.9121E+01    5.1274E+00    1.8571E+01    6.5346E+00    9.9090E+00
 1.4084E+03    5.1689E+01    5.9477E+01    2.5975E+01    2.1514E+01    1.6608E+01    7.4515E+01    5.5955E+01    1.9128E+01    5.1274E+00    1.8571E+01    6.4073E+00    1.0016E+01
 1.4089E+03    5.1686E+01    5.9484E+01    2.5900E+01    2.1514E+01    1.6585E+01    7.4511E+01    5.5950E+01    1.9128E+01    5.1274E+00    1.8510E+01    6.3360E+00    1.0016E+01
 1.4094E+03    5.1694E+01    5.9469E+01    2.5890E+01    2.1513E+01    1.6570E+01    7.4540E+01    5.5974E+01    1.9145E+01    5.1274E+00    1.8448E+01    6.5397E+00    1.0121E+01
 1.4099E+03    5.1679E+01    5.9476E+01    2.5892E+01    2.1547E+01    1.6570E+01    7.4533E+01    5.5974E+01    1.9127E+01    5.1274E+00    1.8387E+01    6.3411E+00    1.0016E+01
 1.4106E+03    5.1702E+01    5.9494E+01    2.5826E+01    2.1583E+01    1.6586E+01    7.4533E+01    5.5965E+01    1.9103E+01    5.1274E+00    1.8489E+01    6.3258E+00    1.0121E+01
 1.4111E+03    5.1701E+01    5.9517E+01    2.5826E+01    2.1561E+01    1.6608E+01    7.4550E+01    5.5965E+01    1.9075E+01    5.1274E+00    1.8489E+01    6.4531E+00    1.0121E+01
 1.4116E+03    5.1705E+01    5.9503E+01    2.5842E+01    2.1508E+01    1.6603E+01    7.4540E+01    5.5981E+01    1.9019E+01    5.1274E+00    1.8489E+01    6.4582E+00    1.0016E+01
 1.4121E+03    5.1701E+01    5.9499E+01    2.5839E+01    2.1568E+01    1.6623E+01    7.4540E+01    5.5986E+01    1.9019E+01    5.1274E+00    1.8428E+01    6.4582E+00    1.0225E+01
 1.4127E+03    5.1698E+01    5.9497E+01    2.5782E+01    2.1568E+01    1.6577E+01    7.4542E+01    5.5984E+01    1.9008E+01    5.1478E+00    1.8448E+01    6.5040E+00    1.0121E+01
 1.4132E+03    5.1708E+01    5.9504E+01    2.5699E+01    2.1631E+01    1.6506E+01    7.4538E+01    5.5977E+01    1.8986E+01    5.1274E+00    1.8591E+01    6.3157E+00    1.0016E+01
 1.4137E+03    5.1723E+01    5.9517E+01    2.5535E+01    2.1625E+01    1.6506E+01    7.4550E+01    5.5977E+01    1.8970E+01    5.1274E+00    1.8550E+01    6.5193E+00    1.0121E+01
 1.4142E+03    5.1725E+01    5.9523E+01    2.5535E+01    2.1763E+01    1.6496E+01    7.4547E+01    5.5994E+01    1.8953E+01    5.1274E+00    1.8510E+01    6.3208E+00    1.0121E+01
# Time (s)      T1w (C)       T2w (C)       T1a (C)       T2a (C)       T1r (C)       T2r (C)       T3r (C)       T4r (C)       P1 (bar)      P2 (bar)      Ic (amp)      Qc (l/min)    
 1.4148E+03    5.1700E+01    5.9510E+01    2.5340E+01    2.1727E+01    1.6486E+01    7.4545E+01    5.6003E+01    1.8951E+01    5.1274E+00    1.8489E+01    6.4277E+00    1.0121E+01
 1.4153E+03    5.1715E+01    5.9510E+01    2.5433E+01    2.1750E+01    1.6502E+01    7.4545E+01    5.5983E+01    1.8916E+01    5.1274E+00    1.8408E+01    6.3208E+00    1.0121E+01
 1.4158E+03    5.1696E+01    5.9528E+01    2.5432E+01    2.1750E+01    1.6507E+01    7.4588E+01    5.5978E+01    1.8932E+01    5.1274E+00    1.8611E+01    6.4633E+00    1.0016E+01
 1.4163E+03    5.1696E+01    5.9522E+01    2.5495E+01    2.1799E+01    1.6516E+01    7.4607E+01    5.5976E+01    1.8907E+01    5.1274E+00    1.8591E+01    6.3360E+00    1.0121E+01
 1.4169E+03    5.1693E+01    5.9520E+01    2.5369E+01    2.1775E+01    1.6540E+01    7.4618E+01    5.5966E+01    1.8883E+01    5.1274E+00    1.8652E+01    6.5448E+00    9.9090E+00
 1.4174E+03    5.1710E+01    5.9537E+01    2.5259E+01    2.1806E+01    1.6556E+01    7.4628E+01    5.5980E+01    1.8878E+01    5.1274E+00    1.8510E+01    6.5397E+00    1.0121E+01
 1.4179E+03    5.1694E+01    5.9532E+01    2.5244E+01    2.1727E+01    1.6570E+01    7.4614E+01    5.5967E+01    1.8866E+01    5.1070E+00    1.8571E+01    6.3615E+00    1.0016E+01
 1.4184E+03    5.1698E+01    5.9532E+01    2.5204E+01    2.1729E+01    1.6562E+01    7.4614E+01    5.5965E+01    1.8858E+01    5.1274E+00    1.8530E+01    6.5498E+00    1.0016E+01
 1.4190E+03    5.1711E+01    5.9544E+01    2.5212E+01    2.1680E+01    1.6572E+01    7.4613E+01    5.5948E+01    1.8828E+01    5.1070E+00    1.8489E+01    6.4735E+00    1.0121E+01
 1.4195E+03    5.1732E+01    5.9570E+01    2.5168E+01    2.1696E+01    1.6586E+01    7.4623E+01    5.5933E+01    1.8828E+01    5.1274E+00    1.8530E+01    6.3360E+00    1.0225E+01
 1.4201E+03    5.1732E+01    5.9574E+01    2.5191E+01    2.1717E+01    1.6610E+01    7.4583E+01    5.5934E+01    1.8817E+01    5.1274E+00    1.8591E+01    6.4837E+00    1.0016E+01
 1.4206E+03    5.1754E+01    5.9599E+01    2.5341E+01    2.1780E+01    1.6610E+01    7.4586E+01    5.5934E+01    1.8787E+01    5.1070E+00    1.8530E+01    6.3309E+00    1.0016E+01
 1.4212E+03    5.1746E+01    5.9600E+01    2.5341E+01    2.1661E+01    1.6603E+01    7.4579E+01    5.5916E+01    1.8780E+01    5.1274E+00    1.8652E+01    6.3666E+00    1.0016E+01
 1.4217E+03    5.1760E+01    5.9608E+01    2.5469E+01    2.1770E+01    1.6543E+01    7.4619E+01    5.5910E+01    1.8773E+01    5.1070E+00    1.8652E+01    6.3869E+00    1.0225E+01
 1.4222E+03    5.1759E+01    5.9608E+01    2.5525E+01    2.1732E+01    1.6539E+01    7.4619E+01    5.5900E+01    1.8751E+01    5.1274E+00    1.8550E+01    6.3564E+00    1.0121E+01
 1.4227E+03    5.1758E+01    5.9620E+01    2.5565E+01    2.1732E+01    1.6581E+01    7.4610E+01    5.5879E+01    1.8767E+01    5.1274E+00    1.8632E+01    6.3411E+00    9.9090E+00
 1.4233E+03    5.1745E+01    5.9619E+01    2.5508E+01    2.1725E+01    1.6586E+01    7.4628E+01    5.5877E+01    1.8748E+01    5.1274E+00    1.8652E+01    6.5193E+00    1.0225E+01
 1.4238E+03    5.1745E+01    5.9609E+01    2.5462E+01    2.1735E+01    1.6586E+01    7.4618E+01    5.5857E+01    1.8717E+01    5.1274E+00    1.8693E+01    6.5702E+00    1.0121E+01
 1.4243E+03    5.1755E+01    5.9614E+01    2.5462E+01    2.1645E+01    1.6596E+01    7.4623E+01    5.5857E+01    1.8697E+01    5.1070E+00    1.8652E+01    6.5651E+00    1.0121E+01
 1.4248E+03    5.1773E+01    5.9646E+01    2.5461E+01    2.1635E+01    1.6550E+01    7.4631E+01    5.5863E+01    1.8686E+01    5.1070E+00    1.8550E+01    6.5498E+00    1.0016E+01
 1.4254E+03    5.1766E+01    5.9643E+01    2.5426E+01    2.1530E+01    1.6509E+01    7.4644E+01    5.5839E+01    1.8682E+01    5.1070E+00    1.8469E+01    6.4684E+00    1.0016E+01
 1.4259E+03    5.1779E+01    5.9658E+01    2.5448E+01    2.1561E+01    1.6485E+01    7.4658E+01    5.5857E+01    1.8670E+01    5.1070E+00    1.8489E+01    6.4531E+00    1.0016E+01
 1.4264E+03    5.1796E+01    5.9650E+01    2.5516E+01    2.1561E+01    1.6501E+01    7.4656E+01    5.5835E+01    1.8670E+01    5.1070E+00    1.8693E+01    6.4837E+00    1.0121E+01
 1.4269E+03    5.1811E+01    5.9684E+01    2.5507E+01    2.1580E+01    1.6512E+01    7.4675E+01    5.5819E+01    1.8644E+01    5.1070E+00    1.8713E+01    6.4531E+00    1.0016E+01
 1.4276E+03    5.1799E+01    5.9693E+01    2.5417E+01    2.1621E+01    1.6528E+01    7.4685E+01    5.5821E+01    1.8624E+01    5.1070E+00    1.8652E+01    6.5040E+00    1.0121E+01
 1.4281E+03    5.1810E+01    5.9678E+01    2.5417E+01    2.1588E+01    1.6545E+01    7.4680E+01    5.5821E+01    1.8608E+01    5.1070E+00    1.8672E+01    6.3462E+00    1.0225E+01
 1.4286E+03    5.1809E+01    5.9678E+01    2.5282E+01    2.1571E+01    1.6542E+01    7.4686E+01    5.5817E+01    1.8592E+01    5.1070E+00    1.8652E+01    6.3411E+00    1.0121E+01
 1.4291E+03    5.1791E+01    5.9679E+01    2.5255E+01    2.1520E+01    1.6490E+01    7.4686E+01    5.5804E+01    1.8592E+01    5.0866E+00    1.8571E+01    6.3309E+00    1.0121E+01
 1.4297E+03    5.1822E+01    5.9698E+01    2.5273E+01    2.1640E+01    1.6467E+01    7.4682E+01    5.5792E+01    1.8569E+01    5.0866E+00    1.8591E+01    6.3717E+00    1.0225E+01
 1.4302E+03    5.1822E+01    5.9705E+01    2.5393E+01    2.1640E+01    1.6452E+01    7.4687E+01    5.5787E+01    1.8554E+01    5.1070E+00    1.8530E+01    6.5397E+00    1.0121E+01
# Time (s)      T1w (C)       T2w (C)       T1a (C)       T2a (C)       T1r (C)       T2r (C)       T3r (C)       T4r (C)       P1 (bar)      P2 (bar)      Ic (amp)      Qc (l/min)    
 1.4307E+03    5.1822E+01    5.9700E+01    2.5423E+01    2.1549E+01    1.6452E+01    7.4695E+01    5.5769E+01    1.8524E+01    5.1070E+00    1.8571E+01    6.5397E+00    1.0121E+01
 1.4312E+03    5.1822E+01    5.9704E+01    2.5423E+01    2.1477E+01    1.6477E+01    7.4654E+01    5.5769E+01    1.8502E+01    5.0866E+00    1.8611E+01    6.5346E+00    1.0016E+01
 1.4319E+03    5.1814E+01    5.9717E+01    2.5428E+01    2.1502E+01    1.6516E+01    7.4656E+01    5.5745E+01    1.8480E+01    5.0866E+00    1.8530E+01    6.3360E+00    1.0121E+01
 1.4324E+03    5.1841E+01    5.9715E+01    2.5428E+01    2.1476E+01    1.6527E+01    7.4646E+01    5.5746E+01    1.8454E+01    5.0866E+00    1.8571E+01    6.3513E+00    1.0016E+01
 1.4329E+03    5.1843E+01    5.9730E+01    2.5454E+01    2.1521E+01    1.6548E+01    7.4646E+01    5.5719E+01    1.8443E+01    5.0866E+00    1.8632E+01    6.3411E+00    1.0225E+01
 1.4334E+03    5.1845E+01    5.9732E+01    2.5616E+01    2.1521E+01    1.6589E+01    7.4653E+01    5.5714E+01    1.8443E+01    5.0866E+00    1.8611E+01    6.3564E+00    1.0016E+01
 1.4340E+03    5.1848E+01    5.9732E+01    2.5505E+01    2.1506E+01    1.6634E+01    7.4643E+01    5.5723E+01    1.8431E+01    5.0866E+00    1.8550E+01    6.3309E+00    1.0016E+01
 1.4345E+03    5.1848E+01    5.9710E+01    2.5458E+01    2.1540E+01    1.6634E+01    7.4647E+01    5.5719E+01    1.8413E+01    5.0866E+00    1.8489E+01    6.4429E+00    1.0016E+01
 1.4350E+03    5.1863E+01    5.9742E+01    2.5473E+01    2.1430E+01    1.6580E+01    7.4679E+01    5.5734E+01    1.8427E+01    5.0866E+00    1.8611E+01    6.3360E+00    1.0121E+01
 1.4355E+03    5.1872E+01    5.9742E+01    2.5618E+01    2.1494E+01    1.6608E+01    7.4687E+01    5.5727E+01    1.8414E+01    5.0866E+00    1.8489E+01    6.5753E+00    1.0016E+01
 1.4361E+03    5.1866E+01    5.9746E+01    2.5681E+01    2.1509E+01    1.6643E+01    7.4696E+01    5.5735E+01    1.8424E+01    5.0866E+00    1.8713E+01    6.5142E+00    1.0016E+01
 1.4366E+03    5.1865E+01    5.9736E+01    2.5620E+01    2.1565E+01    1.6575E+01    7.4696E+01    5.5726E+01    1.8424E+01    5.0866E+00    1.8693E+01    6.3411E+00    1.0016E+01
 1.4371E+03    5.1865E+01    5.9746E+01    2.5591E+01    2.1565E+01    1.6538E+01    7.4686E+01    5.5728E+01    1.8399E+01    5.0662E+00    1.8530E+01    6.5753E+00    1.0121E+01
 1.4376E+03    5.1878E+01    5.9753E+01    2.5467E+01    2.1535E+01    1.6538E+01    7.4680E+01    5.5727E+01    1.8407E+01    5.0662E+00    1.8571E+01    6.3360E+00    1.0121E+01
 1.4382E+03    5.1871E+01    5.9745E+01    2.5299E+01    2.1536E+01    1.6572E+01    7.4710E+01    5.5727E+01    1.8394E+01    5.0866E+00    1.8571E+01    6.3666E+00    1.0016E+01
 1.4387E+03    5.1863E+01    5.9743E+01    2.5283E+01    2.1438E+01    1.6630E+01    7.4716E+01    5.5704E+01    1.8378E+01    5.0866E+00    1.8489E+01    6.5448E+00    1.0225E+01
 1.4392E+03    5.1892E+01    5.9743E+01    2.5235E+01    2.1492E+01    1.6723E+01    7.4742E+01    5.5704E+01    1.8365E+01    5.0662E+00    1.8591E+01    6.5498E+00    1.0016E+01
 1.4397E+03    5.1877E+01    5.9718E+01    2.5270E+01    2.1557E+01    1.6791E+01    7.4728E+01    5.5714E+01    1.8349E+01    5.0662E+00    1.8571E+01    6.5498E+00    1.0016E+01
 1.4403E+03    5.1889E+01    5.9725E+01    2.5344E+01    2.1557E+01    1.6846E+01    7.4727E+01    5.5709E+01    1.8332E+01    5.0866E+00    1.8530E+01    6.5702E+00    1.0016E+01
 1.4408E+03    5.1874E+01    5.9721E+01    2.5330E+01    2.1499E+01    1.6801E+01    7.4750E+01    5.5714E+01    1.8326E+01    5.0662E+00    1.8571E+01    6.4226E+00    1.0016E+01
 1.4413E+03    5.1894E+01    5.9719E+01    2.5363E+01    2.1484E+01    1.6801E+01    7.4757E+01    5.5714E+01    1.8335E+01    5.0662E+00    1.8652E+01    6.5702E+00    1.0016E+01
 1.4418E+03    5.1874E+01    5.9707E+01    2.5348E+01    2.1424E+01    1.6806E+01    7.4779E+01    5.5693E+01    1.8333E+01    5.0662E+00    1.8652E+01    6.4073E+00    1.0121E+01
 1.4425E+03    5.1879E+01    5.9713E+01    2.5296E+01    2.1530E+01    1.6898E+01    7.4785E+01    5.5705E+01    1.8357E+01    5.0662E+00    1.8591E+01    6.5753E+00    1.0016E+01
 1.4430E+03    5.1855E+01    5.9699E+01    2.5272E+01    2.1471E+01    1.6962E+01    7.4803E+01    5.5706E+01    1.8374E+01    5.0662E+00    1.8530E+01    6.3208E+00    1.0016E+01
 1.4435E+03    5.1883E+01    5.9701E+01    2.5272E+01    2.1356E+01    1.6944E+01    7.4803E+01    5.5720E+01    1.8374E+01    5.0662E+00    1.8571E+01    6.4480E+00    1.0016E+01
 1.4440E+03    5.1883E+01    5.9707E+01    2.5255E+01    2.1356E+01    1.6873E+01    7.4793E+01    5.5701E+01    1.8375E+01    5.0662E+00    1.8652E+01    6.3309E+00    1.0016E+01
 1.4446E+03    5.1880E+01    5.9714E+01    2.5253E+01    2.1360E+01    1.6911E+01    7.4807E+01    5.5733E+01    1.8425E+01    5.0662E+00    1.8571E+01    6.3258E+00    1.0121E+01
 1.4451E+03    5.1866E+01    5.9707E+01    2.5369E+01    2.1426E+01    1.6895E+01    7.4815E+01    5.5718E+01    1.8406E+01    5.0662E+00    1.8571E+01    6.4226E+00    1.0016E+01
 1.4456E+03    5.1888E+01    5.9715E+01    2.5369E+01    2.1356E+01    1.6965E+01    7.4836E+01    5.5707E+01    1.8421E+01    5.0662E+00    1.8469E+01    6.3208E+00    1.0225E+01
 1.4461E+03    5.1895E+01    5.9715E+01    2.5356E+01    2.1219E+01    1.7015E+01    7.4830E+01    5.5717E+01    1.8429E+01    5.0662E+00    1.8571E+01    6.5753E+00    1.0016E+01
# Time (s)      T1w (C)       T2w (C)       T1a (C)       T2a (C)       T1r (C)       T2r (C)       T3r (C)       T4r (C)       P1 (bar)      P2 (bar)      Ic (amp)      Qc (l/min)    
 1.4467E+03    5.1868E+01    5.9687E+01    2.5400E+01    2.1252E+01    1.7058E+01    7.4815E+01    5.5706E+01    1.8425E+01    5.0866E+00    1.8693E+01    6.3258E+00    1.0016E+01
 1.4472E+03    5.1884E+01    5.9704E+01    2.5410E+01    2.1252E+01    1.7025E+01    7.4810E+01    5.5713E+01    1.8425E+01    5.0662E+00    1.8672E+01    6.5600E+00    1.0121E+01
 1.4477E+03    5.1884E+01    5.9699E+01    2.5454E+01    2.1360E+01    1.6997E+01    7.4844E+01    5.5718E+01    1.8453E+01    5.0866E+00    1.8489E+01    6.3513E+00    9.9090E+00
 1.4482E+03    5.1879E+01    5.9715E+01    2.5494E+01    2.1379E+01    1.6997E+01    7.4868E+01    5.5718E+01    1.8465E+01    5.0662E+00    1.8652E+01    6.3971E+00    1.0016E+01
 1.4489E+03    5.1886E+01    5.9714E+01    2.5408E+01    2.1409E+01    1.7021E+01    7.4883E+01    5.5744E+01    1.8488E+01    5.0662E+00    1.8591E+01    6.5193E+00    1.0016E+01
 1.4494E+03    5.1884E+01    5.9704E+01    2.5408E+01    2.1432E+01    1.7059E+01    7.4875E+01    5.5762E+01    1.8539E+01    5.0866E+00    1.8672E+01    6.3360E+00    1.0121E+01
 1.4499E+03    5.1887E+01    5.9704E+01    2.5420E+01    2.1512E+01    1.7113E+01    7.4878E+01    5.5774E+01    1.8543E+01    5.0662E+00    1.8591E+01    6.5448E+00    1.0016E+01
 1.4504E+03    5.1900E+01    5.9720E+01    2.5479E+01    2.1444E+01    1.7170E+01    7.4878E+01    5.5789E+01    1.8543E+01    5.0866E+00    1.8693E+01    6.5448E+00    1.0016E+01
 1.4510E+03    5.1901E+01    5.9704E+01    2.5479E+01    2.1444E+01    1.7231E+01    7.4908E+01    5.5790E+01    1.8561E+01    5.0866E+00    1.8489E+01    6.3360E+00    1.0016E+01
 1.4515E+03    5.1901E+01    5.9716E+01    2.5383E+01    2.1345E+01    1.7291E+01    7.4889E+01    5.5812E+01    1.8581E+01    5.0866E+00    1.8591E+01    6.5091E+00    1.0121E+01
 1.4520E+03    5.1890E+01    5.9698E+01    2.5209E+01    2.1434E+01    1.7291E+01    7.4888E+01    5.5812E+01    1.8587E+01    5.0866E+00    1.8693E+01    6.3360E+00    1.0121E+01
 1.4525E+03    5.1890E+01    5.9702E+01    2.5209E+01    2.1358E+01    1.7342E+01    7.4881E+01    5.5824E+01    1.8600E+01    5.0866E+00    1.8591E+01    6.5193E+00    1.0016E+01
 1.4532E+03    5.1905E+01    5.9700E+01    2.5072E+01    2.1335E+01    1.7399E+01    7.4862E+01    5.5838E+01    1.8628E+01    5.0866E+00    1.8591E+01    6.3360E+00    1.0016E+01
 1.4537E+03    5.1916E+01    5.9700E+01    2.5150E+01    2.1347E+01    1.7462E+01    7.4862E+01    5.5857E+01    1.8650E+01    5.0866E+00    1.8571E+01    6.4633E+00    1.0016E+01
 1.4542E+03    5.1894E+01    5.9678E+01    2.5182E+01    2.1399E+01    1.7483E+01    7.4862E+01    5.5874E+01    1.8650E+01    5.0866E+00    1.8530E+01    6.3411E+00    1.0016E+01
 1.4547E+03    5.1894E+01    5.9689E+01    2.5265E+01    2.1399E+01    1.7481E+01    7.4866E+01    5.5893E+01    1.8667E+01    5.0866E+00    1.8571E+01    6.4888E+00    1.0121E+01
 1.4553E+03    5.1888E+01    5.9684E+01    2.5172E+01    2.1473E+01    1.7386E+01    7.4860E+01    5.5898E+01    1.8687E+01    5.0866E+00    1.8550E+01    6.3411E+00    1.0016E+01
 1.4558E+03    5.1915E+01    5.9705E+01    2.5144E+01    2.1455E+01    1.7386E+01    7.4860E+01    5.5898E+01    1.8705E+01    5.0866E+00    1.8489E+01    6.4175E+00    1.0016E+01
 1.4563E+03    5.1947E+01    5.9699E+01    2.5144E+01    2.1484E+01    1.7304E+01    7.4872E+01    5.5917E+01    1.8722E+01    5.1070E+00    1.8571E+01    6.3360E+00    9.9090E+00
 1.4568E+03    5.1941E+01    5.9699E+01    2.5174E+01    2.1432E+01    1.7298E+01    7.4884E+01    5.5940E+01    1.8748E+01    5.1070E+00    1.8713E+01    6.4226E+00    1.0121E+01
 1.4574E+03    5.1952E+01    5.9713E+01    2.5163E+01    2.1402E+01    1.7323E+01    7.4884E+01    5.5948E+01    1.8748E+01    5.1070E+00    1.8713E+01    6.5549E+00    1.0121E+01
 1.4579E+03    5.1954E+01    5.9713E+01    2.5098E+01    2.1402E+01    1.7348E+01    7.4888E+01    5.5958E+01    1.8759E+01    5.0866E+00    1.8672E+01    6.3258E+00    9.9090E+00
 1.4584E+03    5.1954E+01    5.9727E+01    2.5200E+01    2.1515E+01    1.7274E+01    7.4911E+01    5.5971E+01    1.8758E+01    5.0866E+00    1.8571E+01    6.5498E+00    1.0121E+01
 1.4589E+03    5.1977E+01    5.9744E+01    2.5358E+01    2.1364E+01    1.7290E+01    7.4937E+01    5.5985E+01    1.8797E+01    5.1070E+00    1.8591E+01    6.3818E+00    1.0121E+01
 1.4595E+03    5.1979E+01    5.9759E+01    2.5358E+01    2.1459E+01    1.7008E+01    7.4921E+01    5.6003E+01    1.8816E+01    5.1070E+00    1.8550E+01    6.3360E+00    9.9090E+00
 1.4600E+03    5.1957E+01    5.9744E+01    2.5354E+01    2.1465E+01    1.6817E+01    7.4926E+01    5.6021E+01    1.8844E+01    5.1070E+00    1.8672E+01    6.4684E+00    1.0121E+01
 1.4605E+03    5.1961E+01    5.9731E+01    2.5327E+01    2.1442E+01    1.6760E+01    7.4926E+01    5.6038E+01    1.8844E+01    5.1070E+00    1.8632E+01    6.3513E+00    1.0016E+01
 1.4610E+03    5.1967E+01    5.9720E+01    2.5269E+01    2.1442E+01    1.6669E+01    7.4920E+01    5.6053E+01    1.8859E+01    5.1070E+00    1.8591E+01    6.4633E+00    1.0016E+01
 1.4616E+03    5.1989E+01    5.9740E+01    2.5297E+01    2.1439E+01    1.6661E+01    7.4908E+01    5.6076E+01    1.8866E+01    5.1070E+00    1.8489E+01    6.5600E+00    1.0016E+01
 1.4621E+03    5.2004E+01    5.9764E+01    2.5266E+01    2.1527E+01    1.6649E+01    7.4948E+01    5.6110E+01    1.8907E+01    5.1070E+00    1.8693E+01    6.5651E+00    1.0016E+01
# Time (s)      T1w (C)       T2w (C)       T1a (C)       T2a (C)       T1r (C)       T2r (C)       T3r (C)       T4r (C)       P1 (bar)      P2 (bar)      Ic (amp)      Qc (l/min)    
 1.4626E+03    5.2012E+01    5.9782E+01    2.5266E+01    2.1628E+01    1.6649E+01    7.4968E+01    5.6110E+01    1.8921E+01    5.1274E+00    1.8713E+01    6.5651E+00    1.0121E+01
 1.4631E+03    5.2006E+01    5.9768E+01    2.5278E+01    2.1502E+01    1.6637E+01    7.4984E+01    5.6118E+01    1.8937E+01    5.1070E+00    1.8591E+01    6.3411E+00    1.0121E+01
 1.4638E+03    5.2018E+01    5.9777E+01    2.5399E+01    2.1602E+01    1.6608E+01    7.5011E+01    5.6135E+01    1.8958E+01    5.1070E+00    1.8713E+01    6.3513E+00    1.0121E+01
 1.4643E+03    5.2038E+01    5.9777E+01    2.5298E+01    2.1544E+01    1.6575E+01    7.5042E+01    5.6151E+01    1.8981E+01    5.1070E+00    1.8652E+01    6.4888E+00    1.0225E+01
 1.4648E+03    5.2035E+01    5.9784E+01    2.5267E+01    2.1544E+01    1.6542E+01    7.5028E+01    5.6141E+01    1.8965E+01    5.1274E+00    1.8591E+01    6.3513E+00    1.0121E+01
 1.4653E+03    5.2020E+01    5.9765E+01    2.5237E+01    2.1566E+01    1.6565E+01    7.5028E+01    5.6142E+01    1.8965E+01    5.1274E+00    1.8489E+01    6.4735E+00    1.0121E+01
 1.4659E+03    5.2028E+01    5.9751E+01    2.5022E+01    2.1487E+01    1.6565E+01    7.5009E+01    5.6149E+01    1.8971E+01    5.1274E+00    1.8632E+01    6.4022E+00    1.0016E+01
 1.4664E+03    5.2033E+01    5.9770E+01    2.5022E+01    2.1555E+01    1.6565E+01    7.5025E+01    5.6149E+01    1.8972E+01    5.1274E+00    1.8611E+01    6.5702E+00    1.0121E+01
 1.4669E+03    5.2027E+01    5.9770E+01    2.5012E+01    2.1568E+01    1.6560E+01    7.5010E+01    5.6145E+01    1.8962E+01    5.1274E+00    1.8550E+01    6.3971E+00    1.0121E+01
 1.4674E+03    5.2032E+01    5.9771E+01    2.4992E+01    2.1599E+01    1.6499E+01    7.5010E+01    5.6164E+01    1.8962E+01    5.1274E+00    1.8591E+01    6.5702E+00    1.0121E+01
 1.4680E+03    5.2053E+01    5.9792E+01    2.5014E+01    2.1536E+01    1.6513E+01    7.5000E+01    5.6168E+01    1.8952E+01    5.1274E+00    1.8693E+01    6.6058E+00    9.8010E+00
 1.4685E+03    5.2069E+01    5.9801E+01    2.4967E+01    2.1536E+01    1.6507E+01    7.5022E+01    5.6173E+01    1.8919E+01    5.1274E+00    1.8652E+01    6.3666E+00    9.9090E+00
 1.4690E+03    5.2055E+01    5.9791E+01    2.5093E+01    2.1594E+01    1.6523E+01    7.5034E+01    5.6185E+01    1.8905E+01    5.1274E+00    1.8530E+01    6.4684E+00    1.0016E+01
 1.4695E+03    5.2061E+01    5.9818E+01    2.5093E+01    2.1585E+01    1.6559E+01    7.5034E+01    5.6185E+01    1.8884E+01    5.1274E+00    1.8652E+01    6.3717E+00    1.0016E+01
 1.4702E+03    5.2066E+01    5.9808E+01    2.5025E+01    2.1602E+01    1.6536E+01    7.5032E+01    5.6182E+01    1.8865E+01    5.1274E+00    1.8774E+01    6.3666E+00    1.0121E+01
 1.4707E+03    5.2074E+01    5.9808E+01    2.4971E+01    2.1599E+01    1.6522E+01    7.5029E+01    5.6188E+01    1.8847E+01    5.1478E+00    1.8774E+01    6.4531E+00    9.9090E+00
 1.4712E+03    5.2051E+01    5.9809E+01    2.5019E+01    2.1482E+01    1.6536E+01    7.5029E+01    5.6191E+01    1.8847E+01    5.1274E+00    1.8795E+01    6.4480E+00    1.0016E+01
 1.4717E+03    5.2055E+01    5.9826E+01    2.5030E+01    2.1482E+01    1.6509E+01    7.5034E+01    5.6164E+01    1.8828E+01    5.1274E+00    1.8632E+01    6.4378E+00    9.9090E+00
 1.4723E+03    5.2049E+01    5.9827E+01    2.5017E+01    2.1489E+01    1.6485E+01    7.5046E+01    5.6160E+01    1.8804E+01    5.1274E+00    1.8713E+01    6.5600E+00    1.0225E+01
 1.4728E+03    5.2049E+01    5.9837E+01    2.5068E+01    2.1509E+01    1.6511E+01    7.5029E+01    5.6156E+01    1.8797E+01    5.1274E+00    1.8835E+01    6.4277E+00    1.0016E+01
 1.4733E+03    5.2066E+01    5.9849E+01    2.5083E+01    2.1588E+01    1.6511E+01    7.5047E+01    5.6156E+01    1.8786E+01    5.1070E+00    1.8693E+01    6.5549E+00    1.0121E+01
 1.4738E+03    5.2075E+01    5.9849E+01    2.5021E+01    2.1671E+01    1.6519E+01    7.5035E+01    5.6149E+01    1.8759E+01    5.1070E+00    1.8672E+01    6.4175E+00    9.9090E+00
 1.4745E+03    5.2081E+01    5.9874E+01    2.5103E+01    2.1637E+01    1.6517E+01    7.5047E+01    5.6145E+01    1.8767E+01    5.1274E+00    1.8652E+01    6.6160E+00    1.0121E+01
 1.4750E+03    5.2098E+01    5.9874E+01    2.5132E+01    2.1615E+01    1.6503E+01    7.5047E+01    5.6139E+01    1.8735E+01    5.1274E+00    1.8611E+01    6.5040E+00    9.9090E+00
 1.4755E+03    5.2078E+01    5.9885E+01    2.5079E+01    2.1615E+01    1.6517E+01    7.5048E+01    5.6136E+01    1.8735E+01    5.1274E+00    1.8713E+01    6.4938E+00    1.0016E+01
 1.4760E+03    5.2078E+01    5.9897E+01    2.5071E+01    2.1582E+01    1.6518E+01    7.5056E+01    5.6121E+01    1.8725E+01    5.1070E+00    1.8774E+01    6.5142E+00    9.9090E+00
 1.4766E+03    5.2109E+01    5.9885E+01    2.5119E+01    2.1533E+01    1.6520E+01    7.5064E+01    5.6121E+01    1.8726E+01    5.1274E+00    1.8795E+01    6.3717E+00    1.0016E+01
 1.4771E+03    5.2072E+01    5.9882E+01    2.5103E+01    2.1550E+01    1.6520E+01    7.5061E+01    5.6121E+01    1.8710E+01    5.1070E+00    1.8733E+01    6.4073E+00    1.0121E+01
 1.4776E+03    5.2083E+01    5.9882E+01    2.4975E+01    2.1422E+01    1.6512E+01    7.5049E+01    5.6095E+01    1.8708E+01    5.1070E+00    1.8652E+01    6.5753E+00    1.0016E+01
 1.4781E+03    5.2094E+01    5.9887E+01    2.5117E+01    2.1498E+01    1.6504E+01    7.5049E+01    5.6102E+01    1.8708E+01    5.1070E+00    1.8591E+01    6.4124E+00    1.0121E+01
# Time (s)      T1w (C)       T2w (C)       T1a (C)       T2a (C)       T1r (C)       T2r (C)       T3r (C)       T4r (C)       P1 (bar)      P2 (bar)      Ic (amp)      Qc (l/min)    
 1.4787E+03    5.2084E+01    5.9886E+01    2.5133E+01    2.1346E+01    1.6515E+01    7.5081E+01    5.6095E+01    1.8692E+01    5.1070E+00    1.8591E+01    6.3615E+00    1.0016E+01
 1.4792E+03    5.2099E+01    5.9914E+01    2.5183E+01    2.1362E+01    1.6550E+01    7.5099E+01    5.6094E+01    1.8681E+01    5.1070E+00    1.8571E+01    6.4989E+00    1.0121E+01
 1.4797E+03    5.2123E+01    5.9914E+01    2.5220E+01    2.1430E+01    1.6550E+01    7.5101E+01    5.6094E+01    1.8694E+01    5.1070E+00    1.8815E+01    6.3717E+00    1.0121E+01
 1.4802E+03    5.2141E+01    5.9946E+01    2.5236E+01    2.1513E+01    1.6552E+01    7.5094E+01    5.6095E+01    1.8689E+01    5.1070E+00    1.8571E+01    6.6211E+00    9.9090E+00
 1.4808E+03    5.2164E+01    5.9946E+01    2.5070E+01    2.1509E+01    1.6553E+01    7.5110E+01    5.6092E+01    1.8683E+01    5.1070E+00    1.8693E+01    6.6008E+00    1.0121E+01
 1.4813E+03    5.2151E+01    5.9946E+01    2.5009E+01    2.1495E+01    1.6567E+01    7.5108E+01    5.6102E+01    1.8672E+01    5.1070E+00    1.8591E+01    6.3818E+00    1.0121E+01
 1.4818E+03    5.2170E+01    5.9955E+01    2.5122E+01    2.1495E+01    1.6580E+01    7.5108E+01    5.6095E+01    1.8672E+01    5.1070E+00    1.8693E+01    6.5651E+00    1.0121E+01
 1.4823E+03    5.2184E+01    5.9968E+01    2.5036E+01    2.1498E+01    1.6584E+01    7.5150E+01    5.6086E+01    1.8695E+01    5.1070E+00    1.8774E+01    6.3971E+00    1.0225E+01
 1.4830E+03    5.2193E+01    5.9978E+01    2.5195E+01    2.1421E+01    1.6566E+01    7.5135E+01    5.6085E+01    1.8649E+01    5.1070E+00    1.8733E+01    6.3768E+00    1.0016E+01
 1.4835E+03    5.2188E+01    5.9986E+01    2.5150E+01    2.1481E+01    1.6566E+01    7.5128E+01    5.6085E+01    1.8649E+01    5.1070E+00    1.8693E+01    6.3971E+00    1.0016E+01
 1.4840E+03    5.2192E+01    5.9979E+01    2.5150E+01    2.1600E+01    1.6549E+01    7.5168E+01    5.6090E+01    1.8639E+01    5.1070E+00    1.8733E+01    6.3971E+00    1.0016E+01
 1.4845E+03    5.2171E+01    5.9964E+01    2.5312E+01    2.1472E+01    1.6577E+01    7.5170E+01    5.6085E+01    1.8640E+01    5.1070E+00    1.8591E+01    6.3818E+00    1.0121E+01
 1.4851E+03    5.2219E+01    5.9960E+01    2.5381E+01    2.1399E+01    1.6599E+01    7.5178E+01    5.6090E+01    1.8629E+01    5.0866E+00    1.8733E+01    6.5753E+00    1.0016E+01
 1.4856E+03    5.2203E+01    5.9983E+01    2.5347E+01    2.1394E+01    1.6601E+01    7.5178E+01    5.6081E+01    1.8629E+01    5.1070E+00    1.8693E+01    6.3768E+00    1.0016E+01
 1.4861E+03    5.2203E+01    6.0000E+01    2.5296E+01    2.1394E+01    1.6586E+01    7.5212E+01    5.6068E+01    1.8620E+01    5.1070E+00    1.8774E+01    6.4073E+00    1.0121E+01
 1.4866E+03    5.2210E+01    5.9995E+01    2.5363E+01    2.1421E+01    1.6586E+01    7.5204E+01    5.6072E+01    1.8621E+01    5.1070E+00    1.8611E+01    6.3818E+00    1.0016E+01
 1.4872E+03    5.2213E+01    5.9997E+01    2.5366E+01    2.1368E+01    1.6599E+01    7.5207E+01    5.6087E+01    1.8628E+01    5.0866E+00    1.8815E+01    6.3920E+00    1.0016E+01
 1.4877E+03    5.2230E+01    6.0006E+01    2.5366E+01    2.1427E+01    1.6577E+01    7.5209E+01    5.6088E+01    1.8615E+01    5.0866E+00    1.8754E+01    6.6364E+00    1.0016E+01
 1.4882E+03    5.2232E+01    6.0021E+01    2.5179E+01    2.1543E+01    1.6574E+01    7.5199E+01    5.6081E+01    1.8602E+01    5.0866E+00    1.8672E+01    6.3717E+00    1.0121E+01
 1.4887E+03    5.2254E+01    6.0028E+01    2.5141E+01    2.1430E+01    1.6576E+01    7.5199E+01    5.6087E+01    1.8602E+01    5.0866E+00    1.8815E+01    6.3768E+00    1.0016E+01
 1.4894E+03    5.2270E+01    6.0023E+01    2.5247E+01    2.1430E+01    1.6535E+01    7.5207E+01    5.6064E+01    1.8604E+01    5.1070E+00    1.8795E+01    6.5804E+00    9.9090E+00
 1.4899E+03    5.2270E+01    6.0049E+01    2.5304E+01    2.1472E+01    1.6553E+01    7.5205E+01    5.6078E+01    1.8615E+01    5.1070E+00    1.8693E+01    6.5702E+00    9.9090E+00
 1.4904E+03    5.2274E+01    6.0053E+01    2.5259E+01    2.1488E+01    1.6537E+01    7.5202E+01    5.6063E+01    1.8561E+01    5.1070E+00    1.8713E+01    6.6109E+00    1.0016E+01
 1.4909E+03    5.2261E+01    6.0049E+01    2.5259E+01    2.1473E+01    1.6589E+01    7.5261E+01    5.6063E+01    1.8569E+01    5.0866E+00    1.8632E+01    6.3920E+00    1.0016E+01
 1.4915E+03    5.2273E+01    6.0056E+01    2.5192E+01    2.1429E+01    1.6580E+01    7.5247E+01    5.6050E+01    1.8543E+01    5.0866E+00    1.8815E+01    6.4684E+00    1.0225E+01
 1.4920E+03    5.2272E+01    6.0056E+01    2.5146E+01    2.1303E+01    1.6579E+01    7.5266E+01    5.6038E+01    1.8524E+01    5.1070E+00    1.8856E+01    6.6313E+00    1.0016E+01
 1.4925E+03    5.2251E+01    6.0047E+01    2.5201E+01    2.1312E+01    1.6590E+01    7.5266E+01    5.6041E+01    1.8524E+01    5.1070E+00    1.8815E+01    6.6211E+00    1.0121E+01
 1.4930E+03    5.2251E+01    6.0044E+01    2.5181E+01    2.1312E+01    1.6627E+01    7.5262E+01    5.6029E+01    1.8532E+01    5.1070E+00    1.8754E+01    6.6058E+00    1.0016E+01
 1.4936E+03    5.2254E+01    6.0055E+01    2.5195E+01    2.1396E+01    1.6664E+01    7.5270E+01    5.6020E+01    1.8513E+01    5.0866E+00    1.8733E+01    6.5040E+00    1.0016E+01
 1.4941E+03    5.2256E+01    6.0058E+01    2.5244E+01    2.1406E+01    1.6664E+01    7.5276E+01    5.6020E+01    1.8506E+01    5.0866E+00    1.8713E+01    6.3869E+00    1.0121E+01
# Time (s)      T1w (C)       T2w (C)       T1a (C)       T2a (C)       T1r (C)       T2r (C)       T3r (C)       T4r (C)       P1 (bar)      P2 (bar)      Ic (amp)      Qc (l/min)    
 1.4946E+03    5.2268E+01    6.0067E+01    2.5244E+01    2.1371E+01    1.6699E+01    7.5275E+01    5.6024E+01    1.8495E+01    5.0866E+00    1.8611E+01    6.5448E+00    1.0016E+01
 1.4951E+03    5.2265E+01    6.0067E+01    2.5313E+01    2.1440E+01    1.6738E+01    7.5278E+01    5.6024E+01    1.8491E+01    5.0866E+00    1.8693E+01    6.3818E+00    1.0016E+01
 1.4958E+03    5.2261E+01    6.0048E+01    2.5293E+01    2.1497E+01    1.6697E+01    7.5266E+01    5.6029E+01    1.8478E+01    5.0866E+00    1.8795E+01    6.4124E+00    9.9090E+00
 1.4963E+03    5.2293E+01    6.0062E+01    2.5313E+01    2.1402E+01    1.6721E+01    7.5252E+01    5.6015E+01    1.8462E+01    5.0866E+00    1.8835E+01    6.5753E+00    1.0121E+01
 1.4968E+03    5.2293E+01    6.0073E+01    2.5287E+01    2.1402E+01    1.6773E+01    7.5271E+01    5.6015E+01    1.8470E+01    5.0866E+00    1.8672E+01    6.3920E+00    9.9090E+00
 1.4973E+03    5.2299E+01    6.0103E+01    2.5327E+01    2.1460E+01    1.6757E+01    7.5255E+01    5.6000E+01    1.8457E+01    5.0866E+00    1.8693E+01    6.5295E+00    1.0016E+01
 1.4979E+03    5.2312E+01    6.0103E+01    2.5347E+01    2.1341E+01    1.6777E+01    7.5257E+01    5.6009E+01    1.8439E+01    5.0866E+00    1.8795E+01    6.4480E+00    1.0016E+01
 1.4984E+03    5.2312E+01    6.0102E+01    2.5347E+01    2.1420E+01    1.6868E+01    7.5278E+01    5.6020E+01    1.8444E+01    5.0866E+00    1.8754E+01    6.5855E+00    1.0016E+01
 1.4989E+03    5.2325E+01    6.0102E+01    2.5333E+01    2.1377E+01    1.6980E+01    7.5298E+01    5.6022E+01    1.8417E+01    5.0866E+00    1.8652E+01    6.4073E+00    1.0121E+01
 1.4994E+03    5.2333E+01    6.0113E+01    2.5407E+01    2.1372E+01    1.7076E+01    7.5312E+01    5.6040E+01    1.8432E+01    5.0866E+00    1.8672E+01    6.6109E+00    1.0121E+01
 1.5000E+03    5.2336E+01    6.0130E+01    2.5429E+01    2.1477E+01    1.7074E+01    7.5311E+01    5.6035E+01    1.8457E+01    5.0662E+00    1.8733E+01    6.3818E+00    1.0016E+01
 1.5005E+03    5.2336E+01    6.0117E+01    2.5299E+01    2.1477E+01    1.7084E+01    7.5337E+01    5.6053E+01    1.8458E+01    5.0866E+00    1.8754E+01    6.4837E+00    1.0016E+01
 1.5010E+03    5.2352E+01    6.0138E+01    2.5143E+01    2.1368E+01    1.7084E+01    7.5344E+01    5.6053E+01    1.8467E+01    5.0866E+00    1.8632E+01    6.3768E+00    1.0121E+01
 1.5015E+03    5.2344E+01    6.0133E+01    2.5128E+01    2.1327E+01    1.7110E+01    7.5383E+01    5.6059E+01    1.8485E+01    5.0866E+00    1.8632E+01    6.4378E+00    1.0016E+01
 1.5022E+03    5.2344E+01    6.0113E+01    2.5077E+01    2.1293E+01    1.7129E+01    7.5408E+01    5.6081E+01    1.8499E+01    5.0866E+00    1.8754E+01    6.4786E+00    9.9090E+00
 1.5027E+03    5.2318E+01    6.0113E+01    2.5022E+01    2.1369E+01    1.6999E+01    7.5447E+01    5.6093E+01    1.8534E+01    5.0662E+00    1.8733E+01    6.3818E+00    1.0121E+01
 1.5032E+03    5.2350E+01    6.0119E+01    2.4978E+01    2.1489E+01    1.6750E+01    7.5433E+01    5.6078E+01    1.8518E+01    5.0662E+00    1.8856E+01    6.6313E+00    9.9090E+00
 1.5037E+03    5.2350E+01    6.0119E+01    2.4968E+01    2.1489E+01    1.6654E+01    7.5435E+01    5.6086E+01    1.8542E+01    5.0866E+00    1.8652E+01    6.3717E+00    1.0121E+01
 1.5043E+03    5.2332E+01    6.0103E+01    2.4963E+01    2.1398E+01    1.6658E+01    7.5439E+01    5.6096E+01    1.8575E+01    5.0866E+00    1.8815E+01    6.4480E+00    1.0016E+01
 1.5048E+03    5.2343E+01    6.0101E+01    2.4977E+01    2.1293E+01    1.6658E+01    7.5465E+01    5.6096E+01    1.8586E+01    5.0866E+00    1.8835E+01    6.3869E+00    1.0121E+01
 1.5053E+03    5.2326E+01    6.0083E+01    2.4962E+01    2.1364E+01    1.6683E+01    7.5454E+01    5.6080E+01    1.8567E+01    5.0866E+00    1.8774E+01    6.5091E+00    1.0121E+01
 1.5058E+03    5.2331E+01    6.0083E+01    2.4965E+01    2.1392E+01    1.6705E+01    7.5467E+01    5.6107E+01    1.8587E+01    5.0866E+00    1.8795E+01    6.3818E+00    1.0016E+01
 1.5065E+03    5.2361E+01    6.0110E+01    2.4934E+01    2.1340E+01    1.6770E+01    7.5473E+01    5.6114E+01    1.8580E+01    5.0866E+00    1.8876E+01    6.4226E+00    1.0016E+01
 1.5070E+03    5.2361E+01    6.0102E+01    2.4924E+01    2.1287E+01    1.6856E+01    7.5473E+01    5.6119E+01    1.8580E+01    5.0866E+00    1.8856E+01    6.4124E+00    1.0016E+01
 1.5075E+03    5.2353E+01    6.0110E+01    2.4849E+01    2.1287E+01    1.6905E+01    7.5465E+01    5.6113E+01    1.8596E+01    5.0866E+00    1.8815E+01    6.3818E+00    1.0016E+01
 1.5080E+03    5.2353E+01    6.0109E+01    2.4870E+01    2.1258E+01    1.6951E+01    7.5463E+01    5.6140E+01    1.8604E+01    5.0866E+00    1.8713E+01    6.3818E+00    1.0225E+01
 1.5086E+03    5.2357E+01    6.0113E+01    2.4945E+01    2.1345E+01    1.6951E+01    7.5480E+01    5.6140E+01    1.8597E+01    5.0662E+00    1.8774E+01    6.3818E+00    1.0121E+01
 1.5091E+03    5.2367E+01    6.0136E+01    2.4945E+01    2.1330E+01    1.7010E+01    7.5484E+01    5.6135E+01    1.8603E+01    5.0866E+00    1.8774E+01    6.4226E+00    1.0016E+01
 1.5096E+03    5.2397E+01    6.0150E+01    2.5001E+01    2.1427E+01    1.7118E+01    7.5499E+01    5.6150E+01    1.8599E+01    5.0866E+00    1.8652E+01    6.3768E+00    1.0016E+01
 1.5101E+03    5.2408E+01    6.0145E+01    2.4990E+01    2.1503E+01    1.7235E+01    7.5499E+01    5.6153E+01    1.8599E+01    5.0866E+00    1.8652E+01    6.5498E+00    1.0016E+01
# Time (s)      T1w (C)       T2w (C)       T1a (C)       T2a (C)       T1r (C)       T2r (C)       T3r (C)       T4r (C)       P1 (bar)      P2 (bar)      Ic (amp)      Qc (l/min)    
 1.5107E+03    5.2408E+01    6.0145E+01    2.4931E+01    2.1503E+01    1.7320E+01    7.5517E+01    5.6179E+01    1.8606E+01    5.0866E+00    1.8815E+01    6.5804E+00    1.0016E+01
 1.5112E+03    5.2408E+01    6.0168E+01    2.4958E+01    2.1444E+01    1.7348E+01    7.5513E+01    5.6177E+01    1.8621E+01    5.0662E+00    1.8754E+01    6.3818E+00    1.0016E+01
 1.5117E+03    5.2443E+01    6.0171E+01    2.5021E+01    2.1429E+01    1.7348E+01    7.5510E+01    5.6177E+01    1.8623E+01    5.0866E+00    1.8652E+01    6.3869E+00    9.9090E+00
 1.5122E+03    5.2443E+01    6.0169E+01    2.5021E+01    2.1434E+01    1.7410E+01    7.5526E+01    5.6192E+01    1.8649E+01    5.0866E+00    1.8856E+01    6.4684E+00    1.0016E+01
 1.5128E+03    5.2446E+01    6.0164E+01    2.5110E+01    2.1534E+01    1.7440E+01    7.5517E+01    5.6203E+01    1.8671E+01    5.0866E+00    1.8733E+01    6.5702E+00    1.0121E+01
 1.5133E+03    5.2432E+01    6.0164E+01    2.5051E+01    2.1413E+01    1.7343E+01    7.5517E+01    5.6213E+01    1.8705E+01    5.0866E+00    1.8774E+01    6.4175E+00    1.0121E+01
 1.5138E+03    5.2445E+01    6.0166E+01    2.5105E+01    2.1413E+01    1.7148E+01    7.5551E+01    5.6236E+01    1.8705E+01    5.0866E+00    1.8733E+01    6.4328E+00    1.0225E+01
 1.5143E+03    5.2445E+01    6.0167E+01    2.5002E+01    2.1372E+01    1.7062E+01    7.5573E+01    5.6219E+01    1.8721E+01    5.0866E+00    1.8896E+01    6.5804E+00    1.0121E+01
 1.5150E+03    5.2447E+01    6.0179E+01    2.5194E+01    2.1479E+01    1.7033E+01    7.5596E+01    5.6239E+01    1.8735E+01    5.1070E+00    1.8693E+01    6.3869E+00    1.0121E+01
 1.5155E+03    5.2448E+01    6.0154E+01    2.5244E+01    2.1376E+01    1.7017E+01    7.5585E+01    5.6224E+01    1.8729E+01    5.1070E+00    1.8856E+01    6.3818E+00    9.9090E+00
 1.5160E+03    5.2440E+01    6.0153E+01    2.5244E+01    2.1497E+01    1.6887E+01    7.5593E+01    5.6228E+01    1.8766E+01    5.0866E+00    1.8713E+01    6.3768E+00    1.0016E+01
 1.5165E+03    5.2453E+01    6.0153E+01    2.5235E+01    2.1529E+01    1.6800E+01    7.5590E+01    5.6246E+01    1.8770E+01    5.1070E+00    1.8733E+01    6.4226E+00    9.9090E+00
 1.5172E+03    5.2453E+01    6.0154E+01    2.5313E+01    2.1610E+01    1.6797E+01    7.5598E+01    5.6248E+01    1.8766E+01    5.1070E+00    1.8652E+01    6.3920E+00    1.0121E+01
 1.5177E+03    5.2459E+01    6.0171E+01    2.5464E+01    2.1519E+01    1.6814E+01    7.5584E+01    5.6243E+01    1.8750E+01    5.1070E+00    1.8693E+01    6.4989E+00    9.9090E+00
 1.5182E+03    5.2452E+01    6.0168E+01    2.5468E+01    2.1519E+01    1.6898E+01    7.5572E+01    5.6274E+01    1.8770E+01    5.1070E+00    1.8672E+01    6.4735E+00    1.0016E+01
 1.5187E+03    5.2452E+01    6.0174E+01    2.5436E+01    2.1517E+01    1.6898E+01    7.5593E+01    5.6274E+01    1.8794E+01    5.1070E+00    1.8652E+01    6.6313E+00    1.0121E+01
 1.5193E+03    5.2454E+01    6.0181E+01    2.5325E+01    2.1522E+01    1.6821E+01    7.5567E+01    5.6280E+01    1.8800E+01    5.1070E+00    1.8856E+01    6.6364E+00    1.0016E+01
 1.5198E+03    5.2477E+01    6.0190E+01    2.5340E+01    2.1515E+01    1.6757E+01    7.5558E+01    5.6299E+01    1.8812E+01    5.1274E+00    1.8815E+01    6.3971E+00    1.0225E+01
 1.5203E+03    5.2476E+01    6.0190E+01    2.5302E+01    2.1504E+01    1.6708E+01    7.5557E+01    5.6305E+01    1.8849E+01    5.1070E+00    1.8733E+01    6.6466E+00    1.0016E+01
 1.5208E+03    5.2509E+01    6.0210E+01    2.5307E+01    2.1542E+01    1.6728E+01    7.5557E+01    5.6321E+01    1.8849E+01    5.1274E+00    1.8693E+01    6.3920E+00    1.0016E+01
 1.5214E+03    5.2474E+01    6.0210E+01    2.5247E+01    2.1508E+01    1.6727E+01    7.5549E+01    5.6325E+01    1.8851E+01    5.1070E+00    1.8856E+01    6.6058E+00    1.0121E+01
 1.5219E+03    5.2474E+01    6.0197E+01    2.5428E+01    2.1508E+01    1.6680E+01    7.5573E+01    5.6357E+01    1.8855E+01    5.1274E+00    1.8876E+01    6.6262E+00    1.0121E+01
 1.5224E+03    5.2489E+01    6.0207E+01    2.5444E+01    2.1535E+01    1.6696E+01    7.5573E+01    5.6372E+01    1.8880E+01    5.1274E+00    1.8733E+01    6.5600E+00    1.0016E+01
 1.5229E+03    5.2473E+01    6.0208E+01    2.5444E+01    2.1508E+01    1.6694E+01    7.5606E+01    5.6384E+01    1.8883E+01    5.1274E+00    1.8754E+01    6.6466E+00    1.0121E+01
 1.5235E+03    5.2462E+01    6.0223E+01    2.5540E+01    2.1602E+01    1.6642E+01    7.5601E+01    5.6382E+01    1.8882E+01    5.1070E+00    1.8815E+01    6.6211E+00    1.0016E+01
 1.5240E+03    5.2487E+01    6.0223E+01    2.5513E+01    2.1624E+01    1.6624E+01    7.5610E+01    5.6395E+01    1.8898E+01    5.1274E+00    1.8795E+01    6.4378E+00    1.0016E+01
 1.5245E+03    5.2484E+01    6.0225E+01    2.5407E+01    2.1624E+01    1.6656E+01    7.5610E+01    5.6402E+01    1.8898E+01    5.1274E+00    1.8856E+01    6.6364E+00    1.0016E+01
 1.5250E+03    5.2484E+01    6.0222E+01    2.5406E+01    2.1671E+01    1.6671E+01    7.5618E+01    5.6405E+01    1.8912E+01    5.1274E+00    1.8693E+01    6.4938E+00    1.0016E+01
 1.5257E+03    5.2484E+01    6.0241E+01    2.5484E+01    2.1706E+01    1.6649E+01    7.5580E+01    5.6422E+01    1.8902E+01    5.1274E+00    1.8896E+01    6.6517E+00    9.9090E+00
 1.5262E+03    5.2478E+01    6.0251E+01    2.5544E+01    2.1734E+01    1.6649E+01    7.5599E+01    5.6422E+01    1.8902E+01    5.1274E+00    1.8876E+01    6.6008E+00    9.9090E+00
# Time (s)      T1w (C)       T2w (C)       T1a (C)       T2a (C)       T1r (C)       T2r (C)       T3r (C)       T4r (C)       P1 (bar)      P2 (bar)      Ic (amp)      Qc (l/min)    
 1.5267E+03    5.2485E+01    6.0236E+01    2.5544E+01    2.1618E+01    1.6594E+01    7.5595E+01    5.6405E+01    1.8882E+01    5.1274E+00    1.8815E+01    6.6415E+00    1.0121E+01
 1.5272E+03    5.2479E+01    6.0236E+01    2.5612E+01    2.1649E+01    1.6567E+01    7.5587E+01    5.6415E+01    1.8885E+01    5.1274E+00    1.8835E+01    6.6211E+00    1.0121E+01
 1.5279E+03    5.2480E+01    6.0252E+01    2.5529E+01    2.1685E+01    1.6585E+01    7.5610E+01    5.6436E+01    1.8893E+01    5.1274E+00    1.8774E+01    6.4175E+00    1.0121E+01
 1.5284E+03    5.2476E+01    6.0241E+01    2.5528E+01    2.1587E+01    1.6614E+01    7.5610E+01    5.6420E+01    1.8893E+01    5.1274E+00    1.8917E+01    6.6720E+00    1.0016E+01
 1.5289E+03    5.2465E+01    6.0244E+01    2.5773E+01    2.1587E+01    1.6625E+01    7.5594E+01    5.6428E+01    1.8863E+01    5.1274E+00    1.8937E+01    6.4226E+00    1.0016E+01
 1.5294E+03    5.2465E+01    6.0234E+01    2.5741E+01    2.1618E+01    1.6649E+01    7.5599E+01    5.6422E+01    1.8832E+01    5.1274E+00    1.8856E+01    6.6720E+00    1.0016E+01
 1.5300E+03    5.2452E+01    6.0260E+01    2.5758E+01    2.1586E+01    1.6649E+01    7.5592E+01    5.6422E+01    1.8825E+01    5.1274E+00    1.8795E+01    6.4480E+00    1.0121E+01
 1.5305E+03    5.2462E+01    6.0263E+01    2.5758E+01    2.1608E+01    1.6671E+01    7.5601E+01    5.6418E+01    1.8800E+01    5.1274E+00    1.8795E+01    6.6160E+00    1.0121E+01
 1.5310E+03    5.2479E+01    6.0263E+01    2.5560E+01    2.1547E+01    1.6676E+01    7.5611E+01    5.6418E+01    1.8781E+01    5.1274E+00    1.8835E+01    6.4480E+00    1.0121E+01
 1.5315E+03    5.2479E+01    6.0273E+01    2.5561E+01    2.1576E+01    1.6707E+01    7.5611E+01    5.6422E+01    1.8781E+01    5.1274E+00    1.8917E+01    6.6720E+00    1.0016E+01
 1.5320E+03    5.2491E+01    6.0279E+01    2.5554E+01    2.1576E+01    1.6701E+01    7.5609E+01    5.6427E+01    1.8770E+01    5.1274E+00    1.8957E+01    6.4226E+00    1.0016E+01
 1.5325E+03    5.2505E+01    6.0303E+01    2.5637E+01    2.1585E+01    1.6681E+01    7.5627E+01    5.6418E+01    1.8779E+01    5.1070E+00    1.8937E+01    6.6669E+00    1.0016E+01
 1.5330E+03    5.2509E+01    6.0308E+01    2.5744E+01    2.1581E+01    1.6681E+01    7.5636E+01    5.6418E+01    1.8781E+01    5.1274E+00    1.8835E+01    6.4124E+00    1.0016E+01
 1.5336E+03    5.2514E+01    6.0304E+01    2.5744E+01    2.1615E+01    1.6652E+01    7.5661E+01    5.6432E+01    1.8791E+01    5.1274E+00    1.8937E+01    6.4531E+00    1.0121E+01
 1.5342E+03    5.2523E+01    6.0311E+01    2.5771E+01    2.1550E+01    1.6597E+01    7.5648E+01    5.6441E+01    1.8776E+01    5.1274E+00    1.8733E+01    6.4124E+00    1.0016E+01
 1.5347E+03    5.2517E+01    6.0311E+01    2.5795E+01    2.1484E+01    1.6567E+01    7.5662E+01    5.6444E+01    1.8792E+01    5.1070E+00    1.8733E+01    6.4989E+00    9.9090E+00
 1.5352E+03    5.2520E+01    6.0328E+01    2.5835E+01    2.1484E+01    1.6548E+01    7.5681E+01    5.6423E+01    1.8797E+01    5.1274E+00    1.8957E+01    6.4175E+00    1.0121E+01
 1.5357E+03    5.2520E+01    6.0324E+01    2.5762E+01    2.1478E+01    1.6578E+01    7.5716E+01    5.6432E+01    1.8793E+01    5.1274E+00    1.8957E+01    6.4786E+00    9.9090E+00
 1.5363E+03    5.2522E+01    6.0324E+01    2.5642E+01    2.1592E+01    1.6603E+01    7.5718E+01    5.6434E+01    1.8782E+01    5.1274E+00    1.8754E+01    6.5498E+00    1.0016E+01
 1.5368E+03    5.2518E+01    6.0317E+01    2.5610E+01    2.1555E+01    1.6603E+01    7.5725E+01    5.6434E+01    1.8745E+01    5.1274E+00    1.8896E+01    6.5397E+00    1.0016E+01
 1.5373E+03    5.2526E+01    6.0325E+01    2.5610E+01    2.1553E+01    1.6624E+01    7.5723E+01    5.6434E+01    1.8738E+01    5.1070E+00    1.8795E+01    6.4175E+00    1.0121E+01
 1.5378E+03    5.2529E+01    6.0325E+01    2.5715E+01    2.1580E+01    1.6630E+01    7.5723E+01    5.6434E+01    1.8738E+01    5.1274E+00    1.8733E+01    6.4989E+00    1.0121E+01
 1.5385E+03    5.2540E+01    6.0329E+01    2.5626E+01    2.1534E+01    1.6615E+01    7.5725E+01    5.6405E+01    1.8734E+01    5.1070E+00    1.8754E+01    6.6466E+00    1.0016E+01
 1.5390E+03    5.2540E+01    6.0332E+01    2.5646E+01    2.1525E+01    1.6585E+01    7.5725E+01    5.6407E+01    1.8734E+01    5.1070E+00    1.8733E+01    6.4175E+00    1.0016E+01
 1.5395E+03    5.2527E+01    6.0331E+01    2.5788E+01    2.1525E+01    1.6552E+01    7.5748E+01    5.6402E+01    1.8716E+01    5.1070E+00    1.8835E+01    6.5193E+00    1.0016E+01
 1.5400E+03    5.2527E+01    6.0327E+01    2.5832E+01    2.1531E+01    1.6552E+01    7.5723E+01    5.6402E+01    1.8708E+01    5.1070E+00    1.8978E+01    6.4226E+00    1.0016E+01
 1.5406E+03    5.2529E+01    6.0347E+01    2.5761E+01    2.1615E+01    1.6498E+01    7.5749E+01    5.6404E+01    1.8708E+01    5.1070E+00    1.8937E+01    6.6567E+00    1.0121E+01
 1.5411E+03    5.2530E+01    6.0345E+01    2.5761E+01    2.1519E+01    1.6486E+01    7.5756E+01    5.6399E+01    1.8695E+01    5.1070E+00    1.8876E+01    6.4531E+00    1.0121E+01
 1.5416E+03    5.2528E+01    6.0345E+01    2.5726E+01    2.1564E+01    1.6491E+01    7.5756E+01    5.6390E+01    1.8695E+01    5.1070E+00    1.8978E+01    6.6466E+00    1.0016E+01
 1.5421E+03    5.2540E+01    6.0345E+01    2.5709E+01    2.1564E+01    1.6505E+01    7.5745E+01    5.6402E+01    1.8695E+01    5.1070E+00    1.8998E+01    6.6415E+00    1.0225E+01
# Time (s)      T1w (C)       T2w (C)       T1a (C)       T2a (C)       T1r (C)       T2r (C)       T3r (C)       T4r (C)       P1 (bar)      P2 (bar)      Ic (amp)      Qc (l/min)    
 1.5427E+03    5.2553E+01    6.0359E+01    2.5649E+01    2.1550E+01    1.6568E+01    7.5750E+01    5.6396E+01    1.8682E+01    5.1070E+00    1.8754E+01    6.4022E+00    1.0016E+01
 1.5432E+03    5.2553E+01    6.0362E+01    2.5409E+01    2.1400E+01    1.6605E+01    7.5766E+01    5.6398E+01    1.8665E+01    5.1070E+00    1.8917E+01    6.6771E+00    1.0016E+01
 1.5437E+03    5.2547E+01    6.0356E+01    2.5417E+01    2.1544E+01    1.6621E+01    7.5796E+01    5.6412E+01    1.8675E+01    5.1070E+00    1.8937E+01    6.6720E+00    1.0016E+01
 1.5442E+03    5.2545E+01    6.0368E+01    2.5417E+01    2.1500E+01    1.6622E+01    7.5807E+01    5.6411E+01    1.8664E+01    5.1070E+00    1.8795E+01    6.4328E+00    1.0016E+01
 1.5449E+03    5.2570E+01    6.0366E+01    2.5445E+01    2.1619E+01    1.6669E+01    7.5829E+01    5.6413E+01    1.8681E+01    5.1070E+00    1.8998E+01    6.4175E+00    1.0121E+01
 1.5454E+03    5.2561E+01    6.0366E+01    2.5363E+01    2.1519E+01    1.6670E+01    7.5844E+01    5.6415E+01    1.8671E+01    5.1070E+00    1.8937E+01    6.5753E+00    1.0121E+01
 1.5459E+03    5.2569E+01    6.0356E+01    2.5353E+01    2.1519E+01    1.6701E+01    7.5858E+01    5.6444E+01    1.8687E+01    5.1070E+00    1.8856E+01    6.4226E+00    1.0121E+01
 1.5464E+03    5.2569E+01    6.0355E+01    2.5419E+01    2.1557E+01    1.6673E+01    7.5870E+01    5.6431E+01    1.8678E+01    5.0866E+00    1.8754E+01    6.5397E+00    1.0016E+01
 1.5470E+03    5.2568E+01    6.0368E+01    2.5465E+01    2.1582E+01    1.6654E+01    7.5881E+01    5.6449E+01    1.8691E+01    5.1070E+00    1.8835E+01    6.6211E+00    1.0121E+01
 1.5475E+03    5.2568E+01    6.0372E+01    2.5330E+01    2.1588E+01    1.6654E+01    7.5882E+01    5.6449E+01    1.8685E+01    5.1070E+00    1.8957E+01    6.4124E+00    1.0016E+01
 1.5480E+03    5.2558E+01    6.0374E+01    2.5330E+01    2.1610E+01    1.6636E+01    7.5859E+01    5.6434E+01    1.8665E+01    5.1070E+00    1.8835E+01    6.4735E+00    1.0016E+01
 1.5485E+03    5.2566E+01    6.0374E+01    2.5320E+01    2.1570E+01    1.6639E+01    7.5863E+01    5.6462E+01    1.8658E+01    5.1070E+00    1.8774E+01    6.4378E+00    1.0121E+01
 1.5492E+03    5.2569E+01    6.0368E+01    2.5498E+01    2.1556E+01    1.6708E+01    7.5884E+01    5.6464E+01    1.8652E+01    5.0866E+00    1.8998E+01    6.6822E+00    1.0225E+01
 1.5497E+03    5.2580E+01    6.0368E+01    2.5595E+01    2.1504E+01    1.6748E+01    7.5884E+01    5.6457E+01    1.8652E+01    5.0866E+00    1.8957E+01    6.4328E+00    1.0016E+01
 1.5502E+03    5.2578E+01    6.0374E+01    2.5529E+01    2.1504E+01    1.6797E+01    7.5889E+01    5.6445E+01    1.8653E+01    5.0866E+00    1.8998E+01    6.6058E+00    1.0121E+01
 1.5507E+03    5.2578E+01    6.0376E+01    2.5554E+01    2.1534E+01    1.6797E+01    7.5903E+01    5.6445E+01    1.8649E+01    5.0866E+00    1.8835E+01    6.4226E+00    1.0016E+01
 1.5513E+03    5.2575E+01    6.0374E+01    2.5521E+01    2.1548E+01    1.6772E+01    7.5917E+01    5.6472E+01    1.8619E+01    5.0866E+00    1.8856E+01    6.4226E+00    9.9090E+00
 1.5518E+03    5.2576E+01    6.0385E+01    2.5521E+01    2.1400E+01    1.6755E+01    7.5921E+01    5.6452E+01    1.8603E+01    5.0866E+00    1.8815E+01    6.5804E+00    1.0016E+01
 1.5523E+03    5.2569E+01    6.0385E+01    2.5461E+01    2.1450E+01    1.6721E+01    7.5921E+01    5.6445E+01    1.8607E+01    5.0866E+00    1.8917E+01    6.4328E+00    1.0225E+01
 1.5528E+03    5.2566E+01    6.0378E+01    2.5402E+01    2.1450E+01    1.6750E+01    7.5946E+01    5.6448E+01    1.8607E+01    5.0866E+00    1.8957E+01    6.5753E+00    1.0121E+01
 1.5534E+03    5.2582E+01    6.0388E+01    2.5293E+01    2.1445E+01    1.6801E+01    7.5964E+01    5.6456E+01    1.8599E+01    5.0866E+00    1.8856E+01    6.4277E+00    1.0225E+01
 1.5539E+03    5.2597E+01    6.0402E+01    2.5257E+01    2.1415E+01    1.6830E+01    7.5980E+01    5.6465E+01    1.8593E+01    5.0866E+00    1.8795E+01    6.4888E+00    1.0121E+01
 1.5544E+03    5.2586E+01    6.0408E+01    2.5212E+01    2.1414E+01    1.6830E+01    7.5992E+01    5.6465E+01    1.8590E+01    5.0866E+00    1.8856E+01    6.4073E+00    1.0016E+01
 1.5549E+03    5.2606E+01    6.0412E+01    2.5227E+01    2.1412E+01    1.6882E+01    7.6020E+01    5.6459E+01    1.8579E+01    5.0866E+00    1.8978E+01    6.4837E+00    1.0121E+01
 1.5556E+03    5.2622E+01    6.0428E+01    2.5204E+01    2.1534E+01    1.6819E+01    7.6011E+01    5.6446E+01    1.8578E+01    5.0866E+00    1.8978E+01    6.6517E+00    1.0225E+01
 1.5561E+03    5.2631E+01    6.0428E+01    2.5202E+01    2.1452E+01    1.6811E+01    7.6007E+01    5.6435E+01    1.8556E+01    5.0866E+00    1.8957E+01    6.4837E+00    1.0121E+01
 1.5566E+03    5.2637E+01    6.0444E+01    2.5230E+01    2.1468E+01    1.6807E+01    7.6007E+01    5.6456E+01    1.8556E+01    5.0866E+00    1.8917E+01    6.6415E+00    9.9090E+00
 1.5571E+03    5.2656E+01    6.0456E+01    2.5075E+01    2.1410E+01    1.6812E+01    7.6009E+01    5.6469E+01    1.8596E+01    5.0866E+00    1.8978E+01    6.4175E+00    9.9090E+00
 1.5577E+03    5.2656E+01    6.0447E+01    2.5044E+01    2.1380E+01    1.6871E+01    7.6010E+01    5.6457E+01    1.8561E+01    5.0866E+00    1.8876E+01    6.4226E+00    1.0121E+01
 1.5582E+03    5.2661E+01    6.0445E+01    2.5121E+01    2.1446E+01    1.6871E+01    7.6001E+01    5.6457E+01    1.8566E+01    5.0866E+00    1.8876E+01    6.6720E+00    1.0121E+01
# Time (s)      T1w (C)       T2w (C)       T1a (C)       T2a (C)       T1r (C)       T2r (C)       T3r (C)       T4r (C)       P1 (bar)      P2 (bar)      Ic (amp)      Qc (l/min)    
 1.5587E+03    5.2665E+01    6.0450E+01    2.5121E+01    2.1436E+01    1.6934E+01    7.6028E+01    5.6454E+01    1.8559E+01    5.0866E+00    1.8774E+01    6.4124E+00    1.0016E+01
 1.5592E+03    5.2677E+01    6.0450E+01    2.5178E+01    2.1519E+01    1.6946E+01    7.6028E+01    5.6457E+01    1.8544E+01    5.0662E+00    1.8937E+01    6.5549E+00    1.0121E+01
 1.5599E+03    5.2673E+01    6.0444E+01    2.5220E+01    2.1488E+01    1.6994E+01    7.6034E+01    5.6450E+01    1.8560E+01    5.0662E+00    1.8957E+01    6.4938E+00    1.0225E+01
 1.5604E+03    5.2669E+01    6.0447E+01    2.5125E+01    2.1430E+01    1.6954E+01    7.6034E+01    5.6445E+01    1.8560E+01    5.0866E+00    1.8978E+01    6.5957E+00    1.0121E+01
 1.5609E+03    5.2655E+01    6.0462E+01    2.5176E+01    2.1430E+01    1.6858E+01    7.6037E+01    5.6436E+01    1.8559E+01    5.0662E+00    1.8896E+01    6.4989E+00    1.0225E+01
 1.5614E+03    5.2655E+01    6.0458E+01    2.5154E+01    2.1394E+01    1.6858E+01    7.6054E+01    5.6436E+01    1.8551E+01    5.0662E+00    1.8896E+01    6.6567E+00    1.0121E+01
 1.5620E+03    5.2681E+01    6.0470E+01    2.5272E+01    2.1424E+01    1.6840E+01    7.6035E+01    5.6441E+01    1.8544E+01    5.0866E+00    1.8795E+01    6.6364E+00    1.0121E+01
 1.5625E+03    5.2685E+01    6.0463E+01    2.5272E+01    2.1424E+01    1.6871E+01    7.6067E+01    5.6443E+01    1.8567E+01    5.0866E+00    1.8917E+01    6.4124E+00    1.0016E+01
 1.5630E+03    5.2681E+01    6.0463E+01    2.5314E+01    2.1430E+01    1.6871E+01    7.6053E+01    5.6436E+01    1.8540E+01    5.0866E+00    1.8795E+01    6.4582E+00    1.0016E+01
 1.5635E+03    5.2701E+01    6.0464E+01    2.5280E+01    2.1430E+01    1.6945E+01    7.6053E+01    5.6431E+01    1.8540E+01    5.0662E+00    1.8896E+01    6.4175E+00    1.0016E+01
 1.5642E+03    5.2701E+01    6.0474E+01    2.5336E+01    2.1396E+01    1.7003E+01    7.6088E+01    5.6435E+01    1.8559E+01    5.0866E+00    1.8937E+01    6.5753E+00    1.0016E+01
 1.5647E+03    5.2707E+01    6.0461E+01    2.5354E+01    2.1396E+01    1.7064E+01    7.6094E+01    5.6445E+01    1.8547E+01    5.0866E+00    1.8937E+01    6.6567E+00    1.0121E+01
 1.5652E+03    5.2707E+01    6.0481E+01    2.5286E+01    2.1426E+01    1.7064E+01    7.6113E+01    5.6445E+01    1.8556E+01    5.0866E+00    1.8795E+01    6.5855E+00    1.0121E+01
 1.5657E+03    5.2724E+01    6.0475E+01    2.5286E+01    2.1437E+01    1.7088E+01    7.6102E+01    5.6450E+01    1.8580E+01    5.0866E+00    1.8795E+01    6.6517E+00    1.0121E+01
 1.5663E+03    5.2728E+01    6.0482E+01    2.5319E+01    2.1436E+01    1.7169E+01    7.6109E+01    5.6461E+01    1.8614E+01    5.0662E+00    1.9018E+01    6.5753E+00    1.0016E+01
 1.5668E+03    5.2741E+01    6.0482E+01    2.5245E+01    2.1470E+01    1.7227E+01    7.6107E+01    5.6465E+01    1.8616E+01    5.0866E+00    1.8978E+01    6.4175E+00    1.0225E+01
 1.5673E+03    5.2735E+01    6.0473E+01    2.5090E+01    2.1470E+01    1.7201E+01    7.6107E+01    5.6463E+01    1.8616E+01    5.0866E+00    1.8896E+01    6.5702E+00    1.0121E+01
 1.5678E+03    5.2735E+01    6.0483E+01    2.5123E+01    2.1390E+01    1.7160E+01    7.6123E+01    5.6464E+01    1.8637E+01    5.0866E+00    1.8835E+01    6.4175E+00    1.0121E+01
 1.5684E+03    5.2736E+01    6.0483E+01    2.5214E+01    2.1522E+01    1.7101E+01    7.6134E+01    5.6472E+01    1.8648E+01    5.0866E+00    1.8876E+01    6.6415E+00    9.9090E+00
 1.5689E+03    5.2736E+01    6.0498E+01    2.5261E+01    2.1474E+01    1.7085E+01    7.6127E+01    5.6458E+01    1.8669E+01    5.0866E+00    1.9018E+01    6.4531E+00    1.0016E+01
 1.5694E+03    5.2730E+01    6.0471E+01    2.5261E+01    2.1428E+01    1.7118E+01    7.6112E+01    5.6470E+01    1.8668E+01    5.0866E+00    1.8896E+01    6.6262E+00    1.0225E+01
 1.5699E+03    5.2735E+01    6.0471E+01    2.5236E+01    2.1379E+01    1.7144E+01    7.6110E+01    5.6470E+01    1.8653E+01    5.0866E+00    1.8876E+01    6.4633E+00    9.9090E+00
 1.5706E+03    5.2739E+01    6.0489E+01    2.5270E+01    2.1400E+01    1.7145E+01    7.6092E+01    5.6471E+01    1.8685E+01    5.0866E+00    1.8774E+01    6.6771E+00    1.0121E+01
 1.5711E+03    5.2752E+01    6.0499E+01    2.5293E+01    2.1453E+01    1.7155E+01    7.6092E+01    5.6491E+01    1.8685E+01    5.1070E+00    1.8774E+01    6.4328E+00    1.0016E+01
 1.5716E+03    5.2750E+01    6.0523E+01    2.5268E+01    2.1453E+01    1.7204E+01    7.6091E+01    5.6500E+01    1.8702E+01    5.0866E+00    1.8978E+01    6.6822E+00    9.9090E+00
 1.5721E+03    5.2750E+01    6.0511E+01    2.5354E+01    2.1516E+01    1.7188E+01    7.6082E+01    5.6486E+01    1.8683E+01    5.0866E+00    1.9018E+01    6.4328E+00    1.0121E+01
 1.5727E+03    5.2758E+01    6.0506E+01    2.5403E+01    2.1525E+01    1.7283E+01    7.6110E+01    5.6515E+01    1.8729E+01    5.0866E+00    1.8774E+01    6.6517E+00    1.0121E+01
 1.5732E+03    5.2756E+01    6.0522E+01    2.5403E+01    2.1528E+01    1.7375E+01    7.6120E+01    5.6530E+01    1.8729E+01    5.1070E+00    1.8774E+01    6.6211E+00    1.0121E+01
 1.5737E+03    5.2777E+01    6.0522E+01    2.5394E+01    2.1631E+01    1.7461E+01    7.6130E+01    5.6530E+01    1.8744E+01    5.1070E+00    1.9018E+01    6.6567E+00    1.0016E+01
 1.5742E+03    5.2767E+01    6.0530E+01    2.5330E+01    2.1631E+01    1.7512E+01    7.6130E+01    5.6537E+01    1.8744E+01    5.0866E+00    1.9018E+01    6.6415E+00    1.0016E+01
# Time (s)      T1w (C)       T2w (C)       T1a (C)       T2a (C)       T1r (C)       T2r (C)       T3r (C)       T4r (C)       P1 (bar)      P2 (bar)      Ic (amp)      Qc (l/min)    
 1.5748E+03    5.2767E+01    6.0511E+01    2.5344E+01    2.1548E+01    1.7539E+01    7.6096E+01    5.6541E+01    1.8751E+01    5.1070E+00    1.8815E+01    6.4328E+00    1.0121E+01
 1.5753E+03    5.2767E+01    6.0537E+01    2.5233E+01    2.1565E+01    1.7540E+01    7.6117E+01    5.6557E+01    1.8778E+01    5.1070E+00    1.8815E+01    6.6771E+00    1.0121E+01
 1.5758E+03    5.2767E+01    6.0521E+01    2.5201E+01    2.1577E+01    1.7524E+01    7.6112E+01    5.6542E+01    1.8805E+01    5.1070E+00    1.8774E+01    6.5600E+00    9.9090E+00
 1.5764E+03    5.2777E+01    6.0538E+01    2.5201E+01    2.1594E+01    1.7413E+01    7.6124E+01    5.6547E+01    1.8807E+01    5.0866E+00    1.8917E+01    6.4328E+00    1.0016E+01
 1.5770E+03    5.2782E+01    6.0545E+01    2.5211E+01    2.1592E+01    1.7211E+01    7.6085E+01    5.6538E+01    1.8815E+01    5.1070E+00    1.8795E+01    6.4175E+00    1.0121E+01
 1.5775E+03    5.2803E+01    6.0545E+01    2.5154E+01    2.1638E+01    1.7063E+01    7.6111E+01    5.6555E+01    1.8848E+01    5.1274E+00    1.8795E+01    6.4888E+00    1.0121E+01
 1.5780E+03    5.2809E+01    6.0547E+01    2.5165E+01    2.1643E+01    1.7033E+01    7.6097E+01    5.6560E+01    1.8832E+01    5.1274E+00    1.9039E+01    6.4328E+00    1.0016E+01
 1.5785E+03    5.2813E+01    6.0550E+01    2.5169E+01    2.1643E+01    1.6975E+01    7.6114E+01    5.6568E+01    1.8858E+01    5.1274E+00    1.9018E+01    6.4989E+00    1.0121E+01
 1.5791E+03    5.2811E+01    6.0554E+01    2.5150E+01    2.1624E+01    1.6988E+01    7.6126E+01    5.6576E+01    1.8863E+01    5.1070E+00    1.8917E+01    6.6008E+00    1.0016E+01
 1.5796E+03    5.2811E+01    6.0570E+01    2.5168E+01    2.1521E+01    1.6988E+01    7.6117E+01    5.6576E+01    1.8874E+01    5.1070E+00    1.8876E+01    6.5193E+00    1.0121E+01
 1.5801E+03    5.2823E+01    6.0573E+01    2.5168E+01    2.1517E+01    1.6994E+01    7.6124E+01    5.6590E+01    1.8901E+01    5.1274E+00    1.8835E+01    6.6008E+00    1.0016E+01
 1.5806E+03    5.2829E+01    6.0573E+01    2.5110E+01    2.1599E+01    1.7014E+01    7.6117E+01    5.6598E+01    1.8902E+01    5.1274E+00    1.8856E+01    6.4378E+00    1.0121E+01
 1.5813E+03    5.2826E+01    6.0575E+01    2.5113E+01    2.1568E+01    1.6970E+01    7.6122E+01    5.6623E+01    1.8933E+01    5.1070E+00    1.8896E+01    6.4429E+00    1.0016E+01
 1.5818E+03    5.2837E+01    6.0575E+01    2.5105E+01    2.1626E+01    1.6878E+01    7.6137E+01    5.6629E+01    1.8949E+01    5.1274E+00    1.8957E+01    6.4429E+00    1.0016E+01
 1.5823E+03    5.2850E+01    6.0586E+01    2.5124E+01    2.1626E+01    1.6844E+01    7.6134E+01    5.6657E+01    1.8954E+01    5.1274E+00    1.8876E+01    6.5804E+00    1.0016E+01
 1.5828E+03    5.2850E+01    6.0584E+01    2.5162E+01    2.1560E+01    1.6805E+01    7.6147E+01    5.6665E+01    1.8968E+01    5.1274E+00    1.8917E+01    6.6822E+00    1.0016E+01
 1.5834E+03    5.2860E+01    6.0590E+01    2.5168E+01    2.1609E+01    1.6805E+01    7.6136E+01    5.6665E+01    1.8959E+01    5.1274E+00    1.8917E+01    6.4328E+00    1.0121E+01
 1.5839E+03    5.2844E+01    6.0596E+01    2.5168E+01    2.1645E+01    1.6802E+01    7.6146E+01    5.6667E+01    1.8989E+01    5.1274E+00    1.8835E+01    6.6975E+00    1.0121E+01
 1.5844E+03    5.2857E+01    6.0596E+01    2.5113E+01    2.1637E+01    1.6803E+01    7.6139E+01    5.6657E+01    1.9004E+01    5.1274E+00    1.8876E+01    6.4378E+00    1.0225E+01
 1.5849E+03    5.2852E+01    6.0590E+01    2.5110E+01    2.1719E+01    1.6784E+01    7.6139E+01    5.6687E+01    1.9004E+01    5.1274E+00    1.9039E+01    6.6975E+00    1.0121E+01
 1.5856E+03    5.2854E+01    6.0604E+01    2.5140E+01    2.1718E+01    1.6802E+01    7.6127E+01    5.6683E+01    1.9020E+01    5.1478E+00    1.8957E+01    6.4735E+00    1.0121E+01
 1.5861E+03    5.2854E+01    6.0589E+01    2.5166E+01    2.1718E+01    1.6773E+01    7.6127E+01    5.6686E+01    1.9002E+01    5.1274E+00    1.9018E+01    6.4277E+00    1.0121E+01
 1.5866E+03    5.2854E+01    6.0598E+01    2.5132E+01    2.1706E+01    1.6773E+01    7.6138E+01    5.6686E+01    1.9005E+01    5.1274E+00    1.8978E+01    6.4786E+00    1.0121E+01
 1.5871E+03    5.2853E+01    6.0593E+01    2.5116E+01    2.1640E+01    1.6707E+01    7.6153E+01    5.6699E+01    1.9007E+01    5.1478E+00    1.9039E+01    6.6618E+00    1.0121E+01
 1.5877E+03    5.2854E+01    6.0598E+01    2.5069E+01    2.1790E+01    1.6675E+01    7.6159E+01    5.6705E+01    1.9030E+01    5.1478E+00    1.8937E+01    6.5600E+00    1.0016E+01
 1.5882E+03    5.2859E+01    6.0601E+01    2.5178E+01    2.1770E+01    1.6655E+01    7.6179E+01    5.6719E+01    1.9041E+01    5.1478E+00    1.9018E+01    6.4531E+00    1.0016E+01
 1.5887E+03    5.2854E+01    6.0601E+01    2.5263E+01    2.1630E+01    1.6651E+01    7.6179E+01    5.6723E+01    1.9041E+01    5.1478E+00    1.8876E+01    6.5549E+00    1.0225E+01
 1.5892E+03    5.2849E+01    6.0588E+01    2.5464E+01    2.1614E+01    1.6673E+01    7.6206E+01    5.6743E+01    1.9048E+01    5.1478E+00    1.9059E+01    6.7077E+00    1.0121E+01
 1.5899E+03    5.2862E+01    6.0596E+01    2.5499E+01    2.1629E+01    1.6721E+01    7.6216E+01    5.6745E+01    1.9052E+01    5.1478E+00    1.8876E+01    6.4429E+00    9.9090E+00
 1.5904E+03    5.2862E+01    6.0596E+01    2.5669E+01    2.1674E+01    1.6720E+01    7.6226E+01    5.6746E+01    1.9015E+01    5.1478E+00    1.8856E+01    6.5244E+00    1.0225E+01
# Time (s)      T1w (C)       T2w (C)       T1a (C)       T2a (C)       T1r (C)       T2r (C)       T3r (C)       T4r (C)       P1 (bar)      P2 (bar)      Ic (amp)      Qc (l/min)    
 1.5909E+03    5.2842E+01    6.0612E+01    2.5684E+01    2.1584E+01    1.6736E+01    7.6246E+01    5.6761E+01    1.9010E+01    5.1478E+00    1.8876E+01    6.5193E+00    1.0121E+01
 1.5914E+03    5.2863E+01    6.0632E+01    2.5826E+01    2.1622E+01    1.6785E+01    7.6255E+01    5.6760E+01    1.8974E+01    5.1478E+00    1.9100E+01    6.6618E+00    1.0016E+01
 1.5921E+03    5.2868E+01    6.0642E+01    2.5914E+01    2.1800E+01    1.6758E+01    7.6243E+01    5.6758E+01    1.8951E+01    5.1274E+00    1.8998E+01    6.6313E+00    1.0016E+01
 1.5926E+03    5.2879E+01    6.0642E+01    2.5782E+01    2.1603E+01    1.6732E+01    7.6234E+01    5.6758E+01    1.8939E+01    5.1478E+00    1.8998E+01    6.5549E+00    1.0225E+01
 1.5931E+03    5.2873E+01    6.0660E+01    2.5695E+01    2.1603E+01    1.6701E+01    7.6234E+01    5.6766E+01    1.8939E+01    5.1478E+00    1.8876E+01    6.6160E+00    1.0016E+01
 1.5936E+03    5.2890E+01    6.0649E+01    2.5712E+01    2.1724E+01    1.6723E+01    7.6215E+01    5.6752E+01    1.8935E+01    5.1478E+00    1.8896E+01    6.4582E+00    1.0121E+01
 1.5942E+03    5.2880E+01    6.0646E+01    2.5610E+01    2.1703E+01    1.6709E+01    7.6229E+01    5.6735E+01    1.8905E+01    5.1478E+00    1.9018E+01    6.5397E+00    1.0121E+01
 1.5947E+03    5.2880E+01    6.0654E+01    2.5547E+01    2.1692E+01    1.6709E+01    7.6237E+01    5.6735E+01    1.8878E+01    5.1478E+00    1.8998E+01    6.7077E+00    1.0016E+01
 1.5952E+03    5.2884E+01    6.0671E+01    2.5547E+01    2.1746E+01    1.6695E+01    7.6233E+01    5.6719E+01    1.8846E+01    5.1478E+00    1.9120E+01    6.4633E+00    1.0016E+01
 1.5957E+03    5.2891E+01    6.0671E+01    2.5596E+01    2.1707E+01    1.6684E+01    7.6233E+01    5.6717E+01    1.8855E+01    5.1478E+00    1.8998E+01    6.5142E+00    1.0121E+01
 1.5964E+03    5.2894E+01    6.0684E+01    2.5680E+01    2.1670E+01    1.6649E+01    7.6242E+01    5.6687E+01    1.8834E+01    5.1478E+00    1.8998E+01    6.7127E+00    1.0121E+01
 1.5969E+03    5.2905E+01    6.0686E+01    2.5826E+01    2.1757E+01    1.6660E+01    7.6242E+01    5.6670E+01    1.8834E+01    5.1478E+00    1.9120E+01    6.7127E+00    1.0121E+01
 1.5974E+03    5.2909E+01    6.0692E+01    2.5875E+01    2.1757E+01    1.6635E+01    7.6223E+01    5.6683E+01    1.8816E+01    5.1274E+00    1.8917E+01    6.6313E+00    9.9090E+00
 1.5979E+03    5.2909E+01    6.0696E+01    2.5831E+01    2.1689E+01    1.6635E+01    7.6251E+01    5.6697E+01    1.8851E+01    5.1274E+00    1.8978E+01    6.4633E+00    1.0121E+01
 1.5985E+03    5.2916E+01    6.0702E+01    2.5842E+01    2.1634E+01    1.6599E+01    7.6245E+01    5.6689E+01    1.8835E+01    5.1274E+00    1.9018E+01    6.5448E+00    9.9090E+00
 1.5990E+03    5.2896E+01    6.0704E+01    2.5826E+01    2.1780E+01    1.6611E+01    7.6240E+01    5.6692E+01    1.8850E+01    5.1274E+00    1.8917E+01    6.6517E+00    1.0225E+01
 1.5995E+03    5.2901E+01    6.0704E+01    2.5746E+01    2.1812E+01    1.6632E+01    7.6214E+01    5.6682E+01    1.8847E+01    5.1274E+00    1.8896E+01    6.4633E+00    1.0016E+01
 1.6000E+03    5.2873E+01    6.0696E+01    2.6016E+01    2.1745E+01    1.6625E+01    7.6214E+01    5.6666E+01    1.8847E+01    5.1274E+00    1.9100E+01    6.5448E+00    1.0225E+01
 1.6006E+03    5.2890E+01    6.0701E+01    2.6006E+01    2.1745E+01    1.6662E+01    7.6238E+01    5.6676E+01    1.8840E+01    5.1478E+00    1.9039E+01    6.4684E+00    1.0225E+01
 1.6011E+03    5.2901E+01    6.0730E+01    2.6267E+01    2.1757E+01    1.6687E+01    7.6245E+01    5.6668E+01    1.8810E+01    5.1478E+00    1.8937E+01    6.5600E+00    1.0225E+01
 1.6016E+03    5.2901E+01    6.0719E+01    2.6222E+01    2.1793E+01    1.6687E+01    7.6237E+01    5.6668E+01    1.8798E+01    5.1478E+00    1.8937E+01    6.4735E+00    1.0121E+01
 1.6022E+03    5.2907E+01    6.0734E+01    2.6222E+01    2.1692E+01    1.6680E+01    7.6265E+01    5.6662E+01    1.8787E+01    5.1478E+00    1.9039E+01    6.7127E+00    1.0016E+01
 1.6028E+03    5.2907E+01    6.0756E+01    2.6066E+01    2.1709E+01    1.6686E+01    7.6254E+01    5.6653E+01    1.8772E+01    5.1478E+00    1.9120E+01    6.4684E+00    1.0016E+01
 1.6033E+03    5.2903E+01    6.0742E+01    2.6068E+01    2.1644E+01    1.6685E+01    7.6270E+01    5.6638E+01    1.8762E+01    5.1478E+00    1.9141E+01    6.5397E+00    1.0121E+01
 1.6038E+03    5.2911E+01    6.0742E+01    2.6041E+01    2.1662E+01    1.6724E+01    7.6270E+01    5.6628E+01    1.8762E+01    5.1274E+00    1.9039E+01    6.4684E+00    1.0121E+01
 1.6043E+03    5.2924E+01    6.0749E+01    2.5969E+01    2.1662E+01    1.6734E+01    7.6259E+01    5.6616E+01    1.8737E+01    5.1274E+00    1.8937E+01    6.4684E+00    9.9090E+00
 1.6049E+03    5.2926E+01    6.0764E+01    2.5981E+01    2.1557E+01    1.6765E+01    7.6266E+01    5.6593E+01    1.8716E+01    5.1274E+00    1.9039E+01    6.5957E+00    1.0016E+01
 1.6054E+03    5.2926E+01    6.0770E+01    2.5975E+01    2.1597E+01    1.6805E+01    7.6253E+01    5.6593E+01    1.8680E+01    5.1274E+00    1.8937E+01    6.6058E+00    1.0016E+01
 1.6059E+03    5.2942E+01    6.0770E+01    2.5975E+01    2.1629E+01    1.6805E+01    7.6246E+01    5.6593E+01    1.8676E+01    5.1274E+00    1.8896E+01    6.6262E+00    1.0225E+01
 1.6064E+03    5.2952E+01    6.0771E+01    2.6074E+01    2.1662E+01    1.6788E+01    7.6267E+01    5.6567E+01    1.8646E+01    5.1274E+00    1.9039E+01    6.4735E+00    9.9090E+00
# Time (s)      T1w (C)       T2w (C)       T1a (C)       T2a (C)       T1r (C)       T2r (C)       T3r (C)       T4r (C)       P1 (bar)      P2 (bar)      Ic (amp)      Qc (l/min)    
 1.6071E+03    5.2957E+01    6.0775E+01    2.6029E+01    2.1579E+01    1.6804E+01    7.6238E+01    5.6588E+01    1.8649E+01    5.1070E+00    1.9141E+01    6.4684E+00    9.9090E+00
 1.6076E+03    5.2968E+01    6.0775E+01    2.6097E+01    2.1581E+01    1.6816E+01    7.6238E+01    5.6563E+01    1.8649E+01    5.1274E+00    1.9018E+01    6.4684E+00    1.0016E+01
 1.6081E+03    5.2959E+01    6.0778E+01    2.5885E+01    2.1581E+01    1.6774E+01    7.6248E+01    5.6580E+01    1.8666E+01    5.1274E+00    1.9161E+01    6.4786E+00    1.0016E+01
 1.6086E+03    5.2959E+01    6.0771E+01    2.5998E+01    2.1540E+01    1.6714E+01    7.6260E+01    5.6586E+01    1.8645E+01    5.1070E+00    1.8998E+01    6.6262E+00    1.0121E+01
 1.6093E+03    5.2948E+01    6.0765E+01    2.6102E+01    2.1534E+01    1.6739E+01    7.6306E+01    5.6577E+01    1.8644E+01    5.1274E+00    1.9141E+01    6.6517E+00    9.9090E+00
 1.6098E+03    5.2969E+01    6.0776E+01    2.6200E+01    2.1522E+01    1.6739E+01    7.6308E+01    5.6577E+01    1.8646E+01    5.1274E+00    1.9018E+01    6.6618E+00    1.0016E+01
 1.6103E+03    5.2969E+01    6.0787E+01    2.6185E+01    2.1586E+01    1.6764E+01    7.6337E+01    5.6591E+01    1.8639E+01    5.1274E+00    1.9080E+01    6.4989E+00    9.9090E+00
 1.6108E+03    5.2980E+01    6.0787E+01    2.6333E+01    2.1553E+01    1.6762E+01    7.6337E+01    5.6608E+01    1.8639E+01    5.1274E+00    1.9039E+01    6.4684E+00    1.0121E+01
 1.6114E+03    5.2987E+01    6.0796E+01    2.6284E+01    2.1593E+01    1.6752E+01    7.6353E+01    5.6593E+01    1.8648E+01    5.1070E+00    1.9039E+01    6.7331E+00    1.0016E+01
 1.6119E+03    5.2999E+01    6.0797E+01    2.6204E+01    2.1593E+01    1.6779E+01    7.6345E+01    5.6602E+01    1.8641E+01    5.1274E+00    1.9039E+01    6.7229E+00    1.0016E+01
 1.6124E+03    5.2999E+01    6.0806E+01    2.6350E+01    2.1511E+01    1.6802E+01    7.6380E+01    5.6594E+01    1.8624E+01    5.1274E+00    1.8998E+01    6.4684E+00    1.0121E+01
 1.6129E+03    5.3003E+01    6.0811E+01    2.6246E+01    2.1588E+01    1.6802E+01    7.6407E+01    5.6594E+01    1.8596E+01    5.1070E+00    1.9080E+01    6.6262E+00    1.0121E+01
 1.6135E+03    5.3019E+01    6.0815E+01    2.6166E+01    2.1524E+01    1.6882E+01    7.6412E+01    5.6596E+01    1.8603E+01    5.1070E+00    1.9018E+01    6.5091E+00    1.0121E+01
 1.6140E+03    5.3025E+01    6.0811E+01    2.6166E+01    2.1537E+01    1.6922E+01    7.6415E+01    5.6590E+01    1.8571E+01    5.1070E+00    1.9039E+01    6.6975E+00    9.9090E+00
 1.6145E+03    5.3029E+01    6.0811E+01    2.6088E+01    2.1508E+01    1.6934E+01    7.6415E+01    5.6586E+01    1.8571E+01    5.1070E+00    1.9059E+01    6.7077E+00    1.0016E+01
 1.6151E+03    5.3016E+01    6.0808E+01    2.6043E+01    2.1508E+01    1.6867E+01    7.6396E+01    5.6584E+01    1.8578E+01    5.0866E+00    1.9059E+01    6.7229E+00    1.0121E+01
 1.6157E+03    5.3036E+01    6.0803E+01    2.6053E+01    2.1519E+01    1.6830E+01    7.6382E+01    5.6594E+01    1.8559E+01    5.1070E+00    1.9181E+01    6.7382E+00    1.0016E+01
 1.6162E+03    5.3029E+01    6.0820E+01    2.6133E+01    2.1564E+01    1.6884E+01    7.6379E+01    5.6582E+01    1.8546E+01    5.0866E+00    1.9181E+01    6.4735E+00    1.0121E+01
 1.6167E+03    5.3029E+01    6.0826E+01    2.5981E+01    2.1581E+01    1.6884E+01    7.6384E+01    5.6582E+01    1.8564E+01    5.1070E+00    1.9059E+01    6.7178E+00    1.0121E+01
 1.6172E+03    5.3025E+01    6.0819E+01    2.5981E+01    2.1622E+01    1.6934E+01    7.6413E+01    5.6586E+01    1.8551E+01    5.0866E+00    1.9039E+01    6.4938E+00    1.0121E+01
 1.6178E+03    5.3041E+01    6.0831E+01    2.5910E+01    2.1549E+01    1.7010E+01    7.6431E+01    5.6574E+01    1.8550E+01    5.0866E+00    1.9100E+01    6.4735E+00    1.0121E+01
 1.6183E+03    5.3052E+01    6.0831E+01    2.5768E+01    2.1593E+01    1.7079E+01    7.6418E+01    5.6590E+01    1.8544E+01    5.0866E+00    1.9018E+01    6.6109E+00    1.0225E+01
 1.6189E+03    5.3072E+01    6.0823E+01    2.5733E+01    2.1553E+01    1.7086E+01    7.6418E+01    5.6599E+01    1.8544E+01    5.1070E+00    1.8937E+01    6.4633E+00    1.0016E+01
 1.6194E+03    5.3039E+01    6.0827E+01    2.5843E+01    2.1537E+01    1.7112E+01    7.6440E+01    5.6582E+01    1.8569E+01    5.1070E+00    1.9161E+01    6.4633E+00    1.0016E+01
 1.6200E+03    5.3053E+01    6.0829E+01    2.6049E+01    2.1459E+01    1.7057E+01    7.6454E+01    5.6607E+01    1.8611E+01    5.1070E+00    1.8998E+01    6.4837E+00    1.0121E+01
 1.6205E+03    5.3053E+01    6.0821E+01    2.6323E+01    2.1462E+01    1.7041E+01    7.6435E+01    5.6592E+01    1.8609E+01    5.1070E+00    1.8978E+01    6.6364E+00    1.0121E+01
 1.6210E+03    5.3062E+01    6.0828E+01    2.6323E+01    2.1419E+01    1.7020E+01    7.6436E+01    5.6594E+01    1.8642E+01    5.1070E+00    1.9059E+01    6.6262E+00    1.0121E+01
 1.6215E+03    5.3067E+01    6.0828E+01    2.6198E+01    2.1568E+01    1.6974E+01    7.6447E+01    5.6624E+01    1.8668E+01    5.1070E+00    1.8998E+01    6.6008E+00    1.0016E+01
 1.6222E+03    5.3067E+01    6.0826E+01    2.5893E+01    2.1482E+01    1.6886E+01    7.6452E+01    5.6620E+01    1.8683E+01    5.0866E+00    1.9141E+01    6.4582E+00    1.0121E+01
 1.6227E+03    5.3086E+01    6.0826E+01    2.6347E+01    2.1520E+01    1.6918E+01    7.6452E+01    5.6631E+01    1.8683E+01    5.1070E+00    1.9018E+01    6.6873E+00    1.0121E+01
# Time (s)      T1w (C)       T2w (C)       T1a (C)       T2a (C)       T1r (C)       T2r (C)       T3r (C)       T4r (C)       P1 (bar)      P2 (bar)      Ic (amp)      Qc (l/min)    
 1.6232E+03    5.3079E+01    6.0819E+01    2.6405E+01    2.1520E+01    1.6971E+01    7.6445E+01    5.6633E+01    1.8670E+01    5.1070E+00    1.8917E+01    6.5397E+00    1.0016E+01
 1.6237E+03    5.3079E+01    6.0829E+01    2.6278E+01    2.1565E+01    1.6971E+01    7.6442E+01    5.6642E+01    1.8667E+01    5.0866E+00    1.8998E+01    6.5600E+00    1.0016E+01
 1.6243E+03    5.3085E+01    6.0824E+01    2.6052E+01    2.1557E+01    1.7013E+01    7.6472E+01    5.6642E+01    1.8701E+01    5.1070E+00    1.8998E+01    6.4582E+00    1.0016E+01
 1.6248E+03    5.3085E+01    6.0822E+01    2.6052E+01    2.1539E+01    1.7046E+01    7.6455E+01    5.6654E+01    1.8683E+01    5.1070E+00    1.8937E+01    6.6924E+00    1.0225E+01
 1.6253E+03    5.3090E+01    6.0822E+01    2.6020E+01    2.1474E+01    1.7062E+01    7.6453E+01    5.6653E+01    1.8703E+01    5.0866E+00    1.8998E+01    6.4938E+00    9.9090E+00
 1.6258E+03    5.3111E+01    6.0825E+01    2.6055E+01    2.1550E+01    1.7038E+01    7.6453E+01    5.6672E+01    1.8703E+01    5.1070E+00    1.9080E+01    6.4938E+00    9.9090E+00
 1.6265E+03    5.3092E+01    6.0839E+01    2.5981E+01    2.1619E+01    1.7077E+01    7.6460E+01    5.6680E+01    1.8699E+01    5.1070E+00    1.8937E+01    6.7178E+00    1.0016E+01
 1.6270E+03    5.3107E+01    6.0828E+01    2.5820E+01    2.1619E+01    1.7149E+01    7.6478E+01    5.6695E+01    1.8709E+01    5.1070E+00    1.9018E+01    6.4531E+00    1.0016E+01
 1.6275E+03    5.3107E+01    6.0843E+01    2.5741E+01    2.1680E+01    1.7195E+01    7.6488E+01    5.6701E+01    1.8728E+01    5.1070E+00    1.9059E+01    6.4786E+00    1.0121E+01
 1.6280E+03    5.3106E+01    6.0846E+01    2.5936E+01    2.1783E+01    1.7195E+01    7.6489E+01    5.6701E+01    1.8744E+01    5.1070E+00    1.8937E+01    6.6720E+00    1.0016E+01
 1.6286E+03    5.3119E+01    6.0856E+01    2.5936E+01    2.1754E+01    1.7302E+01    7.6499E+01    5.6702E+01    1.8734E+01    5.1070E+00    1.9018E+01    6.6058E+00    1.0016E+01
 1.6291E+03    5.3109E+01    6.0856E+01    2.6454E+01    2.1731E+01    1.7374E+01    7.6504E+01    5.6734E+01    1.8742E+01    5.1070E+00    1.9039E+01    6.7229E+00    1.0016E+01
 1.6296E+03    5.3115E+01    6.0865E+01    2.6674E+01    2.1777E+01    1.7473E+01    7.6504E+01    5.6739E+01    1.8742E+01    5.1070E+00    1.9120E+01    6.5702E+00    1.0121E+01
 1.6301E+03    5.3114E+01    6.0859E+01    2.6690E+01    2.1777E+01    1.7553E+01    7.6507E+01    5.6756E+01    1.8774E+01    5.1070E+00    1.9141E+01    6.7229E+00    1.0225E+01
 1.6307E+03    5.3130E+01    6.0875E+01    2.6533E+01    2.1788E+01    1.7611E+01    7.6482E+01    5.6757E+01    1.8779E+01    5.1070E+00    1.9181E+01    6.5549E+00    9.9090E+00
 1.6312E+03    5.3116E+01    6.0847E+01    2.6309E+01    2.1802E+01    1.7611E+01    7.6504E+01    5.6757E+01    1.8804E+01    5.1274E+00    1.9080E+01    6.4735E+00    1.0225E+01
 1.6317E+03    5.3120E+01    6.0854E+01    2.6309E+01    2.1728E+01    1.7573E+01    7.6530E+01    5.6755E+01    1.8840E+01    5.1070E+00    1.9161E+01    6.4633E+00    1.0121E+01
 1.6322E+03    5.3136E+01    6.0868E+01    2.6216E+01    2.1692E+01    1.7509E+01    7.6522E+01    5.6787E+01    1.8868E+01    5.1274E+00    1.8998E+01    6.4633E+00    9.9090E+00
 1.6328E+03    5.3123E+01    6.0868E+01    2.6236E+01    2.1724E+01    1.7495E+01    7.6536E+01    5.6800E+01    1.8883E+01    5.1274E+00    1.9161E+01    6.6975E+00    1.0225E+01
 1.6333E+03    5.3125E+01    6.0847E+01    2.6295E+01    2.1687E+01    1.7551E+01    7.6536E+01    5.6821E+01    1.8883E+01    5.1274E+00    1.8978E+01    6.5193E+00    1.0016E+01
 1.6338E+03    5.3131E+01    6.0849E+01    2.6212E+01    2.1687E+01    1.7487E+01    7.6555E+01    5.6827E+01    1.8893E+01    5.1274E+00    1.9080E+01    6.4837E+00    1.0016E+01
 1.6343E+03    5.3131E+01    6.0849E+01    2.6148E+01    2.1697E+01    1.7487E+01    7.6574E+01    5.6827E+01    1.8924E+01    5.1274E+00    1.9059E+01    6.7127E+00    1.0016E+01
 1.6350E+03    5.3131E+01    6.0836E+01    2.6084E+01    2.1651E+01    1.7355E+01    7.6546E+01    5.6866E+01    1.8950E+01    5.1274E+00    1.9039E+01    6.4582E+00    9.9090E+00
 1.6355E+03    5.3131E+01    6.0858E+01    2.6084E+01    2.1689E+01    1.7271E+01    7.6564E+01    5.6857E+01    1.8968E+01    5.1274E+00    1.9181E+01    6.6822E+00    1.0016E+01
 1.6360E+03    5.3138E+01    6.0858E+01    2.6084E+01    2.1641E+01    1.7145E+01    7.6561E+01    5.6885E+01    1.8968E+01    5.1274E+00    1.9039E+01    6.5142E+00    1.0225E+01
 1.6365E+03    5.3143E+01    6.0857E+01    2.6091E+01    2.1632E+01    1.7105E+01    7.6561E+01    5.6912E+01    1.8968E+01    5.1274E+00    1.9161E+01    6.4684E+00    1.0121E+01
 1.6371E+03    5.3141E+01    6.0872E+01    2.5719E+01    2.1667E+01    1.7092E+01    7.6554E+01    5.6936E+01    1.9002E+01    5.1274E+00    1.9018E+01    6.4735E+00    1.0121E+01
 1.6376E+03    5.3142E+01    6.0875E+01    2.5923E+01    2.1683E+01    1.6988E+01    7.6563E+01    5.6926E+01    1.9003E+01    5.1274E+00    1.9018E+01    6.4837E+00    1.0428E+01
 1.6381E+03    5.3142E+01    6.0885E+01    2.6083E+01    2.1783E+01    1.6988E+01    7.6582E+01    5.6926E+01    1.9013E+01    5.1274E+00    1.9059E+01    6.5651E+00    1.0225E+01
 1.6386E+03    5.3143E+01    6.0878E+01    2.6068E+01    2.1708E+01    1.6900E+01    7.6568E+01    5.6922E+01    1.9007E+01    5.1274E+00    1.8957E+01    6.4735E+00    1.0016E+01
# Time (s)      T1w (C)       T2w (C)       T1a (C)       T2a (C)       T1r (C)       T2r (C)       T3r (C)       T4r (C)       P1 (bar)      P2 (bar)      Ic (amp)      Qc (l/min)    
 1.6393E+03    5.3153E+01    6.0881E+01    2.6298E+01    2.1633E+01    1.6885E+01    7.6572E+01    5.6936E+01    1.9017E+01    5.1274E+00    1.8978E+01    6.6466E+00    1.0121E+01
 1.6398E+03    5.3182E+01    6.0872E+01    2.6298E+01    2.1671E+01    1.6882E+01    7.6577E+01    5.6932E+01    1.9016E+01    5.1478E+00    1.8978E+01    6.5957E+00    1.0225E+01
 1.6403E+03    5.3146E+01    6.0857E+01    2.6265E+01    2.1720E+01    1.6885E+01    7.6577E+01    5.6952E+01    1.9016E+01    5.1478E+00    1.9161E+01    6.6109E+00    1.0327E+01
 1.6408E+03    5.3125E+01    6.0862E+01    2.5942E+01    2.1720E+01    1.6832E+01    7.6580E+01    5.6976E+01    1.9042E+01    5.1478E+00    1.8957E+01    6.4786E+00    1.0225E+01
 1.6414E+03    5.3143E+01    6.0857E+01    2.5805E+01    2.1655E+01    1.6816E+01    7.6575E+01    5.7007E+01    1.9073E+01    5.1274E+00    1.9222E+01    6.4837E+00    1.0016E+01
 1.6419E+03    5.3143E+01    6.0866E+01    2.5967E+01    2.1635E+01    1.6821E+01    7.6582E+01    5.7003E+01    1.9083E+01    5.1274E+00    1.9181E+01    6.5040E+00    1.0121E+01
 1.6424E+03    5.3150E+01    6.0859E+01    2.5967E+01    2.1620E+01    1.6821E+01    7.6575E+01    5.7003E+01    1.9094E+01    5.1478E+00    1.9080E+01    6.4837E+00    1.0121E+01
 1.6429E+03    5.3154E+01    6.0871E+01    2.6065E+01    2.1584E+01    1.6797E+01    7.6569E+01    5.7037E+01    1.9113E+01    5.1478E+00    1.9161E+01    6.6211E+00    1.0016E+01
 1.6435E+03    5.3140E+01    6.0877E+01    2.6144E+01    2.1655E+01    1.6787E+01    7.6581E+01    5.7020E+01    1.9084E+01    5.1682E+00    1.9202E+01    6.4786E+00    1.0121E+01
 1.6440E+03    5.3147E+01    6.0877E+01    2.6182E+01    2.1699E+01    1.6788E+01    7.6581E+01    5.7013E+01    1.9084E+01    5.1478E+00    1.9141E+01    6.7077E+00    1.0016E+01
 1.6446E+03    5.3190E+01    6.0887E+01    2.6110E+01    2.1699E+01    1.6789E+01    7.6562E+01    5.7031E+01    1.9106E+01    5.1478E+00    1.8998E+01    6.6873E+00    1.0121E+01
 1.6451E+03    5.3190E+01    6.0891E+01    2.6000E+01    2.1666E+01    1.6787E+01    7.6556E+01    5.7030E+01    1.9107E+01    5.1478E+00    1.9181E+01    6.5040E+00    1.0121E+01
 1.6457E+03    5.3190E+01    6.0919E+01    2.5826E+01    2.1709E+01    1.6743E+01    7.6561E+01    5.7042E+01    1.9103E+01    5.1478E+00    1.8998E+01    6.4735E+00    1.0121E+01
 1.6462E+03    5.3192E+01    6.0911E+01    2.5738E+01    2.1665E+01    1.6743E+01    7.6549E+01    5.7042E+01    1.9093E+01    5.1478E+00    1.8978E+01    6.5549E+00    1.0225E+01
 1.6467E+03    5.3209E+01    6.0933E+01    2.5738E+01    2.1657E+01    1.6704E+01    7.6574E+01    5.7051E+01    1.9114E+01    5.1478E+00    1.8978E+01    6.5397E+00    1.0528E+01
 1.6472E+03    5.3205E+01    6.0933E+01    2.5407E+01    2.1654E+01    1.6707E+01    7.6574E+01    5.7067E+01    1.9114E+01    5.1478E+00    1.8998E+01    6.7026E+00    1.0121E+01
 1.6479E+03    5.3203E+01    6.0930E+01    2.5519E+01    2.1819E+01    1.6739E+01    7.6568E+01    5.7079E+01    1.9100E+01    5.1682E+00    1.9181E+01    6.7484E+00    1.0016E+01
 1.6484E+03    5.3215E+01    6.0936E+01    2.5674E+01    2.1819E+01    1.6761E+01    7.6584E+01    5.7073E+01    1.9070E+01    5.1682E+00    1.9242E+01    6.4888E+00    1.0016E+01
 1.6489E+03    5.3215E+01    6.0946E+01    2.5882E+01    2.1684E+01    1.6742E+01    7.6583E+01    5.7075E+01    1.9043E+01    5.1478E+00    1.9181E+01    6.7484E+00    1.0225E+01
 1.6494E+03    5.3211E+01    6.0950E+01    2.5934E+01    2.1627E+01    1.6742E+01    7.6602E+01    5.7075E+01    1.9032E+01    5.1478E+00    1.9120E+01    6.4938E+00    1.0121E+01
 1.6501E+03    5.3204E+01    6.0960E+01    2.5986E+01    2.1749E+01    1.6728E+01    7.6616E+01    5.7061E+01    1.9016E+01    5.1478E+00    1.9100E+01    6.6618E+00    1.0016E+01
 1.6506E+03    5.3199E+01    6.0963E+01    2.5986E+01    2.1698E+01    1.6667E+01    7.6640E+01    5.7071E+01    1.9016E+01    5.1478E+00    1.9100E+01    6.7433E+00    1.0016E+01
 1.6511E+03    5.3198E+01    6.0963E+01    2.5997E+01    2.1771E+01    1.6677E+01    7.6645E+01    5.7061E+01    1.8974E+01    5.1682E+00    1.9202E+01    6.6364E+00    1.0225E+01
 1.6516E+03    5.3217E+01    6.0956E+01    2.6159E+01    2.1790E+01    1.6709E+01    7.6660E+01    5.7061E+01    1.8990E+01    5.1478E+00    1.9222E+01    6.7586E+00    1.0016E+01
 1.6522E+03    5.3222E+01    6.0966E+01    2.6363E+01    2.1790E+01    1.6717E+01    7.6689E+01    5.7064E+01    1.8989E+01    5.1478E+00    1.9141E+01    6.5193E+00    1.0225E+01
 1.6527E+03    5.3222E+01    6.0970E+01    2.6191E+01    2.1729E+01    1.6710E+01    7.6684E+01    5.7056E+01    1.8974E+01    5.1478E+00    1.9120E+01    6.7331E+00    1.0016E+01
 1.6532E+03    5.3221E+01    6.0983E+01    2.6094E+01    2.1771E+01    1.6710E+01    7.6722E+01    5.7056E+01    1.8958E+01    5.1478E+00    1.9018E+01    6.4989E+00    1.0121E+01
 1.6537E+03    5.3192E+01    6.0969E+01    2.6078E+01    2.1624E+01    1.6694E+01    7.6699E+01    5.7043E+01    1.8944E+01    5.1682E+00    1.9059E+01    6.7586E+00    1.0225E+01
 1.6543E+03    5.3192E+01    6.0974E+01    2.6385E+01    2.1602E+01    1.6720E+01    7.6689E+01    5.7031E+01    1.8969E+01    5.1478E+00    1.9100E+01    6.7229E+00    1.0016E+01
 1.6548E+03    5.3194E+01    6.0974E+01    2.6133E+01    2.1575E+01    1.6692E+01    7.6689E+01    5.7021E+01    1.8969E+01    5.1478E+00    1.9100E+01    6.7229E+00    1.0121E+01
# Time (s)      T1w (C)       T2w (C)       T1a (C)       T2a (C)       T1r (C)       T2r (C)       T3r (C)       T4r (C)       P1 (bar)      P2 (bar)      Ic (amp)      Qc (l/min)    
 1.6553E+03    5.3201E+01    6.0973E+01    2.6024E+01    2.1583E+01    1.6675E+01    7.6684E+01    5.7023E+01    1.8918E+01    5.1478E+00    1.9283E+01    6.5702E+00    1.0121E+01
 1.6558E+03    5.3186E+01    6.0981E+01    2.6018E+01    2.1567E+01    1.6667E+01    7.6676E+01    5.7016E+01    1.8911E+01    5.1478E+00    1.9141E+01    6.5957E+00    1.0121E+01
 1.6565E+03    5.3162E+01    6.0967E+01    2.5988E+01    2.1579E+01    1.6686E+01    7.6682E+01    5.6998E+01    1.8904E+01    5.1478E+00    1.9059E+01    6.6924E+00    9.9090E+00
 1.6570E+03    5.3162E+01    6.0961E+01    2.5830E+01    2.1644E+01    1.6686E+01    7.6704E+01    5.6998E+01    1.8880E+01    5.1478E+00    1.9283E+01    6.7077E+00    1.0121E+01
 1.6575E+03    5.3183E+01    6.0982E+01    2.5845E+01    2.1571E+01    1.6682E+01    7.6692E+01    5.6992E+01    1.8874E+01    5.1478E+00    1.9181E+01    6.7178E+00    1.0121E+01
 1.6580E+03    5.3188E+01    6.0982E+01    2.5778E+01    2.1543E+01    1.6677E+01    7.6717E+01    5.6987E+01    1.8865E+01    5.1478E+00    1.9161E+01    6.7127E+00    1.0121E+01
 1.6586E+03    5.3202E+01    6.0989E+01    2.5995E+01    2.1628E+01    1.6680E+01    7.6742E+01    5.6988E+01    1.8860E+01    5.1274E+00    1.9263E+01    6.4989E+00    1.0121E+01
 1.6591E+03    5.3181E+01    6.0991E+01    2.5973E+01    2.1495E+01    1.6718E+01    7.6742E+01    5.6985E+01    1.8860E+01    5.1274E+00    1.9263E+01    6.6415E+00    1.0121E+01
 1.6596E+03    5.3201E+01    6.0995E+01    2.5930E+01    2.1495E+01    1.6756E+01    7.6770E+01    5.6989E+01    1.8884E+01    5.1274E+00    1.9181E+01    6.6313E+00    1.0121E+01
 1.6601E+03    5.3201E+01    6.0987E+01    2.6024E+01    2.1607E+01    1.6756E+01    7.6771E+01    5.6989E+01    1.8870E+01    5.1478E+00    1.9181E+01    6.6262E+00    1.0121E+01
 1.6608E+03    5.3189E+01    6.0994E+01    2.6015E+01    2.1628E+01    1.6812E+01    7.6793E+01    5.7005E+01    1.8874E+01    5.1274E+00    1.9080E+01    6.7382E+00    1.0121E+01
 1.6613E+03    5.3184E+01    6.1009E+01    2.6015E+01    2.1611E+01    1.6877E+01    7.6798E+01    5.6996E+01    1.8859E+01    5.1274E+00    1.9202E+01    6.5193E+00    1.0016E+01
 1.6618E+03    5.3205E+01    6.1001E+01    2.5930E+01    2.1636E+01    1.6938E+01    7.6804E+01    5.7006E+01    1.8850E+01    5.1274E+00    1.9242E+01    6.7382E+00    1.0225E+01
 1.6623E+03    5.3215E+01    6.1001E+01    2.5995E+01    2.1594E+01    1.6916E+01    7.6804E+01    5.6998E+01    1.8850E+01    5.1274E+00    1.9161E+01    6.7127E+00    1.0016E+01
 1.6629E+03    5.3184E+01    6.0979E+01    2.6174E+01    2.1522E+01    1.6900E+01    7.6811E+01    5.7002E+01    1.8858E+01    5.1478E+00    1.9222E+01    6.7637E+00    1.0016E+01
 1.6634E+03    5.3190E+01    6.0983E+01    2.6203E+01    2.1522E+01    1.6866E+01    7.6792E+01    5.6993E+01    1.8855E+01    5.1274E+00    1.9161E+01    6.5040E+00    1.0121E+01
 1.6639E+03    5.3205E+01    6.1003E+01    2.6209E+01    2.1605E+01    1.6866E+01    7.6800E+01    5.6993E+01    1.8856E+01    5.1274E+00    1.9161E+01    6.5142E+00    1.0121E+01
 1.6644E+03    5.3195E+01    6.1015E+01    2.6209E+01    2.1572E+01    1.6849E+01    7.6787E+01    5.6984E+01    1.8832E+01    5.1274E+00    1.9080E+01    6.5091E+00    1.0121E+01
 1.6650E+03    5.3221E+01    6.1019E+01    2.6117E+01    2.1579E+01    1.6863E+01    7.6769E+01    5.6983E+01    1.8834E+01    5.1274E+00    1.9181E+01    6.7077E+00    1.0121E+01
 1.6655E+03    5.3219E+01    6.1023E+01    2.6088E+01    2.1642E+01    1.6848E+01    7.6765E+01    5.6983E+01    1.8828E+01    5.1274E+00    1.9080E+01    6.7026E+00    1.0016E+01
 1.6660E+03    5.3224E+01    6.1023E+01    2.6085E+01    2.1549E+01    1.6847E+01    7.6765E+01    5.6976E+01    1.8828E+01    5.1478E+00    1.9202E+01    6.5244E+00    1.0121E+01
 1.6665E+03    5.3215E+01    6.1044E+01    2.5916E+01    2.1565E+01    1.6870E+01    7.6768E+01    5.6971E+01    1.8803E+01    5.1274E+00    1.9059E+01    6.4989E+00    1.0121E+01
 1.6672E+03    5.3247E+01    6.1054E+01    2.5779E+01    2.1504E+01    1.6851E+01    7.6769E+01    5.6967E+01    1.8789E+01    5.1070E+00    1.9222E+01    6.7586E+00    1.0121E+01
 1.6677E+03    5.3247E+01    6.1043E+01    2.5577E+01    2.1514E+01    1.6851E+01    7.6767E+01    5.6967E+01    1.8793E+01    5.1274E+00    1.9202E+01    6.6160E+00    1.0016E+01
 1.6682E+03    5.3254E+01    6.1059E+01    2.5577E+01    2.1615E+01    1.6857E+01    7.6781E+01    5.6968E+01    1.8772E+01    5.1274E+00    1.9080E+01    6.7535E+00    1.0016E+01
 1.6687E+03    5.3236E+01    6.1051E+01    2.5596E+01    2.1618E+01    1.6901E+01    7.6796E+01    5.6973E+01    1.8773E+01    5.1274E+00    1.9080E+01    6.6211E+00    1.0016E+01
 1.6693E+03    5.3239E+01    6.1040E+01    2.5471E+01    2.1519E+01    1.6961E+01    7.6825E+01    5.6976E+01    1.8759E+01    5.1274E+00    1.9283E+01    6.5091E+00    1.0121E+01
 1.6698E+03    5.3246E+01    6.1040E+01    2.5296E+01    2.1618E+01    1.7026E+01    7.6839E+01    5.6981E+01    1.8775E+01    5.1274E+00    1.9283E+01    6.5855E+00    1.0016E+01
 1.6703E+03    5.3259E+01    6.1051E+01    2.5361E+01    2.1618E+01    1.7073E+01    7.6840E+01    5.6997E+01    1.8783E+01    5.1274E+00    1.9263E+01    6.4888E+00    1.0121E+01
 1.6708E+03    5.3259E+01    6.1057E+01    2.5243E+01    2.1606E+01    1.7075E+01    7.6891E+01    5.6998E+01    1.8793E+01    5.1274E+00    1.9161E+01    6.4989E+00    1.0121E+01
# Time (s)      T1w (C)       T2w (C)       T1a (C)       T2a (C)       T1r (C)       T2r (C)       T3r (C)       T4r (C)       P1 (bar)      P2 (bar)      Ic (amp)      Qc (l/min)    
 1.6715E+03    5.3269E+01    6.1057E+01    2.5675E+01    2.1673E+01    1.7075E+01    7.6895E+01    5.6998E+01    1.8761E+01    5.1274E+00    1.9120E+01    6.6669E+00    1.0016E+01
 1.6720E+03    5.3301E+01    6.1073E+01    2.5675E+01    2.1677E+01    1.7067E+01    7.6872E+01    5.7014E+01    1.8772E+01    5.1274E+00    1.9120E+01    6.7535E+00    1.0121E+01
 1.6725E+03    5.3297E+01    6.1055E+01    2.5826E+01    2.1583E+01    1.6967E+01    7.6866E+01    5.6986E+01    1.8785E+01    5.1070E+00    1.9304E+01    6.6364E+00    1.0016E+01
 1.6730E+03    5.3312E+01    6.1070E+01    2.5910E+01    2.1511E+01    1.6860E+01    7.6866E+01    5.7009E+01    1.8785E+01    5.1274E+00    1.9080E+01    6.6618E+00    9.9090E+00
 1.6736E+03    5.3318E+01    6.1083E+01    2.5671E+01    2.1451E+01    1.6838E+01    7.6890E+01    5.6987E+01    1.8774E+01    5.1070E+00    1.9080E+01    6.4938E+00    1.0327E+01
 1.6741E+03    5.3316E+01    6.1074E+01    2.5717E+01    2.1451E+01    1.6837E+01    7.6880E+01    5.7003E+01    1.8774E+01    5.1070E+00    1.9263E+01    6.5244E+00    1.0121E+01
 1.6746E+03    5.3316E+01    6.1091E+01    2.5675E+01    2.1450E+01    1.6837E+01    7.6870E+01    5.7006E+01    1.8773E+01    5.1274E+00    1.9283E+01    6.4989E+00    9.9090E+00
 1.6751E+03    5.3329E+01    6.1074E+01    2.5675E+01    2.1581E+01    1.6852E+01    7.6898E+01    5.7006E+01    1.8788E+01    5.1274E+00    1.9039E+01    6.7586E+00    1.0121E+01
 1.6757E+03    5.3321E+01    6.1098E+01    2.5470E+01    2.1551E+01    1.6957E+01    7.6932E+01    5.7013E+01    1.8818E+01    5.1274E+00    1.9161E+01    6.5448E+00    1.0121E+01
 1.6762E+03    5.3312E+01    6.1065E+01    2.5263E+01    2.1551E+01    1.7059E+01    7.6906E+01    5.7008E+01    1.8790E+01    5.1070E+00    1.9222E+01    6.5397E+00    1.0121E+01
 1.6767E+03    5.3315E+01    6.1065E+01    2.5271E+01    2.1462E+01    1.7118E+01    7.6892E+01    5.7004E+01    1.8774E+01    5.1274E+00    1.9283E+01    6.5244E+00    1.0121E+01
 1.6772E+03    5.3330E+01    6.1095E+01    2.5252E+01    2.1462E+01    1.7182E+01    7.6905E+01    5.7015E+01    1.8747E+01    5.1070E+00    1.9100E+01    6.7433E+00    1.0121E+01
 1.6779E+03    5.3335E+01    6.1118E+01    2.5147E+01    2.1497E+01    1.7272E+01    7.6913E+01    5.7009E+01    1.8764E+01    5.1070E+00    1.9080E+01    6.5091E+00    1.0016E+01
 1.6784E+03    5.3335E+01    6.1115E+01    2.4943E+01    2.1488E+01    1.7282E+01    7.6944E+01    5.7002E+01    1.8750E+01    5.1070E+00    1.9202E+01    6.7484E+00    1.0016E+01
 1.6789E+03    5.3325E+01    6.1106E+01    2.4869E+01    2.1575E+01    1.7282E+01    7.6933E+01    5.7002E+01    1.8752E+01    5.1070E+00    1.9080E+01    6.4837E+00    1.0016E+01
 1.6794E+03    5.3329E+01    6.1123E+01    2.4869E+01    2.1564E+01    1.7349E+01    7.6951E+01    5.6981E+01    1.8743E+01    5.1070E+00    1.9039E+01    6.7433E+00    1.0121E+01
 1.6800E+03    5.3351E+01    6.1128E+01    2.5221E+01    2.1636E+01    1.7381E+01    7.6944E+01    5.6987E+01    1.8742E+01    5.1070E+00    1.9161E+01    6.5193E+00    1.0016E+01
 1.6805E+03    5.3330E+01    6.1128E+01    2.5226E+01    2.1606E+01    1.7401E+01    7.6944E+01    5.6991E+01    1.8742E+01    5.1070E+00    1.9181E+01    6.6771E+00    1.0225E+01
 1.6810E+03    5.3339E+01    6.1114E+01    2.5257E+01    2.1606E+01    1.7483E+01    7.6971E+01    5.6994E+01    1.8741E+01    5.1274E+00    1.9080E+01    6.6618E+00    1.0121E+01
 1.6816E+03    5.3333E+01    6.1112E+01    2.5533E+01    2.1514E+01    1.7569E+01    7.6980E+01    5.6973E+01    1.8739E+01    5.1274E+00    1.9263E+01    6.6669E+00    1.0121E+01
 1.6822E+03    5.3333E+01    6.1101E+01    2.5942E+01    2.1606E+01    1.7629E+01    7.6985E+01    5.6980E+01    1.8759E+01    5.1274E+00    1.9304E+01    6.7077E+00    1.0016E+01
 1.6827E+03    5.3349E+01    6.1123E+01    2.5689E+01    2.1654E+01    1.7613E+01    7.6979E+01    5.6965E+01    1.8753E+01    5.1274E+00    1.9242E+01    6.5040E+00    1.0016E+01
 1.6832E+03    5.3359E+01    6.1112E+01    2.5689E+01    2.1645E+01    1.7676E+01    7.6990E+01    5.6985E+01    1.8794E+01    5.1070E+00    1.9181E+01    6.7026E+00    9.9090E+00
 1.6837E+03    5.3366E+01    6.1127E+01    2.6067E+01    2.1449E+01    1.7676E+01    7.6990E+01    5.6987E+01    1.8794E+01    5.1274E+00    1.9141E+01    6.4837E+00    1.0121E+01
 1.6843E+03    5.3360E+01    6.1137E+01    2.6027E+01    2.1504E+01    1.7677E+01    7.6994E+01    5.7010E+01    1.8844E+01    5.1274E+00    1.9202E+01    6.4989E+00    1.0016E+01
 1.6848E+03    5.3375E+01    6.1135E+01    2.5667E+01    2.1520E+01    1.7645E+01    7.7011E+01    5.7006E+01    1.8875E+01    5.1070E+00    1.9202E+01    6.5040E+00    1.0121E+01
 1.6853E+03    5.3375E+01    6.1137E+01    2.5942E+01    2.1476E+01    1.7598E+01    7.7022E+01    5.7030E+01    1.8900E+01    5.1070E+00    1.9080E+01    6.4938E+00    1.0121E+01
 1.6858E+03    5.3397E+01    6.1155E+01    2.5883E+01    2.1585E+01    1.7598E+01    7.7022E+01    5.7030E+01    1.8936E+01    5.1274E+00    1.9202E+01    6.6313E+00    1.0016E+01
 1.6864E+03    5.3386E+01    6.1156E+01    2.6046E+01    2.1483E+01    1.7538E+01    7.7000E+01    5.7030E+01    1.8941E+01    5.1274E+00    1.9181E+01    6.4938E+00    1.0121E+01
 1.6870E+03    5.3397E+01    6.1149E+01    2.6046E+01    2.1541E+01    1.7524E+01    7.6991E+01    5.7050E+01    1.8986E+01    5.1274E+00    1.9202E+01    6.4989E+00    1.0121E+01
# Time (s)      T1w (C)       T2w (C)       T1a (C)       T2a (C)       T1r (C)       T2r (C)       T3r (C)       T4r (C)       P1 (bar)      P2 (bar)      Ic (amp)      Qc (l/min)    
 1.6875E+03    5.3390E+01    6.1149E+01    2.6244E+01    2.1657E+01    1.7604E+01    7.6991E+01    5.7058E+01    1.8986E+01    5.1274E+00    1.9100E+01    6.4938E+00    1.0016E+01
 1.6880E+03    5.3390E+01    6.1153E+01    2.5876E+01    2.1657E+01    1.7670E+01    7.6981E+01    5.7075E+01    1.8988E+01    5.1478E+00    1.9304E+01    6.5295E+00    1.0016E+01
 1.6886E+03    5.3409E+01    6.1157E+01    2.5919E+01    2.1627E+01    1.7704E+01    7.6996E+01    5.7075E+01    1.9025E+01    5.1274E+00    1.9304E+01    6.7586E+00    1.0016E+01
 1.6891E+03    5.3429E+01    6.1155E+01    2.5788E+01    2.1627E+01    1.7702E+01    7.7003E+01    5.7109E+01    1.9043E+01    5.1274E+00    1.9080E+01    6.5040E+00    1.0016E+01
 1.6896E+03    5.3429E+01    6.1160E+01    2.5810E+01    2.1629E+01    1.7687E+01    7.6998E+01    5.7095E+01    1.9009E+01    5.1274E+00    1.9283E+01    6.6567E+00    1.0016E+01
 1.6901E+03    5.3420E+01    6.1166E+01    2.5810E+01    2.1547E+01    1.7649E+01    7.7014E+01    5.7124E+01    1.9036E+01    5.1274E+00    1.9039E+01    6.4938E+00    1.0016E+01
 1.6908E+03    5.3443E+01    6.1165E+01    2.5681E+01    2.1694E+01    1.7525E+01    7.6993E+01    5.7120E+01    1.9042E+01    5.1478E+00    1.9181E+01    6.4989E+00    1.0016E+01
 1.6913E+03    5.3445E+01    6.1165E+01    2.5420E+01    2.1754E+01    1.7376E+01    7.6993E+01    5.7136E+01    1.9086E+01    5.1274E+00    1.9141E+01    6.6822E+00    1.0016E+01
 1.6918E+03    5.3449E+01    6.1151E+01    2.5558E+01    2.1738E+01    1.7304E+01    7.6975E+01    5.7136E+01    1.9070E+01    5.1478E+00    1.9080E+01    6.5040E+00    1.0121E+01
 1.6923E+03    5.3458E+01    6.1153E+01    2.5378E+01    2.1637E+01    1.7300E+01    7.6988E+01    5.7153E+01    1.9092E+01    5.1478E+00    1.9161E+01    6.6466E+00    1.0121E+01
 1.6929E+03    5.3438E+01    6.1141E+01    2.5276E+01    2.1590E+01    1.7369E+01    7.6947E+01    5.7149E+01    1.9089E+01    5.1478E+00    1.9202E+01    6.5397E+00    1.0121E+01
 1.6934E+03    5.3438E+01    6.1143E+01    2.5157E+01    2.1648E+01    1.7369E+01    7.6957E+01    5.7149E+01    1.9101E+01    5.1478E+00    1.9181E+01    6.5091E+00    1.0121E+01
 1.6939E+03    5.3440E+01    6.1168E+01    2.5157E+01    2.1682E+01    1.7435E+01    7.6939E+01    5.7168E+01    1.9119E+01    5.1478E+00    1.9100E+01    6.5855E+00    1.0121E+01
 1.6944E+03    5.3426E+01    6.1169E+01    2.5130E+01    2.1761E+01    1.7448E+01    7.6940E+01    5.7168E+01    1.9126E+01    5.1478E+00    1.9242E+01    6.5193E+00    1.0121E+01
 1.6951E+03    5.3411E+01    6.1152E+01    2.5234E+01    2.1701E+01    1.7473E+01    7.6944E+01    5.7213E+01    1.9155E+01    5.1478E+00    1.9283E+01    6.7586E+00    1.0121E+01
 1.6956E+03    5.3410E+01    6.1152E+01    2.5373E+01    2.1633E+01    1.7401E+01    7.6944E+01    5.7210E+01    1.9155E+01    5.1478E+00    1.9202E+01    6.5448E+00    1.0016E+01
 1.6961E+03    5.3407E+01    6.1144E+01    2.5453E+01    2.1633E+01    1.7263E+01    7.6943E+01    5.7228E+01    1.9179E+01    5.1682E+00    1.9161E+01    6.7229E+00    1.0121E+01
 1.6966E+03    5.3407E+01    6.1157E+01    2.5536E+01    2.1610E+01    1.7263E+01    7.6963E+01    5.7228E+01    1.9201E+01    5.1682E+00    1.9100E+01    6.5753E+00    9.9090E+00
 1.6972E+03    5.3426E+01    6.1155E+01    2.5604E+01    2.1612E+01    1.7168E+01    7.6943E+01    5.7256E+01    1.9192E+01    5.1682E+00    1.9100E+01    6.7738E+00    9.9090E+00
 1.6977E+03    5.3422E+01    6.1181E+01    2.5604E+01    2.1662E+01    1.7115E+01    7.6963E+01    5.7254E+01    1.9233E+01    5.1682E+00    1.9304E+01    6.7738E+00    1.0016E+01
 1.6982E+03    5.3431E+01    6.1187E+01    2.6126E+01    2.1787E+01    1.7123E+01    7.6972E+01    5.7278E+01    1.9244E+01    5.1682E+00    1.9324E+01    6.7789E+00    1.0016E+01
 1.6987E+03    5.3455E+01    6.1201E+01    2.6076E+01    2.1770E+01    1.7157E+01    7.6957E+01    5.7258E+01    1.9229E+01    5.1886E+00    1.9202E+01    6.6008E+00    1.0225E+01
 1.6994E+03    5.3468E+01    6.1176E+01    2.5922E+01    2.1817E+01    1.7185E+01    7.6962E+01    5.7268E+01    1.9240E+01    5.1682E+00    1.9324E+01    6.7127E+00    1.0121E+01
 1.6999E+03    5.3472E+01    6.1239E+01    2.5788E+01    2.1833E+01    1.7128E+01    7.6967E+01    5.7279E+01    1.9242E+01    5.1886E+00    1.9242E+01    6.5193E+00    1.0121E+01
 1.7004E+03    5.3472E+01    6.1220E+01    2.5615E+01    2.1712E+01    1.7128E+01    7.6981E+01    5.7293E+01    1.9268E+01    5.1886E+00    1.9100E+01    6.6517E+00    1.0121E+01
 1.7009E+03    5.3497E+01    6.1219E+01    2.5498E+01    2.1660E+01    1.7118E+01    7.6991E+01    5.7293E+01    1.9276E+01    5.1886E+00    1.9283E+01    6.5295E+00    1.0121E+01
 1.7015E+03    5.3489E+01    6.1213E+01    2.5498E+01    2.1776E+01    1.7145E+01    7.6981E+01    5.7306E+01    1.9291E+01    5.1886E+00    1.9324E+01    6.5600E+00    1.0121E+01
 1.7020E+03    5.3486E+01    6.1239E+01    2.5301E+01    2.1846E+01    1.7140E+01    7.7011E+01    5.7315E+01    1.9301E+01    5.1682E+00    1.9242E+01    6.5651E+00    1.0225E+01
 1.7025E+03    5.3486E+01    6.1239E+01    2.5300E+01    2.1827E+01    1.7109E+01    7.7011E+01    5.7327E+01    1.9301E+01    5.1886E+00    1.9242E+01    6.5142E+00    1.0016E+01
 1.7031E+03    5.3494E+01    6.1241E+01    2.5203E+01    2.1827E+01    1.7101E+01    7.7006E+01    5.7346E+01    1.9328E+01    5.1886E+00    1.9202E+01    6.5448E+00    1.0121E+01
# Time (s)      T1w (C)       T2w (C)       T1a (C)       T2a (C)       T1r (C)       T2r (C)       T3r (C)       T4r (C)       P1 (bar)      P2 (bar)      Ic (amp)      Qc (l/min)    
 1.7037E+03    5.3520E+01    6.1254E+01    2.5115E+01    2.1790E+01    1.7051E+01    7.7016E+01    5.7350E+01    1.9343E+01    5.1886E+00    1.9324E+01    6.5295E+00    1.0121E+01
 1.7042E+03    5.3520E+01    6.1271E+01    2.5197E+01    2.1805E+01    1.7023E+01    7.7028E+01    5.7350E+01    1.9357E+01    5.1886E+00    1.9365E+01    6.6058E+00    1.0121E+01
 1.7047E+03    5.3521E+01    6.1270E+01    2.5399E+01    2.1814E+01    1.7023E+01    7.7046E+01    5.7350E+01    1.9335E+01    5.2090E+00    1.9283E+01    6.5295E+00    1.0225E+01
 1.7052E+03    5.3526E+01    6.1257E+01    2.5399E+01    2.1754E+01    1.7023E+01    7.7044E+01    5.7358E+01    1.9323E+01    5.1886E+00    1.9385E+01    6.7637E+00    1.0121E+01
 1.7058E+03    5.3519E+01    6.1275E+01    2.5393E+01    2.1781E+01    1.7027E+01    7.7030E+01    5.7340E+01    1.9264E+01    5.1886E+00    1.9161E+01    6.6618E+00    1.0121E+01
 1.7063E+03    5.3529E+01    6.1275E+01    2.5404E+01    2.1742E+01    1.7028E+01    7.7030E+01    5.7344E+01    1.9264E+01    5.1886E+00    1.9181E+01    6.7942E+00    1.0225E+01
 1.7068E+03    5.3519E+01    6.1277E+01    2.5132E+01    2.1777E+01    1.6981E+01    7.7009E+01    5.7332E+01    1.9246E+01    5.1682E+00    1.9263E+01    6.5295E+00    1.0121E+01
 1.7073E+03    5.3530E+01    6.1274E+01    2.5361E+01    2.1777E+01    1.6916E+01    7.6998E+01    5.7361E+01    1.9243E+01    5.1886E+00    1.9242E+01    6.5295E+00    1.0016E+01
 1.7079E+03    5.3530E+01    6.1288E+01    2.5912E+01    2.1746E+01    1.6916E+01    7.7005E+01    5.7351E+01    1.9231E+01    5.1886E+00    1.9304E+01    6.5702E+00    1.0225E+01
 1.7084E+03    5.3517E+01    6.1299E+01    2.6026E+01    2.1754E+01    1.6906E+01    7.6998E+01    5.7351E+01    1.9201E+01    5.1682E+00    1.9304E+01    6.7840E+00    1.0121E+01
 1.7090E+03    5.3534E+01    6.1289E+01    2.6026E+01    2.1836E+01    1.6921E+01    7.7012E+01    5.7339E+01    1.9206E+01    5.1682E+00    1.9304E+01    6.6211E+00    1.0225E+01
 1.7095E+03    5.3539E+01    6.1289E+01    2.6147E+01    2.1789E+01    1.6953E+01    7.7012E+01    5.7323E+01    1.9177E+01    5.1682E+00    1.9365E+01    6.6313E+00    1.0121E+01
 1.7101E+03    5.3521E+01    6.1287E+01    2.6172E+01    2.1791E+01    1.6988E+01    7.7008E+01    5.7332E+01    1.9195E+01    5.1682E+00    1.9426E+01    6.5346E+00    1.0016E+01
 1.7106E+03    5.3534E+01    6.1301E+01    2.5953E+01    2.1865E+01    1.6999E+01    7.6993E+01    5.7322E+01    1.9195E+01    5.1682E+00    1.9426E+01    6.6313E+00    1.0121E+01
 1.7111E+03    5.3507E+01    6.1290E+01    2.5691E+01    2.1865E+01    1.6991E+01    7.6992E+01    5.7305E+01    1.9132E+01    5.1886E+00    1.9283E+01    6.5295E+00    1.0016E+01
 1.7116E+03    5.3507E+01    6.1312E+01    2.5568E+01    2.1803E+01    1.6991E+01    7.6995E+01    5.7305E+01    1.9120E+01    5.1886E+00    1.9263E+01    6.6109E+00    1.0016E+01
 1.7123E+03    5.3520E+01    6.1318E+01    2.5413E+01    2.1744E+01    1.7006E+01    7.7015E+01    5.7285E+01    1.9134E+01    5.1682E+00    1.9405E+01    6.6109E+00    1.0016E+01
 1.7128E+03    5.3514E+01    6.1302E+01    2.5413E+01    2.1769E+01    1.7018E+01    7.7015E+01    5.7298E+01    1.9120E+01    5.1682E+00    1.9426E+01    6.5549E+00    1.0225E+01
 1.7133E+03    5.3504E+01    6.1288E+01    2.5501E+01    2.1756E+01    1.7032E+01    7.7030E+01    5.7294E+01    1.9121E+01    5.1682E+00    1.9324E+01    6.6211E+00    1.0121E+01
 1.7138E+03    5.3525E+01    6.1300E+01    2.5328E+01    2.1667E+01    1.7056E+01    7.7035E+01    5.7293E+01    1.9121E+01    5.1682E+00    1.9365E+01    6.6364E+00    1.0121E+01
 1.7144E+03    5.3537E+01    6.1319E+01    2.5554E+01    2.1690E+01    1.7069E+01    7.7029E+01    5.7280E+01    1.9111E+01    5.1886E+00    1.9405E+01    6.7382E+00    1.0016E+01
 1.7149E+03    5.3525E+01    6.1319E+01    2.5390E+01    2.1674E+01    1.7071E+01    7.7042E+01    5.7284E+01    1.9112E+01    5.1682E+00    1.9405E+01    6.5549E+00    1.0121E+01
 1.7154E+03    5.3525E+01    6.1314E+01    2.5329E+01    2.1581E+01    1.7071E+01    7.7062E+01    5.7284E+01    1.9089E+01    5.1886E+00    1.9202E+01    6.7738E+00    1.0121E+01
 1.7159E+03    5.3535E+01    6.1336E+01    2.5329E+01    2.1636E+01    1.7032E+01    7.7092E+01    5.7294E+01    1.9091E+01    5.1682E+00    1.9344E+01    6.5651E+00    1.0016E+01
 1.7166E+03    5.3542E+01    6.1325E+01    2.5269E+01    2.1575E+01    1.7021E+01    7.7121E+01    5.7278E+01    1.9066E+01    5.1682E+00    1.9202E+01    6.7077E+00    9.9090E+00
 1.7171E+03    5.3569E+01    6.1338E+01    2.5285E+01    2.1632E+01    1.7032E+01    7.7099E+01    5.7265E+01    1.9069E+01    5.1682E+00    1.9426E+01    6.5498E+00    1.0225E+01
 1.7176E+03    5.3553E+01    6.1338E+01    2.5485E+01    2.1697E+01    1.6990E+01    7.7099E+01    5.7267E+01    1.9069E+01    5.1682E+00    1.9365E+01    6.5397E+00    1.0225E+01
 1.7181E+03    5.3560E+01    6.1347E+01    2.5465E+01    2.1697E+01    1.6954E+01    7.7088E+01    5.7257E+01    1.9048E+01    5.1682E+00    1.9324E+01    6.5498E+00    1.0016E+01
 1.7187E+03    5.3555E+01    6.1365E+01    2.5410E+01    2.1743E+01    1.6939E+01    7.7108E+01    5.7266E+01    1.9040E+01    5.1682E+00    1.9466E+01    6.5397E+00    9.9090E+00
 1.7192E+03    5.3570E+01    6.1356E+01    2.5779E+01    2.1657E+01    1.6939E+01    7.7084E+01    5.7273E+01    1.9027E+01    5.1682E+00    1.9426E+01    6.5600E+00    1.0121E+01
# Time (s)      T1w (C)       T2w (C)       T1a (C)       T2a (C)       T1r (C)       T2r (C)       T3r (C)       T4r (C)       P1 (bar)      P2 (bar)      Ic (amp)      Qc (l/min)    
 1.7197E+03    5.3580E+01    6.1372E+01    2.5779E+01    2.1708E+01    1.6941E+01    7.7115E+01    5.7273E+01    1.9011E+01    5.1682E+00    1.9365E+01    6.7484E+00    1.0016E+01
 1.7202E+03    5.3561E+01    6.1364E+01    2.5894E+01    2.1764E+01    1.6890E+01    7.7108E+01    5.7270E+01    1.9001E+01    5.1478E+00    1.9365E+01    6.5651E+00    9.9090E+00
 1.7209E+03    5.3562E+01    6.1355E+01    2.5770E+01    2.1770E+01    1.6862E+01    7.7095E+01    5.7245E+01    1.8998E+01    5.1478E+00    1.9405E+01    6.5448E+00    1.0225E+01
 1.7214E+03    5.3578E+01    6.1355E+01    2.5551E+01    2.1707E+01    1.6897E+01    7.7095E+01    5.7249E+01    1.8998E+01    5.1682E+00    1.9344E+01    6.8044E+00    1.0016E+01
 1.7219E+03    5.3563E+01    6.1364E+01    2.5394E+01    2.1707E+01    1.6912E+01    7.7119E+01    5.7261E+01    1.8997E+01    5.1682E+00    1.9446E+01    6.6567E+00    1.0016E+01
 1.7224E+03    5.3563E+01    6.1375E+01    2.5346E+01    2.1749E+01    1.6912E+01    7.7142E+01    5.7283E+01    1.8979E+01    5.1682E+00    1.9202E+01    6.7993E+00    1.0016E+01
 1.7230E+03    5.3545E+01    6.1368E+01    2.5218E+01    2.1702E+01    1.6912E+01    7.7159E+01    5.7283E+01    1.8978E+01    5.1682E+00    1.9222E+01    6.5702E+00    1.0225E+01
 1.7235E+03    5.3552E+01    6.1360E+01    2.5572E+01    2.1784E+01    1.6930E+01    7.7129E+01    5.7261E+01    1.8978E+01    5.1478E+00    1.9222E+01    6.7382E+00    1.0225E+01
 1.7240E+03    5.3561E+01    6.1363E+01    2.5572E+01    2.1739E+01    1.6929E+01    7.7128E+01    5.7279E+01    1.8969E+01    5.1478E+00    1.9466E+01    6.5702E+00    1.0121E+01
 1.7245E+03    5.3566E+01    6.1363E+01    2.5965E+01    2.1762E+01    1.6963E+01    7.7128E+01    5.7285E+01    1.8969E+01    5.1682E+00    1.9446E+01    6.7077E+00    1.0121E+01
 1.7252E+03    5.3569E+01    6.1358E+01    2.5952E+01    2.1778E+01    1.6955E+01    7.7134E+01    5.7283E+01    1.8967E+01    5.1682E+00    1.9426E+01    6.5346E+00    1.0016E+01
 1.7257E+03    5.3570E+01    6.1375E+01    2.6050E+01    2.1778E+01    1.6953E+01    7.7132E+01    5.7265E+01    1.8963E+01    5.1478E+00    1.9304E+01    6.7484E+00    1.0016E+01
 1.7262E+03    5.3570E+01    6.1381E+01    2.5997E+01    2.1779E+01    1.6921E+01    7.7090E+01    5.7261E+01    1.8931E+01    5.1478E+00    1.9446E+01    6.5906E+00    1.0121E+01
 1.7267E+03    5.3565E+01    6.1388E+01    2.5887E+01    2.1711E+01    1.6921E+01    7.7113E+01    5.7261E+01    1.8925E+01    5.1682E+00    1.9242E+01    6.6008E+00    1.0121E+01
 1.7273E+03    5.3593E+01    6.1387E+01    2.5850E+01    2.1595E+01    1.6954E+01    7.7138E+01    5.7276E+01    1.8930E+01    5.1682E+00    1.9222E+01    6.5397E+00    1.0225E+01
 1.7278E+03    5.3597E+01    6.1404E+01    2.5850E+01    2.1649E+01    1.6995E+01    7.7149E+01    5.7255E+01    1.8929E+01    5.1478E+00    1.9222E+01    6.6109E+00    1.0121E+01
 1.7283E+03    5.3623E+01    6.1418E+01    2.5836E+01    2.1642E+01    1.6996E+01    7.7135E+01    5.7256E+01    1.8914E+01    5.1682E+00    1.9242E+01    6.5957E+00    1.0121E+01
 1.7288E+03    5.3624E+01    6.1413E+01    2.5864E+01    2.1642E+01    1.6996E+01    7.7144E+01    5.7252E+01    1.8905E+01    5.1478E+00    1.9324E+01    6.5295E+00    1.0016E+01
 1.7295E+03    5.3598E+01    6.1399E+01    2.5707E+01    2.1556E+01    1.6995E+01    7.7147E+01    5.7255E+01    1.8907E+01    5.1478E+00    1.9222E+01    6.5397E+00    1.0121E+01
 1.7300E+03    5.3598E+01    6.1410E+01    2.6005E+01    2.1613E+01    1.7021E+01    7.7179E+01    5.7292E+01    1.8918E+01    5.1478E+00    1.9344E+01    6.6924E+00    1.0016E+01
 1.7305E+03    5.3598E+01    6.1408E+01    2.5939E+01    2.1552E+01    1.7021E+01    7.7181E+01    5.7292E+01    1.8906E+01    5.1478E+00    1.9304E+01    6.7127E+00    1.0121E+01
 1.7310E+03    5.3606E+01    6.1410E+01    2.5939E+01    2.1582E+01    1.7016E+01    7.7191E+01    5.7286E+01    1.8893E+01    5.1478E+00    1.9283E+01    6.6160E+00    1.0121E+01
 1.7316E+03    5.3612E+01    6.1411E+01    2.5716E+01    2.1627E+01    1.7021E+01    7.7201E+01    5.7293E+01    1.8878E+01    5.1478E+00    1.9385E+01    6.5549E+00    1.0225E+01
 1.7321E+03    5.3610E+01    6.1411E+01    2.5689E+01    2.1651E+01    1.7063E+01    7.7225E+01    5.7310E+01    1.8900E+01    5.1478E+00    1.9385E+01    6.7127E+00    1.0121E+01
 1.7326E+03    5.3616E+01    6.1419E+01    2.5694E+01    2.1590E+01    1.7108E+01    7.7225E+01    5.7298E+01    1.8900E+01    5.1478E+00    1.9283E+01    6.5397E+00    1.0016E+01
 1.7331E+03    5.3644E+01    6.1427E+01    2.5684E+01    2.1606E+01    1.7164E+01    7.7216E+01    5.7291E+01    1.8875E+01    5.1274E+00    1.9283E+01    6.6517E+00    9.9090E+00
 1.7338E+03    5.3647E+01    6.1443E+01    2.5679E+01    2.1559E+01    1.7057E+01    7.7239E+01    5.7310E+01    1.8871E+01    5.1274E+00    1.9385E+01    6.5651E+00    1.0121E+01
 1.7343E+03    5.3647E+01    6.1439E+01    2.5554E+01    2.1534E+01    1.7057E+01    7.7245E+01    5.7310E+01    1.8869E+01    5.1274E+00    1.9344E+01    6.7942E+00    1.0121E+01
 1.7348E+03    5.3632E+01    6.1438E+01    2.5554E+01    2.1579E+01    1.7010E+01    7.7261E+01    5.7304E+01    1.8871E+01    5.1274E+00    1.9304E+01    6.5346E+00    1.0016E+01
 1.7353E+03    5.3641E+01    6.1426E+01    2.5743E+01    2.1578E+01    1.7008E+01    7.7277E+01    5.7327E+01    1.8885E+01    5.1478E+00    1.9426E+01    6.7280E+00    1.0121E+01
# Time (s)      T1w (C)       T2w (C)       T1a (C)       T2a (C)       T1r (C)       T2r (C)       T3r (C)       T4r (C)       P1 (bar)      P2 (bar)      Ic (amp)      Qc (l/min)    
 1.7359E+03    5.3633E+01    6.1426E+01    2.5863E+01    2.1573E+01    1.6965E+01    7.7277E+01    5.7339E+01    1.8874E+01    5.1274E+00    1.9466E+01    6.5346E+00    1.0016E+01
 1.7364E+03    5.3640E+01    6.1420E+01    2.5691E+01    2.1509E+01    1.7018E+01    7.7298E+01    5.7333E+01    1.8874E+01    5.1478E+00    1.9466E+01    6.5346E+00    9.9090E+00
 1.7369E+03    5.3654E+01    6.1438E+01    2.5470E+01    2.1509E+01    1.7058E+01    7.7295E+01    5.7331E+01    1.8880E+01    5.1274E+00    1.9324E+01    6.5804E+00    1.0121E+01
 1.7374E+03    5.3654E+01    6.1430E+01    2.5678E+01    2.1534E+01    1.7058E+01    7.7296E+01    5.7331E+01    1.8860E+01    5.1274E+00    1.9283E+01    6.7077E+00    1.0121E+01
 1.7381E+03    5.3646E+01    6.1424E+01    2.5444E+01    2.1493E+01    1.7140E+01    7.7308E+01    5.7319E+01    1.8844E+01    5.1274E+00    1.9446E+01    6.5753E+00    1.0121E+01
 1.7386E+03    5.3656E+01    6.1444E+01    2.5444E+01    2.1505E+01    1.7274E+01    7.7322E+01    5.7347E+01    1.8849E+01    5.1274E+00    1.9446E+01    6.5549E+00    9.9090E+00
 1.7391E+03    5.3671E+01    6.1455E+01    2.5599E+01    2.1463E+01    1.7365E+01    7.7315E+01    5.7336E+01    1.8829E+01    5.1274E+00    1.9344E+01    6.7077E+00    1.0121E+01
 1.7396E+03    5.3668E+01    6.1455E+01    2.5639E+01    2.1475E+01    1.7427E+01    7.7315E+01    5.7331E+01    1.8829E+01    5.1070E+00    1.9344E+01    6.5295E+00    1.0121E+01
 1.7402E+03    5.3663E+01    6.1456E+01    2.5862E+01    2.1512E+01    1.7391E+01    7.7301E+01    5.7331E+01    1.8849E+01    5.1274E+00    1.9446E+01    6.5448E+00    1.0225E+01
 1.7407E+03    5.3685E+01    6.1453E+01    2.5876E+01    2.1512E+01    1.7369E+01    7.7285E+01    5.7351E+01    1.8867E+01    5.1070E+00    1.9446E+01    6.5295E+00    1.0121E+01
 1.7412E+03    5.3685E+01    6.1447E+01    2.5494E+01    2.1593E+01    1.7369E+01    7.7302E+01    5.7351E+01    1.8900E+01    5.1274E+00    1.9344E+01    6.6466E+00    1.0121E+01
 1.7417E+03    5.3691E+01    6.1456E+01    2.5169E+01    2.1560E+01    1.7313E+01    7.7293E+01    5.7336E+01    1.8916E+01    5.1274E+00    1.9405E+01    6.7993E+00    1.0121E+01
 1.7424E+03    5.3699E+01    6.1435E+01    2.5041E+01    2.1520E+01    1.7278E+01    7.7310E+01    5.7357E+01    1.8940E+01    5.1274E+00    1.9304E+01    6.6720E+00    1.0016E+01
 1.7429E+03    5.3712E+01    6.1461E+01    2.5041E+01    2.1594E+01    1.7293E+01    7.7319E+01    5.7370E+01    1.8961E+01    5.1274E+00    1.9385E+01    6.7178E+00    9.9090E+00
 1.7434E+03    5.3704E+01    6.1461E+01    2.4991E+01    2.1592E+01    1.7243E+01    7.7319E+01    5.7386E+01    1.8961E+01    5.1274E+00    1.9344E+01    6.5855E+00    1.0016E+01
 1.7439E+03    5.3710E+01    6.1446E+01    2.5209E+01    2.1592E+01    1.7240E+01    7.7326E+01    5.7381E+01    1.8976E+01    5.1274E+00    1.9405E+01    6.7942E+00    1.0016E+01
 1.7445E+03    5.3748E+01    6.1463E+01    2.5685E+01    2.1636E+01    1.7316E+01    7.7341E+01    5.7420E+01    1.8985E+01    5.1274E+00    1.9283E+01    6.7789E+00    1.0016E+01
 1.7450E+03    5.3748E+01    6.1451E+01    2.5842E+01    2.1612E+01    1.7316E+01    7.7352E+01    5.7420E+01    1.9021E+01    5.1274E+00    1.9304E+01    6.6771E+00    1.0016E+01
 1.7455E+03    5.3773E+01    6.1445E+01    2.5915E+01    2.1605E+01    1.7287E+01    7.7355E+01    5.7420E+01    1.9022E+01    5.1274E+00    1.9222E+01    6.7687E+00    1.0121E+01
 1.7460E+03    5.3775E+01    6.1447E+01    2.5915E+01    2.1586E+01    1.7283E+01    7.7364E+01    5.7431E+01    1.9035E+01    5.1274E+00    1.9405E+01    6.5295E+00    9.9090E+00
 1.7467E+03    5.3801E+01    6.1463E+01    2.6051E+01    2.1571E+01    1.7293E+01    7.7355E+01    5.7457E+01    1.9041E+01    5.1274E+00    1.9344E+01    6.7586E+00    1.0016E+01
 1.7472E+03    5.3817E+01    6.1463E+01    2.6000E+01    2.1669E+01    1.7280E+01    7.7355E+01    5.7449E+01    1.9058E+01    5.1274E+00    1.9446E+01    6.5295E+00    1.0016E+01
 1.7477E+03    5.3813E+01    6.1458E+01    2.6082E+01    2.1584E+01    1.7146E+01    7.7359E+01    5.7471E+01    1.9058E+01    5.1274E+00    1.9385E+01    6.7942E+00    1.0016E+01
 1.7482E+03    5.3810E+01    6.1445E+01    2.5953E+01    2.1569E+01    1.7056E+01    7.7374E+01    5.7476E+01    1.9073E+01    5.1274E+00    1.9344E+01    6.5448E+00    1.0121E+01
 1.7489E+03    5.3816E+01    6.1445E+01    2.5736E+01    2.1525E+01    1.7025E+01    7.7379E+01    5.7495E+01    1.9083E+01    5.1274E+00    1.9324E+01    6.6415E+00    1.0016E+01
 1.7494E+03    5.3816E+01    6.1471E+01    2.5670E+01    2.1562E+01    1.7025E+01    7.7358E+01    5.7495E+01    1.9108E+01    5.1478E+00    1.9304E+01    6.7789E+00    1.0121E+01
 1.7499E+03    5.3813E+01    6.1457E+01    2.5670E+01    2.1526E+01    1.7002E+01    7.7382E+01    5.7516E+01    1.9109E+01    5.1478E+00    1.9446E+01    6.5600E+00    1.0016E+01
 1.7504E+03    5.3814E+01    6.1442E+01    2.5795E+01    2.1568E+01    1.7065E+01    7.7379E+01    5.7525E+01    1.9134E+01    5.1274E+00    1.9426E+01    6.6822E+00    1.0121E+01
 1.7510E+03    5.3830E+01    6.1445E+01    2.5921E+01    2.1599E+01    1.7061E+01    7.7390E+01    5.7532E+01    1.9126E+01    5.1478E+00    1.9466E+01    6.5397E+00    1.0225E+01
 1.7515E+03    5.3851E+01    6.1474E+01    2.6161E+01    2.1531E+01    1.7033E+01    7.7390E+01    5.7544E+01    1.9126E+01    5.1478E+00    1.9242E+01    6.5346E+00    1.0121E+01
# Time (s)      T1w (C)       T2w (C)       T1a (C)       T2a (C)       T1r (C)       T2r (C)       T3r (C)       T4r (C)       P1 (bar)      P2 (bar)      Ic (amp)      Qc (l/min)    
 1.7520E+03    5.3865E+01    6.1486E+01    2.6123E+01    2.1531E+01    1.6969E+01    7.7379E+01    5.7552E+01    1.9138E+01    5.1478E+00    1.9344E+01    6.7127E+00    1.0121E+01
 1.7525E+03    5.3865E+01    6.1471E+01    2.5788E+01    2.1534E+01    1.6969E+01    7.7358E+01    5.7552E+01    1.9147E+01    5.1478E+00    1.9446E+01    6.5346E+00    1.0121E+01
 1.7532E+03    5.3897E+01    6.1508E+01    2.5646E+01    2.1535E+01    1.6994E+01    7.7354E+01    5.7570E+01    1.9147E+01    5.1478E+00    1.9405E+01    6.5397E+00    1.0225E+01
 1.7537E+03    5.3900E+01    6.1501E+01    2.5493E+01    2.1509E+01    1.7053E+01    7.7378E+01    5.7577E+01    1.9172E+01    5.1478E+00    1.9405E+01    6.6109E+00    1.0121E+01
 1.7542E+03    5.3930E+01    6.1516E+01    2.5493E+01    2.1563E+01    1.7146E+01    7.7393E+01    5.7575E+01    1.9160E+01    5.1478E+00    1.9466E+01    6.5702E+00    1.0121E+01
 1.7547E+03    5.3957E+01    6.1516E+01    2.5686E+01    2.1560E+01    1.7188E+01    7.7393E+01    5.7573E+01    1.9160E+01    5.1478E+00    1.9324E+01    6.5498E+00    1.0121E+01
 1.7553E+03    5.3965E+01    6.1497E+01    2.5585E+01    2.1560E+01    1.7135E+01    7.7409E+01    5.7597E+01    1.9175E+01    5.1478E+00    1.9283E+01    6.5804E+00    1.0121E+01
 1.7558E+03    5.3970E+01    6.1515E+01    2.5243E+01    2.1560E+01    1.7047E+01    7.7391E+01    5.7597E+01    1.9183E+01    5.1478E+00    1.9405E+01    6.7178E+00    1.0121E+01
 1.7563E+03    5.3970E+01    6.1529E+01    2.5181E+01    2.1625E+01    1.7047E+01    7.7398E+01    5.7597E+01    1.9200E+01    5.1478E+00    1.9324E+01    6.5498E+00    1.0016E+01
 1.7568E+03    5.4004E+01    6.1544E+01    2.5066E+01    2.1545E+01    1.6952E+01    7.7401E+01    5.7601E+01    1.9206E+01    5.1478E+00    1.9365E+01    6.5651E+00    1.0016E+01
 1.7574E+03    5.4035E+01    6.1542E+01    2.5066E+01    2.1613E+01    1.6894E+01    7.7420E+01    5.7612E+01    1.9197E+01    5.1478E+00    1.9466E+01    6.7026E+00    1.0121E+01
 1.7579E+03    5.4064E+01    6.1560E+01    2.5166E+01    2.1613E+01    1.6880E+01    7.7426E+01    5.7601E+01    1.9217E+01    5.1478E+00    1.9507E+01    6.5651E+00    1.0121E+01
 1.7584E+03    5.4078E+01    6.1560E+01    2.5207E+01    2.1549E+01    1.6822E+01    7.7411E+01    5.7612E+01    1.9201E+01    5.1478E+00    1.9385E+01    6.7891E+00    1.0121E+01
 1.7590E+03    5.4097E+01    6.1573E+01    2.5117E+01    2.1549E+01    1.6838E+01    7.7418E+01    5.7602E+01    1.9199E+01    5.1478E+00    1.9527E+01    6.7127E+00    1.0016E+01
 1.7596E+03    5.4104E+01    6.1585E+01    2.5164E+01    2.1566E+01    1.6809E+01    7.7431E+01    5.7615E+01    1.9220E+01    5.1478E+00    1.9405E+01    6.7637E+00    1.0016E+01
 1.7601E+03    5.4104E+01    6.1592E+01    2.5192E+01    2.1564E+01    1.6795E+01    7.7446E+01    5.7615E+01    1.9232E+01    5.1478E+00    1.9385E+01    6.6873E+00    1.0225E+01
 1.7606E+03    5.4131E+01    6.1604E+01    2.5263E+01    2.1551E+01    1.6779E+01    7.7430E+01    5.7601E+01    1.9205E+01    5.1682E+00    1.9304E+01    6.6415E+00    1.0016E+01
 1.7611E+03    5.4164E+01    6.1622E+01    2.5263E+01    2.1614E+01    1.6734E+01    7.7431E+01    5.7609E+01    1.9196E+01    5.1478E+00    1.9304E+01    6.7891E+00    1.0121E+01
 1.7618E+03    5.4181E+01    6.1619E+01    2.5398E+01    2.1464E+01    1.6719E+01    7.7439E+01    5.7625E+01    1.9234E+01    5.1478E+00    1.9426E+01    6.8044E+00    1.0121E+01
 1.7623E+03    5.4200E+01    6.1634E+01    2.5229E+01    2.1477E+01    1.6700E+01    7.7454E+01    5.7650E+01    1.9250E+01    5.1478E+00    1.9466E+01    6.6008E+00    1.0121E+01
 1.7628E+03    5.4213E+01    6.1650E+01    2.5225E+01    2.1477E+01    1.6734E+01    7.7460E+01    5.7633E+01    1.9244E+01    5.1478E+00    1.9385E+01    6.5651E+00    1.0121E+01
 1.7633E+03    5.4213E+01    6.1668E+01    2.5154E+01    2.1484E+01    1.6764E+01    7.7446E+01    5.7631E+01    1.9238E+01    5.1478E+00    1.9548E+01    6.6669E+00    1.0016E+01
 1.7639E+03    5.4233E+01    6.1692E+01    2.5183E+01    2.1537E+01    1.6811E+01    7.7455E+01    5.7612E+01    1.9234E+01    5.1682E+00    1.9527E+01    6.5804E+00    9.9090E+00
 1.7644E+03    5.4247E+01    6.1713E+01    2.5209E+01    2.1543E+01    1.6827E+01    7.7452E+01    5.7627E+01    1.9206E+01    5.1478E+00    1.9487E+01    6.6669E+00    1.0121E+01
 1.7649E+03    5.4265E+01    6.1721E+01    2.5209E+01    2.1533E+01    1.6843E+01    7.7448E+01    5.7627E+01    1.9181E+01    5.1478E+00    1.9446E+01    6.6008E+00    1.0121E+01
 1.7654E+03    5.4291E+01    6.1736E+01    2.5401E+01    2.1555E+01    1.6836E+01    7.7448E+01    5.7620E+01    1.9153E+01    5.1478E+00    1.9426E+01    6.5804E+00    1.0016E+01
 1.7660E+03    5.4292E+01    6.1751E+01    2.5324E+01    2.1594E+01    1.6818E+01    7.7453E+01    5.7619E+01    1.9153E+01    5.1478E+00    1.9426E+01    6.6160E+00    1.0225E+01
 1.7665E+03    5.4285E+01    6.1744E+01    2.5197E+01    2.1581E+01    1.6814E+01    7.7453E+01    5.7611E+01    1.9149E+01    5.1478E+00    1.9385E+01    6.7433E+00    1.0121E+01
 1.7670E+03    5.4296E+01    6.1754E+01    2.5240E+01    2.1581E+01    1.6818E+01    7.7465E+01    5.7605E+01    1.9142E+01    5.1478E+00    1.9568E+01    6.5753E+00    1.0016E+01
 1.7676E+03    5.4296E+01    6.1782E+01    2.5203E+01    2.1531E+01    1.6818E+01    7.7467E+01    5.7605E+01    1.9133E+01    5.1478E+00    1.9446E+01    6.5804E+00    1.0016E+01
# Time (s)      T1w (C)       T2w (C)       T1a (C)       T2a (C)       T1r (C)       T2r (C)       T3r (C)       T4r (C)       P1 (bar)      P2 (bar)      Ic (amp)      Qc (l/min)    
 1.7682E+03    5.4315E+01    6.1788E+01    2.5122E+01    2.1479E+01    1.6794E+01    7.7499E+01    5.7598E+01    1.9135E+01    5.1478E+00    1.9344E+01    6.5702E+00    1.0225E+01
 1.7687E+03    5.4291E+01    6.1781E+01    2.5187E+01    2.1506E+01    1.6760E+01    7.7508E+01    5.7589E+01    1.9133E+01    5.1478E+00    1.9385E+01    6.8247E+00    1.0121E+01
 1.7692E+03    5.4315E+01    6.1795E+01    2.5187E+01    2.1553E+01    1.6733E+01    7.7522E+01    5.7590E+01    1.9125E+01    5.1478E+00    1.9568E+01    6.7942E+00    1.0121E+01
 1.7697E+03    5.4328E+01    6.1780E+01    2.5296E+01    2.1619E+01    1.6741E+01    7.7522E+01    5.7571E+01    1.9125E+01    5.1478E+00    1.9385E+01    6.8400E+00    1.0225E+01
 1.7704E+03    5.4373E+01    6.1811E+01    2.5255E+01    2.1742E+01    1.6710E+01    7.7523E+01    5.7569E+01    1.9112E+01    5.1478E+00    1.9609E+01    6.5702E+00    1.0016E+01
 1.7709E+03    5.4400E+01    6.1810E+01    2.5098E+01    2.1742E+01    1.6696E+01    7.7547E+01    5.7575E+01    1.9104E+01    5.1478E+00    1.9629E+01    6.5906E+00    1.0121E+01
 1.7714E+03    5.4400E+01    6.1835E+01    2.5023E+01    2.1646E+01    1.6696E+01    7.7551E+01    5.7575E+01    1.9105E+01    5.1478E+00    1.9650E+01    6.5753E+00    1.0016E+01
 1.7719E+03    5.4426E+01    6.1854E+01    2.5157E+01    2.1676E+01    1.6700E+01    7.7587E+01    5.7565E+01    1.9093E+01    5.1274E+00    1.9527E+01    6.5753E+00    1.0225E+01
 1.7725E+03    5.4463E+01    6.1866E+01    2.5162E+01    2.1697E+01    1.6733E+01    7.7584E+01    5.7586E+01    1.9106E+01    5.1478E+00    1.9527E+01    6.8451E+00    1.0121E+01
 1.7730E+03    5.4471E+01    6.1881E+01    2.5162E+01    2.1765E+01    1.6749E+01    7.7578E+01    5.7586E+01    1.9088E+01    5.1478E+00    1.9629E+01    6.6364E+00    1.0016E+01
 1.7735E+03    5.4478E+01    6.1881E+01    2.5220E+01    2.1680E+01    1.6794E+01    7.7592E+01    5.7590E+01    1.9104E+01    5.1478E+00    1.9670E+01    6.7484E+00    1.0121E+01
 1.7740E+03    5.4499E+01    6.1894E+01    2.5053E+01    2.1680E+01    1.6792E+01    7.7613E+01    5.7593E+01    1.9103E+01    5.1478E+00    1.9466E+01    6.5957E+00    9.9090E+00
 1.7747E+03    5.4508E+01    6.1906E+01    2.5062E+01    2.1654E+01    1.6809E+01    7.7623E+01    5.7605E+01    1.9107E+01    5.1478E+00    1.9527E+01    6.7280E+00    1.0016E+01
 1.7752E+03    5.4508E+01    6.1908E+01    2.5438E+01    2.1711E+01    1.6793E+01    7.7630E+01    5.7607E+01    1.9108E+01    5.1478E+00    1.9527E+01    6.6008E+00    1.0121E+01
 1.7757E+03    5.4529E+01    6.1903E+01    2.5626E+01    2.1643E+01    1.6809E+01    7.7653E+01    5.7622E+01    1.9099E+01    5.1478E+00    1.9426E+01    6.8349E+00    1.0121E+01
 1.7762E+03    5.4539E+01    6.1923E+01    2.5626E+01    2.1695E+01    1.6827E+01    7.7664E+01    5.7601E+01    1.9096E+01    5.1478E+00    1.9446E+01    6.7382E+00    9.9090E+00
 1.7768E+03    5.4554E+01    6.1925E+01    2.5586E+01    2.1630E+01    1.6794E+01    7.7627E+01    5.7621E+01    1.9065E+01    5.1274E+00    1.9690E+01    6.6975E+00    9.9090E+00
 1.7773E+03    5.4584E+01    6.1925E+01    2.5612E+01    2.1701E+01    1.6756E+01    7.7613E+01    5.7605E+01    1.9050E+01    5.1478E+00    1.9690E+01    6.5957E+00    1.0121E+01
 1.7778E+03    5.4619E+01    6.1933E+01    2.5384E+01    2.1701E+01    1.6711E+01    7.7626E+01    5.7592E+01    1.9050E+01    5.1478E+00    1.9629E+01    6.8197E+00    1.0121E+01
 1.7784E+03    5.4633E+01    6.1979E+01    2.5274E+01    2.1668E+01    1.6723E+01    7.7638E+01    5.7587E+01    1.9037E+01    5.1478E+00    1.9609E+01    6.6109E+00    1.0016E+01
 1.7790E+03    5.4650E+01    6.1995E+01    2.5254E+01    2.1670E+01    1.6713E+01    7.7643E+01    5.7581E+01    1.9024E+01    5.1274E+00    1.9670E+01    6.6211E+00    1.0016E+01
 1.7795E+03    5.4645E+01    6.2003E+01    2.5378E+01    2.1632E+01    1.6697E+01    7.7656E+01    5.7567E+01    1.8997E+01    5.1478E+00    1.9690E+01    6.7280E+00    1.0016E+01
 1.7800E+03    5.4682E+01    6.2024E+01    2.5378E+01    2.1610E+01    1.6671E+01    7.7649E+01    5.7571E+01    1.9005E+01    5.1478E+00    1.9731E+01    6.6567E+00    1.0016E+01
 1.7805E+03    5.4689E+01    6.2038E+01    2.5551E+01    2.1572E+01    1.6623E+01    7.7649E+01    5.7573E+01    1.9005E+01    5.1274E+00    1.9690E+01    6.7127E+00    1.0225E+01
 1.7811E+03    5.4728E+01    6.2060E+01    2.5739E+01    2.1560E+01    1.6648E+01    7.7657E+01    5.7575E+01    1.8996E+01    5.1274E+00    1.9527E+01    6.6262E+00    1.0121E+01
 1.7816E+03    5.4744E+01    6.2055E+01    2.5536E+01    2.1665E+01    1.6686E+01    7.7666E+01    5.7582E+01    1.9009E+01    5.1478E+00    1.9487E+01    6.8757E+00    1.0121E+01
 1.7821E+03    5.4744E+01    6.2061E+01    2.5600E+01    2.1665E+01    1.6706E+01    7.7660E+01    5.7599E+01    1.9009E+01    5.1478E+00    1.9609E+01    6.6567E+00    1.0016E+01
 1.7826E+03    5.4769E+01    6.2076E+01    2.5631E+01    2.1662E+01    1.6706E+01    7.7660E+01    5.7599E+01    1.8985E+01    5.1274E+00    1.9629E+01    6.6262E+00    9.9090E+00
 1.7833E+03    5.4776E+01    6.2095E+01    2.5523E+01    2.1633E+01    1.6727E+01    7.7657E+01    5.7576E+01    1.8953E+01    5.1478E+00    1.9751E+01    6.8095E+00    1.0225E+01
 1.7838E+03    5.4798E+01    6.2105E+01    2.5523E+01    2.1626E+01    1.6717E+01    7.7676E+01    5.7604E+01    1.8985E+01    5.1478E+00    1.9731E+01    6.8807E+00    1.0016E+01
# Time (s)      T1w (C)       T2w (C)       T1a (C)       T2a (C)       T1r (C)       T2r (C)       T3r (C)       T4r (C)       P1 (bar)      P2 (bar)      Ic (amp)      Qc (l/min)    
 1.7843E+03    5.4826E+01    6.2105E+01    2.5488E+01    2.1678E+01    1.6704E+01    7.7676E+01    5.7585E+01    1.8968E+01    5.1478E+00    1.9650E+01    6.6517E+00    1.0016E+01
 1.7848E+03    5.4819E+01    6.2113E+01    2.5570E+01    2.1707E+01    1.6739E+01    7.7709E+01    5.7606E+01    1.8984E+01    5.1478E+00    1.9548E+01    6.6211E+00    9.9090E+00
 1.7855E+03    5.4843E+01    6.2147E+01    2.5603E+01    2.1699E+01    1.6760E+01    7.7719E+01    5.7607E+01    1.8992E+01    5.1478E+00    1.9670E+01    6.6211E+00    1.0016E+01
 1.7860E+03    5.4855E+01    6.2158E+01    2.5525E+01    2.1699E+01    1.6771E+01    7.7724E+01    5.7595E+01    1.8964E+01    5.1478E+00    1.9650E+01    6.7026E+00    1.0121E+01
 1.7865E+03    5.4855E+01    6.2179E+01    2.5526E+01    2.1584E+01    1.6771E+01    7.7734E+01    5.7595E+01    1.8951E+01    5.1478E+00    1.9589E+01    6.6924E+00    1.0225E+01
 1.7870E+03    5.4867E+01    6.2192E+01    2.5642E+01    2.1586E+01    1.6769E+01    7.7731E+01    5.7605E+01    1.8960E+01    5.1478E+00    1.9527E+01    6.6211E+00    1.0121E+01
 1.7876E+03    5.4930E+01    6.2232E+01    2.5658E+01    2.1505E+01    1.6786E+01    7.7735E+01    5.7594E+01    1.8955E+01    5.1274E+00    1.9589E+01    6.7687E+00    1.0121E+01
 1.7881E+03    5.4940E+01    6.2257E+01    2.5561E+01    2.1542E+01    1.6779E+01    7.7764E+01    5.7609E+01    1.8949E+01    5.1274E+00    1.9813E+01    6.8502E+00    1.0016E+01
 1.7886E+03    5.4966E+01    6.2257E+01    2.5598E+01    2.1559E+01    1.6763E+01    7.7764E+01    5.7600E+01    1.8949E+01    5.1478E+00    1.9853E+01    6.9062E+00    1.0016E+01
 1.7891E+03    5.5003E+01    6.2278E+01    2.5481E+01    2.1559E+01    1.6736E+01    7.7773E+01    5.7605E+01    1.8947E+01    5.1478E+00    1.9772E+01    6.8298E+00    1.0016E+01
 1.7897E+03    5.5006E+01    6.2293E+01    2.5398E+01    2.1602E+01    1.6765E+01    7.7796E+01    5.7613E+01    1.8963E+01    5.1478E+00    1.9711E+01    6.6262E+00    1.0016E+01
 1.7902E+03    5.5006E+01    6.2319E+01    2.5438E+01    2.1601E+01    1.6765E+01    7.7821E+01    5.7613E+01    1.8956E+01    5.1478E+00    1.9711E+01    6.8197E+00    1.0016E+01
 1.7907E+03    5.5006E+01    6.2322E+01    2.5438E+01    2.1646E+01    1.6763E+01    7.7840E+01    5.7612E+01    1.8938E+01    5.1274E+00    1.9772E+01    6.6313E+00    1.0121E+01
 1.7912E+03    5.5031E+01    6.2357E+01    2.5409E+01    2.1532E+01    1.6758E+01    7.7865E+01    5.7620E+01    1.8955E+01    5.1274E+00    1.9751E+01    6.8400E+00    1.0016E+01
 1.7919E+03    5.5015E+01    6.2382E+01    2.5542E+01    2.1594E+01    1.6744E+01    7.7861E+01    5.7619E+01    1.8953E+01    5.1274E+00    1.9629E+01    6.6924E+00    1.0121E+01
 1.7924E+03    5.5021E+01    6.2382E+01    2.5469E+01    2.1693E+01    1.6707E+01    7.7861E+01    5.7635E+01    1.8953E+01    5.1274E+00    1.9670E+01    6.6415E+00    9.9090E+00
 1.7929E+03    5.5030E+01    6.2402E+01    2.5468E+01    2.1693E+01    1.6675E+01    7.7873E+01    5.7646E+01    1.8940E+01    5.1274E+00    1.9853E+01    6.8706E+00    1.0121E+01
 1.7934E+03    5.5030E+01    6.2407E+01    2.5667E+01    2.1723E+01    1.6665E+01    7.7897E+01    5.7648E+01    1.8949E+01    5.1478E+00    1.9731E+01    6.6415E+00    1.0121E+01
 1.7940E+03    5.5030E+01    6.2427E+01    2.5766E+01    2.1739E+01    1.6665E+01    7.7897E+01    5.7652E+01    1.8941E+01    5.1478E+00    1.9853E+01    6.8197E+00    1.0016E+01
 1.7945E+03    5.5030E+01    6.2460E+01    2.5802E+01    2.1669E+01    1.6693E+01    7.7911E+01    5.7652E+01    1.8950E+01    5.1274E+00    1.9670E+01    6.6466E+00    1.0016E+01
 1.7950E+03    5.5057E+01    6.2482E+01    2.5802E+01    2.1666E+01    1.6724E+01    7.7929E+01    5.7644E+01    1.8928E+01    5.1478E+00    1.9670E+01    6.8400E+00    1.0121E+01
 1.7956E+03    5.5043E+01    6.2467E+01    2.5852E+01    2.1614E+01    1.6742E+01    7.7929E+01    5.7661E+01    1.8928E+01    5.1478E+00    1.9813E+01    6.9215E+00    1.0016E+01
 1.7962E+03    5.5055E+01    6.2472E+01    2.5766E+01    2.1608E+01    1.6783E+01    7.7938E+01    5.7670E+01    1.8928E+01    5.1274E+00    1.9670E+01    6.6415E+00    1.0016E+01
 1.7967E+03    5.5058E+01    6.2493E+01    2.6029E+01    2.1687E+01    1.6762E+01    7.7910E+01    5.7660E+01    1.8912E+01    5.1274E+00    1.9813E+01    6.8502E+00    1.0121E+01
 1.7972E+03    5.5067E+01    6.2491E+01    2.6160E+01    2.1687E+01    1.6726E+01    7.7928E+01    5.7651E+01    1.8926E+01    5.1274E+00    1.9813E+01    6.7433E+00    1.0016E+01
 1.7977E+03    5.5067E+01    6.2509E+01    2.6213E+01    2.1669E+01    1.6710E+01    7.7913E+01    5.7636E+01    1.8896E+01    5.1478E+00    1.9772E+01    6.6466E+00    1.0121E+01
 1.7984E+03    5.5067E+01    6.2524E+01    2.6298E+01    2.1623E+01    1.6710E+01    7.7931E+01    5.7653E+01    1.8904E+01    5.1274E+00    1.9772E+01    6.7840E+00    1.0016E+01
 1.7989E+03    5.5061E+01    6.2531E+01    2.6298E+01    2.1620E+01    1.6721E+01    7.7908E+01    5.7636E+01    1.8895E+01    5.1478E+00    1.9711E+01    6.6364E+00    1.0016E+01
 1.7994E+03    5.5074E+01    6.2531E+01    2.6320E+01    2.1652E+01    1.6771E+01    7.7908E+01    5.7645E+01    1.8871E+01    5.1274E+00    1.9731E+01    6.9062E+00    9.9090E+00
 1.7999E+03    5.5085E+01    6.2563E+01    2.6367E+01    2.1663E+01    1.6818E+01    7.7912E+01    5.7637E+01    1.8855E+01    5.1478E+00    1.9711E+01    6.9215E+00    1.0225E+01
# Time (s)      T1w (C)       T2w (C)       T1a (C)       T2a (C)       T1r (C)       T2r (C)       T3r (C)       T4r (C)       P1 (bar)      P2 (bar)      Ic (amp)      Qc (l/min)    
 1.8005E+03    5.5104E+01    6.2557E+01    2.6339E+01    2.1703E+01    1.6846E+01    7.7923E+01    5.7639E+01    1.8858E+01    5.1274E+00    1.9935E+01    6.6517E+00    1.0225E+01
 1.8010E+03    5.5116E+01    6.2578E+01    2.6226E+01    2.1703E+01    1.6810E+01    7.7963E+01    5.7630E+01    1.8863E+01    5.1274E+00    1.9955E+01    6.6517E+00    1.0016E+01
 1.8015E+03    5.5116E+01    6.2590E+01    2.6093E+01    2.1752E+01    1.6810E+01    7.7992E+01    5.7630E+01    1.8855E+01    5.1274E+00    1.9853E+01    6.7178E+00    1.0016E+01
 1.8020E+03    5.5111E+01    6.2604E+01    2.6093E+01    2.1724E+01    1.6796E+01    7.7983E+01    5.7645E+01    1.8851E+01    5.1274E+00    1.9874E+01    6.6618E+00    1.0121E+01
 1.8027E+03    5.5131E+01    6.2614E+01    2.6048E+01    2.1747E+01    1.6830E+01    7.7987E+01    5.7645E+01    1.8843E+01    5.1274E+00    1.9772E+01    6.6618E+00    1.0121E+01
 1.8032E+03    5.5124E+01    6.2614E+01    2.6048E+01    2.1681E+01    1.6850E+01    7.8003E+01    5.7670E+01    1.8866E+01    5.1274E+00    1.9711E+01    6.8451E+00    1.0016E+01
 1.8037E+03    5.5125E+01    6.2626E+01    2.6024E+01    2.1677E+01    1.6846E+01    7.8003E+01    5.7654E+01    1.8866E+01    5.1274E+00    1.9914E+01    6.6975E+00    1.0225E+01
 1.8042E+03    5.5128E+01    6.2636E+01    2.6124E+01    2.1677E+01    1.6843E+01    7.8014E+01    5.7666E+01    1.8848E+01    5.1274E+00    1.9975E+01    6.9317E+00    1.0121E+01
 1.8048E+03    5.5134E+01    6.2651E+01    2.6225E+01    2.1656E+01    1.6750E+01    7.7993E+01    5.7682E+01    1.8836E+01    5.1274E+00    1.9935E+01    6.9164E+00    1.0121E+01
 1.8053E+03    5.5134E+01    6.2643E+01    2.6245E+01    2.1681E+01    1.6750E+01    7.8004E+01    5.7684E+01    1.8862E+01    5.1274E+00    1.9975E+01    6.7738E+00    1.0016E+01
 1.8058E+03    5.5130E+01    6.2656E+01    2.6253E+01    2.1687E+01    1.6663E+01    7.8011E+01    5.7684E+01    1.8864E+01    5.1274E+00    1.9894E+01    6.6567E+00    1.0016E+01
 1.8064E+03    5.5140E+01    6.2667E+01    2.6253E+01    2.1701E+01    1.6634E+01    7.8018E+01    5.7679E+01    1.8858E+01    5.1274E+00    1.9813E+01    6.8197E+00    1.0121E+01
 1.8070E+03    5.5131E+01    6.2669E+01    2.6202E+01    2.1655E+01    1.6693E+01    7.8029E+01    5.7702E+01    1.8856E+01    5.1274E+00    1.9833E+01    6.6771E+00    9.9090E+00
 1.8075E+03    5.5133E+01    6.2669E+01    2.6171E+01    2.1714E+01    1.6689E+01    7.8029E+01    5.7698E+01    1.8856E+01    5.1274E+00    1.9813E+01    6.9266E+00    1.0016E+01
 1.8080E+03    5.5136E+01    6.2686E+01    2.6024E+01    2.1714E+01    1.6709E+01    7.8063E+01    5.7698E+01    1.8850E+01    5.1274E+00    1.9711E+01    6.6517E+00    1.0121E+01
 1.8085E+03    5.5136E+01    6.2679E+01    2.5982E+01    2.1658E+01    1.6713E+01    7.8062E+01    5.7718E+01    1.8824E+01    5.1274E+00    1.9772E+01    6.8044E+00    1.0016E+01
 1.8092E+03    5.5131E+01    6.2680E+01    2.5918E+01    2.1652E+01    1.6665E+01    7.8049E+01    5.7704E+01    1.8840E+01    5.1274E+00    1.9996E+01    6.8451E+00    1.0121E+01
 1.8097E+03    5.5140E+01    6.2702E+01    2.5921E+01    2.1701E+01    1.6665E+01    7.8058E+01    5.7704E+01    1.8822E+01    5.1274E+00    1.9813E+01    6.8553E+00    1.0016E+01
 1.8102E+03    5.5160E+01    6.2708E+01    2.5921E+01    2.1656E+01    1.6641E+01    7.8075E+01    5.7722E+01    1.8815E+01    5.1274E+00    1.9914E+01    6.6924E+00    1.0016E+01
 1.8107E+03    5.5138E+01    6.2694E+01    2.5907E+01    2.1545E+01    1.6610E+01    7.8117E+01    5.7732E+01    1.8824E+01    5.1274E+00    1.9874E+01    6.8298E+00    1.0121E+01
 1.8113E+03    5.5158E+01    6.2679E+01    2.6112E+01    2.1630E+01    1.6603E+01    7.8117E+01    5.7734E+01    1.8824E+01    5.1274E+00    1.9996E+01    6.9469E+00    1.0121E+01
 1.8118E+03    5.5150E+01    6.2710E+01    2.6156E+01    2.1538E+01    1.6617E+01    7.8109E+01    5.7721E+01    1.8819E+01    5.1274E+00    1.9996E+01    6.6975E+00    1.0121E+01
 1.8123E+03    5.5157E+01    6.2698E+01    2.6055E+01    2.1538E+01    1.6644E+01    7.8142E+01    5.7727E+01    1.8810E+01    5.1274E+00    1.9935E+01    6.7942E+00    1.0016E+01
 1.8128E+03    5.5142E+01    6.2694E+01    2.5871E+01    2.1554E+01    1.6644E+01    7.8156E+01    5.7727E+01    1.8813E+01    5.1274E+00    1.9874E+01    6.6873E+00    9.9090E+00
 1.8135E+03    5.5150E+01    6.2711E+01    2.5850E+01    2.1649E+01    1.6667E+01    7.8161E+01    5.7737E+01    1.8814E+01    5.1274E+00    1.9813E+01    6.8757E+00    1.0016E+01
 1.8140E+03    5.5147E+01    6.2709E+01    2.5850E+01    2.1720E+01    1.6639E+01    7.8153E+01    5.7728E+01    1.8801E+01    5.1274E+00    1.9894E+01    6.7840E+00    1.0121E+01
 1.8145E+03    5.5147E+01    6.2709E+01    2.5975E+01    2.1627E+01    1.6665E+01    7.8161E+01    5.7749E+01    1.8797E+01    5.1274E+00    1.9731E+01    6.9113E+00    1.0121E+01
 1.8150E+03    5.5157E+01    6.2717E+01    2.6077E+01    2.1669E+01    1.6634E+01    7.8147E+01    5.7735E+01    1.8781E+01    5.1274E+00    1.9772E+01    6.9317E+00    1.0016E+01
 1.8156E+03    5.5162E+01    6.2732E+01    2.5989E+01    2.1543E+01    1.6629E+01    7.8158E+01    5.7745E+01    1.8786E+01    5.1274E+00    1.9935E+01    6.8451E+00    1.0016E+01
 1.8161E+03    5.5149E+01    6.2733E+01    2.5941E+01    2.1527E+01    1.6658E+01    7.8174E+01    5.7749E+01    1.8781E+01    5.1274E+00    1.9975E+01    6.7586E+00    1.0121E+01
# Time (s)      T1w (C)       T2w (C)       T1a (C)       T2a (C)       T1r (C)       T2r (C)       T3r (C)       T4r (C)       P1 (bar)      P2 (bar)      Ic (amp)      Qc (l/min)    
 1.8166E+03    5.5149E+01    6.2723E+01    2.5926E+01    2.1574E+01    1.6642E+01    7.8173E+01    5.7735E+01    1.8774E+01    5.1274E+00    1.9894E+01    6.7433E+00    1.0121E+01
 1.8171E+03    5.5177E+01    6.2749E+01    2.6041E+01    2.1633E+01    1.6674E+01    7.8197E+01    5.7748E+01    1.8770E+01    5.1274E+00    1.9792E+01    6.6669E+00    1.0121E+01
 1.8178E+03    5.5173E+01    6.2746E+01    2.5973E+01    2.1579E+01    1.6697E+01    7.8191E+01    5.7753E+01    1.8758E+01    5.1274E+00    2.0016E+01    6.6669E+00    1.0121E+01
 1.8183E+03    5.5171E+01    6.2763E+01    2.5973E+01    2.1575E+01    1.6699E+01    7.8231E+01    5.7765E+01    1.8763E+01    5.1274E+00    1.9975E+01    6.6567E+00    1.0016E+01
 1.8188E+03    5.5168E+01    6.2763E+01    2.5935E+01    2.1543E+01    1.6688E+01    7.8217E+01    5.7746E+01    1.8747E+01    5.1274E+00    1.9955E+01    6.8044E+00    1.0121E+01
 1.8193E+03    5.5172E+01    6.2751E+01    2.5949E+01    2.1543E+01    1.6674E+01    7.8228E+01    5.7762E+01    1.8729E+01    5.1274E+00    1.9996E+01    6.6822E+00    1.0121E+01
 1.8199E+03    5.5194E+01    6.2774E+01    2.5940E+01    2.1550E+01    1.6657E+01    7.8226E+01    5.7748E+01    1.8726E+01    5.1274E+00    1.9874E+01    6.8655E+00    1.0121E+01
 1.8204E+03    5.5194E+01    6.2788E+01    2.5998E+01    2.1625E+01    1.6657E+01    7.8238E+01    5.7748E+01    1.8714E+01    5.1478E+00    1.9935E+01    6.6669E+00    1.0225E+01
 1.8209E+03    5.5190E+01    6.2770E+01    2.5913E+01    2.1567E+01    1.6683E+01    7.8227E+01    5.7750E+01    1.8715E+01    5.1274E+00    1.9996E+01    6.9469E+00    1.0121E+01
 1.8215E+03    5.5196E+01    6.2791E+01    2.5913E+01    2.1519E+01    1.6693E+01    7.8232E+01    5.7769E+01    1.8718E+01    5.1274E+00    1.9894E+01    6.8909E+00    1.0016E+01
 1.8221E+03    5.5180E+01    6.2772E+01    2.5907E+01    2.1372E+01    1.6678E+01    7.8231E+01    5.7798E+01    1.8722E+01    5.1070E+00    1.9894E+01    6.6822E+00    1.0016E+01
 1.8226E+03    5.5169E+01    6.2772E+01    2.5793E+01    2.1457E+01    1.6703E+01    7.8231E+01    5.7793E+01    1.8722E+01    5.1274E+00    1.9751E+01    6.7586E+00    1.0121E+01
 1.8231E+03    5.5208E+01    6.2777E+01    2.5615E+01    2.1457E+01    1.6721E+01    7.8247E+01    5.7788E+01    1.8704E+01    5.1274E+00    1.9792E+01    6.8451E+00    1.0121E+01
 1.8236E+03    5.5208E+01    6.2778E+01    2.5524E+01    2.1538E+01    1.6702E+01    7.8284E+01    5.7797E+01    1.8696E+01    5.1274E+00    1.9996E+01    6.9062E+00    1.0121E+01
 1.8242E+03    5.5192E+01    6.2772E+01    2.5352E+01    2.1501E+01    1.6686E+01    7.8272E+01    5.7779E+01    1.8686E+01    5.1274E+00    2.0016E+01    6.7178E+00    9.9090E+00
 1.8247E+03    5.5183E+01    6.2780E+01    2.5384E+01    2.1498E+01    1.6616E+01    7.8272E+01    5.7764E+01    1.8693E+01    5.1070E+00    2.0036E+01    6.9469E+00    1.0016E+01
 1.8252E+03    5.5204E+01    6.2790E+01    2.5384E+01    2.1516E+01    1.6578E+01    7.8300E+01    5.7786E+01    1.8676E+01    5.1274E+00    1.9874E+01    6.7484E+00    1.0121E+01
 1.8257E+03    5.5198E+01    6.2790E+01    2.5523E+01    2.1498E+01    1.6536E+01    7.8286E+01    5.7789E+01    1.8660E+01    5.1070E+00    1.9935E+01    6.8604E+00    1.0121E+01
 1.8264E+03    5.5207E+01    6.2797E+01    2.5572E+01    2.1517E+01    1.6529E+01    7.8304E+01    5.7796E+01    1.8670E+01    5.1274E+00    1.9955E+01    6.7026E+00    1.0121E+01
 1.8269E+03    5.5209E+01    6.2798E+01    2.5677E+01    2.1474E+01    1.6543E+01    7.8303E+01    5.7795E+01    1.8661E+01    5.1274E+00    1.9874E+01    6.7993E+00    1.0016E+01
 1.8274E+03    5.5219E+01    6.2793E+01    2.5619E+01    2.1474E+01    1.6592E+01    7.8327E+01    5.7808E+01    1.8663E+01    5.1274E+00    2.0036E+01    6.6618E+00    1.0225E+01
 1.8279E+03    5.5219E+01    6.2801E+01    2.5590E+01    2.1535E+01    1.6608E+01    7.8358E+01    5.7823E+01    1.8677E+01    5.1274E+00    1.9914E+01    6.6618E+00    9.9090E+00
 1.8286E+03    5.5241E+01    6.2808E+01    2.5569E+01    2.1492E+01    1.6676E+01    7.8354E+01    5.7846E+01    1.8674E+01    5.1274E+00    1.9935E+01    6.6924E+00    1.0016E+01
 1.8291E+03    5.5225E+01    6.2790E+01    2.5569E+01    2.1476E+01    1.6713E+01    7.8372E+01    5.7834E+01    1.8665E+01    5.1070E+00    1.9914E+01    6.9418E+00    1.0016E+01
 1.8296E+03    5.5232E+01    6.2790E+01    2.5653E+01    2.1441E+01    1.6772E+01    7.8372E+01    5.7845E+01    1.8665E+01    5.1274E+00    1.9996E+01    6.7077E+00    1.0121E+01
 1.8301E+03    5.5234E+01    6.2820E+01    2.5696E+01    2.1447E+01    1.6811E+01    7.8399E+01    5.7866E+01    1.8681E+01    5.1070E+00    1.9996E+01    6.6720E+00    1.0121E+01
 1.8307E+03    5.5244E+01    6.2808E+01    2.5769E+01    2.1475E+01    1.6805E+01    7.8410E+01    5.7892E+01    1.8675E+01    5.1070E+00    1.9894E+01    6.8247E+00    1.0121E+01
 1.8312E+03    5.5258E+01    6.2814E+01    2.5844E+01    2.1475E+01    1.6768E+01    7.8444E+01    5.7921E+01    1.8707E+01    5.1070E+00    1.9772E+01    6.9164E+00    1.0016E+01
 1.8317E+03    5.5258E+01    6.2833E+01    2.5911E+01    2.1407E+01    1.6768E+01    7.8435E+01    5.7921E+01    1.8720E+01    5.1070E+00    2.0036E+01    6.6924E+00    1.0225E+01
 1.8322E+03    5.5258E+01    6.2837E+01    2.5959E+01    2.1499E+01    1.6709E+01    7.8444E+01    5.7932E+01    1.8712E+01    5.1070E+00    1.9914E+01    6.6720E+00    1.0121E+01
# Time (s)      T1w (C)       T2w (C)       T1a (C)       T2a (C)       T1r (C)       T2r (C)       T3r (C)       T4r (C)       P1 (bar)      P2 (bar)      Ic (amp)      Qc (l/min)    
 1.8329E+03    5.5253E+01    6.2827E+01    2.5989E+01    2.1370E+01    1.6728E+01    7.8480E+01    5.7976E+01    1.8752E+01    5.1274E+00    1.9792E+01    6.6618E+00    1.0121E+01
 1.8334E+03    5.5268E+01    6.2857E+01    2.5989E+01    2.1394E+01    1.6732E+01    7.8484E+01    5.7978E+01    1.8738E+01    5.1274E+00    1.9751E+01    6.9266E+00    1.0225E+01
 1.8339E+03    5.5270E+01    6.2857E+01    2.5988E+01    2.1464E+01    1.6776E+01    7.8484E+01    5.7993E+01    1.8738E+01    5.1274E+00    1.9874E+01    6.6720E+00    1.0016E+01
 1.8344E+03    5.5287E+01    6.2836E+01    2.5843E+01    2.1464E+01    1.6874E+01    7.8516E+01    5.8003E+01    1.8746E+01    5.1274E+00    1.9975E+01    6.7789E+00    1.0121E+01
 1.8350E+03    5.5279E+01    6.2840E+01    2.5850E+01    2.1525E+01    1.6916E+01    7.8536E+01    5.8003E+01    1.8757E+01    5.1070E+00    2.0016E+01    6.6771E+00    1.0016E+01
 1.8355E+03    5.5279E+01    6.2842E+01    2.5869E+01    2.1567E+01    1.6916E+01    7.8545E+01    5.8003E+01    1.8747E+01    5.1274E+00    1.9996E+01    6.6669E+00    1.0121E+01
 1.8360E+03    5.5302E+01    6.2852E+01    2.5829E+01    2.1412E+01    1.6872E+01    7.8550E+01    5.8017E+01    1.8760E+01    5.1070E+00    1.9975E+01    6.8044E+00    1.0016E+01
 1.8365E+03    5.5311E+01    6.2862E+01    2.5829E+01    2.1466E+01    1.6857E+01    7.8572E+01    5.8029E+01    1.8766E+01    5.1070E+00    2.0016E+01    6.6924E+00    1.0225E+01
 1.8372E+03    5.5315E+01    6.2850E+01    2.5752E+01    2.1397E+01    1.6833E+01    7.8564E+01    5.8059E+01    1.8761E+01    5.1070E+00    1.9914E+01    6.6720E+00    1.0121E+01
 1.8377E+03    5.5301E+01    6.2850E+01    2.5698E+01    2.1419E+01    1.6782E+01    7.8564E+01    5.8061E+01    1.8761E+01    5.1070E+00    1.9813E+01    6.8960E+00    1.0225E+01
 1.8382E+03    5.5312E+01    6.2860E+01    2.5529E+01    2.1401E+01    1.6762E+01    7.8583E+01    5.8081E+01    1.8784E+01    5.1070E+00    1.9813E+01    6.6669E+00    1.0016E+01
 1.8387E+03    5.5312E+01    6.2854E+01    2.5388E+01    2.1401E+01    1.6762E+01    7.8603E+01    5.8099E+01    1.8784E+01    5.1070E+00    1.9935E+01    6.8604E+00    1.0121E+01
 1.8393E+03    5.5325E+01    6.2865E+01    2.5439E+01    2.1463E+01    1.6767E+01    7.8631E+01    5.8124E+01    1.8812E+01    5.1070E+00    1.9935E+01    6.6771E+00    1.0121E+01
 1.8398E+03    5.5325E+01    6.2868E+01    2.5397E+01    2.1378E+01    1.6783E+01    7.8660E+01    5.8139E+01    1.8831E+01    5.1070E+00    1.9955E+01    6.6771E+00    1.0121E+01
 1.8403E+03    5.5331E+01    6.2880E+01    2.5397E+01    2.1395E+01    1.6823E+01    7.8679E+01    5.8141E+01    1.8835E+01    5.1274E+00    1.9874E+01    6.7586E+00    1.0016E+01
 1.8408E+03    5.5336E+01    6.2880E+01    2.5311E+01    2.1387E+01    1.6857E+01    7.8679E+01    5.8164E+01    1.8838E+01    5.1070E+00    1.9874E+01    6.6720E+00    1.0016E+01
 1.8415E+03    5.5331E+01    6.2869E+01    2.5246E+01    2.1467E+01    1.6914E+01    7.8679E+01    5.8181E+01    1.8833E+01    5.1070E+00    2.0016E+01    6.8400E+00    1.0016E+01
 1.8420E+03    5.5332E+01    6.2871E+01    2.5150E+01    2.1440E+01    1.6873E+01    7.8679E+01    5.8191E+01    1.8833E+01    5.1070E+00    1.9813E+01    6.6669E+00    1.0121E+01
 1.8425E+03    5.5326E+01    6.2864E+01    2.5146E+01    2.1440E+01    1.6839E+01    7.8692E+01    5.8201E+01    1.8831E+01    5.1070E+00    1.9914E+01    6.8858E+00    1.0016E+01
 1.8430E+03    5.5326E+01    6.2883E+01    2.5173E+01    2.1481E+01    1.6839E+01    7.8689E+01    5.8201E+01    1.8839E+01    5.1070E+00    1.9935E+01    6.6669E+00    1.0225E+01
 1.8437E+03    5.5316E+01    6.2890E+01    2.4947E+01    2.1494E+01    1.6794E+01    7.8730E+01    5.8211E+01    1.8843E+01    5.1070E+00    2.0036E+01    6.7127E+00    1.0016E+01
 1.8442E+03    5.5320E+01    6.2884E+01    2.4948E+01    2.1459E+01    1.6767E+01    7.8730E+01    5.8224E+01    1.8844E+01    5.1274E+00    2.0036E+01    6.6771E+00    1.0121E+01
 1.8447E+03    5.5334E+01    6.2896E+01    2.4948E+01    2.1495E+01    1.6750E+01    7.8718E+01    5.8218E+01    1.8851E+01    5.1070E+00    1.9914E+01    6.8451E+00    1.0016E+01
 1.8452E+03    5.5329E+01    6.2896E+01    2.5080E+01    2.1406E+01    1.6792E+01    7.8718E+01    5.8236E+01    1.8851E+01    5.1274E+00    1.9955E+01    6.6975E+00    1.0016E+01
 1.8458E+03    5.5335E+01    6.2894E+01    2.5033E+01    2.1358E+01    1.6832E+01    7.8726E+01    5.8245E+01    1.8853E+01    5.1070E+00    1.9792E+01    6.6669E+00    1.0016E+01
 1.8463E+03    5.5336E+01    6.2894E+01    2.4984E+01    2.1358E+01    1.6913E+01    7.8753E+01    5.8277E+01    1.8855E+01    5.1274E+00    1.9813E+01    6.7178E+00    1.0225E+01
 1.8468E+03    5.5336E+01    6.2892E+01    2.4937E+01    2.1398E+01    1.6913E+01    7.8772E+01    5.8277E+01    1.8861E+01    5.1070E+00    1.9935E+01    6.6771E+00    1.0016E+01
 1.8473E+03    5.5343E+01    6.2906E+01    2.4979E+01    2.1403E+01    1.6908E+01    7.8788E+01    5.8282E+01    1.8865E+01    5.1274E+00    1.9955E+01    6.6720E+00    1.0121E+01
 1.8480E+03    5.5347E+01    6.2901E+01    2.5023E+01    2.1427E+01    1.6919E+01    7.8817E+01    5.8316E+01    1.8892E+01    5.1274E+00    1.9792E+01    6.8502E+00    1.0225E+01
 1.8485E+03    5.5342E+01    6.2919E+01    2.5023E+01    2.1533E+01    1.6942E+01    7.8815E+01    5.8323E+01    1.8894E+01    5.1070E+00    1.9975E+01    6.6771E+00    1.0016E+01
# Time (s)      T1w (C)       T2w (C)       T1a (C)       T2a (C)       T1r (C)       T2r (C)       T3r (C)       T4r (C)       P1 (bar)      P2 (bar)      Ic (amp)      Qc (l/min)    
 1.8490E+03    5.5356E+01    6.2919E+01    2.5046E+01    2.1544E+01    1.6893E+01    7.8815E+01    5.8323E+01    1.8894E+01    5.1274E+00    1.9813E+01    6.6924E+00    1.0225E+01
 1.8495E+03    5.5355E+01    6.2909E+01    2.5047E+01    2.1476E+01    1.6846E+01    7.8821E+01    5.8348E+01    1.8895E+01    5.1070E+00    1.9955E+01    6.7127E+00    9.9090E+00
 1.8502E+03    5.5332E+01    6.2897E+01    2.5111E+01    2.1420E+01    1.6811E+01    7.8823E+01    5.8310E+01    1.8886E+01    5.1274E+00    1.9955E+01    6.6873E+00    1.0016E+01
 1.8507E+03    5.5348E+01    6.2918E+01    2.5239E+01    2.1420E+01    1.6821E+01    7.8845E+01    5.8315E+01    1.8893E+01    5.1274E+00    2.0077E+01    6.9113E+00    1.0016E+01
 1.8512E+03    5.5334E+01    6.2887E+01    2.5256E+01    2.1506E+01    1.6821E+01    7.8843E+01    5.8315E+01    1.8901E+01    5.1274E+00    1.9914E+01    6.6924E+00    1.0016E+01
 1.8517E+03    5.5330E+01    6.2895E+01    2.5256E+01    2.1577E+01    1.6889E+01    7.8862E+01    5.8318E+01    1.8890E+01    5.1274E+00    1.9975E+01    6.8197E+00    1.0016E+01
 1.8523E+03    5.5331E+01    6.2909E+01    2.5252E+01    2.1473E+01    1.6944E+01    7.8848E+01    5.8307E+01    1.8880E+01    5.1274E+00    1.9833E+01    6.8909E+00    1.0121E+01
 1.8528E+03    5.5337E+01    6.2909E+01    2.5107E+01    2.1554E+01    1.7001E+01    7.8848E+01    5.8319E+01    1.8872E+01    5.1274E+00    1.9874E+01    6.9469E+00    1.0121E+01
 1.8533E+03    5.5315E+01    6.2876E+01    2.4960E+01    2.1456E+01    1.6984E+01    7.8880E+01    5.8326E+01    1.8872E+01    5.1274E+00    1.9914E+01    6.8146E+00    9.9090E+00
 1.8538E+03    5.5327E+01    6.2885E+01    2.5044E+01    2.1456E+01    1.7029E+01    7.8863E+01    5.8332E+01    1.8867E+01    5.1274E+00    1.9935E+01    6.8655E+00    1.0016E+01
 1.8545E+03    5.5328E+01    6.2897E+01    2.5170E+01    2.1480E+01    1.7119E+01    7.8884E+01    5.8349E+01    1.8890E+01    5.1274E+00    2.0057E+01    6.9622E+00    1.0121E+01
 1.8550E+03    5.5328E+01    6.2896E+01    2.5147E+01    2.1485E+01    1.7135E+01    7.8873E+01    5.8364E+01    1.8899E+01    5.1274E+00    2.0036E+01    6.6924E+00    1.0121E+01
 1.8555E+03    5.5344E+01    6.2906E+01    2.5147E+01    2.1398E+01    1.7156E+01    7.8910E+01    5.8366E+01    1.8888E+01    5.1274E+00    2.0036E+01    6.8807E+00    1.0225E+01
 1.8560E+03    5.5337E+01    6.2881E+01    2.5349E+01    2.1400E+01    1.7070E+01    7.8911E+01    5.8375E+01    1.8887E+01    5.1070E+00    1.9833E+01    6.9164E+00    1.0121E+01
 1.8566E+03    5.5329E+01    6.2881E+01    2.5272E+01    2.1496E+01    1.7019E+01    7.8917E+01    5.8375E+01    1.8900E+01    5.1274E+00    1.9996E+01    6.6873E+00    1.0225E+01
 1.8571E+03    5.5316E+01    6.2894E+01    2.5247E+01    2.1477E+01    1.7002E+01    7.8917E+01    5.8384E+01    1.8900E+01    5.1274E+00    1.9996E+01    6.7535E+00    1.0121E+01
 1.8576E+03    5.5316E+01    6.2893E+01    2.5270E+01    2.1477E+01    1.6961E+01    7.8907E+01    5.8379E+01    1.8892E+01    5.1070E+00    2.0057E+01    6.7178E+00    1.0016E+01
 1.8581E+03    5.5316E+01    6.2880E+01    2.5266E+01    2.1499E+01    1.6961E+01    7.8919E+01    5.8379E+01    1.8904E+01    5.1274E+00    1.9955E+01    6.6771E+00    1.0121E+01
 1.8588E+03    5.5314E+01    6.2898E+01    2.5295E+01    2.1451E+01    1.6936E+01    7.8910E+01    5.8394E+01    1.8890E+01    5.1274E+00    2.0077E+01    6.6771E+00    1.0121E+01
 1.8593E+03    5.5317E+01    6.2908E+01    2.5343E+01    2.1361E+01    1.6906E+01    7.8888E+01    5.8365E+01    1.8862E+01    5.1070E+00    1.9833E+01    6.7127E+00    1.0121E+01
 1.8598E+03    5.5330E+01    6.2904E+01    2.5343E+01    2.1436E+01    1.6954E+01    7.8898E+01    5.8368E+01    1.8869E+01    5.1070E+00    2.0036E+01    6.9622E+00    1.0225E+01
 1.8603E+03    5.5333E+01    6.2904E+01    2.5444E+01    2.1390E+01    1.6939E+01    7.8898E+01    5.8376E+01    1.8869E+01    5.1274E+00    1.9955E+01    6.8095E+00    1.0121E+01
 1.8609E+03    5.5328E+01    6.2907E+01    2.5442E+01    2.1386E+01    1.6923E+01    7.8913E+01    5.8376E+01    1.8862E+01    5.1070E+00    1.9955E+01    6.9367E+00    9.9090E+00
 1.8614E+03    5.5337E+01    6.2925E+01    2.5386E+01    2.1523E+01    1.6897E+01    7.8894E+01    5.8371E+01    1.8864E+01    5.1070E+00    1.9975E+01    6.8146E+00    1.0016E+01
 1.8619E+03    5.5337E+01    6.2914E+01    2.5168E+01    2.1523E+01    1.6897E+01    7.8909E+01    5.8376E+01    1.8866E+01    5.1070E+00    1.9853E+01    6.9571E+00    1.0121E+01
 1.8624E+03    5.5354E+01    6.2951E+01    2.5126E+01    2.1562E+01    1.6856E+01    7.8915E+01    5.8362E+01    1.8853E+01    5.1274E+00    2.0036E+01    6.7077E+00    1.0121E+01
 1.8631E+03    5.5353E+01    6.2950E+01    2.5181E+01    2.1538E+01    1.6893E+01    7.8931E+01    5.8398E+01    1.8881E+01    5.1274E+00    1.9853E+01    6.8247E+00    1.0121E+01
 1.8636E+03    5.5355E+01    6.2947E+01    2.5308E+01    2.1533E+01    1.6904E+01    7.8936E+01    5.8388E+01    1.8875E+01    5.1274E+00    1.9935E+01    6.6873E+00    1.0016E+01
 1.8641E+03    5.5366E+01    6.2961E+01    2.5324E+01    2.1504E+01    1.6891E+01    7.8925E+01    5.8387E+01    1.8883E+01    5.1274E+00    1.9874E+01    6.7535E+00    1.0225E+01
 1.8646E+03    5.5363E+01    6.2952E+01    2.5416E+01    2.1581E+01    1.6890E+01    7.8925E+01    5.8384E+01    1.8883E+01    5.1274E+00    2.0057E+01    6.6822E+00    1.0121E+01
# Time (s)      T1w (C)       T2w (C)       T1a (C)       T2a (C)       T1r (C)       T2r (C)       T3r (C)       T4r (C)       P1 (bar)      P2 (bar)      Ic (amp)      Qc (l/min)    
 1.8653E+03    5.5355E+01    6.2936E+01    2.5394E+01    2.1458E+01    1.6910E+01    7.8897E+01    5.8399E+01    1.8869E+01    5.1274E+00    2.0036E+01    6.7840E+00    1.0121E+01
 1.8658E+03    5.5331E+01    6.2951E+01    2.5490E+01    2.1458E+01    1.6962E+01    7.8914E+01    5.8414E+01    1.8882E+01    5.1274E+00    2.0036E+01    6.9418E+00    1.0016E+01
 1.8663E+03    5.5331E+01    6.2948E+01    2.5555E+01    2.1440E+01    1.6962E+01    7.8911E+01    5.8414E+01    1.8877E+01    5.1274E+00    1.9955E+01    6.9011E+00    1.0121E+01
 1.8668E+03    5.5347E+01    6.2946E+01    2.5625E+01    2.1426E+01    1.7056E+01    7.8938E+01    5.8417E+01    1.8859E+01    5.1274E+00    1.9853E+01    6.9469E+00    1.0225E+01
 1.8674E+03    5.5363E+01    6.2963E+01    2.5681E+01    2.1543E+01    1.7053E+01    7.8929E+01    5.8410E+01    1.8868E+01    5.1274E+00    1.9914E+01    6.9215E+00    1.0121E+01
 1.8679E+03    5.5365E+01    6.2963E+01    2.5681E+01    2.1570E+01    1.6950E+01    7.8929E+01    5.8407E+01    1.8856E+01    5.1274E+00    1.9894E+01    6.7382E+00    1.0016E+01
 1.8684E+03    5.5370E+01    6.2955E+01    2.5729E+01    2.1580E+01    1.6907E+01    7.8944E+01    5.8422E+01    1.8856E+01    5.1274E+00    1.9853E+01    6.8604E+00    1.0016E+01
 1.8689E+03    5.5382E+01    6.2966E+01    2.5713E+01    2.1580E+01    1.6895E+01    7.8958E+01    5.8422E+01    1.8857E+01    5.1274E+00    2.0036E+01    6.9724E+00    1.0121E+01
 1.8696E+03    5.5385E+01    6.2987E+01    2.5719E+01    2.1475E+01    1.6958E+01    7.8956E+01    5.8436E+01    1.8866E+01    5.1274E+00    2.0057E+01    6.7382E+00    1.0225E+01
 1.8701E+03    5.5385E+01    6.2978E+01    2.5704E+01    2.1528E+01    1.6958E+01    7.8948E+01    5.8437E+01    1.8874E+01    5.1274E+00    1.9955E+01    6.9571E+00    1.0016E+01
 1.8706E+03    5.5389E+01    6.2962E+01    2.5659E+01    2.1507E+01    1.7019E+01    7.8930E+01    5.8437E+01    1.8862E+01    5.1274E+00    2.0098E+01    6.8502E+00    1.0016E+01
 1.8711E+03    5.5391E+01    6.2960E+01    2.5643E+01    2.1502E+01    1.6980E+01    7.8941E+01    5.8454E+01    1.8863E+01    5.1274E+00    1.9833E+01    6.8655E+00    1.0016E+01
 1.8717E+03    5.5386E+01    6.2943E+01    2.5635E+01    2.1473E+01    1.7048E+01    7.8926E+01    5.8469E+01    1.8868E+01    5.1274E+00    1.9833E+01    6.8807E+00    1.0225E+01
 1.8722E+03    5.5389E+01    6.2943E+01    2.5615E+01    2.1481E+01    1.7129E+01    7.8912E+01    5.8453E+01    1.8852E+01    5.1274E+00    1.9955E+01    6.6975E+00    1.0121E+01
 1.8727E+03    5.5399E+01    6.2965E+01    2.5605E+01    2.1368E+01    1.7190E+01    7.8964E+01    5.8456E+01    1.8848E+01    5.1274E+00    1.9853E+01    6.9673E+00    1.0121E+01
 1.8732E+03    5.5399E+01    6.2980E+01    2.5617E+01    2.1368E+01    1.7190E+01    7.8943E+01    5.8477E+01    1.8843E+01    5.1274E+00    1.9874E+01    6.6924E+00    1.0121E+01
 1.8739E+03    5.5390E+01    6.2983E+01    2.5596E+01    2.1393E+01    1.7129E+01    7.8958E+01    5.8468E+01    1.8845E+01    5.1274E+00    2.0077E+01    6.6924E+00    1.0016E+01
 1.8744E+03    5.5416E+01    6.2981E+01    2.5691E+01    2.1465E+01    1.6975E+01    7.8945E+01    5.8454E+01    1.8851E+01    5.1274E+00    2.0077E+01    6.7026E+00    1.0225E+01
 1.8749E+03    5.5407E+01    6.2993E+01    2.5691E+01    2.1472E+01    1.6963E+01    7.8939E+01    5.8454E+01    1.8851E+01    5.1274E+00    1.9955E+01    6.6873E+00    1.0016E+01
 1.8754E+03    5.5405E+01    6.2993E+01    2.5702E+01    2.1554E+01    1.6955E+01    7.8925E+01    5.8457E+01    1.8837E+01    5.1070E+00    1.9955E+01    6.9571E+00    9.9090E+00
 1.8760E+03    5.5401E+01    6.2988E+01    2.5725E+01    2.1570E+01    1.6949E+01    7.8955E+01    5.8459E+01    1.8862E+01    5.1274E+00    2.0098E+01    6.8706E+00    1.0121E+01
 1.8765E+03    5.5409E+01    6.2999E+01    2.5681E+01    2.1603E+01    1.6930E+01    7.8945E+01    5.8453E+01    1.8862E+01    5.1274E+00    1.9853E+01    6.6873E+00    1.0016E+01
 1.8770E+03    5.5409E+01    6.2999E+01    2.5700E+01    2.1603E+01    1.6942E+01    7.8946E+01    5.8467E+01    1.8854E+01    5.1274E+00    2.0057E+01    6.9673E+00    1.0016E+01
 1.8775E+03    5.5406E+01    6.2999E+01    2.5666E+01    2.1613E+01    1.6926E+01    7.8952E+01    5.8453E+01    1.8858E+01    5.1274E+00    2.0098E+01    6.6924E+00    1.0225E+01
 1.8782E+03    5.5380E+01    6.2989E+01    2.5621E+01    2.1546E+01    1.6906E+01    7.8975E+01    5.8477E+01    1.8862E+01    5.1274E+00    2.0016E+01    6.6924E+00    1.0121E+01
 1.8787E+03    5.5381E+01    6.2993E+01    2.5557E+01    2.1475E+01    1.6893E+01    7.8981E+01    5.8475E+01    1.8881E+01    5.1274E+00    2.0036E+01    6.6924E+00    1.0016E+01
 1.8792E+03    5.5420E+01    6.2993E+01    2.5557E+01    2.1521E+01    1.6897E+01    7.8981E+01    5.8498E+01    1.8883E+01    5.1274E+00    1.9914E+01    6.6975E+00    1.0121E+01
 1.8797E+03    5.5414E+01    6.3002E+01    2.5574E+01    2.1453E+01    1.6942E+01    7.9005E+01    5.8492E+01    1.8883E+01    5.1274E+00    1.9935E+01    6.6822E+00    1.0121E+01
 1.8804E+03    5.5417E+01    6.2994E+01    2.5584E+01    2.1465E+01    1.6919E+01    7.9019E+01    5.8488E+01    1.8891E+01    5.1274E+00    2.0077E+01    6.6924E+00    1.0016E+01
 1.8809E+03    5.5420E+01    6.2994E+01    2.5560E+01    2.1465E+01    1.6865E+01    7.9045E+01    5.8494E+01    1.8886E+01    5.1274E+00    1.9914E+01    6.9418E+00    1.0225E+01
# Time (s)      T1w (C)       T2w (C)       T1a (C)       T2a (C)       T1r (C)       T2r (C)       T3r (C)       T4r (C)       P1 (bar)      P2 (bar)      Ic (amp)      Qc (l/min)    
 1.8814E+03    5.5420E+01    6.3001E+01    2.5470E+01    2.1522E+01    1.6865E+01    7.9041E+01    5.8494E+01    1.8880E+01    5.1274E+00    2.0077E+01    6.6924E+00    1.0121E+01
 1.8819E+03    5.5425E+01    6.3012E+01    2.5531E+01    2.1546E+01    1.6868E+01    7.9049E+01    5.8514E+01    1.8888E+01    5.1274E+00    2.0118E+01    6.8757E+00    1.0121E+01
 1.8825E+03    5.5421E+01    6.3011E+01    2.5604E+01    2.1473E+01    1.6861E+01    7.9026E+01    5.8489E+01    1.8886E+01    5.1274E+00    1.9996E+01    6.9367E+00    1.0121E+01
 1.8830E+03    5.5442E+01    6.3007E+01    2.5604E+01    2.1504E+01    1.6863E+01    7.9017E+01    5.8493E+01    1.8882E+01    5.1274E+00    1.9996E+01    6.7687E+00    1.0121E+01
 1.8835E+03    5.5447E+01    6.3007E+01    2.5630E+01    2.1528E+01    1.6854E+01    7.9017E+01    5.8485E+01    1.8882E+01    5.1478E+00    1.9955E+01    6.8451E+00    1.0121E+01
 1.8840E+03    5.5433E+01    6.3019E+01    2.5647E+01    2.1547E+01    1.6858E+01    7.9011E+01    5.8489E+01    1.8897E+01    5.1274E+00    1.9935E+01    6.9673E+00    9.9090E+00
 1.8847E+03    5.5418E+01    6.3007E+01    2.5726E+01    2.1511E+01    1.6878E+01    7.9023E+01    5.8490E+01    1.8897E+01    5.1274E+00    2.0118E+01    6.7026E+00    1.0016E+01
 1.8852E+03    5.5418E+01    6.3009E+01    2.5683E+01    2.1511E+01    1.6878E+01    7.9005E+01    5.8508E+01    1.8899E+01    5.1478E+00    2.0118E+01    6.8197E+00    1.0225E+01
 1.8857E+03    5.5410E+01    6.2986E+01    2.5643E+01    2.1405E+01    1.6905E+01    7.9016E+01    5.8508E+01    1.8895E+01    5.1274E+00    2.0036E+01    6.7331E+00    1.0225E+01
 1.8862E+03    5.5411E+01    6.2995E+01    2.5643E+01    2.1343E+01    1.6978E+01    7.9020E+01    5.8530E+01    1.8905E+01    5.1274E+00    1.9874E+01    6.7077E+00    1.0016E+01
 1.8869E+03    5.5393E+01    6.2974E+01    2.5621E+01    2.1514E+01    1.7031E+01    7.9023E+01    5.8516E+01    1.8879E+01    5.1478E+00    1.9955E+01    6.7789E+00    1.0121E+01
 1.8874E+03    5.5404E+01    6.2974E+01    2.5621E+01    2.1489E+01    1.7056E+01    7.9023E+01    5.8525E+01    1.8899E+01    5.1274E+00    2.0118E+01    6.9469E+00    1.0016E+01
 1.8879E+03    5.5417E+01    6.2984E+01    2.5537E+01    2.1454E+01    1.6977E+01    7.9036E+01    5.8525E+01    1.8899E+01    5.1478E+00    2.0138E+01    6.7026E+00    1.0016E+01
 1.8884E+03    5.5417E+01    6.2986E+01    2.5448E+01    2.1454E+01    1.6972E+01    7.9035E+01    5.8527E+01    1.8908E+01    5.1478E+00    2.0016E+01    6.9775E+00    1.0121E+01
 1.8890E+03    5.5404E+01    6.2988E+01    2.5475E+01    2.1483E+01    1.6954E+01    7.9065E+01    5.8550E+01    1.8907E+01    5.1478E+00    2.0077E+01    6.8247E+00    1.0225E+01
 1.8895E+03    5.5404E+01    6.2994E+01    2.5524E+01    2.1515E+01    1.6954E+01    7.9083E+01    5.8550E+01    1.8908E+01    5.1478E+00    1.9894E+01    6.7026E+00    1.0016E+01
 1.8900E+03    5.5418E+01    6.2999E+01    2.5524E+01    2.1529E+01    1.6953E+01    7.9070E+01    5.8537E+01    1.8910E+01    5.1274E+00    1.9996E+01    6.9164E+00    1.0121E+01
 1.8905E+03    5.5410E+01    6.2999E+01    2.5587E+01    2.1461E+01    1.6949E+01    7.9084E+01    5.8562E+01    1.8933E+01    5.1274E+00    1.9996E+01    6.7026E+00    1.0016E+01
 1.8912E+03    5.5419E+01    6.2976E+01    2.5575E+01    2.1526E+01    1.6968E+01    7.9096E+01    5.8579E+01    1.8963E+01    5.1478E+00    1.9996E+01    6.9062E+00    1.0016E+01
 1.8917E+03    5.5423E+01    6.2976E+01    2.5509E+01    2.1447E+01    1.6985E+01    7.9096E+01    5.8577E+01    1.8963E+01    5.1274E+00    2.0016E+01    6.7484E+00    9.9090E+00
 1.8922E+03    5.5407E+01    6.2999E+01    2.5498E+01    2.1537E+01    1.7018E+01    7.9106E+01    5.8594E+01    1.8952E+01    5.1478E+00    2.0016E+01    6.8044E+00    1.0016E+01
 1.8927E+03    5.5407E+01    6.2997E+01    2.5408E+01    2.1537E+01    1.7024E+01    7.9116E+01    5.8581E+01    1.8976E+01    5.1274E+00    1.9894E+01    6.8655E+00    1.0121E+01
 1.8933E+03    5.5431E+01    6.2996E+01    2.5305E+01    2.1540E+01    1.7024E+01    7.9135E+01    5.8581E+01    1.8970E+01    5.1274E+00    2.0098E+01    6.7789E+00    9.9090E+00
 1.8938E+03    5.5415E+01    6.3021E+01    2.5334E+01    2.1445E+01    1.6959E+01    7.9148E+01    5.8590E+01    1.8970E+01    5.1478E+00    1.9874E+01    6.8553E+00    1.0121E+01
 1.8943E+03    5.5413E+01    6.3006E+01    2.5334E+01    2.1412E+01    1.6915E+01    7.9142E+01    5.8581E+01    1.8970E+01    5.1274E+00    1.9935E+01    6.7026E+00    1.0121E+01
 1.8948E+03    5.5432E+01    6.3006E+01    2.5268E+01    2.1374E+01    1.6925E+01    7.9142E+01    5.8591E+01    1.8970E+01    5.1478E+00    1.9975E+01    6.7891E+00    1.0225E+01
 1.8955E+03    5.5429E+01    6.3014E+01    2.5255E+01    2.1400E+01    1.6951E+01    7.9144E+01    5.8591E+01    1.8964E+01    5.1274E+00    2.0077E+01    6.8655E+00    1.0121E+01
 1.8960E+03    5.5431E+01    6.3015E+01    2.5313E+01    2.1400E+01    1.7018E+01    7.9145E+01    5.8599E+01    1.8945E+01    5.1478E+00    2.0098E+01    6.9775E+00    1.0121E+01
 1.8965E+03    5.5431E+01    6.3002E+01    2.5300E+01    2.1334E+01    1.7018E+01    7.9155E+01    5.8599E+01    1.8972E+01    5.1274E+00    1.9894E+01    6.8909E+00    1.0016E+01
 1.8970E+03    5.5417E+01    6.3030E+01    2.5381E+01    2.1399E+01    1.7014E+01    7.9155E+01    5.8599E+01    1.8964E+01    5.1478E+00    1.9894E+01    6.7535E+00    1.0016E+01
# Time (s)      T1w (C)       T2w (C)       T1a (C)       T2a (C)       T1r (C)       T2r (C)       T3r (C)       T4r (C)       P1 (bar)      P2 (bar)      Ic (amp)      Qc (l/min)    
 1.8976E+03    5.5403E+01    6.3020E+01    2.5373E+01    2.1310E+01    1.7009E+01    7.9193E+01    5.8617E+01    1.8966E+01    5.1274E+00    1.9894E+01    6.9775E+00    1.0016E+01
 1.8981E+03    5.5415E+01    6.3013E+01    2.5373E+01    2.1437E+01    1.7032E+01    7.9208E+01    5.8611E+01    1.8968E+01    5.1274E+00    1.9914E+01    6.7077E+00    1.0016E+01
 1.8986E+03    5.5412E+01    6.3013E+01    2.5442E+01    2.1432E+01    1.7060E+01    7.9222E+01    5.8630E+01    1.8984E+01    5.1274E+00    2.0098E+01    6.9826E+00    1.0121E+01
 1.8991E+03    5.5414E+01    6.3014E+01    2.5427E+01    2.1429E+01    1.7052E+01    7.9191E+01    5.8649E+01    1.8983E+01    5.1274E+00    2.0098E+01    6.7738E+00    1.0121E+01
 1.8998E+03    5.5415E+01    6.3007E+01    2.5353E+01    2.1493E+01    1.7035E+01    7.9207E+01    5.8658E+01    1.8993E+01    5.1478E+00    2.0016E+01    6.8451E+00    1.0225E+01
 1.9003E+03    5.5415E+01    6.3017E+01    2.5435E+01    2.1493E+01    1.6998E+01    7.9206E+01    5.8653E+01    1.8986E+01    5.1478E+00    2.0016E+01    6.9826E+00    1.0121E+01
 1.9008E+03    5.5418E+01    6.3027E+01    2.5488E+01    2.1549E+01    1.6998E+01    7.9206E+01    5.8653E+01    1.8996E+01    5.1274E+00    2.0036E+01    6.9622E+00    1.0121E+01
 1.9013E+03    5.5415E+01    6.3029E+01    2.5503E+01    2.1516E+01    1.7010E+01    7.9232E+01    5.8652E+01    1.8996E+01    5.1274E+00    1.9914E+01    6.9469E+00    1.0016E+01
 1.9020E+03    5.5435E+01    6.3036E+01    2.5324E+01    2.1574E+01    1.7008E+01    7.9239E+01    5.8658E+01    1.9000E+01    5.1478E+00    2.0016E+01    6.9826E+00    1.0121E+01
 1.9025E+03    5.5412E+01    6.3018E+01    2.5309E+01    2.1459E+01    1.6994E+01    7.9248E+01    5.8659E+01    1.9010E+01    5.1274E+00    2.0118E+01    6.7127E+00    1.0016E+01
 1.9030E+03    5.5412E+01    6.3018E+01    2.5185E+01    2.1501E+01    1.6985E+01    7.9248E+01    5.8663E+01    1.9010E+01    5.1478E+00    2.0159E+01    6.9571E+00    1.0016E+01
 1.9035E+03    5.5424E+01    6.3013E+01    2.5211E+01    2.1501E+01    1.6941E+01    7.9267E+01    5.8668E+01    1.9000E+01    5.1274E+00    2.0138E+01    6.9622E+00    1.0121E+01
 1.9041E+03    5.5424E+01    6.3041E+01    2.5309E+01    2.1550E+01    1.6934E+01    7.9266E+01    5.8677E+01    1.9003E+01    5.1274E+00    2.0118E+01    6.7840E+00    1.0016E+01
 1.9046E+03    5.5410E+01    6.3012E+01    2.5426E+01    2.1532E+01    1.6934E+01    7.9267E+01    5.8677E+01    1.8999E+01    5.1478E+00    2.0036E+01    6.7026E+00    1.0016E+01
 1.9051E+03    5.5421E+01    6.3017E+01    2.5415E+01    2.1475E+01    1.6934E+01    7.9281E+01    5.8677E+01    1.8993E+01    5.1274E+00    1.9914E+01    6.9724E+00    1.0016E+01
 1.9056E+03    5.5384E+01    6.3002E+01    2.5399E+01    2.1435E+01    1.6958E+01    7.9296E+01    5.8681E+01    1.8993E+01    5.1478E+00    1.9894E+01    6.7077E+00    1.0016E+01
 1.9063E+03    5.5384E+01    6.3003E+01    2.5425E+01    2.1487E+01    1.6950E+01    7.9310E+01    5.8687E+01    1.9004E+01    5.1478E+00    2.0118E+01    6.9317E+00    1.0016E+01
 1.9068E+03    5.5425E+01    6.3010E+01    2.5543E+01    2.1528E+01    1.6968E+01    7.9310E+01    5.8667E+01    1.9004E+01    5.1478E+00    2.0077E+01    6.8095E+00    1.0121E+01
 1.9073E+03    5.5430E+01    6.3034E+01    2.5536E+01    2.1528E+01    1.6948E+01    7.9287E+01    5.8687E+01    1.9000E+01    5.1274E+00    1.9914E+01    6.8502E+00    1.0121E+01
 1.9078E+03    5.5415E+01    6.3022E+01    2.5474E+01    2.1559E+01    1.6948E+01    7.9299E+01    5.8676E+01    1.9004E+01    5.1478E+00    2.0118E+01    6.7077E+00    1.0121E+01
 1.9084E+03    5.5423E+01    6.3024E+01    2.5474E+01    2.1584E+01    1.6971E+01    7.9308E+01    5.8679E+01    1.9001E+01    5.1478E+00    2.0016E+01    6.7229E+00    1.0016E+01
 1.9089E+03    5.5434E+01    6.3021E+01    2.5446E+01    2.1564E+01    1.6971E+01    7.9312E+01    5.8679E+01    1.9000E+01    5.1274E+00    1.9996E+01    6.9826E+00    1.0016E+01
 1.9094E+03    5.5417E+01    6.3027E+01    2.5446E+01    2.1590E+01    1.6929E+01    7.9291E+01    5.8684E+01    1.9015E+01    5.1274E+00    1.9935E+01    6.6975E+00    1.0121E+01
 1.9099E+03    5.5435E+01    6.3027E+01    2.5372E+01    2.1522E+01    1.6904E+01    7.9291E+01    5.8670E+01    1.9015E+01    5.1478E+00    2.0118E+01    6.7178E+00    1.0121E+01
 1.9106E+03    5.5427E+01    6.3022E+01    2.5380E+01    2.1547E+01    1.6916E+01    7.9302E+01    5.8690E+01    1.9007E+01    5.1478E+00    1.9894E+01    6.7178E+00    1.0016E+01
 1.9111E+03    5.5404E+01    6.3032E+01    2.5465E+01    2.1508E+01    1.6914E+01    7.9315E+01    5.8689E+01    1.9007E+01    5.1478E+00    1.9955E+01    6.8400E+00    1.0121E+01
 1.9116E+03    5.5423E+01    6.3039E+01    2.5455E+01    2.1523E+01    1.6949E+01    7.9321E+01    5.8696E+01    1.9001E+01    5.1478E+00    2.0179E+01    6.7026E+00    1.0225E+01
 1.9121E+03    5.5423E+01    6.3045E+01    2.5503E+01    2.1511E+01    1.6949E+01    7.9328E+01    5.8696E+01    1.9006E+01    5.1682E+00    2.0159E+01    6.9775E+00    1.0016E+01
 1.9128E+03    5.5456E+01    6.3049E+01    2.5522E+01    2.1617E+01    1.6980E+01    7.9351E+01    5.8706E+01    1.9003E+01    5.1478E+00    2.0077E+01    6.8960E+00    1.0121E+01
 1.9133E+03    5.5453E+01    6.3065E+01    2.5319E+01    2.1624E+01    1.7015E+01    7.9365E+01    5.8713E+01    1.9005E+01    5.1274E+00    2.0057E+01    6.8400E+00    1.0016E+01
# Time (s)      T1w (C)       T2w (C)       T1a (C)       T2a (C)       T1r (C)       T2r (C)       T3r (C)       T4r (C)       P1 (bar)      P2 (bar)      Ic (amp)      Qc (l/min)    
 1.9138E+03    5.5481E+01    6.3099E+01    2.5334E+01    2.1644E+01    1.7095E+01    7.9364E+01    5.8705E+01    1.8997E+01    5.1274E+00    1.9996E+01    6.8349E+00    1.0121E+01
 1.9143E+03    5.5490E+01    6.3099E+01    2.5017E+01    2.1569E+01    1.7040E+01    7.9364E+01    5.8711E+01    1.8997E+01    5.1274E+00    1.9975E+01    6.8960E+00    1.0121E+01
 1.9149E+03    5.5514E+01    6.3097E+01    2.4953E+01    2.1589E+01    1.7043E+01    7.9360E+01    5.8732E+01    1.8997E+01    5.1478E+00    2.0036E+01    6.7942E+00    1.0121E+01
 1.9154E+03    5.5516E+01    6.3097E+01    2.4954E+01    2.1589E+01    1.7078E+01    7.9361E+01    5.8732E+01    1.8998E+01    5.1478E+00    2.0016E+01    6.7077E+00    1.0225E+01
 1.9159E+03    5.5516E+01    6.3102E+01    2.4962E+01    2.1462E+01    1.7078E+01    7.9389E+01    5.8732E+01    1.8996E+01    5.1478E+00    2.0138E+01    6.8706E+00    1.0121E+01
 1.9164E+03    5.5519E+01    6.3119E+01    2.4924E+01    2.1505E+01    1.7078E+01    7.9362E+01    5.8724E+01    1.9000E+01    5.1478E+00    2.0159E+01    6.7178E+00    1.0121E+01
 1.9171E+03    5.5536E+01    6.3124E+01    2.4889E+01    2.1544E+01    1.7117E+01    7.9371E+01    5.8732E+01    1.8996E+01    5.1478E+00    2.0118E+01    6.7331E+00    1.0121E+01
 1.9176E+03    5.5560E+01    6.3140E+01    2.4889E+01    2.1494E+01    1.7171E+01    7.9389E+01    5.8729E+01    1.8985E+01    5.1478E+00    2.0138E+01    6.9978E+00    1.0225E+01
 1.9181E+03    5.5546E+01    6.3140E+01    2.4910E+01    2.1541E+01    1.7181E+01    7.9389E+01    5.8734E+01    1.8985E+01    5.1274E+00    2.0098E+01    6.7127E+00    1.0016E+01
 1.9186E+03    5.5545E+01    6.3131E+01    2.4921E+01    2.1541E+01    1.7083E+01    7.9410E+01    5.8724E+01    1.8979E+01    5.1274E+00    2.0098E+01    6.9826E+00    1.0016E+01
 1.9193E+03    5.5545E+01    6.3128E+01    2.4964E+01    2.1457E+01    1.7026E+01    7.9398E+01    5.8729E+01    1.8980E+01    5.1274E+00    1.9914E+01    6.7127E+00    1.0121E+01
 1.9198E+03    5.5545E+01    6.3127E+01    2.5055E+01    2.1457E+01    1.7026E+01    7.9388E+01    5.8735E+01    1.9005E+01    5.1478E+00    1.9894E+01    6.7026E+00    1.0121E+01
 1.9203E+03    5.5549E+01    6.3125E+01    2.5097E+01    2.1546E+01    1.7026E+01    7.9416E+01    5.8735E+01    1.8993E+01    5.1274E+00    1.9955E+01    6.7026E+00    1.0121E+01
 1.9208E+03    5.5546E+01    6.3125E+01    2.5097E+01    2.1537E+01    1.7012E+01    7.9407E+01    5.8741E+01    1.8977E+01    5.1274E+00    2.0138E+01    6.7077E+00    1.0016E+01
 1.9214E+03    5.5559E+01    6.3124E+01    2.4942E+01    2.1556E+01    1.7050E+01    7.9397E+01    5.8742E+01    1.8988E+01    5.1274E+00    2.0016E+01    6.9877E+00    1.0016E+01
 1.9219E+03    5.5563E+01    6.3124E+01    2.4878E+01    2.1540E+01    1.7054E+01    7.9397E+01    5.8746E+01    1.8990E+01    5.1274E+00    2.0016E+01    6.7127E+00    1.0121E+01
 1.9224E+03    5.5556E+01    6.3134E+01    2.4927E+01    2.1455E+01    1.7042E+01    7.9403E+01    5.8746E+01    1.8990E+01    5.1478E+00    2.0077E+01    6.9367E+00    1.0225E+01
 1.9229E+03    5.5556E+01    6.3141E+01    2.5064E+01    2.1455E+01    1.7027E+01    7.9396E+01    5.8753E+01    1.8977E+01    5.1478E+00    1.9935E+01    6.7738E+00    1.0016E+01
 1.9236E+03    5.5580E+01    6.3131E+01    2.5012E+01    2.1411E+01    1.7027E+01    7.9451E+01    5.8756E+01    1.8978E+01    5.1274E+00    2.0159E+01    6.8095E+00    1.0121E+01
 1.9241E+03    5.5580E+01    6.3128E+01    2.5003E+01    2.1632E+01    1.7027E+01    7.9450E+01    5.8756E+01    1.8978E+01    5.1478E+00    2.0159E+01    6.9622E+00    1.0121E+01
 1.9246E+03    5.5607E+01    6.3142E+01    2.5029E+01    2.1530E+01    1.7023E+01    7.9439E+01    5.8753E+01    1.8953E+01    5.1478E+00    2.0036E+01    6.7484E+00    1.0225E+01
 1.9251E+03    5.5601E+01    6.3142E+01    2.5029E+01    2.1583E+01    1.7050E+01    7.9435E+01    5.8752E+01    1.8953E+01    5.1478E+00    2.0036E+01    6.9877E+00    1.0327E+01
 1.9257E+03    5.5607E+01    6.3149E+01    2.5077E+01    2.1460E+01    1.7047E+01    7.9433E+01    5.8761E+01    1.8959E+01    5.1274E+00    2.0077E+01    6.7484E+00    1.0327E+01
 1.9262E+03    5.5610E+01    6.3158E+01    2.5140E+01    2.1497E+01    1.7014E+01    7.9433E+01    5.8757E+01    1.8959E+01    5.1274E+00    2.0159E+01    6.7382E+00    1.0225E+01
 1.9267E+03    5.5620E+01    6.3148E+01    2.5153E+01    2.1497E+01    1.7027E+01    7.9426E+01    5.8760E+01    1.8953E+01    5.1478E+00    2.0159E+01    6.8604E+00    1.0327E+01
 1.9272E+03    5.5620E+01    6.3154E+01    2.5283E+01    2.1545E+01    1.7027E+01    7.9434E+01    5.8760E+01    1.8937E+01    5.1274E+00    1.9975E+01    6.7178E+00    1.0121E+01
 1.9279E+03    5.5652E+01    6.3166E+01    2.5377E+01    2.1546E+01    1.7019E+01    7.9396E+01    5.8738E+01    1.8937E+01    5.1274E+00    1.9975E+01    6.9877E+00    1.0225E+01
 1.9284E+03    5.5639E+01    6.3171E+01    2.5377E+01    2.1671E+01    1.7077E+01    7.9396E+01    5.8736E+01    1.8928E+01    5.1478E+00    1.9935E+01    6.7280E+00    1.0121E+01
 1.9289E+03    5.5653E+01    6.3175E+01    2.5449E+01    2.1522E+01    1.7131E+01    7.9415E+01    5.8770E+01    1.8932E+01    5.1274E+00    2.0057E+01    6.9877E+00    1.0121E+01
 1.9294E+03    5.5642E+01    6.3175E+01    2.5404E+01    2.1484E+01    1.7122E+01    7.9415E+01    5.8749E+01    1.8932E+01    5.1478E+00    2.0057E+01    6.9469E+00    1.0225E+01
# Time (s)      T1w (C)       T2w (C)       T1a (C)       T2a (C)       T1r (C)       T2r (C)       T3r (C)       T4r (C)       P1 (bar)      P2 (bar)      Ic (amp)      Qc (l/min)    
 1.9301E+03    5.5659E+01    6.3198E+01    2.5381E+01    2.1493E+01    1.7032E+01    7.9398E+01    5.8755E+01    1.8902E+01    5.1274E+00    2.0036E+01    6.9927E+00    1.0016E+01
 1.9306E+03    5.5665E+01    6.3218E+01    2.5454E+01    2.1509E+01    1.6998E+01    7.9400E+01    5.8755E+01    1.8904E+01    5.1274E+00    2.0159E+01    6.7178E+00    1.0225E+01
 1.9311E+03    5.5680E+01    6.3224E+01    2.5411E+01    2.1578E+01    1.6998E+01    7.9423E+01    5.8770E+01    1.8922E+01    5.1478E+00    1.9935E+01    6.9418E+00    1.0225E+01
 1.9316E+03    5.5682E+01    6.3205E+01    2.5298E+01    2.1462E+01    1.7011E+01    7.9422E+01    5.8785E+01    1.8923E+01    5.1274E+00    2.0057E+01    6.7331E+00    1.0225E+01
 1.9322E+03    5.5655E+01    6.3218E+01    2.5215E+01    2.1560E+01    1.6972E+01    7.9424E+01    5.8756E+01    1.8937E+01    5.1274E+00    2.0138E+01    6.7789E+00    1.0121E+01
 1.9327E+03    5.5683E+01    6.3221E+01    2.5215E+01    2.1609E+01    1.6945E+01    7.9423E+01    5.8762E+01    1.8921E+01    5.1478E+00    2.0179E+01    6.9367E+00    1.0121E+01
 1.9332E+03    5.5685E+01    6.3221E+01    2.5178E+01    2.1613E+01    1.6999E+01    7.9423E+01    5.8764E+01    1.8924E+01    5.1478E+00    2.0220E+01    6.8706E+00    1.0016E+01
 1.9337E+03    5.5663E+01    6.3215E+01    2.5214E+01    2.1651E+01    1.7044E+01    7.9437E+01    5.8765E+01    1.8924E+01    5.1478E+00    2.0179E+01    6.9113E+00    1.0225E+01
 1.9344E+03    5.5670E+01    6.3232E+01    2.5103E+01    2.1511E+01    1.7010E+01    7.9455E+01    5.8762E+01    1.8918E+01    5.1478E+00    2.0159E+01    6.7229E+00    1.0016E+01
 1.9349E+03    5.5673E+01    6.3233E+01    2.5088E+01    2.1511E+01    1.7032E+01    7.9467E+01    5.8785E+01    1.8941E+01    5.1478E+00    2.0159E+01    6.8502E+00    1.0121E+01
 1.9354E+03    5.5673E+01    6.3223E+01    2.5132E+01    2.1558E+01    1.7032E+01    7.9466E+01    5.8785E+01    1.8928E+01    5.1478E+00    2.0240E+01    6.9418E+00    1.0121E+01
 1.9359E+03    5.5673E+01    6.3226E+01    2.5129E+01    2.1573E+01    1.7062E+01    7.9483E+01    5.8769E+01    1.8921E+01    5.1478E+00    2.0199E+01    6.7229E+00    1.0121E+01
 1.9366E+03    5.5678E+01    6.3227E+01    2.5112E+01    2.1548E+01    1.7085E+01    7.9480E+01    5.8760E+01    1.8915E+01    5.1274E+00    1.9975E+01    6.7433E+00    1.0225E+01
 1.9371E+03    5.5684E+01    6.3226E+01    2.5112E+01    2.1574E+01    1.7107E+01    7.9466E+01    5.8755E+01    1.8920E+01    5.1478E+00    2.0118E+01    6.9622E+00    1.0121E+01
 1.9376E+03    5.5667E+01    6.3211E+01    2.5156E+01    2.1546E+01    1.7058E+01    7.9466E+01    5.8766E+01    1.8910E+01    5.1274E+00    2.0199E+01    6.7331E+00    1.0121E+01
 1.9381E+03    5.5685E+01    6.3212E+01    2.5192E+01    2.1510E+01    1.7019E+01    7.9475E+01    5.8763E+01    1.8910E+01    5.1478E+00    1.9955E+01    7.0029E+00    9.9090E+00
 1.9388E+03    5.5672E+01    6.3203E+01    2.5155E+01    2.1507E+01    1.7032E+01    7.9441E+01    5.8749E+01    1.8900E+01    5.1274E+00    2.0077E+01    6.8909E+00    1.0121E+01
 1.9393E+03    5.5673E+01    6.3212E+01    2.5206E+01    2.1507E+01    1.6978E+01    7.9437E+01    5.8766E+01    1.8908E+01    5.1274E+00    2.0118E+01    6.9062E+00    1.0016E+01
 1.9398E+03    5.5673E+01    6.3214E+01    2.5219E+01    2.1470E+01    1.6978E+01    7.9441E+01    5.8766E+01    1.8912E+01    5.1274E+00    2.0036E+01    6.9622E+00    1.0121E+01
 1.9403E+03    5.5691E+01    6.3235E+01    2.5219E+01    2.1487E+01    1.6908E+01    7.9443E+01    5.8766E+01    1.8933E+01    5.1478E+00    1.9996E+01    6.9775E+00    1.0016E+01
 1.9409E+03    5.5681E+01    6.3225E+01    2.5197E+01    2.1512E+01    1.6904E+01    7.9451E+01    5.8767E+01    1.8932E+01    5.1274E+00    2.0199E+01    6.7229E+00    1.0121E+01
 1.9414E+03    5.5707E+01    6.3225E+01    2.5220E+01    2.1515E+01    1.6941E+01    7.9460E+01    5.8784E+01    1.8927E+01    5.1274E+00    2.0240E+01    6.7535E+00    1.0121E+01
 1.9419E+03    5.5715E+01    6.3215E+01    2.5187E+01    2.1583E+01    1.6945E+01    7.9460E+01    5.8792E+01    1.8927E+01    5.1274E+00    2.0138E+01    6.7280E+00    1.0225E+01
 1.9424E+03    5.5702E+01    6.3234E+01    2.5116E+01    2.1583E+01    1.6959E+01    7.9473E+01    5.8774E+01    1.8927E+01    5.1478E+00    2.0118E+01    6.8197E+00    1.0016E+01
 1.9431E+03    5.5707E+01    6.3237E+01    2.5092E+01    2.1555E+01    1.6997E+01    7.9477E+01    5.8807E+01    1.8942E+01    5.1274E+00    2.0199E+01    6.7280E+00    1.0016E+01
 1.9436E+03    5.5707E+01    6.3238E+01    2.5116E+01    2.1514E+01    1.6997E+01    7.9465E+01    5.8807E+01    1.8946E+01    5.1478E+00    2.0118E+01    6.7280E+00    1.0016E+01
 1.9441E+03    5.5712E+01    6.3223E+01    2.5100E+01    2.1449E+01    1.6975E+01    7.9479E+01    5.8791E+01    1.8956E+01    5.1274E+00    1.9996E+01    6.7229E+00    1.0121E+01
 1.9446E+03    5.5705E+01    6.3234E+01    2.5056E+01    2.1495E+01    1.6953E+01    7.9472E+01    5.8795E+01    1.8955E+01    5.1274E+00    2.0138E+01    6.9927E+00    1.0121E+01
 1.9452E+03    5.5703E+01    6.3234E+01    2.4871E+01    2.1511E+01    1.6932E+01    7.9516E+01    5.8806E+01    1.8946E+01    5.1274E+00    1.9996E+01    6.9520E+00    1.0016E+01
 1.9457E+03    5.5682E+01    6.3219E+01    2.4887E+01    2.1435E+01    1.6929E+01    7.9516E+01    5.8817E+01    1.8946E+01    5.1274E+00    2.0220E+01    6.8298E+00    1.0225E+01
# Time (s)      T1w (C)       T2w (C)       T1a (C)       T2a (C)       T1r (C)       T2r (C)       T3r (C)       T4r (C)       P1 (bar)      P2 (bar)      Ic (amp)      Qc (l/min)    
 1.9462E+03    5.5681E+01    6.3212E+01    2.4930E+01    2.1435E+01    1.6906E+01    7.9493E+01    5.8812E+01    1.8952E+01    5.1478E+00    2.0138E+01    7.0080E+00    1.0121E+01
 1.9468E+03    5.5681E+01    6.3209E+01    2.4916E+01    2.1433E+01    1.6922E+01    7.9524E+01    5.8838E+01    1.8976E+01    5.1478E+00    2.0118E+01    6.9418E+00    9.9090E+00
 1.9474E+03    5.5698E+01    6.3225E+01    2.4885E+01    2.1444E+01    1.6948E+01    7.9532E+01    5.8833E+01    1.8978E+01    5.1274E+00    2.0098E+01    7.0029E+00    1.0121E+01
 1.9479E+03    5.5700E+01    6.3222E+01    2.4909E+01    2.1461E+01    1.6948E+01    7.9540E+01    5.8833E+01    1.8976E+01    5.1274E+00    2.0077E+01    6.7331E+00    1.0016E+01
 1.9484E+03    5.5715E+01    6.3230E+01    2.4909E+01    2.1444E+01    1.6970E+01    7.9548E+01    5.8835E+01    1.8980E+01    5.1478E+00    2.0138E+01    6.9775E+00    1.0225E+01
 1.9489E+03    5.5729E+01    6.3230E+01    2.4884E+01    2.1493E+01    1.6963E+01    7.9548E+01    5.8853E+01    1.8980E+01    5.1274E+00    2.0220E+01    7.0080E+00    1.0121E+01
 1.9496E+03    5.5736E+01    6.3250E+01    2.5035E+01    2.1550E+01    1.6943E+01    7.9564E+01    5.8836E+01    1.8973E+01    5.1478E+00    2.0260E+01    6.7738E+00    1.0121E+01
 1.9501E+03    5.5729E+01    6.3241E+01    2.5057E+01    2.1484E+01    1.6963E+01    7.9578E+01    5.8841E+01    1.8973E+01    5.1478E+00    2.0220E+01    6.7331E+00    1.0121E+01
 1.9506E+03    5.5753E+01    6.3258E+01    2.5079E+01    2.1484E+01    1.6947E+01    7.9562E+01    5.8847E+01    1.8999E+01    5.1274E+00    2.0179E+01    6.9011E+00    1.0016E+01
 1.9511E+03    5.5753E+01    6.3257E+01    2.5178E+01    2.1468E+01    1.6931E+01    7.9560E+01    5.8832E+01    1.8959E+01    5.1478E+00    2.0138E+01    6.8349E+00    1.0016E+01
 1.9518E+03    5.5739E+01    6.3259E+01    2.5176E+01    2.1490E+01    1.6885E+01    7.9558E+01    5.8827E+01    1.8970E+01    5.1274E+00    2.0138E+01    6.7331E+00    1.0121E+01
 1.9523E+03    5.5739E+01    6.3255E+01    2.5217E+01    2.1554E+01    1.6864E+01    7.9554E+01    5.8830E+01    1.8971E+01    5.1478E+00    2.0159E+01    6.8400E+00    1.0121E+01
 1.9528E+03    5.5757E+01    6.3262E+01    2.5217E+01    2.1602E+01    1.6887E+01    7.9573E+01    5.8831E+01    1.8972E+01    5.1478E+00    2.0138E+01    6.7993E+00    1.0121E+01
 1.9533E+03    5.5767E+01    6.3262E+01    2.5240E+01    2.1648E+01    1.6937E+01    7.9573E+01    5.8842E+01    1.8972E+01    5.1478E+00    2.0240E+01    6.9418E+00    1.0121E+01
 1.9540E+03    5.5771E+01    6.3271E+01    2.5325E+01    2.1626E+01    1.6996E+01    7.9560E+01    5.8838E+01    1.8973E+01    5.1478E+00    2.0057E+01    6.7586E+00    1.0121E+01
 1.9545E+03    5.5788E+01    6.3279E+01    2.5299E+01    2.1566E+01    1.6984E+01    7.9581E+01    5.8842E+01    1.8973E+01    5.1478E+00    2.0036E+01    6.7280E+00    1.0121E+01
 1.9550E+03    5.5805E+01    6.3288E+01    2.5349E+01    2.1566E+01    1.6974E+01    7.9595E+01    5.8852E+01    1.8968E+01    5.1478E+00    2.0179E+01    6.8604E+00    9.9090E+00
 1.9555E+03    5.5805E+01    6.3282E+01    2.5285E+01    2.1556E+01    1.6974E+01    7.9614E+01    5.8852E+01    1.8991E+01    5.1478E+00    2.0199E+01    6.9113E+00    1.0225E+01
 1.9561E+03    5.5842E+01    6.3313E+01    2.5293E+01    2.1497E+01    1.6989E+01    7.9615E+01    5.8848E+01    1.8989E+01    5.1274E+00    2.0301E+01    6.7637E+00    1.0016E+01
 1.9566E+03    5.5833E+01    6.3322E+01    2.5293E+01    2.1526E+01    1.6978E+01    7.9614E+01    5.8849E+01    1.9000E+01    5.1478E+00    2.0260E+01    6.8960E+00    1.0121E+01
 1.9571E+03    5.5857E+01    6.3322E+01    2.5345E+01    2.1505E+01    1.6996E+01    7.9620E+01    5.8856E+01    1.9010E+01    5.1478E+00    2.0036E+01    6.9164E+00    1.0121E+01
 1.9577E+03    5.5875E+01    6.3323E+01    2.5321E+01    2.1584E+01    1.6959E+01    7.9620E+01    5.8864E+01    1.9010E+01    5.1274E+00    2.0199E+01    7.0080E+00    1.0121E+01
 1.9584E+03    5.5892E+01    6.3332E+01    2.5179E+01    2.1522E+01    1.6927E+01    7.9644E+01    5.8880E+01    1.9027E+01    5.1478E+00    2.0281E+01    6.7484E+00    9.9090E+00
 1.9589E+03    5.5894E+01    6.3334E+01    2.5073E+01    2.1606E+01    1.6934E+01    7.9675E+01    5.8875E+01    1.9027E+01    5.1478E+00    2.0281E+01    6.9266E+00    1.0016E+01
 1.9594E+03    5.5894E+01    6.3340E+01    2.5147E+01    2.1606E+01    1.7017E+01    7.9680E+01    5.8891E+01    1.9007E+01    5.1478E+00    2.0220E+01    6.7484E+00    1.0121E+01
 1.9599E+03    5.5916E+01    6.3359E+01    2.5268E+01    2.1614E+01    1.7017E+01    7.9663E+01    5.8891E+01    1.9008E+01    5.1478E+00    2.0260E+01    6.7942E+00    1.0016E+01
 1.9606E+03    5.5906E+01    6.3367E+01    2.5173E+01    2.1577E+01    1.6991E+01    7.9638E+01    5.8882E+01    1.9022E+01    5.1478E+00    2.0179E+01    6.8604E+00    1.0121E+01
 1.9611E+03    5.5941E+01    6.3376E+01    2.5201E+01    2.1642E+01    1.7014E+01    7.9652E+01    5.8897E+01    1.9018E+01    5.1478E+00    2.0159E+01    6.9418E+00    1.0121E+01
 1.9616E+03    5.5950E+01    6.3376E+01    2.5201E+01    2.1596E+01    1.6935E+01    7.9649E+01    5.8882E+01    1.9024E+01    5.1478E+00    2.0240E+01    6.9927E+00    1.0016E+01
 1.9621E+03    5.5967E+01    6.3378E+01    2.5172E+01    2.1660E+01    1.6875E+01    7.9635E+01    5.8883E+01    1.9009E+01    5.1478E+00    2.0199E+01    6.7993E+00    1.0016E+01
# Time (s)      T1w (C)       T2w (C)       T1a (C)       T2a (C)       T1r (C)       T2r (C)       T3r (C)       T4r (C)       P1 (bar)      P2 (bar)      Ic (amp)      Qc (l/min)    
 1.9627E+03    5.5964E+01    6.3385E+01    2.5195E+01    2.1644E+01    1.6858E+01    7.9666E+01    5.8881E+01    1.9017E+01    5.1478E+00    2.0301E+01    6.7484E+00    1.0121E+01
 1.9632E+03    5.5969E+01    6.3399E+01    2.5198E+01    2.1644E+01    1.6858E+01    7.9676E+01    5.8907E+01    1.9030E+01    5.1478E+00    2.0301E+01    6.7738E+00    1.0016E+01
 1.9637E+03    5.5969E+01    6.3411E+01    2.5267E+01    2.1681E+01    1.6858E+01    7.9699E+01    5.8907E+01    1.9037E+01    5.1478E+00    2.0179E+01    6.7738E+00    1.0121E+01
 1.9642E+03    5.5961E+01    6.3426E+01    2.5265E+01    2.1612E+01    1.6872E+01    7.9727E+01    5.8935E+01    1.9064E+01    5.1682E+00    2.0301E+01    6.9418E+00    1.0121E+01
 1.9649E+03    5.5971E+01    6.3416E+01    2.5244E+01    2.1648E+01    1.6941E+01    7.9747E+01    5.8928E+01    1.9054E+01    5.1478E+00    2.0362E+01    6.7433E+00    1.0121E+01
 1.9654E+03    5.5966E+01    6.3433E+01    2.5244E+01    2.1607E+01    1.6958E+01    7.9756E+01    5.8929E+01    1.9052E+01    5.1478E+00    2.0159E+01    6.7840E+00    1.0121E+01
 1.9659E+03    5.5965E+01    6.3419E+01    2.5141E+01    2.1593E+01    1.6994E+01    7.9770E+01    5.8957E+01    1.9068E+01    5.1478E+00    2.0260E+01    6.7535E+00    1.0121E+01
 1.9664E+03    5.5978E+01    6.3424E+01    2.5071E+01    2.1632E+01    1.7028E+01    7.9803E+01    5.8946E+01    1.9078E+01    5.1682E+00    2.0098E+01    6.7535E+00    1.0121E+01
 1.9671E+03    5.5979E+01    6.3440E+01    2.4970E+01    2.1540E+01    1.7057E+01    7.9785E+01    5.8976E+01    1.9060E+01    5.1682E+00    2.0118E+01    6.8044E+00    1.0121E+01
 1.9676E+03    5.5973E+01    6.3432E+01    2.5077E+01    2.1540E+01    1.7096E+01    7.9788E+01    5.8963E+01    1.9066E+01    5.1478E+00    2.0342E+01    6.8553E+00    1.0225E+01
 1.9681E+03    5.5973E+01    6.3446E+01    2.5068E+01    2.1533E+01    1.7096E+01    7.9806E+01    5.8963E+01    1.9063E+01    5.1478E+00    2.0322E+01    6.8909E+00    1.0121E+01
 1.9686E+03    5.5986E+01    6.3452E+01    2.5008E+01    2.1615E+01    1.7068E+01    7.9784E+01    5.8964E+01    1.9075E+01    5.1274E+00    2.0260E+01    6.9317E+00    1.0016E+01
 1.9693E+03    5.6001E+01    6.3476E+01    2.5061E+01    2.1592E+01    1.7026E+01    7.9774E+01    5.8959E+01    1.9074E+01    5.1478E+00    2.0342E+01    6.7637E+00    1.0016E+01
 1.9698E+03    5.6012E+01    6.3499E+01    2.5061E+01    2.1675E+01    1.7024E+01    7.9779E+01    5.8976E+01    1.9085E+01    5.1478E+00    2.0220E+01    7.0386E+00    1.0225E+01
 1.9703E+03    5.6027E+01    6.3514E+01    2.5073E+01    2.1572E+01    1.7006E+01    7.9765E+01    5.8968E+01    1.9069E+01    5.1478E+00    2.0240E+01    6.7637E+00    1.0121E+01
 1.9708E+03    5.6028E+01    6.3514E+01    2.5117E+01    2.1632E+01    1.7007E+01    7.9770E+01    5.8979E+01    1.9068E+01    5.1478E+00    2.0342E+01    6.7789E+00    1.0016E+01
 1.9715E+03    5.6048E+01    6.3519E+01    2.5071E+01    2.1712E+01    1.7021E+01    7.9801E+01    5.8979E+01    1.9071E+01    5.1478E+00    2.0342E+01    6.7586E+00    9.9090E+00
 1.9720E+03    5.6034E+01    6.3541E+01    2.5009E+01    2.1712E+01    1.7044E+01    7.9780E+01    5.8978E+01    1.9070E+01    5.1478E+00    2.0322E+01    6.9418E+00    9.9090E+00
 1.9725E+03    5.6034E+01    6.3548E+01    2.4922E+01    2.1605E+01    1.7044E+01    7.9784E+01    5.8978E+01    1.9075E+01    5.1478E+00    2.0118E+01    6.7535E+00    1.0225E+01
 1.9730E+03    5.6042E+01    6.3532E+01    2.4881E+01    2.1575E+01    1.7096E+01    7.9784E+01    5.8976E+01    1.9066E+01    5.1478E+00    2.0403E+01    6.7891E+00    1.0016E+01
 1.9736E+03    5.6060E+01    6.3538E+01    2.4881E+01    2.1594E+01    1.7090E+01    7.9799E+01    5.8984E+01    1.9079E+01    5.1478E+00    2.0342E+01    6.7586E+00    1.0225E+01
 1.9741E+03    5.6065E+01    6.3538E+01    2.4831E+01    2.1570E+01    1.7071E+01    7.9786E+01    5.8987E+01    1.9066E+01    5.1478E+00    2.0383E+01    7.0335E+00    1.0016E+01
 1.9746E+03    5.6062E+01    6.3556E+01    2.4800E+01    2.1690E+01    1.7097E+01    7.9786E+01    5.9003E+01    1.9066E+01    5.1478E+00    2.0342E+01    6.7535E+00    1.0016E+01
 1.9751E+03    5.6086E+01    6.3556E+01    2.4771E+01    2.1690E+01    1.7127E+01    7.9798E+01    5.8998E+01    1.9078E+01    5.1478E+00    2.0322E+01    6.9978E+00    1.0225E+01
 1.9758E+03    5.6082E+01    6.3568E+01    2.4739E+01    2.1680E+01    1.7097E+01    7.9808E+01    5.9017E+01    1.9080E+01    5.1478E+00    2.0301E+01    6.7687E+00    1.0016E+01
 1.9763E+03    5.6082E+01    6.3570E+01    2.4724E+01    2.1530E+01    1.7062E+01    7.9825E+01    5.9039E+01    1.9070E+01    5.1478E+00    2.0342E+01    6.8451E+00    1.0121E+01
 1.9768E+03    5.6098E+01    6.3573E+01    2.4650E+01    2.1521E+01    1.7062E+01    7.9840E+01    5.9039E+01    1.9068E+01    5.1478E+00    2.0220E+01    6.7484E+00    1.0121E+01
 1.9773E+03    5.6096E+01    6.3573E+01    2.4650E+01    2.1558E+01    1.7037E+01    7.9855E+01    5.9027E+01    1.9087E+01    5.1478E+00    2.0260E+01    6.7535E+00    1.0016E+01
 1.9780E+03    5.6097E+01    6.3571E+01    2.4721E+01    2.1554E+01    1.7065E+01    7.9857E+01    5.9052E+01    1.9105E+01    5.1478E+00    2.0118E+01    6.8400E+00    1.0121E+01
 1.9785E+03    5.6114E+01    6.3571E+01    2.4781E+01    2.1560E+01    1.7041E+01    7.9857E+01    5.9052E+01    1.9096E+01    5.1478E+00    2.0179E+01    7.0080E+00    1.0225E+01
# Time (s)      T1w (C)       T2w (C)       T1a (C)       T2a (C)       T1r (C)       T2r (C)       T3r (C)       T4r (C)       P1 (bar)      P2 (bar)      Ic (amp)      Qc (l/min)    
 1.9790E+03    5.6134E+01    6.3581E+01    2.4787E+01    2.1478E+01    1.7032E+01    7.9869E+01    5.9054E+01    1.9096E+01    5.1478E+00    2.0362E+01    6.7891E+00    1.0016E+01
 1.9795E+03    5.6134E+01    6.3588E+01    2.4758E+01    2.1478E+01    1.7053E+01    7.9874E+01    5.9063E+01    1.9092E+01    5.1682E+00    2.0199E+01    6.9164E+00    1.0121E+01
 1.9801E+03    5.6148E+01    6.3615E+01    2.4814E+01    2.1612E+01    1.7080E+01    7.9864E+01    5.9058E+01    1.9102E+01    5.1478E+00    2.0159E+01    6.9826E+00    1.0121E+01
 1.9806E+03    5.6148E+01    6.3622E+01    2.4795E+01    2.1607E+01    1.7080E+01    7.9868E+01    5.9058E+01    1.9099E+01    5.1478E+00    2.0220E+01    7.0437E+00    1.0121E+01
 1.9811E+03    5.6152E+01    6.3624E+01    2.4811E+01    2.1637E+01    1.7048E+01    7.9867E+01    5.9041E+01    1.9090E+01    5.1478E+00    2.0260E+01    6.9062E+00    1.0016E+01
 1.9817E+03    5.6164E+01    6.3628E+01    2.4789E+01    2.1600E+01    1.6991E+01    7.9862E+01    5.9043E+01    1.9089E+01    5.1478E+00    2.0301E+01    6.9673E+00    1.0016E+01
 1.9823E+03    5.6177E+01    6.3653E+01    2.4801E+01    2.1602E+01    1.6988E+01    7.9863E+01    5.9039E+01    1.9064E+01    5.1478E+00    2.0260E+01    6.7840E+00    1.0225E+01
 1.9828E+03    5.6176E+01    6.3653E+01    2.4791E+01    2.1604E+01    1.6977E+01    7.9863E+01    5.9028E+01    1.9064E+01    5.1478E+00    2.0322E+01    7.0538E+00    1.0225E+01
 1.9833E+03    5.6175E+01    6.3655E+01    2.4742E+01    2.1604E+01    1.6986E+01    7.9831E+01    5.9037E+01    1.9094E+01    5.1478E+00    2.0423E+01    6.7738E+00    1.0016E+01
 1.9838E+03    5.6175E+01    6.3676E+01    2.4732E+01    2.1626E+01    1.6986E+01    7.9854E+01    5.9037E+01    1.9082E+01    5.1274E+00    2.0444E+01    7.0335E+00    1.0121E+01
 1.9845E+03    5.6183E+01    6.3650E+01    2.4760E+01    2.1536E+01    1.6891E+01    7.9846E+01    5.9011E+01    1.9073E+01    5.1478E+00    2.0403E+01    6.7738E+00    1.0121E+01
 1.9850E+03    5.6177E+01    6.3677E+01    2.4773E+01    2.1534E+01    1.6891E+01    7.9857E+01    5.9011E+01    1.9066E+01    5.1478E+00    2.0444E+01    6.8807E+00    1.0225E+01
 1.9855E+03    5.6204E+01    6.3689E+01    2.4773E+01    2.1531E+01    1.6866E+01    7.9844E+01    5.9015E+01    1.9067E+01    5.1478E+00    2.0199E+01    6.7891E+00    1.0225E+01
 1.9860E+03    5.6214E+01    6.3704E+01    2.4780E+01    2.1566E+01    1.6867E+01    7.9829E+01    5.9013E+01    1.9051E+01    5.1478E+00    2.0301E+01    6.8197E+00    1.0016E+01
 1.9866E+03    5.6230E+01    6.3690E+01    2.4776E+01    2.1635E+01    1.6899E+01    7.9821E+01    5.9001E+01    1.9051E+01    5.1478E+00    2.0281E+01    6.7840E+00    1.0121E+01
 1.9871E+03    5.6241E+01    6.3704E+01    2.4770E+01    2.1663E+01    1.6946E+01    7.9848E+01    5.9016E+01    1.9043E+01    5.1682E+00    2.0301E+01    6.8553E+00    1.0016E+01
 1.9876E+03    5.6241E+01    6.3718E+01    2.4767E+01    2.1663E+01    1.7029E+01    7.9850E+01    5.8999E+01    1.9047E+01    5.1682E+00    2.0199E+01    6.8247E+00    1.0225E+01
 1.9881E+03    5.6275E+01    6.3729E+01    2.4792E+01    2.1695E+01    1.7045E+01    7.9873E+01    5.9014E+01    1.9057E+01    5.1682E+00    2.0179E+01    6.7993E+00    1.0225E+01
 1.9888E+03    5.6278E+01    6.3751E+01    2.4803E+01    2.1609E+01    1.7094E+01    7.9856E+01    5.9022E+01    1.9054E+01    5.1478E+00    2.0260E+01    7.0487E+00    1.0225E+01
 1.9893E+03    5.6301E+01    6.3743E+01    2.4787E+01    2.1695E+01    1.7078E+01    7.9880E+01    5.9018E+01    1.9042E+01    5.1682E+00    2.0301E+01    7.0080E+00    1.0121E+01
 1.9898E+03    5.6294E+01    6.3743E+01    2.4831E+01    2.1651E+01    1.7120E+01    7.9898E+01    5.9013E+01    1.9049E+01    5.1682E+00    2.0342E+01    7.0284E+00    1.0327E+01
 1.9903E+03    5.6308E+01    6.3729E+01    2.4829E+01    2.1635E+01    1.7182E+01    7.9912E+01    5.9040E+01    1.9065E+01    5.1478E+00    2.0199E+01    7.0487E+00    1.0225E+01
 1.9910E+03    5.6314E+01    6.3746E+01    2.4850E+01    2.1612E+01    1.7165E+01    7.9917E+01    5.9041E+01    1.9078E+01    5.1478E+00    2.0342E+01    7.0386E+00    1.0121E+01
 1.9915E+03    5.6304E+01    6.3732E+01    2.4805E+01    2.1596E+01    1.7065E+01    7.9945E+01    5.9060E+01    1.9071E+01    5.1682E+00    2.0301E+01    7.0182E+00    1.0016E+01
 1.9920E+03    5.6304E+01    6.3738E+01    2.4838E+01    2.1612E+01    1.7065E+01    7.9956E+01    5.9067E+01    1.9088E+01    5.1478E+00    2.0220E+01    7.0029E+00    1.0225E+01
 1.9925E+03    5.6300E+01    6.3740E+01    2.4793E+01    2.1497E+01    1.7005E+01    7.9950E+01    5.9052E+01    1.9070E+01    5.1682E+00    2.0322E+01    6.8095E+00    1.0121E+01
 1.9931E+03    5.6307E+01    6.3734E+01    2.4776E+01    2.1508E+01    1.7016E+01    7.9953E+01    5.9052E+01    1.9080E+01    5.1478E+00    2.0423E+01    6.8807E+00    1.0225E+01
 1.9936E+03    5.6278E+01    6.3737E+01    2.4776E+01    2.1544E+01    1.6999E+01    7.9967E+01    5.9057E+01    1.9072E+01    5.1478E+00    2.0505E+01    7.0538E+00    1.0225E+01
 1.9941E+03    5.6292E+01    6.3737E+01    2.4797E+01    2.1564E+01    1.6984E+01    7.9967E+01    5.9069E+01    1.9072E+01    5.1478E+00    2.0362E+01    6.8400E+00    1.0121E+01
 1.9946E+03    5.6304E+01    6.3750E+01    2.4796E+01    2.1564E+01    1.6991E+01    7.9968E+01    5.9072E+01    1.9070E+01    5.1478E+00    2.0342E+01    7.0080E+00    1.0016E+01
# Time (s)      T1w (C)       T2w (C)       T1a (C)       T2a (C)       T1r (C)       T2r (C)       T3r (C)       T4r (C)       P1 (bar)      P2 (bar)      Ic (amp)      Qc (l/min)    
 1.9953E+03    5.6303E+01    6.3782E+01    2.4762E+01    2.1630E+01    1.6992E+01    7.9952E+01    5.9068E+01    1.9058E+01    5.1478E+00    2.0423E+01    6.9826E+00    1.0121E+01
 1.9958E+03    5.6303E+01    6.3786E+01    2.4772E+01    2.1631E+01    1.6985E+01    7.9970E+01    5.9068E+01    1.9053E+01    5.1478E+00    2.0403E+01    6.7942E+00    1.0225E+01
 1.9963E+03    5.6322E+01    6.3788E+01    2.4709E+01    2.1638E+01    1.6985E+01    7.9975E+01    5.9068E+01    1.9068E+01    5.1478E+00    2.0383E+01    7.0080E+00    1.0121E+01
 1.9968E+03    5.6305E+01    6.3786E+01    2.4709E+01    2.1614E+01    1.6945E+01    7.9983E+01    5.9062E+01    1.9073E+01    5.1478E+00    2.0403E+01    7.0386E+00    1.0121E+01
 1.9975E+03    5.6337E+01    6.3822E+01    2.4699E+01    2.1675E+01    1.6925E+01    7.9972E+01    5.9086E+01    1.9071E+01    5.1682E+00    2.0342E+01    7.0793E+00    1.0121E+01
 1.9980E+03    5.6341E+01    6.3822E+01    2.4795E+01    2.1699E+01    1.6906E+01    7.9982E+01    5.9087E+01    1.9071E+01    5.1682E+00    2.0260E+01    6.8858E+00    1.0016E+01
 1.9985E+03    5.6329E+01    6.3817E+01    2.4766E+01    2.1703E+01    1.6939E+01    7.9982E+01    5.9091E+01    1.9071E+01    5.1682E+00    2.0301E+01    6.8553E+00    1.0225E+01
 1.9990E+03    5.6342E+01    6.3821E+01    2.4893E+01    2.1703E+01    1.6931E+01    7.9984E+01    5.9076E+01    1.9068E+01    5.1682E+00    2.0240E+01    6.8502E+00    1.0121E+01
 1.9996E+03    5.6339E+01    6.3819E+01    2.4938E+01    2.1655E+01    1.6952E+01    7.9976E+01    5.9096E+01    1.9069E+01    5.1682E+00    2.0525E+01    6.7993E+00    1.0121E+01
 2.0001E+03    5.6354E+01    6.3833E+01    2.5174E+01    2.1636E+01    1.6968E+01    7.9971E+01    5.9110E+01    1.9082E+01    5.1478E+00    2.0525E+01    6.8858E+00    1.0121E+01
 2.0006E+03    5.6363E+01    6.3836E+01    2.5174E+01    2.1596E+01    1.7001E+01    7.9982E+01    5.9111E+01    1.9093E+01    5.1682E+00    2.0362E+01    6.7942E+00    1.0016E+01
 2.0011E+03    5.6359E+01    6.3836E+01    2.5360E+01    2.1636E+01    1.6977E+01    7.9978E+01    5.9091E+01    1.9077E+01    5.1478E+00    2.0505E+01    6.8451E+00    1.0121E+01
 2.0018E+03    5.6355E+01    6.3838E+01    2.5437E+01    2.1692E+01    1.6985E+01    7.9993E+01    5.9096E+01    1.9081E+01    5.1478E+00    2.0403E+01    6.8044E+00    1.0016E+01
 2.0023E+03    5.6342E+01    6.3824E+01    2.5450E+01    2.1707E+01    1.6997E+01    7.9993E+01    5.9098E+01    1.9081E+01    5.1682E+00    2.0444E+01    6.7993E+00    1.0016E+01
 2.0028E+03    5.6354E+01    6.3816E+01    2.5557E+01    2.1707E+01    1.7008E+01    7.9993E+01    5.9123E+01    1.9089E+01    5.1478E+00    2.0362E+01    6.8349E+00    1.0016E+01
 2.0033E+03    5.6354E+01    6.3833E+01    2.5754E+01    2.1606E+01    1.7035E+01    8.0051E+01    5.9120E+01    1.9081E+01    5.1682E+00    2.0464E+01    7.0640E+00    1.0225E+01
 2.0040E+03    5.6350E+01    6.3847E+01    2.5819E+01    2.1552E+01    1.7048E+01    8.0029E+01    5.9131E+01    1.9102E+01    5.1682E+00    2.0240E+01    6.7942E+00    1.0121E+01
 2.0045E+03    5.6351E+01    6.3822E+01    2.5874E+01    2.1644E+01    1.7048E+01    8.0018E+01    5.9131E+01    1.9111E+01    5.1682E+00    2.0301E+01    7.0538E+00    1.0225E+01
 2.0050E+03    5.6360E+01    6.3836E+01    2.5874E+01    2.1662E+01    1.7051E+01    8.0039E+01    5.9132E+01    1.9112E+01    5.1682E+00    2.0505E+01    6.7993E+00    1.0016E+01
 2.0055E+03    5.6359E+01    6.3836E+01    2.5919E+01    2.1579E+01    1.7057E+01    8.0053E+01    5.9150E+01    1.9133E+01    5.1478E+00    2.0484E+01    6.9927E+00    1.0327E+01
 2.0062E+03    5.6357E+01    6.3834E+01    2.5920E+01    2.1611E+01    1.7024E+01    8.0030E+01    5.9149E+01    1.9136E+01    5.1478E+00    2.0484E+01    7.0640E+00    1.0016E+01
 2.0067E+03    5.6369E+01    6.3837E+01    2.5975E+01    2.1719E+01    1.6975E+01    8.0054E+01    5.9136E+01    1.9136E+01    5.1682E+00    2.0505E+01    7.0640E+00    1.0121E+01
 2.0072E+03    5.6370E+01    6.3850E+01    2.5913E+01    2.1719E+01    1.6977E+01    8.0067E+01    5.9149E+01    1.9145E+01    5.1682E+00    2.0362E+01    7.0844E+00    1.0327E+01
 2.0077E+03    5.6370E+01    6.3865E+01    2.5927E+01    2.1613E+01    1.6977E+01    8.0073E+01    5.9149E+01    1.9142E+01    5.1682E+00    2.0362E+01    6.8044E+00    1.0528E+01
 2.0084E+03    5.6371E+01    6.3863E+01    2.5764E+01    2.1618E+01    1.6997E+01    8.0076E+01    5.9161E+01    1.9148E+01    5.1682E+00    2.0301E+01    7.0487E+00    1.0627E+01
 2.0089E+03    5.6397E+01    6.3860E+01    2.5709E+01    2.1501E+01    1.7029E+01    8.0046E+01    5.9161E+01    1.9163E+01    5.1886E+00    2.0301E+01    6.8044E+00    1.0627E+01
 2.0094E+03    5.6366E+01    6.3848E+01    2.5693E+01    2.1575E+01    1.7084E+01    8.0043E+01    5.9160E+01    1.9154E+01    5.1682E+00    2.0423E+01    6.9571E+00    1.0428E+01
 2.0099E+03    5.6373E+01    6.3848E+01    2.5555E+01    2.1656E+01    1.7109E+01    8.0043E+01    5.9169E+01    1.9154E+01    5.1886E+00    2.0403E+01    6.8095E+00    1.1010E+01
 2.0105E+03    5.6426E+01    6.3876E+01    2.5526E+01    2.1668E+01    1.7131E+01    8.0069E+01    5.9203E+01    1.9187E+01    5.1682E+00    2.0342E+01    6.9927E+00    1.0916E+01
 2.0110E+03    5.6435E+01    6.3890E+01    2.5431E+01    2.1727E+01    1.7117E+01    8.0082E+01    5.9192E+01    1.9187E+01    5.1682E+00    2.0586E+01    6.8197E+00    1.0820E+01
# Time (s)      T1w (C)       T2w (C)       T1a (C)       T2a (C)       T1r (C)       T2r (C)       T3r (C)       T4r (C)       P1 (bar)      P2 (bar)      Ic (amp)      Qc (l/min)    
 2.0115E+03    5.6431E+01    6.3881E+01    2.5479E+01    2.1727E+01    1.7101E+01    8.0087E+01    5.9182E+01    1.9168E+01    5.1886E+00    2.0484E+01    6.8095E+00    1.0528E+01
 2.0120E+03    5.6431E+01    6.3891E+01    2.5464E+01    2.1787E+01    1.7101E+01    8.0097E+01    5.9182E+01    1.9162E+01    5.1886E+00    2.0545E+01    7.0437E+00    1.0528E+01
 2.0127E+03    5.6459E+01    6.3906E+01    2.5288E+01    2.1735E+01    1.7143E+01    8.0106E+01    5.9186E+01    1.9170E+01    5.1886E+00    2.0607E+01    6.9724E+00    1.0121E+01
 2.0132E+03    5.6458E+01    6.3901E+01    2.5304E+01    2.1709E+01    1.7195E+01    8.0100E+01    5.9186E+01    1.9161E+01    5.1682E+00    2.0301E+01    6.8247E+00    1.0121E+01
 2.0137E+03    5.6458E+01    6.3904E+01    2.5304E+01    2.1703E+01    1.7151E+01    8.0126E+01    5.9196E+01    1.9168E+01    5.1886E+00    2.0464E+01    7.0844E+00    1.0016E+01
 2.0142E+03    5.6430E+01    6.3890E+01    2.5073E+01    2.1590E+01    1.7111E+01    8.0126E+01    5.9185E+01    1.9168E+01    5.1682E+00    2.0484E+01    7.0640E+00    1.0225E+01
 2.0149E+03    5.6435E+01    6.3905E+01    2.5009E+01    2.1632E+01    1.7106E+01    8.0126E+01    5.9186E+01    1.9170E+01    5.1682E+00    2.0301E+01    6.8197E+00    1.0016E+01
 2.0154E+03    5.6440E+01    6.3902E+01    2.4989E+01    2.1632E+01    1.7120E+01    8.0152E+01    5.9217E+01    1.9180E+01    5.1886E+00    2.0423E+01    6.8095E+00    1.0016E+01
 2.0159E+03    5.6440E+01    6.3918E+01    2.4822E+01    2.1611E+01    1.7120E+01    8.0163E+01    5.9217E+01    1.9180E+01    5.1886E+00    2.0444E+01    6.8706E+00    1.0016E+01
 2.0164E+03    5.6439E+01    6.3927E+01    2.4835E+01    2.1620E+01    1.7114E+01    8.0189E+01    5.9204E+01    1.9182E+01    5.1886E+00    2.0362E+01    6.9215E+00    1.0016E+01
 2.0170E+03    5.6439E+01    6.3918E+01    2.4829E+01    2.1664E+01    1.7125E+01    8.0162E+01    5.9209E+01    1.9180E+01    5.1886E+00    2.0607E+01    6.8349E+00    1.0121E+01
 2.0175E+03    5.6439E+01    6.3918E+01    2.4829E+01    2.1620E+01    1.7183E+01    8.0185E+01    5.9242E+01    1.9197E+01    5.1682E+00    2.0586E+01    6.8706E+00    1.0016E+01
 2.0180E+03    5.6449E+01    6.3918E+01    2.4792E+01    2.1761E+01    1.7133E+01    8.0185E+01    5.9223E+01    1.9197E+01    5.1886E+00    2.0464E+01    6.8247E+00    1.0225E+01
 2.0185E+03    5.6458E+01    6.3946E+01    2.4788E+01    2.1761E+01    1.7137E+01    8.0216E+01    5.9247E+01    1.9209E+01    5.1886E+00    2.0342E+01    6.8247E+00    1.0016E+01
 2.0193E+03    5.6462E+01    6.3942E+01    2.4752E+01    2.1656E+01    1.7119E+01    8.0214E+01    5.9260E+01    1.9208E+01    5.1682E+00    2.0607E+01    7.0997E+00    1.0121E+01
 2.0198E+03    5.6479E+01    6.3956E+01    2.4784E+01    2.1656E+01    1.7152E+01    8.0228E+01    5.9269E+01    1.9215E+01    5.1886E+00    2.0627E+01    7.0640E+00    1.0016E+01
 2.0203E+03    5.6479E+01    6.3956E+01    2.4833E+01    2.1697E+01    1.7152E+01    8.0234E+01    5.9269E+01    1.9208E+01    5.1886E+00    2.0525E+01    7.0793E+00    1.0121E+01
 2.0208E+03    5.6475E+01    6.3957E+01    2.4882E+01    2.1659E+01    1.7181E+01    8.0246E+01    5.9263E+01    1.9207E+01    5.1886E+00    2.0545E+01    7.1047E+00    1.0121E+01
 2.0214E+03    5.6475E+01    6.3989E+01    2.4913E+01    2.1788E+01    1.7184E+01    8.0272E+01    5.9270E+01    1.9201E+01    5.1886E+00    2.0342E+01    6.8197E+00    1.0016E+01
 2.0219E+03    5.6493E+01    6.3997E+01    2.4913E+01    2.1664E+01    1.7189E+01    8.0277E+01    5.9283E+01    1.9213E+01    5.1682E+00    2.0403E+01    7.0437E+00    1.0121E+01
 2.0224E+03    5.6500E+01    6.3997E+01    2.4866E+01    2.1729E+01    1.7122E+01    8.0263E+01    5.9266E+01    1.9197E+01    5.1682E+00    2.0586E+01    6.8298E+00    1.0121E+01
 2.0229E+03    5.6519E+01    6.3987E+01    2.4805E+01    2.1729E+01    1.7107E+01    8.0272E+01    5.9275E+01    1.9194E+01    5.1682E+00    2.0586E+01    6.9724E+00    1.0121E+01
 2.0235E+03    5.6519E+01    6.3993E+01    2.4747E+01    2.1744E+01    1.7074E+01    8.0273E+01    5.9281E+01    1.9186E+01    5.1682E+00    2.0484E+01    6.8706E+00    1.0225E+01
 2.0240E+03    5.6519E+01    6.4006E+01    2.4784E+01    2.1631E+01    1.7074E+01    8.0272E+01    5.9281E+01    1.9195E+01    5.1682E+00    2.0525E+01    6.8298E+00    1.0016E+01
 2.0246E+03    5.6526E+01    6.4019E+01    2.4843E+01    2.1642E+01    1.7031E+01    8.0293E+01    5.9282E+01    1.9189E+01    5.1682E+00    2.0403E+01    6.9673E+00    1.0121E+01
 2.0251E+03    5.6537E+01    6.4037E+01    2.4843E+01    2.1678E+01    1.7039E+01    8.0306E+01    5.9289E+01    1.9198E+01    5.1886E+00    2.0403E+01    6.9418E+00    9.9090E+00
 2.0258E+03    5.6518E+01    6.4030E+01    2.4849E+01    2.1654E+01    1.7070E+01    8.0287E+01    5.9303E+01    1.9176E+01    5.1886E+00    2.0525E+01    6.8502E+00    1.0121E+01
 2.0263E+03    5.6539E+01    6.4030E+01    2.4861E+01    2.1654E+01    1.7092E+01    8.0305E+01    5.9300E+01    1.9202E+01    5.1682E+00    2.0403E+01    6.8197E+00    1.0428E+01
 2.0268E+03    5.6523E+01    6.4014E+01    2.4926E+01    2.1681E+01    1.7092E+01    8.0319E+01    5.9333E+01    1.9202E+01    5.1886E+00    2.0403E+01    7.1047E+00    1.0121E+01
 2.0273E+03    5.6542E+01    6.4021E+01    2.4991E+01    2.1681E+01    1.7095E+01    8.0325E+01    5.9334E+01    1.9217E+01    5.1682E+00    2.0505E+01    6.8451E+00    1.0016E+01
# Time (s)      T1w (C)       T2w (C)       T1a (C)       T2a (C)       T1r (C)       T2r (C)       T3r (C)       T4r (C)       P1 (bar)      P2 (bar)      Ic (amp)      Qc (l/min)    
 2.0279E+03    5.6556E+01    6.4023E+01    2.4950E+01    2.1609E+01    1.7060E+01    8.0353E+01    5.9351E+01    1.9210E+01    5.1682E+00    2.0647E+01    6.8349E+00    1.0016E+01
 2.0284E+03    5.6541E+01    6.3994E+01    2.4878E+01    2.1616E+01    1.7076E+01    8.0386E+01    5.9366E+01    1.9231E+01    5.1682E+00    2.0627E+01    6.8146E+00    1.0016E+01
 2.0289E+03    5.6526E+01    6.4003E+01    2.4878E+01    2.1577E+01    1.7029E+01    8.0406E+01    5.9390E+01    1.9237E+01    5.1682E+00    2.0627E+01    6.8247E+00    1.0016E+01
 2.0294E+03    5.6511E+01    6.3988E+01    2.4806E+01    2.1561E+01    1.7013E+01    8.0406E+01    5.9386E+01    1.9238E+01    5.1682E+00    2.0423E+01    6.8960E+00    1.0121E+01
 2.0301E+03    5.6520E+01    6.3991E+01    2.4809E+01    2.1604E+01    1.6985E+01    8.0419E+01    5.9396E+01    1.9231E+01    5.1682E+00    2.0423E+01    7.1047E+00    1.0016E+01
 2.0306E+03    5.6527E+01    6.4005E+01    2.4814E+01    2.1675E+01    1.7010E+01    8.0419E+01    5.9395E+01    1.9231E+01    5.1682E+00    2.0668E+01    7.0691E+00    1.0121E+01
 2.0311E+03    5.6533E+01    6.4020E+01    2.4738E+01    2.1675E+01    1.7048E+01    8.0406E+01    5.9395E+01    1.9241E+01    5.1682E+00    2.0545E+01    7.0640E+00    1.0016E+01
 2.0316E+03    5.6548E+01    6.4027E+01    2.4688E+01    2.1636E+01    1.7067E+01    8.0393E+01    5.9388E+01    1.9242E+01    5.1886E+00    2.0484E+01    6.8298E+00    1.0225E+01
 2.0322E+03    5.6562E+01    6.4039E+01    2.4711E+01    2.1628E+01    1.7082E+01    8.0395E+01    5.9402E+01    1.9251E+01    5.1682E+00    2.0668E+01    7.0946E+00    1.0016E+01
 2.0327E+03    5.6579E+01    6.4055E+01    2.4766E+01    2.1651E+01    1.7082E+01    8.0406E+01    5.9402E+01    1.9250E+01    5.1682E+00    2.0647E+01    7.0946E+00    1.0225E+01
 2.0332E+03    5.6585E+01    6.4070E+01    2.4766E+01    2.1620E+01    1.7127E+01    8.0395E+01    5.9417E+01    1.9255E+01    5.1682E+00    2.0627E+01    7.0233E+00    1.0016E+01
 2.0337E+03    5.6594E+01    6.4084E+01    2.4866E+01    2.1724E+01    1.7143E+01    8.0395E+01    5.9406E+01    1.9255E+01    5.1682E+00    2.0668E+01    7.1200E+00    1.0016E+01
 2.0345E+03    5.6609E+01    6.4068E+01    2.4869E+01    2.1605E+01    1.7213E+01    8.0428E+01    5.9413E+01    1.9234E+01    5.1886E+00    2.0444E+01    7.0640E+00    1.0121E+01
 2.0350E+03    5.6605E+01    6.4089E+01    2.4935E+01    2.1612E+01    1.7213E+01    8.0428E+01    5.9430E+01    1.9234E+01    5.1682E+00    2.0423E+01    6.9367E+00    1.0121E+01
 2.0355E+03    5.6615E+01    6.4107E+01    2.4966E+01    2.1628E+01    1.7165E+01    8.0443E+01    5.9429E+01    1.9244E+01    5.1682E+00    2.0647E+01    6.9978E+00    1.0121E+01
 2.0360E+03    5.6615E+01    6.4109E+01    2.4952E+01    2.1552E+01    1.7165E+01    8.0453E+01    5.9429E+01    1.9248E+01    5.1682E+00    2.0708E+01    7.0386E+00    1.0016E+01
 2.0366E+03    5.6634E+01    6.4124E+01    2.4931E+01    2.1620E+01    1.7128E+01    8.0445E+01    5.9435E+01    1.9237E+01    5.1682E+00    2.0688E+01    7.0386E+00    1.0327E+01
 2.0371E+03    5.6611E+01    6.4121E+01    2.4886E+01    2.1584E+01    1.7117E+01    8.0458E+01    5.9418E+01    1.9251E+01    5.1682E+00    2.0647E+01    7.1302E+00    1.0327E+01
 2.0376E+03    5.6645E+01    6.4140E+01    2.4902E+01    2.1551E+01    1.7120E+01    8.0448E+01    5.9448E+01    1.9232E+01    5.1682E+00    2.0627E+01    6.9571E+00    1.0121E+01
 2.0381E+03    5.6654E+01    6.4140E+01    2.4889E+01    2.1603E+01    1.7155E+01    8.0448E+01    5.9454E+01    1.9232E+01    5.1682E+00    2.0505E+01    6.9113E+00    1.0121E+01
 2.0388E+03    5.6657E+01    6.4158E+01    2.4921E+01    2.1676E+01    1.7180E+01    8.0450E+01    5.9451E+01    1.9236E+01    5.1682E+00    2.0464E+01    6.8502E+00    1.0016E+01
 2.0393E+03    5.6671E+01    6.4161E+01    2.4961E+01    2.1676E+01    1.7140E+01    8.0445E+01    5.9453E+01    1.9233E+01    5.1682E+00    2.0586E+01    6.8604E+00    1.0121E+01
 2.0398E+03    5.6671E+01    6.4169E+01    2.5015E+01    2.1573E+01    1.7140E+01    8.0456E+01    5.9459E+01    1.9245E+01    5.1682E+00    2.0566E+01    6.8757E+00    1.0016E+01
 2.0403E+03    5.6700E+01    6.4175E+01    2.5129E+01    2.1671E+01    1.7127E+01    8.0463E+01    5.9459E+01    1.9245E+01    5.1682E+00    2.0566E+01    6.8706E+00    1.0121E+01
 2.0409E+03    5.6707E+01    6.4202E+01    2.5168E+01    2.1720E+01    1.7083E+01    8.0445E+01    5.9473E+01    1.9253E+01    5.1682E+00    2.0525E+01    6.8349E+00    1.0225E+01
 2.0414E+03    5.6697E+01    6.4184E+01    2.5152E+01    2.1703E+01    1.7068E+01    8.0467E+01    5.9471E+01    1.9249E+01    5.1682E+00    2.0668E+01    6.8909E+00    1.0225E+01
 2.0419E+03    5.6706E+01    6.4184E+01    2.5123E+01    2.1790E+01    1.7056E+01    8.0467E+01    5.9482E+01    1.9249E+01    5.1682E+00    2.0586E+01    7.1251E+00    1.0121E+01
 2.0425E+03    5.6724E+01    6.4182E+01    2.5040E+01    2.1725E+01    1.7075E+01    8.0454E+01    5.9490E+01    1.9237E+01    5.1886E+00    2.0566E+01    7.0029E+00    1.0121E+01
 2.0431E+03    5.6723E+01    6.4182E+01    2.5018E+01    2.1707E+01    1.7118E+01    8.0479E+01    5.9482E+01    1.9258E+01    5.1682E+00    2.0749E+01    7.1098E+00    1.0225E+01
 2.0436E+03    5.6717E+01    6.4196E+01    2.5093E+01    2.1707E+01    1.7112E+01    8.0471E+01    5.9476E+01    1.9262E+01    5.1682E+00    2.0545E+01    6.9673E+00    1.0016E+01
# Time (s)      T1w (C)       T2w (C)       T1a (C)       T2a (C)       T1r (C)       T2r (C)       T3r (C)       T4r (C)       P1 (bar)      P2 (bar)      Ic (amp)      Qc (l/min)    
 2.0441E+03    5.6717E+01    6.4207E+01    2.5153E+01    2.1679E+01    1.7112E+01    8.0479E+01    5.9476E+01    1.9267E+01    5.1682E+00    2.0708E+01    6.9877E+00    1.0225E+01
 2.0446E+03    5.6720E+01    6.4218E+01    2.5212E+01    2.1741E+01    1.7099E+01    8.0485E+01    5.9465E+01    1.9242E+01    5.1682E+00    2.0708E+01    7.1353E+00    1.0225E+01
 2.0453E+03    5.6717E+01    6.4218E+01    2.5202E+01    2.1720E+01    1.7081E+01    8.0497E+01    5.9493E+01    1.9252E+01    5.1682E+00    2.0627E+01    7.1353E+00    1.0225E+01
 2.0458E+03    5.6725E+01    6.4218E+01    2.5202E+01    2.1715E+01    1.7048E+01    8.0498E+01    5.9479E+01    1.9245E+01    5.1682E+00    2.0627E+01    7.0335E+00    9.9090E+00
 2.0463E+03    5.6724E+01    6.4218E+01    2.5195E+01    2.1693E+01    1.7021E+01    8.0498E+01    5.9482E+01    1.9245E+01    5.1682E+00    2.0525E+01    7.1098E+00    1.0121E+01
 2.0468E+03    5.6697E+01    6.4219E+01    2.5242E+01    2.1677E+01    1.6990E+01    8.0488E+01    5.9481E+01    1.9251E+01    5.1682E+00    2.0607E+01    7.1098E+00    1.0225E+01
 2.0475E+03    5.6710E+01    6.4220E+01    2.5205E+01    2.1685E+01    1.7003E+01    8.0503E+01    5.9499E+01    1.9243E+01    5.1682E+00    2.0647E+01    6.8706E+00    1.0016E+01
 2.0480E+03    5.6710E+01    6.4212E+01    2.5211E+01    2.1656E+01    1.7010E+01    8.0511E+01    5.9499E+01    1.9239E+01    5.1682E+00    2.0607E+01    6.9062E+00    1.0121E+01
 2.0485E+03    5.6731E+01    6.4216E+01    2.5155E+01    2.1642E+01    1.7010E+01    8.0501E+01    5.9499E+01    1.9239E+01    5.1886E+00    2.0566E+01    6.9571E+00    1.0016E+01
 2.0490E+03    5.6706E+01    6.4227E+01    2.5155E+01    2.1612E+01    1.7049E+01    8.0496E+01    5.9510E+01    1.9251E+01    5.1886E+00    2.0627E+01    7.0182E+00    1.0016E+01
 2.0496E+03    5.6712E+01    6.4225E+01    2.5102E+01    2.1619E+01    1.7094E+01    8.0501E+01    5.9500E+01    1.9256E+01    5.1886E+00    2.0545E+01    6.9367E+00    1.0121E+01
 2.0501E+03    5.6713E+01    6.4225E+01    2.5144E+01    2.1507E+01    1.7113E+01    8.0501E+01    5.9516E+01    1.9256E+01    5.1682E+00    2.0566E+01    6.8553E+00    1.0121E+01
 2.0506E+03    5.6717E+01    6.4230E+01    2.5150E+01    2.1480E+01    1.7159E+01    8.0494E+01    5.9505E+01    1.9251E+01    5.1886E+00    2.0525E+01    7.0487E+00    1.0225E+01
 2.0512E+03    5.6731E+01    6.4231E+01    2.5167E+01    2.1480E+01    1.7114E+01    8.0496E+01    5.9511E+01    1.9249E+01    5.1682E+00    2.0586E+01    6.9317E+00    1.0016E+01
 2.0518E+03    5.6741E+01    6.4246E+01    2.5167E+01    2.1531E+01    1.7071E+01    8.0491E+01    5.9503E+01    1.9222E+01    5.1886E+00    2.0566E+01    6.8502E+00    1.0121E+01
 2.0523E+03    5.6741E+01    6.4241E+01    2.5141E+01    2.1559E+01    1.7071E+01    8.0483E+01    5.9503E+01    1.9223E+01    5.1886E+00    2.0566E+01    7.1455E+00    1.0016E+01
 2.0528E+03    5.6742E+01    6.4244E+01    2.5157E+01    2.1591E+01    1.7064E+01    8.0484E+01    5.9503E+01    1.9226E+01    5.1886E+00    2.0586E+01    7.0691E+00    1.0121E+01
 2.0533E+03    5.6751E+01    6.4241E+01    2.5157E+01    2.1455E+01    1.7070E+01    8.0473E+01    5.9496E+01    1.9228E+01    5.1682E+00    2.0505E+01    7.0946E+00    1.0016E+01
 2.0540E+03    5.6778E+01    6.4255E+01    2.5195E+01    2.1501E+01    1.7113E+01    8.0502E+01    5.9516E+01    1.9244E+01    5.1682E+00    2.0627E+01    6.9775E+00    1.0121E+01
 2.0545E+03    5.6777E+01    6.4255E+01    2.5196E+01    2.1404E+01    1.7117E+01    8.0502E+01    5.9510E+01    1.9228E+01    5.1682E+00    2.0647E+01    7.1302E+00    1.0225E+01
 2.0550E+03    5.6791E+01    6.4273E+01    2.5260E+01    2.1420E+01    1.7048E+01    8.0477E+01    5.9507E+01    1.9219E+01    5.1682E+00    2.0505E+01    6.9113E+00    1.0016E+01
 2.0555E+03    5.6791E+01    6.4268E+01    2.5309E+01    2.1504E+01    1.7073E+01    8.0505E+01    5.9519E+01    1.9221E+01    5.1886E+00    2.0729E+01    6.9113E+00    1.0016E+01
 2.0562E+03    5.6798E+01    6.4277E+01    2.5254E+01    2.1567E+01    1.7089E+01    8.0527E+01    5.9521E+01    1.9228E+01    5.1682E+00    2.0729E+01    6.9877E+00    1.0121E+01
 2.0567E+03    5.6812E+01    6.4285E+01    2.5230E+01    2.1567E+01    1.7105E+01    8.0535E+01    5.9536E+01    1.9243E+01    5.1886E+00    2.0729E+01    7.0589E+00    1.0225E+01
 2.0572E+03    5.6821E+01    6.4312E+01    2.5230E+01    2.1574E+01    1.7141E+01    8.0523E+01    5.9537E+01    1.9247E+01    5.1682E+00    2.0729E+01    7.1302E+00    1.0016E+01
 2.0577E+03    5.6825E+01    6.4312E+01    2.5149E+01    2.1554E+01    1.7128E+01    8.0530E+01    5.9537E+01    1.9223E+01    5.1886E+00    2.0647E+01    7.0895E+00    1.0225E+01
 2.0583E+03    5.6832E+01    6.4308E+01    2.5168E+01    2.1669E+01    1.7112E+01    8.0530E+01    5.9526E+01    1.9223E+01    5.1682E+00    2.0484E+01    7.0182E+00    1.0016E+01
 2.0588E+03    5.6835E+01    6.4311E+01    2.5171E+01    2.1656E+01    1.7104E+01    8.0537E+01    5.9544E+01    1.9232E+01    5.1886E+00    2.0525E+01    6.8655E+00    1.0121E+01
 2.0593E+03    5.6839E+01    6.4318E+01    2.5098E+01    2.1656E+01    1.7095E+01    8.0542E+01    5.9548E+01    1.9234E+01    5.1682E+00    2.0586E+01    6.8655E+00    1.0225E+01
 2.0598E+03    5.6854E+01    6.4346E+01    2.5099E+01    2.1616E+01    1.7095E+01    8.0560E+01    5.9548E+01    1.9230E+01    5.1682E+00    2.0688E+01    7.0895E+00    1.0121E+01
# Time (s)      T1w (C)       T2w (C)       T1a (C)       T2a (C)       T1r (C)       T2r (C)       T3r (C)       T4r (C)       P1 (bar)      P2 (bar)      Ic (amp)      Qc (l/min)    
 2.0605E+03    5.6868E+01    6.4349E+01    2.5122E+01    2.1563E+01    1.7069E+01    8.0551E+01    5.9557E+01    1.9225E+01    5.1682E+00    2.0749E+01    7.1506E+00    1.0327E+01
 2.0610E+03    5.6877E+01    6.4343E+01    2.5122E+01    2.1551E+01    1.7013E+01    8.0535E+01    5.9549E+01    1.9213E+01    5.1886E+00    2.0790E+01    6.8655E+00    1.0121E+01
 2.0615E+03    5.6906E+01    6.4343E+01    2.4947E+01    2.1686E+01    1.6989E+01    8.0526E+01    5.9552E+01    1.9208E+01    5.1886E+00    2.0749E+01    6.8604E+00    1.0225E+01
 2.0620E+03    5.6904E+01    6.4345E+01    2.4859E+01    2.1680E+01    1.6967E+01    8.0526E+01    5.9558E+01    1.9208E+01    5.1682E+00    2.0790E+01    6.8807E+00    1.0016E+01
 2.0626E+03    5.6897E+01    6.4352E+01    2.4825E+01    2.1603E+01    1.6993E+01    8.0521E+01    5.9567E+01    1.9202E+01    5.1886E+00    2.0708E+01    7.1556E+00    1.0121E+01
 2.0631E+03    5.6920E+01    6.4351E+01    2.4864E+01    2.1603E+01    1.7016E+01    8.0565E+01    5.9560E+01    1.9207E+01    5.1682E+00    2.0749E+01    7.0487E+00    1.0121E+01
 2.0636E+03    5.6905E+01    6.4355E+01    2.4954E+01    2.1673E+01    1.7016E+01    8.0548E+01    5.9560E+01    1.9208E+01    5.1886E+00    2.0831E+01    7.0793E+00    1.0225E+01
 2.0642E+03    5.6928E+01    6.4355E+01    2.4904E+01    2.1700E+01    1.7066E+01    8.0539E+01    5.9578E+01    1.9204E+01    5.1682E+00    2.0749E+01    6.9011E+00    1.0121E+01
 2.0648E+03    5.6914E+01    6.4358E+01    2.4847E+01    2.1651E+01    1.7092E+01    8.0527E+01    5.9598E+01    1.9206E+01    5.1886E+00    2.0545E+01    6.8655E+00    9.9090E+00
 2.0653E+03    5.6921E+01    6.4369E+01    2.4847E+01    2.1720E+01    1.7098E+01    8.0543E+01    5.9630E+01    1.9215E+01    5.1682E+00    2.0749E+01    6.9520E+00    1.0016E+01
 2.0658E+03    5.6951E+01    6.4369E+01    2.4857E+01    2.1690E+01    1.7104E+01    8.0557E+01    5.9619E+01    1.9231E+01    5.1682E+00    2.0566E+01    6.9011E+00    1.0016E+01
 2.0663E+03    5.6956E+01    6.4380E+01    2.4862E+01    2.1650E+01    1.7062E+01    8.0553E+01    5.9643E+01    1.9230E+01    5.1682E+00    2.0607E+01    7.0589E+00    1.0016E+01
 2.0670E+03    5.6950E+01    6.4382E+01    2.4854E+01    2.1679E+01    1.7018E+01    8.0556E+01    5.9656E+01    1.9226E+01    5.1682E+00    2.0647E+01    6.8909E+00    1.0016E+01
 2.0675E+03    5.6968E+01    6.4394E+01    2.4772E+01    2.1679E+01    1.7000E+01    8.0565E+01    5.9653E+01    1.9236E+01    5.1682E+00    2.0688E+01    6.8655E+00    1.0121E+01
 2.0680E+03    5.6968E+01    6.4406E+01    2.4731E+01    2.1735E+01    1.7016E+01    8.0585E+01    5.9667E+01    1.9255E+01    5.1682E+00    2.0749E+01    6.8757E+00    1.0327E+01
 2.0685E+03    5.6970E+01    6.4410E+01    2.4731E+01    2.1681E+01    1.7035E+01    8.0595E+01    5.9675E+01    1.9268E+01    5.2090E+00    2.0627E+01    6.8655E+00    1.0225E+01
 2.0691E+03    5.6979E+01    6.4404E+01    2.4729E+01    2.1638E+01    1.7078E+01    8.0616E+01    5.9682E+01    1.9248E+01    5.2090E+00    2.0810E+01    7.0589E+00    1.0016E+01
 2.0696E+03    5.6972E+01    6.4404E+01    2.4745E+01    2.1662E+01    1.7094E+01    8.0626E+01    5.9674E+01    1.9241E+01    5.1886E+00    2.0851E+01    7.0284E+00    1.0121E+01
 2.0701E+03    5.7001E+01    6.4404E+01    2.4915E+01    2.1674E+01    1.7068E+01    8.0626E+01    5.9678E+01    1.9241E+01    5.1886E+00    2.0769E+01    6.9673E+00    1.0225E+01
 2.0707E+03    5.6991E+01    6.4419E+01    2.4869E+01    2.1674E+01    1.7100E+01    8.0658E+01    5.9697E+01    1.9263E+01    5.1886E+00    2.0566E+01    7.1098E+00    1.0121E+01
 2.0713E+03    5.7004E+01    6.4429E+01    2.4972E+01    2.1778E+01    1.7089E+01    8.0677E+01    5.9703E+01    1.9250E+01    5.1886E+00    2.0729E+01    6.9775E+00    1.0016E+01
 2.0718E+03    5.7004E+01    6.4429E+01    2.5143E+01    2.1724E+01    1.7073E+01    8.0661E+01    5.9689E+01    1.9239E+01    5.1886E+00    2.0790E+01    7.1302E+00    1.0327E+01
 2.0723E+03    5.7004E+01    6.4437E+01    2.5057E+01    2.1769E+01    1.7084E+01    8.0640E+01    5.9681E+01    1.9235E+01    5.1886E+00    2.0688E+01    6.8909E+00    1.0225E+01
 2.0728E+03    5.7002E+01    6.4462E+01    2.5057E+01    2.1803E+01    1.7083E+01    8.0658E+01    5.9712E+01    1.9265E+01    5.1886E+00    2.0647E+01    7.0335E+00    1.0327E+01
 2.0735E+03    5.7022E+01    6.4451E+01    2.4989E+01    2.1797E+01    1.7086E+01    8.0671E+01    5.9704E+01    1.9257E+01    5.1682E+00    2.0831E+01    7.1506E+00    1.0121E+01
 2.0740E+03    5.7005E+01    6.4451E+01    2.4897E+01    2.1736E+01    1.7077E+01    8.0685E+01    5.9732E+01    1.9272E+01    5.1886E+00    2.0769E+01    6.8807E+00    1.0121E+01
 2.0745E+03    5.7010E+01    6.4465E+01    2.4782E+01    2.1811E+01    1.7035E+01    8.0671E+01    5.9746E+01    1.9264E+01    5.1886E+00    2.0729E+01    7.1404E+00    1.0225E+01
 2.0750E+03    5.7010E+01    6.4471E+01    2.4792E+01    2.1811E+01    1.7046E+01    8.0662E+01    5.9744E+01    1.9280E+01    5.1682E+00    2.0607E+01    6.8960E+00    1.0121E+01
 2.0757E+03    5.7025E+01    6.4477E+01    2.4858E+01    2.1765E+01    1.7073E+01    8.0660E+01    5.9767E+01    1.9303E+01    5.1886E+00    2.0627E+01    6.9011E+00    1.0121E+01
 2.0762E+03    5.7025E+01    6.4478E+01    2.4925E+01    2.1668E+01    1.7089E+01    8.0694E+01    5.9767E+01    1.9295E+01    5.1886E+00    2.0688E+01    6.8757E+00    1.0225E+01
# Time (s)      T1w (C)       T2w (C)       T1a (C)       T2a (C)       T1r (C)       T2r (C)       T3r (C)       T4r (C)       P1 (bar)      P2 (bar)      Ic (amp)      Qc (l/min)    
 2.0767E+03    5.7032E+01    6.4486E+01    2.4925E+01    2.1718E+01    1.7154E+01    8.0690E+01    5.9773E+01    1.9303E+01    5.1886E+00    2.0627E+01    7.0487E+00    1.0225E+01
 2.0772E+03    5.7045E+01    6.4471E+01    2.5001E+01    2.1686E+01    1.7177E+01    8.0701E+01    5.9759E+01    1.9299E+01    5.1886E+00    2.0607E+01    6.9062E+00    9.9090E+00
 2.0778E+03    5.7035E+01    6.4470E+01    2.4914E+01    2.1687E+01    1.7212E+01    8.0701E+01    5.9774E+01    1.9301E+01    5.1886E+00    2.0769E+01    7.0742E+00    1.0121E+01
 2.0783E+03    5.7057E+01    6.4494E+01    2.4927E+01    2.1704E+01    1.7225E+01    8.0701E+01    5.9779E+01    1.9301E+01    5.1886E+00    2.0769E+01    6.8807E+00    1.0016E+01
 2.0788E+03    5.7052E+01    6.4475E+01    2.4997E+01    2.1688E+01    1.7182E+01    8.0695E+01    5.9785E+01    1.9303E+01    5.1886E+00    2.0708E+01    7.0589E+00    1.0121E+01
 2.0793E+03    5.7052E+01    6.4495E+01    2.5030E+01    2.1736E+01    1.7182E+01    8.0716E+01    5.9785E+01    1.9303E+01    5.1886E+00    2.0586E+01    6.9775E+00    1.0121E+01
 2.0800E+03    5.7041E+01    6.4477E+01    2.5114E+01    2.1689E+01    1.7151E+01    8.0736E+01    5.9779E+01    1.9308E+01    5.1886E+00    2.0688E+01    7.1658E+00    1.0016E+01
 2.0805E+03    5.7049E+01    6.4476E+01    2.5194E+01    2.1697E+01    1.7122E+01    8.0751E+01    5.9780E+01    1.9312E+01    5.1682E+00    2.0729E+01    7.0895E+00    1.0121E+01
 2.0810E+03    5.7061E+01    6.4480E+01    2.5194E+01    2.1733E+01    1.7118E+01    8.0750E+01    5.9774E+01    1.9309E+01    5.1886E+00    2.0647E+01    6.9367E+00    1.0121E+01
 2.0815E+03    5.7044E+01    6.4480E+01    2.5113E+01    2.1724E+01    1.7090E+01    8.0750E+01    5.9776E+01    1.9309E+01    5.1682E+00    2.0647E+01    7.1709E+00    1.0225E+01
 2.0822E+03    5.7050E+01    6.4484E+01    2.5175E+01    2.1829E+01    1.7064E+01    8.0774E+01    5.9782E+01    1.9325E+01    5.1886E+00    2.0831E+01    7.0997E+00    1.0121E+01
 2.0827E+03    5.7055E+01    6.4498E+01    2.5034E+01    2.1848E+01    1.7064E+01    8.0770E+01    5.9793E+01    1.9327E+01    5.1886E+00    2.0831E+01    7.0589E+00    1.0121E+01
 2.0832E+03    5.7055E+01    6.4502E+01    2.4904E+01    2.1848E+01    1.7069E+01    8.0769E+01    5.9789E+01    1.9328E+01    5.1886E+00    2.0871E+01    7.1556E+00    1.0225E+01
 2.0837E+03    5.7041E+01    6.4506E+01    2.4878E+01    2.1780E+01    1.7069E+01    8.0779E+01    5.9789E+01    1.9336E+01    5.1886E+00    2.0871E+01    6.9062E+00    1.0016E+01
 2.0843E+03    5.7056E+01    6.4511E+01    2.4882E+01    2.1784E+01    1.7063E+01    8.0805E+01    5.9805E+01    1.9322E+01    5.1886E+00    2.0647E+01    7.1353E+00    1.0225E+01
 2.0848E+03    5.7064E+01    6.4532E+01    2.4898E+01    2.1823E+01    1.7093E+01    8.0806E+01    5.9800E+01    1.9341E+01    5.1886E+00    2.0729E+01    7.0131E+00    1.0016E+01
 2.0853E+03    5.7068E+01    6.4532E+01    2.4877E+01    2.1805E+01    1.7098E+01    8.0806E+01    5.9814E+01    1.9341E+01    5.1886E+00    2.0790E+01    7.0895E+00    1.0121E+01
 2.0859E+03    5.7076E+01    6.4545E+01    2.5002E+01    2.1777E+01    1.7107E+01    8.0821E+01    5.9817E+01    1.9327E+01    5.1886E+00    2.0729E+01    6.9367E+00    1.0225E+01
 2.0865E+03    5.7084E+01    6.4553E+01    2.4944E+01    2.1746E+01    1.7126E+01    8.0815E+01    5.9820E+01    1.9324E+01    5.1886E+00    2.0871E+01    7.1047E+00    1.0121E+01
 2.0870E+03    5.7089E+01    6.4542E+01    2.5036E+01    2.1746E+01    1.7096E+01    8.0842E+01    5.9815E+01    1.9325E+01    5.1682E+00    2.0871E+01    6.8909E+00    1.0121E+01
 2.0875E+03    5.7089E+01    6.4552E+01    2.5005E+01    2.1792E+01    1.7096E+01    8.0832E+01    5.9815E+01    1.9337E+01    5.1682E+00    2.0912E+01    7.1913E+00    1.0121E+01
 2.0880E+03    5.7091E+01    6.4556E+01    2.5022E+01    2.1824E+01    1.7113E+01    8.0831E+01    5.9818E+01    1.9321E+01    5.1886E+00    2.0729E+01    7.0997E+00    1.0016E+01
 2.0887E+03    5.7106E+01    6.4562E+01    2.5026E+01    2.1768E+01    1.7116E+01    8.0814E+01    5.9831E+01    1.9322E+01    5.1886E+00    2.0851E+01    6.9062E+00    1.0121E+01
 2.0892E+03    5.7091E+01    6.4556E+01    2.5010E+01    2.1744E+01    1.7070E+01    8.0818E+01    5.9820E+01    1.9333E+01    5.1886E+00    2.0871E+01    6.8960E+00    1.0225E+01
 2.0897E+03    5.7081E+01    6.4556E+01    2.5021E+01    2.1805E+01    1.7057E+01    8.0818E+01    5.9826E+01    1.9333E+01    5.1886E+00    2.0790E+01    6.9673E+00    1.0121E+01
 2.0902E+03    5.7092E+01    6.4556E+01    2.4993E+01    2.1782E+01    1.7076E+01    8.0826E+01    5.9839E+01    1.9337E+01    5.1886E+00    2.0810E+01    6.8960E+00    1.0121E+01
 2.0908E+03    5.7105E+01    6.4560E+01    2.4917E+01    2.1782E+01    1.7080E+01    8.0834E+01    5.9820E+01    1.9330E+01    5.1886E+00    2.0769E+01    7.1709E+00    1.0121E+01
 2.0913E+03    5.7105E+01    6.4568E+01    2.4843E+01    2.1809E+01    1.7067E+01    8.0848E+01    5.9851E+01    1.9332E+01    5.1886E+00    2.0810E+01    6.8960E+00    1.0016E+01
 2.0918E+03    5.7111E+01    6.4567E+01    2.4904E+01    2.1675E+01    1.7067E+01    8.0881E+01    5.9851E+01    1.9334E+01    5.1886E+00    2.0892E+01    7.1200E+00    1.0121E+01
 2.0924E+03    5.7114E+01    6.4551E+01    2.4904E+01    2.1765E+01    1.7052E+01    8.0869E+01    5.9851E+01    1.9321E+01    5.1886E+00    2.0810E+01    7.1302E+00    1.0016E+01
# Time (s)      T1w (C)       T2w (C)       T1a (C)       T2a (C)       T1r (C)       T2r (C)       T3r (C)       T4r (C)       P1 (bar)      P2 (bar)      Ic (amp)      Qc (l/min)    
 2.0931E+03    5.7104E+01    6.4589E+01    2.4845E+01    2.1772E+01    1.7051E+01    8.0873E+01    5.9866E+01    1.9343E+01    5.2090E+00    2.0708E+01    7.1607E+00    1.0121E+01
 2.0936E+03    5.7120E+01    6.4589E+01    2.4840E+01    2.1782E+01    1.7079E+01    8.0856E+01    5.9851E+01    1.9328E+01    5.2090E+00    2.0932E+01    6.9775E+00    1.0121E+01
 2.0941E+03    5.7130E+01    6.4600E+01    2.4835E+01    2.1823E+01    1.7110E+01    8.0856E+01    5.9860E+01    1.9328E+01    5.1886E+00    2.0851E+01    7.1913E+00    1.0016E+01
 2.0946E+03    5.7147E+01    6.4614E+01    2.4861E+01    2.1823E+01    1.7153E+01    8.0859E+01    5.9864E+01    1.9312E+01    5.1886E+00    2.0668E+01    7.1760E+00    1.0016E+01
 2.0952E+03    5.7184E+01    6.4623E+01    2.5178E+01    2.1893E+01    1.7158E+01    8.0897E+01    5.9888E+01    1.9320E+01    5.1886E+00    2.0912E+01    7.1913E+00    1.0121E+01
 2.0957E+03    5.7184E+01    6.4630E+01    2.5147E+01    2.1926E+01    1.7158E+01    8.0923E+01    5.9888E+01    1.9322E+01    5.1886E+00    2.0932E+01    6.9113E+00    1.0121E+01
 2.0962E+03    5.7199E+01    6.4663E+01    2.5038E+01    2.1897E+01    1.7159E+01    8.0882E+01    5.9877E+01    1.9315E+01    5.2090E+00    2.0668E+01    7.1506E+00    1.0016E+01
 2.0967E+03    5.7218E+01    6.4646E+01    2.5038E+01    2.1912E+01    1.7153E+01    8.0877E+01    5.9893E+01    1.9320E+01    5.2090E+00    2.0708E+01    6.9215E+00    1.0016E+01
 2.0974E+03    5.7222E+01    6.4656E+01    2.4991E+01    2.1937E+01    1.7179E+01    8.0899E+01    5.9895E+01    1.9328E+01    5.1886E+00    2.0851E+01    6.9520E+00    1.0016E+01
 2.0979E+03    5.7226E+01    6.4656E+01    2.4978E+01    2.1799E+01    1.7183E+01    8.0899E+01    5.9874E+01    1.9328E+01    5.2090E+00    2.0892E+01    6.9215E+00    1.0121E+01
 2.0984E+03    5.7235E+01    6.4667E+01    2.4958E+01    2.1845E+01    1.7165E+01    8.0902E+01    5.9901E+01    1.9328E+01    5.1886E+00    2.0973E+01    6.9215E+00    1.0016E+01
 2.0989E+03    5.7276E+01    6.4668E+01    2.4932E+01    2.1845E+01    1.7126E+01    8.0906E+01    5.9889E+01    1.9322E+01    5.1886E+00    2.0831E+01    6.9266E+00    1.0121E+01
 2.0995E+03    5.7276E+01    6.4673E+01    2.4908E+01    2.1780E+01    1.7111E+01    8.0908E+01    5.9892E+01    1.9315E+01    5.1886E+00    2.0810E+01    7.1964E+00    1.0121E+01
 2.1000E+03    5.7255E+01    6.4667E+01    2.4830E+01    2.1787E+01    1.7111E+01    8.0916E+01    5.9892E+01    1.9335E+01    5.1886E+00    2.0729E+01    6.9113E+00    1.0121E+01
 2.1005E+03    5.7259E+01    6.4677E+01    2.4830E+01    2.1813E+01    1.7116E+01    8.0934E+01    5.9896E+01    1.9311E+01    5.1886E+00    2.0871E+01    7.1404E+00    1.0016E+01
 2.1011E+03    5.7276E+01    6.4691E+01    2.4869E+01    2.1845E+01    1.7076E+01    8.0920E+01    5.9891E+01    1.9308E+01    5.1886E+00    2.0729E+01    6.9775E+00    1.0225E+01
 2.1017E+03    5.7275E+01    6.4709E+01    2.4896E+01    2.1755E+01    1.7066E+01    8.0905E+01    5.9879E+01    1.9307E+01    5.1886E+00    2.0912E+01    6.9317E+00    1.0121E+01
 2.1022E+03    5.7287E+01    6.4695E+01    2.4979E+01    2.1806E+01    1.7035E+01    8.0905E+01    5.9891E+01    1.9307E+01    5.1886E+00    2.0831E+01    6.9164E+00    1.0121E+01
 2.1027E+03    5.7292E+01    6.4711E+01    2.4957E+01    2.1806E+01    1.7048E+01    8.0898E+01    5.9898E+01    1.9313E+01    5.1886E+00    2.0708E+01    6.9215E+00    1.0121E+01
 2.1032E+03    5.7292E+01    6.4725E+01    2.4972E+01    2.1712E+01    1.7064E+01    8.0930E+01    5.9913E+01    1.9313E+01    5.1886E+00    2.0932E+01    7.0691E+00    9.9090E+00
 2.1039E+03    5.7302E+01    6.4720E+01    2.4938E+01    2.1703E+01    1.7049E+01    8.0927E+01    5.9913E+01    1.9327E+01    5.1886E+00    2.0851E+01    7.1506E+00    1.0225E+01
 2.1044E+03    5.7323E+01    6.4749E+01    2.5032E+01    2.1809E+01    1.7053E+01    8.0957E+01    5.9921E+01    1.9337E+01    5.1886E+00    2.0892E+01    7.0437E+00    1.0225E+01
 2.1049E+03    5.7332E+01    6.4762E+01    2.5032E+01    2.1837E+01    1.7066E+01    8.0979E+01    5.9931E+01    1.9305E+01    5.1886E+00    2.0953E+01    7.2218E+00    1.0121E+01
 2.1054E+03    5.7350E+01    6.4762E+01    2.5021E+01    2.1732E+01    1.7085E+01    8.0979E+01    5.9916E+01    1.9305E+01    5.1886E+00    2.0769E+01    7.1506E+00    1.0121E+01
 2.1061E+03    5.7316E+01    6.4756E+01    2.5067E+01    2.1798E+01    1.7085E+01    8.1010E+01    5.9943E+01    1.9322E+01    5.1886E+00    2.0871E+01    6.9367E+00    1.0225E+01
 2.1066E+03    5.7319E+01    6.4761E+01    2.5023E+01    2.1802E+01    1.7055E+01    8.1029E+01    5.9933E+01    1.9317E+01    5.1886E+00    2.0769E+01    6.9469E+00    1.0016E+01
 2.1071E+03    5.7327E+01    6.4763E+01    2.4992E+01    2.1802E+01    1.7063E+01    8.1035E+01    5.9945E+01    1.9323E+01    5.1886E+00    2.0973E+01    6.9367E+00    1.0121E+01
 2.1076E+03    5.7327E+01    6.4767E+01    2.4999E+01    2.1765E+01    1.7063E+01    8.1025E+01    5.9945E+01    1.9309E+01    5.1886E+00    2.0831E+01    6.9317E+00    1.0121E+01
 2.1082E+03    5.7356E+01    6.4796E+01    2.5045E+01    2.1774E+01    1.7072E+01    8.1038E+01    5.9947E+01    1.9305E+01    5.1886E+00    2.0993E+01    7.2015E+00    1.0016E+01
 2.1087E+03    5.7356E+01    6.4813E+01    2.5045E+01    2.1749E+01    1.7056E+01    8.1038E+01    5.9954E+01    1.9307E+01    5.2090E+00    2.1014E+01    6.9877E+00    1.0121E+01
# Time (s)      T1w (C)       T2w (C)       T1a (C)       T2a (C)       T1r (C)       T2r (C)       T3r (C)       T4r (C)       P1 (bar)      P2 (bar)      Ic (amp)      Qc (l/min)    
 2.1092E+03    5.7347E+01    6.4813E+01    2.5022E+01    2.1608E+01    1.7070E+01    8.1038E+01    5.9971E+01    1.9307E+01    5.2090E+00    2.0790E+01    7.2116E+00    1.0121E+01
 2.1097E+03    5.7366E+01    6.4805E+01    2.4886E+01    2.1658E+01    1.7089E+01    8.1060E+01    5.9961E+01    1.9304E+01    5.1886E+00    2.0810E+01    6.9367E+00    1.0016E+01
 2.1104E+03    5.7372E+01    6.4826E+01    2.4818E+01    2.1779E+01    1.7090E+01    8.1061E+01    5.9987E+01    1.9326E+01    5.1886E+00    2.0871E+01    7.1862E+00    1.0016E+01
 2.1109E+03    5.7389E+01    6.4828E+01    2.4776E+01    2.1779E+01    1.7079E+01    8.1024E+01    5.9976E+01    1.9309E+01    5.1886E+00    2.0790E+01    7.0589E+00    1.0016E+01
 2.1114E+03    5.7389E+01    6.4812E+01    2.4711E+01    2.1745E+01    1.7063E+01    8.1005E+01    5.9961E+01    1.9281E+01    5.1886E+00    2.1034E+01    7.2269E+00    1.0016E+01
 2.1119E+03    5.7387E+01    6.4845E+01    2.4703E+01    2.1701E+01    1.7038E+01    8.1018E+01    5.9966E+01    1.9285E+01    5.1886E+00    2.0912E+01    7.2066E+00    1.0016E+01
 2.1126E+03    5.7388E+01    6.4831E+01    2.4683E+01    2.1765E+01    1.7045E+01    8.1010E+01    5.9980E+01    1.9318E+01    5.1886E+00    2.0851E+01    7.2167E+00    1.0121E+01
 2.1131E+03    5.7365E+01    6.4823E+01    2.4683E+01    2.1723E+01    1.7049E+01    8.1007E+01    5.9985E+01    1.9290E+01    5.1886E+00    2.0831E+01    6.9317E+00    1.0121E+01
 2.1136E+03    5.7389E+01    6.4823E+01    2.4716E+01    2.1704E+01    1.7081E+01    8.1007E+01    6.0000E+01    1.9290E+01    5.1886E+00    2.0790E+01    7.1964E+00    1.0225E+01
 2.1141E+03    5.7383E+01    6.4821E+01    2.4673E+01    2.1700E+01    1.7124E+01    8.1004E+01    6.0000E+01    1.9295E+01    5.1886E+00    2.0871E+01    7.1607E+00    1.0016E+01
 2.1148E+03    5.7387E+01    6.4822E+01    2.4619E+01    2.1777E+01    1.7136E+01    8.1009E+01    6.0015E+01    1.9280E+01    5.1886E+00    2.0871E+01    6.9266E+00    1.0016E+01
 2.1153E+03    5.7379E+01    6.4823E+01    2.4660E+01    2.1777E+01    1.7126E+01    8.1050E+01    6.0011E+01    1.9278E+01    5.1886E+00    2.0871E+01    6.9978E+00    1.0121E+01
 2.1158E+03    5.7379E+01    6.4827E+01    2.4608E+01    2.1766E+01    1.7126E+01    8.1058E+01    6.0011E+01    1.9287E+01    5.1886E+00    2.0790E+01    6.9317E+00    1.0016E+01
 2.1163E+03    5.7387E+01    6.4827E+01    2.4608E+01    2.1782E+01    1.7089E+01    8.1070E+01    6.0020E+01    1.9274E+01    5.1886E+00    2.0953E+01    7.2116E+00    1.0225E+01
 2.1169E+03    5.7391E+01    6.4845E+01    2.4616E+01    2.1716E+01    1.7087E+01    8.1095E+01    6.0015E+01    1.9300E+01    5.1886E+00    2.0810E+01    6.9724E+00    1.0121E+01
 2.1174E+03    5.7403E+01    6.4852E+01    2.4773E+01    2.1823E+01    1.7094E+01    8.1113E+01    6.0028E+01    1.9292E+01    5.1886E+00    2.0769E+01    6.9571E+00    1.0121E+01
 2.1179E+03    5.7410E+01    6.4852E+01    2.4773E+01    2.1746E+01    1.7096E+01    8.1113E+01    6.0048E+01    1.9292E+01    5.2090E+00    2.0912E+01    7.0742E+00    1.0225E+01
 2.1185E+03    5.7420E+01    6.4870E+01    2.4814E+01    2.1762E+01    1.7107E+01    8.1125E+01    6.0040E+01    1.9298E+01    5.1886E+00    2.1095E+01    7.2320E+00    1.0225E+01
 2.1191E+03    5.7424E+01    6.4882E+01    2.4892E+01    2.1681E+01    1.7131E+01    8.1106E+01    6.0028E+01    1.9279E+01    5.1886E+00    2.0790E+01    7.1200E+00    1.0121E+01
 2.1196E+03    5.7424E+01    6.4880E+01    2.4794E+01    2.1710E+01    1.7131E+01    8.1120E+01    6.0028E+01    1.9270E+01    5.2090E+00    2.0973E+01    7.0997E+00    1.0016E+01
 2.1201E+03    5.7427E+01    6.4885E+01    2.4771E+01    2.1727E+01    1.7156E+01    8.1112E+01    6.0041E+01    1.9279E+01    5.1886E+00    2.0871E+01    7.2066E+00    1.0016E+01
 2.1206E+03    5.7444E+01    6.4900E+01    2.4771E+01    2.1665E+01    1.7143E+01    8.1128E+01    6.0025E+01    1.9268E+01    5.1886E+00    2.0932E+01    7.1811E+00    1.0121E+01
 2.1213E+03    5.7435E+01    6.4907E+01    2.4732E+01    2.1736E+01    1.7088E+01    8.1114E+01    6.0030E+01    1.9271E+01    5.1886E+00    2.1116E+01    7.2218E+00    9.9090E+00
 2.1218E+03    5.7420E+01    6.4907E+01    2.4763E+01    2.1729E+01    1.7089E+01    8.1114E+01    6.0043E+01    1.9271E+01    5.1886E+00    2.1075E+01    6.9775E+00    1.0225E+01
 2.1223E+03    5.7432E+01    6.4884E+01    2.4719E+01    2.1729E+01    1.7083E+01    8.1130E+01    6.0021E+01    1.9257E+01    5.1886E+00    2.0932E+01    7.2116E+00    1.0121E+01
 2.1228E+03    5.7432E+01    6.4886E+01    2.4725E+01    2.1696E+01    1.7078E+01    8.1133E+01    6.0038E+01    1.9253E+01    5.1886E+00    2.0831E+01    7.2269E+00    9.9090E+00
 2.1235E+03    5.7451E+01    6.4901E+01    2.4725E+01    2.1784E+01    1.7074E+01    8.1151E+01    6.0051E+01    1.9263E+01    5.1886E+00    2.1054E+01    6.9469E+00    1.0016E+01
 2.1240E+03    5.7451E+01    6.4917E+01    2.4757E+01    2.1768E+01    1.7074E+01    8.1150E+01    6.0051E+01    1.9263E+01    5.1886E+00    2.0993E+01    6.9418E+00    1.0121E+01
 2.1245E+03    5.7464E+01    6.4929E+01    2.4772E+01    2.1804E+01    1.7099E+01    8.1150E+01    6.0064E+01    1.9247E+01    5.2090E+00    2.0851E+01    6.9367E+00    1.0121E+01
 2.1250E+03    5.7474E+01    6.4935E+01    2.4784E+01    2.1746E+01    1.7114E+01    8.1161E+01    6.0057E+01    1.9255E+01    5.1886E+00    2.1095E+01    6.9418E+00    1.0121E+01
# Time (s)      T1w (C)       T2w (C)       T1a (C)       T2a (C)       T1r (C)       T2r (C)       T3r (C)       T4r (C)       P1 (bar)      P2 (bar)      Ic (amp)      Qc (l/min)    
 2.1256E+03    5.7490E+01    6.4935E+01    2.4731E+01    2.1695E+01    1.7109E+01    8.1174E+01    6.0061E+01    1.9247E+01    5.1682E+00    2.0973E+01    6.9418E+00    1.0121E+01
 2.1261E+03    5.7486E+01    6.4932E+01    2.4816E+01    2.1729E+01    1.7103E+01    8.1174E+01    6.0063E+01    1.9247E+01    5.1682E+00    2.0973E+01    7.1760E+00    1.0225E+01
 2.1266E+03    5.7494E+01    6.4947E+01    2.4896E+01    2.1729E+01    1.7077E+01    8.1157E+01    6.0085E+01    1.9235E+01    5.1886E+00    2.1136E+01    6.9520E+00    1.0121E+01
 2.1271E+03    5.7494E+01    6.4950E+01    2.4901E+01    2.1664E+01    1.7077E+01    8.1161E+01    6.0085E+01    1.9263E+01    5.1682E+00    2.1075E+01    7.2371E+00    1.0225E+01
 2.1278E+03    5.7477E+01    6.4946E+01    2.4885E+01    2.1655E+01    1.7065E+01    8.1147E+01    6.0084E+01    1.9244E+01    5.1886E+00    2.0932E+01    6.9367E+00    1.0016E+01
 2.1283E+03    5.7492E+01    6.4942E+01    2.4863E+01    2.1596E+01    1.7049E+01    8.1127E+01    6.0084E+01    1.9265E+01    5.1886E+00    2.0973E+01    6.9367E+00    1.0016E+01
 2.1288E+03    5.7492E+01    6.4949E+01    2.4863E+01    2.1580E+01    1.7022E+01    8.1136E+01    6.0092E+01    1.9248E+01    5.1682E+00    2.1095E+01    7.1760E+00    1.0121E+01
 2.1293E+03    5.7498E+01    6.4935E+01    2.4831E+01    2.1596E+01    1.7037E+01    8.1136E+01    6.0086E+01    1.9248E+01    5.1682E+00    2.0993E+01    7.2015E+00    1.0121E+01
 2.1300E+03    5.7501E+01    6.4925E+01    2.4807E+01    2.1615E+01    1.7026E+01    8.1143E+01    6.0100E+01    1.9260E+01    5.1682E+00    2.0851E+01    6.9418E+00    1.0225E+01
 2.1305E+03    5.7509E+01    6.4948E+01    2.4849E+01    2.1611E+01    1.6990E+01    8.1170E+01    6.0119E+01    1.9276E+01    5.1886E+00    2.0932E+01    7.1811E+00    1.0016E+01
 2.1310E+03    5.7497E+01    6.4948E+01    2.4835E+01    2.1611E+01    1.7002E+01    8.1173E+01    6.0115E+01    1.9262E+01    5.1886E+00    2.1054E+01    6.9520E+00    1.0121E+01
 2.1315E+03    5.7512E+01    6.4969E+01    2.4854E+01    2.1612E+01    1.7002E+01    8.1209E+01    6.0115E+01    1.9260E+01    5.1886E+00    2.1095E+01    7.0691E+00    1.0121E+01
 2.1321E+03    5.7526E+01    6.4969E+01    2.4780E+01    2.1627E+01    1.6997E+01    8.1203E+01    6.0119E+01    1.9274E+01    5.1886E+00    2.1054E+01    7.1404E+00    1.0121E+01
 2.1326E+03    5.7540E+01    6.4976E+01    2.4780E+01    2.1661E+01    1.7017E+01    8.1180E+01    6.0127E+01    1.9265E+01    5.1886E+00    2.0912E+01    7.0793E+00    1.0016E+01
 2.1331E+03    5.7530E+01    6.4976E+01    2.4795E+01    2.1607E+01    1.7076E+01    8.1205E+01    6.0153E+01    1.9291E+01    5.2090E+00    2.1014E+01    7.0437E+00    9.9090E+00
 2.1337E+03    5.7558E+01    6.4987E+01    2.4821E+01    2.1635E+01    1.7138E+01    8.1205E+01    6.0164E+01    1.9291E+01    5.1886E+00    2.1014E+01    7.1964E+00    1.0121E+01
 2.1343E+03    5.7573E+01    6.4985E+01    2.4804E+01    2.1698E+01    1.7191E+01    8.1208E+01    6.0171E+01    1.9284E+01    5.1886E+00    2.0993E+01    7.2473E+00    1.0016E+01
 2.1348E+03    5.7576E+01    6.4975E+01    2.4800E+01    2.1663E+01    1.7155E+01    8.1206E+01    6.0174E+01    1.9284E+01    5.1886E+00    2.0953E+01    6.9673E+00    1.0121E+01
 2.1353E+03    5.7562E+01    6.4983E+01    2.4801E+01    2.1648E+01    1.7095E+01    8.1231E+01    6.0186E+01    1.9289E+01    5.1886E+00    2.0892E+01    7.1760E+00    1.0016E+01
 2.1358E+03    5.7559E+01    6.4981E+01    2.4849E+01    2.1616E+01    1.7095E+01    8.1227E+01    6.0186E+01    1.9281E+01    5.1886E+00    2.0892E+01    7.0793E+00    1.0121E+01
 2.1365E+03    5.7574E+01    6.4996E+01    2.4867E+01    2.1567E+01    1.7062E+01    8.1251E+01    6.0188E+01    1.9295E+01    5.1682E+00    2.1075E+01    7.1964E+00    1.0016E+01
 2.1370E+03    5.7595E+01    6.5006E+01    2.4867E+01    2.1704E+01    1.7073E+01    8.1297E+01    6.0183E+01    1.9289E+01    5.1886E+00    2.1095E+01    7.0538E+00    1.0121E+01
 2.1375E+03    5.7581E+01    6.4991E+01    2.4831E+01    2.1534E+01    1.7069E+01    8.1283E+01    6.0191E+01    1.9274E+01    5.1886E+00    2.1136E+01    7.1200E+00    1.0225E+01
 2.1380E+03    5.7591E+01    6.5021E+01    2.4765E+01    2.1508E+01    1.7092E+01    8.1293E+01    6.0191E+01    1.9291E+01    5.1886E+00    2.1014E+01    7.1506E+00    1.0121E+01
 2.1387E+03    5.7586E+01    6.5006E+01    2.4733E+01    2.1497E+01    1.7144E+01    8.1314E+01    6.0231E+01    1.9307E+01    5.1886E+00    2.1136E+01    7.2524E+00    9.9090E+00
 2.1392E+03    5.7581E+01    6.5023E+01    2.4719E+01    2.1497E+01    1.7142E+01    8.1317E+01    6.0212E+01    1.9301E+01    5.1886E+00    2.1156E+01    6.9673E+00    1.0121E+01
 2.1397E+03    5.7567E+01    6.5017E+01    2.4727E+01    2.1591E+01    1.7142E+01    8.1320E+01    6.0212E+01    1.9290E+01    5.1886E+00    2.0892E+01    7.1811E+00    1.0016E+01
 2.1402E+03    5.7592E+01    6.5020E+01    2.4727E+01    2.1469E+01    1.7153E+01    8.1318E+01    6.0225E+01    1.9325E+01    5.1682E+00    2.1095E+01    7.0182E+00    1.0016E+01
 2.1408E+03    5.7604E+01    6.5041E+01    2.4727E+01    2.1474E+01    1.7130E+01    8.1332E+01    6.0236E+01    1.9327E+01    5.1886E+00    2.0892E+01    7.0437E+00    1.0016E+01
 2.1413E+03    5.7611E+01    6.5041E+01    2.4753E+01    2.1451E+01    1.7096E+01    8.1355E+01    6.0263E+01    1.9335E+01    5.1682E+00    2.0953E+01    7.2066E+00    1.0016E+01
# Time (s)      T1w (C)       T2w (C)       T1a (C)       T2a (C)       T1r (C)       T2r (C)       T3r (C)       T4r (C)       P1 (bar)      P2 (bar)      Ic (amp)      Qc (l/min)    
 2.1418E+03    5.7612E+01    6.5033E+01    2.4744E+01    2.1509E+01    1.7092E+01    8.1355E+01    6.0274E+01    1.9335E+01    5.1682E+00    2.1014E+01    7.1760E+00    1.0121E+01
 2.1423E+03    5.7590E+01    6.5040E+01    2.4823E+01    2.1494E+01    1.7053E+01    8.1357E+01    6.0263E+01    1.9341E+01    5.1682E+00    2.1116E+01    6.9673E+00    1.0016E+01
 2.1430E+03    5.7604E+01    6.5029E+01    2.4922E+01    2.1601E+01    1.7046E+01    8.1356E+01    6.0283E+01    1.9352E+01    5.1886E+00    2.1014E+01    7.0080E+00    1.0121E+01
 2.1435E+03    5.7619E+01    6.5064E+01    2.4938E+01    2.1536E+01    1.7062E+01    8.1368E+01    6.0303E+01    1.9368E+01    5.1886E+00    2.1054E+01    7.2320E+00    1.0225E+01
 2.1440E+03    5.7626E+01    6.5057E+01    2.4950E+01    2.1517E+01    1.7086E+01    8.1369E+01    6.0303E+01    1.9358E+01    5.1886E+00    2.1136E+01    7.1251E+00    1.0016E+01
 2.1445E+03    5.7626E+01    6.5057E+01    2.4934E+01    2.1557E+01    1.7122E+01    8.1366E+01    6.0307E+01    1.9360E+01    5.1886E+00    2.1136E+01    7.1607E+00    1.0016E+01
 2.1452E+03    5.7636E+01    6.5059E+01    2.4957E+01    2.1517E+01    1.7148E+01    8.1373E+01    6.0318E+01    1.9355E+01    5.1886E+00    2.1034E+01    7.0589E+00    1.0016E+01
 2.1457E+03    5.7655E+01    6.5073E+01    2.4980E+01    2.1556E+01    1.7183E+01    8.1373E+01    6.0313E+01    1.9345E+01    5.1886E+00    2.1116E+01    6.9724E+00    1.0225E+01
 2.1462E+03    5.7668E+01    6.5087E+01    2.4974E+01    2.1565E+01    1.7206E+01    8.1350E+01    6.0318E+01    1.9345E+01    5.1886E+00    2.0993E+01    7.1506E+00    1.0121E+01
 2.1467E+03    5.7663E+01    6.5073E+01    2.4963E+01    2.1565E+01    1.7206E+01    8.1338E+01    6.0330E+01    1.9348E+01    5.1886E+00    2.1014E+01    7.1811E+00    1.0121E+01
 2.1474E+03    5.7661E+01    6.5082E+01    2.4926E+01    2.1487E+01    1.7200E+01    8.1357E+01    6.0344E+01    1.9351E+01    5.1682E+00    2.0912E+01    6.9571E+00    1.0016E+01
 2.1479E+03    5.7661E+01    6.5098E+01    2.4907E+01    2.1615E+01    1.7200E+01    8.1355E+01    6.0344E+01    1.9348E+01    5.1886E+00    2.1116E+01    7.1200E+00    1.0121E+01
 2.1484E+03    5.7692E+01    6.5107E+01    2.4904E+01    2.1557E+01    1.7192E+01    8.1357E+01    6.0339E+01    1.9347E+01    5.1886E+00    2.1177E+01    7.0844E+00    1.0121E+01
 2.1489E+03    5.7689E+01    6.5107E+01    2.4904E+01    2.1495E+01    1.7193E+01    8.1380E+01    6.0350E+01    1.9348E+01    5.1886E+00    2.1197E+01    7.1760E+00    1.0121E+01
 2.1496E+03    5.7699E+01    6.5115E+01    2.4851E+01    2.1479E+01    1.7208E+01    8.1405E+01    6.0364E+01    1.9371E+01    5.1682E+00    2.1075E+01    6.9673E+00    1.0016E+01
 2.1501E+03    5.7719E+01    6.5115E+01    2.4801E+01    2.1588E+01    1.7208E+01    8.1433E+01    6.0368E+01    1.9356E+01    5.1886E+00    2.1075E+01    7.1455E+00    1.0225E+01
 2.1506E+03    5.7731E+01    6.5147E+01    2.4833E+01    2.1634E+01    1.7210E+01    8.1433E+01    6.0373E+01    1.9356E+01    5.1682E+00    2.0932E+01    6.9622E+00    1.0016E+01
 2.1511E+03    5.7731E+01    6.5145E+01    2.4867E+01    2.1634E+01    1.7178E+01    8.1466E+01    6.0387E+01    1.9359E+01    5.1682E+00    2.0973E+01    7.0895E+00    1.0016E+01
 2.1517E+03    5.7747E+01    6.5168E+01    2.4880E+01    2.1508E+01    1.7137E+01    8.1471E+01    6.0400E+01    1.9357E+01    5.1886E+00    2.0932E+01    6.9571E+00    1.0121E+01
 2.1522E+03    5.7747E+01    6.5176E+01    2.4906E+01    2.1524E+01    1.7137E+01    8.1490E+01    6.0400E+01    1.9356E+01    5.1886E+00    2.0932E+01    7.1709E+00    1.0121E+01
 2.1527E+03    5.7736E+01    6.5186E+01    2.4906E+01    2.1667E+01    1.7133E+01    8.1483E+01    6.0385E+01    1.9362E+01    5.1682E+00    2.1034E+01    6.9571E+00    1.0121E+01
 2.1532E+03    5.7735E+01    6.5186E+01    2.4905E+01    2.1649E+01    1.7080E+01    8.1471E+01    6.0393E+01    1.9356E+01    5.1886E+00    2.1095E+01    7.1353E+00    1.0225E+01
 2.1539E+03    5.7734E+01    6.5191E+01    2.4880E+01    2.1594E+01    1.7106E+01    8.1471E+01    6.0391E+01    1.9374E+01    5.1682E+00    2.1156E+01    6.9571E+00    1.0121E+01
 2.1544E+03    5.7735E+01    6.5179E+01    2.4850E+01    2.1620E+01    1.7113E+01    8.1481E+01    6.0411E+01    1.9374E+01    5.1886E+00    2.1116E+01    7.0131E+00    1.0016E+01
 2.1549E+03    5.7743E+01    6.5191E+01    2.4854E+01    2.1620E+01    1.7092E+01    8.1509E+01    6.0409E+01    1.9371E+01    5.1886E+00    2.0912E+01    6.9927E+00    1.0121E+01
 2.1554E+03    5.7743E+01    6.5198E+01    2.4905E+01    2.1567E+01    1.7108E+01    8.1533E+01    6.0423E+01    1.9396E+01    5.1886E+00    2.1034E+01    6.9571E+00    1.0016E+01
 2.1561E+03    5.7732E+01    6.5198E+01    2.4938E+01    2.1627E+01    1.7134E+01    8.1528E+01    6.0420E+01    1.9389E+01    5.1886E+00    2.1014E+01    7.1658E+00    1.0121E+01
 2.1566E+03    5.7757E+01    6.5204E+01    2.4956E+01    2.1636E+01    1.7138E+01    8.1535E+01    6.0442E+01    1.9403E+01    5.1682E+00    2.1014E+01    6.9520E+00    1.0225E+01
 2.1571E+03    5.7753E+01    6.5204E+01    2.4956E+01    2.1690E+01    1.7143E+01    8.1556E+01    6.0440E+01    1.9406E+01    5.1886E+00    2.1095E+01    6.9978E+00    1.0225E+01
 2.1576E+03    5.7767E+01    6.5203E+01    2.4958E+01    2.1638E+01    1.7135E+01    8.1556E+01    6.0452E+01    1.9406E+01    5.1886E+00    2.0953E+01    6.9520E+00    1.0121E+01
# Time (s)      T1w (C)       T2w (C)       T1a (C)       T2a (C)       T1r (C)       T2r (C)       T3r (C)       T4r (C)       P1 (bar)      P2 (bar)      Ic (amp)      Qc (l/min)    
 2.1582E+03    5.7762E+01    6.5221E+01    2.4956E+01    2.1684E+01    1.7128E+01    8.1557E+01    6.0440E+01    1.9410E+01    5.1886E+00    2.1156E+01    7.2626E+00    1.0016E+01
 2.1587E+03    5.7773E+01    6.5215E+01    2.4947E+01    2.1622E+01    1.7166E+01    8.1564E+01    6.0474E+01    1.9419E+01    5.1886E+00    2.1197E+01    7.1811E+00    1.0016E+01
 2.1592E+03    5.7773E+01    6.5209E+01    2.4828E+01    2.1622E+01    1.7183E+01    8.1599E+01    6.0484E+01    1.9420E+01    5.1886E+00    2.1095E+01    7.2371E+00    1.0121E+01
 2.1597E+03    5.7775E+01    6.5214E+01    2.4741E+01    2.1632E+01    1.7167E+01    8.1591E+01    6.0469E+01    1.9399E+01    5.1886E+00    2.0973E+01    7.2116E+00    1.0225E+01
 2.1605E+03    5.7763E+01    6.5232E+01    2.4743E+01    2.1637E+01    1.7137E+01    8.1584E+01    6.0439E+01    1.9396E+01    5.1886E+00    2.1136E+01    7.1098E+00    1.0016E+01
 2.1610E+03    5.7775E+01    6.5229E+01    2.4762E+01    2.1626E+01    1.7166E+01    8.1570E+01    6.0461E+01    1.9397E+01    5.1886E+00    2.1238E+01    7.0895E+00    1.0121E+01
 2.1615E+03    5.7777E+01    6.5229E+01    2.4762E+01    2.1610E+01    1.7152E+01    8.1568E+01    6.0447E+01    1.9385E+01    5.1682E+00    2.1054E+01    7.0640E+00    1.0016E+01
 2.1620E+03    5.7799E+01    6.5245E+01    2.4800E+01    2.1626E+01    1.7145E+01    8.1568E+01    6.0463E+01    1.9385E+01    5.1886E+00    2.1116E+01    7.1913E+00    1.0327E+01
 2.1626E+03    5.7811E+01    6.5239E+01    2.4865E+01    2.1699E+01    1.7143E+01    8.1563E+01    6.0445E+01    1.9362E+01    5.1682E+00    2.1116E+01    6.9724E+00    1.0225E+01
 2.1631E+03    5.7804E+01    6.5249E+01    2.4928E+01    2.1699E+01    1.7156E+01    8.1565E+01    6.0435E+01    1.9359E+01    5.1886E+00    2.1156E+01    6.9826E+00    1.0121E+01
 2.1636E+03    5.7804E+01    6.5258E+01    2.4967E+01    2.1653E+01    1.7172E+01    8.1565E+01    6.0466E+01    1.9381E+01    5.1886E+00    2.1014E+01    7.0538E+00    1.0121E+01
 2.1641E+03    5.7815E+01    6.5256E+01    2.4987E+01    2.1664E+01    1.7144E+01    8.1573E+01    6.0466E+01    1.9400E+01    5.1886E+00    2.1075E+01    6.9622E+00    1.0121E+01
 2.1648E+03    5.7833E+01    6.5268E+01    2.5063E+01    2.1678E+01    1.7124E+01    8.1570E+01    6.0477E+01    1.9389E+01    5.1886E+00    2.1258E+01    6.9673E+00    1.0016E+01
 2.1653E+03    5.7830E+01    6.5272E+01    2.5063E+01    2.1692E+01    1.7100E+01    8.1590E+01    6.0494E+01    1.9398E+01    5.1886E+00    2.1238E+01    7.0997E+00    1.0121E+01
 2.1658E+03    5.7837E+01    6.5272E+01    2.5099E+01    2.1724E+01    1.7135E+01    8.1604E+01    6.0509E+01    1.9414E+01    5.1886E+00    2.1095E+01    6.9724E+00    1.0121E+01
 2.1663E+03    5.7839E+01    6.5272E+01    2.5197E+01    2.1672E+01    1.7175E+01    8.1606E+01    6.0523E+01    1.9403E+01    5.1886E+00    2.0973E+01    6.9571E+00    1.0121E+01
 2.1670E+03    5.7835E+01    6.5279E+01    2.5229E+01    2.1637E+01    1.7191E+01    8.1588E+01    6.0503E+01    1.9386E+01    5.1886E+00    2.1136E+01    6.9775E+00    1.0121E+01
 2.1675E+03    5.7835E+01    6.5279E+01    2.5260E+01    2.1637E+01    1.7186E+01    8.1554E+01    6.0491E+01    1.9383E+01    5.1886E+00    2.1197E+01    6.9724E+00    1.0225E+01
 2.1680E+03    5.7852E+01    6.5274E+01    2.5145E+01    2.1603E+01    1.7186E+01    8.1574E+01    6.0491E+01    1.9364E+01    5.1886E+00    2.1095E+01    6.9877E+00    1.0016E+01
 2.1685E+03    5.7885E+01    6.5312E+01    2.5161E+01    2.1649E+01    1.7176E+01    8.1605E+01    6.0506E+01    1.9378E+01    5.1886E+00    2.1136E+01    6.9724E+00    1.0121E+01
 2.1691E+03    5.7869E+01    6.5305E+01    2.5165E+01    2.1663E+01    1.7147E+01    8.1620E+01    6.0509E+01    1.9374E+01    5.1886E+00    2.1238E+01    7.1251E+00    1.0016E+01
 2.1696E+03    5.7883E+01    6.5325E+01    2.5165E+01    2.1628E+01    1.7134E+01    8.1599E+01    6.0500E+01    1.9352E+01    5.1886E+00    2.1217E+01    7.1709E+00    1.0016E+01
 2.1701E+03    5.7898E+01    6.5325E+01    2.5181E+01    2.1582E+01    1.7137E+01    8.1599E+01    6.0516E+01    1.9352E+01    5.1886E+00    2.1217E+01    7.2676E+00    1.0016E+01
 2.1706E+03    5.7894E+01    6.5322E+01    2.5190E+01    2.1582E+01    1.7130E+01    8.1613E+01    6.0518E+01    1.9367E+01    5.1886E+00    2.1278E+01    7.0029E+00    1.0121E+01
 2.1713E+03    5.7901E+01    6.5330E+01    2.5087E+01    2.1582E+01    1.7105E+01    8.1609E+01    6.0530E+01    1.9361E+01    5.1886E+00    2.1095E+01    6.9826E+00    1.0121E+01
 2.1718E+03    5.7901E+01    6.5324E+01    2.5057E+01    2.1640E+01    1.7089E+01    8.1584E+01    6.0527E+01    1.9343E+01    5.1886E+00    2.1014E+01    7.0946E+00    1.0121E+01
 2.1723E+03    5.7908E+01    6.5331E+01    2.5062E+01    2.1597E+01    1.7078E+01    8.1581E+01    6.0527E+01    1.9354E+01    5.1886E+00    2.0993E+01    7.0640E+00    1.0016E+01
 2.1728E+03    5.7886E+01    6.5324E+01    2.5046E+01    2.1534E+01    1.7042E+01    8.1574E+01    6.0483E+01    1.9339E+01    5.1886E+00    2.1136E+01    6.9724E+00    1.0121E+01
 2.1735E+03    5.7895E+01    6.5328E+01    2.5003E+01    2.1495E+01    1.7038E+01    8.1617E+01    6.0481E+01    1.9340E+01    5.1886E+00    2.1034E+01    6.9775E+00    1.0121E+01
 2.1740E+03    5.7912E+01    6.5328E+01    2.4965E+01    2.1592E+01    1.7039E+01    8.1617E+01    6.0503E+01    1.9337E+01    5.1886E+00    2.1034E+01    7.2676E+00    1.0225E+01
# Time (s)      T1w (C)       T2w (C)       T1a (C)       T2a (C)       T1r (C)       T2r (C)       T3r (C)       T4r (C)       P1 (bar)      P2 (bar)      Ic (amp)      Qc (l/min)    
 2.1745E+03    5.7890E+01    6.5333E+01    2.5025E+01    2.1678E+01    1.7062E+01    8.1648E+01    6.0497E+01    1.9337E+01    5.1886E+00    2.1095E+01    7.1913E+00    1.0016E+01
 2.1750E+03    5.7905E+01    6.5356E+01    2.5084E+01    2.1694E+01    1.7088E+01    8.1657E+01    6.0509E+01    1.9345E+01    5.1886E+00    2.1217E+01    7.0029E+00    1.0121E+01
 2.1756E+03    5.7945E+01    6.5369E+01    2.5100E+01    2.1618E+01    1.7118E+01    8.1655E+01    6.0507E+01    1.9341E+01    5.1886E+00    2.1238E+01    6.9826E+00    1.0121E+01
 2.1761E+03    5.7945E+01    6.5368E+01    2.5119E+01    2.1566E+01    1.7118E+01    8.1672E+01    6.0507E+01    1.9330E+01    5.2090E+00    2.1299E+01    6.9826E+00    1.0121E+01
 2.1766E+03    5.7961E+01    6.5393E+01    2.5134E+01    2.1638E+01    1.7170E+01    8.1684E+01    6.0527E+01    1.9376E+01    5.1886E+00    2.1278E+01    6.9826E+00    1.0121E+01
 2.1772E+03    5.7965E+01    6.5393E+01    2.5128E+01    2.1645E+01    1.7192E+01    8.1726E+01    6.0540E+01    1.9350E+01    5.1886E+00    2.1156E+01    7.2524E+00    1.0225E+01
 2.1778E+03    5.7991E+01    6.5414E+01    2.5156E+01    2.1675E+01    1.7169E+01    8.1694E+01    6.0542E+01    1.9360E+01    5.1886E+00    2.0993E+01    7.2676E+00    1.0121E+01
 2.1783E+03    5.7999E+01    6.5414E+01    2.5222E+01    2.1703E+01    1.7157E+01    8.1694E+01    6.0533E+01    1.9360E+01    5.2090E+00    2.1034E+01    6.9877E+00    1.0016E+01
 2.1788E+03    5.7975E+01    6.5407E+01    2.5302E+01    2.1703E+01    1.7167E+01    8.1686E+01    6.0549E+01    1.9366E+01    5.1886E+00    2.1095E+01    7.1760E+00    1.0225E+01
 2.1793E+03    5.7975E+01    6.5424E+01    2.5300E+01    2.1769E+01    1.7167E+01    8.1722E+01    6.0546E+01    1.9369E+01    5.1886E+00    2.1116E+01    6.9775E+00    1.0225E+01
 2.1800E+03    5.7992E+01    6.5419E+01    2.5173E+01    2.1785E+01    1.7131E+01    8.1723E+01    6.0556E+01    1.9359E+01    5.1886E+00    2.1014E+01    6.9927E+00    1.0225E+01
 2.1805E+03    5.8002E+01    6.5429E+01    2.5082E+01    2.1705E+01    1.7115E+01    8.1693E+01    6.0542E+01    1.9365E+01    5.1886E+00    2.1054E+01    7.1404E+00    1.0225E+01
 2.1810E+03    5.7998E+01    6.5433E+01    2.5067E+01    2.1672E+01    1.7123E+01    8.1715E+01    6.0546E+01    1.9352E+01    5.1886E+00    2.1217E+01    6.9826E+00    1.0121E+01
 2.1816E+03    5.8006E+01    6.5433E+01    2.5141E+01    2.1805E+01    1.7107E+01    8.1733E+01    6.0548E+01    1.9332E+01    5.1886E+00    2.1197E+01    7.2829E+00    1.0016E+01
 2.1822E+03    5.8006E+01    6.5433E+01    2.5172E+01    2.1750E+01    1.7085E+01    8.1748E+01    6.0534E+01    1.9340E+01    5.1886E+00    2.1054E+01    7.2626E+00    1.0016E+01
 2.1827E+03    5.8022E+01    6.5433E+01    2.5201E+01    2.1723E+01    1.7062E+01    8.1762E+01    6.0538E+01    1.9356E+01    5.2090E+00    2.1054E+01    6.9826E+00    1.0121E+01
 2.1832E+03    5.8041E+01    6.5434E+01    2.5215E+01    2.1723E+01    1.7032E+01    8.1753E+01    6.0551E+01    1.9365E+01    5.1886E+00    2.1054E+01    7.2778E+00    1.0121E+01
 2.1837E+03    5.8041E+01    6.5434E+01    2.5238E+01    2.1721E+01    1.7032E+01    8.1776E+01    6.0560E+01    1.9371E+01    5.1886E+00    2.1156E+01    6.9775E+00    1.0016E+01
 2.1844E+03    5.8027E+01    6.5449E+01    2.5229E+01    2.1676E+01    1.7048E+01    8.1767E+01    6.0548E+01    1.9373E+01    5.1886E+00    2.1075E+01    6.9927E+00    1.0225E+01
 2.1849E+03    5.8059E+01    6.5459E+01    2.5219E+01    2.1679E+01    1.7079E+01    8.1775E+01    6.0562E+01    1.9383E+01    5.1886E+00    2.1095E+01    7.1302E+00    1.0121E+01
 2.1854E+03    5.8059E+01    6.5478E+01    2.5219E+01    2.1621E+01    1.7093E+01    8.1792E+01    6.0584E+01    1.9408E+01    5.2090E+00    2.1177E+01    6.9877E+00    1.0225E+01
 2.1859E+03    5.8066E+01    6.5464E+01    2.5142E+01    2.1637E+01    1.7101E+01    8.1792E+01    6.0591E+01    1.9409E+01    5.1886E+00    2.1299E+01    7.2167E+00    1.0016E+01
 2.1866E+03    5.8077E+01    6.5455E+01    2.5109E+01    2.1618E+01    1.7085E+01    8.1776E+01    6.0578E+01    1.9385E+01    5.2090E+00    2.1034E+01    6.9927E+00    1.0225E+01
 2.1871E+03    5.8060E+01    6.5460E+01    2.5109E+01    2.1675E+01    1.7111E+01    8.1776E+01    6.0587E+01    1.9385E+01    5.1886E+00    2.1197E+01    7.2880E+00    1.0121E+01
 2.1876E+03    5.8047E+01    6.5448E+01    2.5158E+01    2.1675E+01    1.7115E+01    8.1782E+01    6.0585E+01    1.9395E+01    5.1886E+00    2.1360E+01    7.0793E+00    1.0121E+01
 2.1881E+03    5.8033E+01    6.5461E+01    2.5204E+01    2.1602E+01    1.7115E+01    8.1761E+01    6.0585E+01    1.9376E+01    5.1886E+00    2.1238E+01    6.9927E+00    1.0121E+01
 2.1887E+03    5.8028E+01    6.5444E+01    2.5226E+01    2.1674E+01    1.7147E+01    8.1725E+01    6.0587E+01    1.9381E+01    5.2090E+00    2.1299E+01    6.9978E+00    1.0225E+01
 2.1892E+03    5.8018E+01    6.5448E+01    2.5226E+01    2.1703E+01    1.7153E+01    8.1753E+01    6.0578E+01    1.9379E+01    5.2090E+00    2.1238E+01    6.9927E+00    1.0016E+01
 2.1897E+03    5.8009E+01    6.5448E+01    2.5266E+01    2.1717E+01    1.7164E+01    8.1762E+01    6.0571E+01    1.9367E+01    5.2090E+00    2.1075E+01    6.9877E+00    1.0016E+01
 2.1902E+03    5.8025E+01    6.5446E+01    2.5215E+01    2.1684E+01    1.7171E+01    8.1762E+01    6.0601E+01    1.9367E+01    5.2090E+00    2.1095E+01    7.0233E+00    1.0016E+01
# Time (s)      T1w (C)       T2w (C)       T1a (C)       T2a (C)       T1r (C)       T2r (C)       T3r (C)       T4r (C)       P1 (bar)      P2 (bar)      Ic (amp)      Qc (l/min)    
 2.1909E+03    5.8057E+01    6.5470E+01    2.5177E+01    2.1651E+01    1.7188E+01    8.1763E+01    6.0585E+01    1.9373E+01    5.2090E+00    2.1197E+01    7.0895E+00    1.0121E+01
 2.1914E+03    5.8059E+01    6.5481E+01    2.5112E+01    2.1651E+01    1.7166E+01    8.1731E+01    6.0582E+01    1.9371E+01    5.1886E+00    2.1197E+01    7.2371E+00    1.0121E+01
 2.1919E+03    5.8059E+01    6.5497E+01    2.5097E+01    2.1698E+01    1.7128E+01    8.1726E+01    6.0597E+01    1.9371E+01    5.1886E+00    2.1116E+01    7.2218E+00    1.0225E+01
 2.1924E+03    5.8065E+01    6.5503E+01    2.5049E+01    2.1758E+01    1.7128E+01    8.1719E+01    6.0597E+01    1.9373E+01    5.1886E+00    2.1197E+01    7.0284E+00    1.0016E+01
 2.1931E+03    5.8064E+01    6.5495E+01    2.5020E+01    2.1738E+01    1.7081E+01    8.1733E+01    6.0623E+01    1.9398E+01    5.1886E+00    2.1380E+01    7.0844E+00    1.0121E+01
 2.1936E+03    5.8064E+01    6.5498E+01    2.5020E+01    2.1742E+01    1.7056E+01    8.1742E+01    6.0643E+01    1.9396E+01    5.1886E+00    2.1319E+01    7.2676E+00    1.0121E+01
 2.1941E+03    5.8086E+01    6.5513E+01    2.5005E+01    2.1753E+01    1.7093E+01    8.1756E+01    6.0641E+01    1.9413E+01    5.2090E+00    2.1217E+01    7.2218E+00    1.0016E+01
 2.1946E+03    5.8079E+01    6.5518E+01    2.5017E+01    2.1701E+01    1.7116E+01    8.1788E+01    6.0658E+01    1.9413E+01    5.1886E+00    2.1238E+01    7.1251E+00    1.0121E+01
 2.1952E+03    5.8057E+01    6.5517E+01    2.4991E+01    2.1714E+01    1.7133E+01    8.1806E+01    6.0671E+01    1.9416E+01    5.2090E+00    2.1360E+01    7.2473E+00    1.0225E+01
 2.1957E+03    5.8065E+01    6.5513E+01    2.4973E+01    2.1714E+01    1.7177E+01    8.1840E+01    6.0701E+01    1.9433E+01    5.2090E+00    2.1380E+01    7.0080E+00    1.0016E+01
 2.1962E+03    5.8065E+01    6.5516E+01    2.4928E+01    2.1840E+01    1.7177E+01    8.1834E+01    6.0701E+01    1.9449E+01    5.1886E+00    2.1340E+01    7.2880E+00    1.0016E+01
 2.1968E+03    5.8054E+01    6.5507E+01    2.4928E+01    2.1732E+01    1.7159E+01    8.1839E+01    6.0690E+01    1.9444E+01    5.1886E+00    2.1238E+01    7.1913E+00    1.0225E+01
 2.1974E+03    5.8046E+01    6.5522E+01    2.4880E+01    2.1780E+01    1.7174E+01    8.1847E+01    6.0702E+01    1.9430E+01    5.2090E+00    2.1340E+01    7.2473E+00    1.0121E+01
 2.1979E+03    5.8055E+01    6.5529E+01    2.4857E+01    2.1743E+01    1.7187E+01    8.1822E+01    6.0686E+01    1.9426E+01    5.1886E+00    2.1421E+01    7.0589E+00    1.0225E+01
 2.1984E+03    5.8043E+01    6.5529E+01    2.4791E+01    2.1744E+01    1.7165E+01    8.1822E+01    6.0694E+01    1.9426E+01    5.1886E+00    2.1340E+01    7.0895E+00    1.0225E+01
 2.1989E+03    5.8064E+01    6.5531E+01    2.4819E+01    2.1760E+01    1.7176E+01    8.1815E+01    6.0697E+01    1.9434E+01    5.1886E+00    2.1380E+01    7.1964E+00    1.0121E+01
 2.1996E+03    5.8067E+01    6.5537E+01    2.4872E+01    2.1788E+01    1.7174E+01    8.1833E+01    6.0705E+01    1.9433E+01    5.2090E+00    2.1380E+01    7.0029E+00    1.0121E+01
 2.2001E+03    5.8082E+01    6.5563E+01    2.4838E+01    2.1760E+01    1.7183E+01    8.1848E+01    6.0715E+01    1.9435E+01    5.2090E+00    2.1401E+01    7.2575E+00    9.9090E+00
 2.2006E+03    5.8081E+01    6.5555E+01    2.4875E+01    2.1767E+01    1.7183E+01    8.1853E+01    6.0715E+01    1.9446E+01    5.1886E+00    2.1116E+01    7.1047E+00    1.0225E+01
 2.2011E+03    5.8093E+01    6.5558E+01    2.4875E+01    2.1742E+01    1.7189E+01    8.1867E+01    6.0723E+01    1.9470E+01    5.2090E+00    2.1136E+01    7.0182E+00    1.0121E+01
 2.2018E+03    5.8065E+01    6.5545E+01    2.4864E+01    2.1749E+01    1.7196E+01    8.1892E+01    6.0757E+01    1.9495E+01    5.2090E+00    2.1278E+01    7.0691E+00    1.0016E+01
 2.2023E+03    5.8089E+01    6.5545E+01    2.4860E+01    2.1784E+01    1.7141E+01    8.1898E+01    6.0750E+01    1.9483E+01    5.1886E+00    2.1177E+01    7.2422E+00    1.0121E+01
 2.2028E+03    5.8082E+01    6.5529E+01    2.4827E+01    2.1732E+01    1.7175E+01    8.1912E+01    6.0758E+01    1.9499E+01    5.2090E+00    2.1136E+01    7.1964E+00    1.0016E+01
 2.2033E+03    5.8096E+01    6.5529E+01    2.4785E+01    2.1732E+01    1.7193E+01    8.1910E+01    6.0769E+01    1.9485E+01    5.1886E+00    2.1258E+01    7.0131E+00    1.0121E+01
 2.2040E+03    5.8099E+01    6.5524E+01    2.4778E+01    2.1673E+01    1.7186E+01    8.1931E+01    6.0779E+01    1.9511E+01    5.2090E+00    2.1278E+01    7.0589E+00    1.0121E+01
 2.2045E+03    5.8099E+01    6.5521E+01    2.4763E+01    2.1772E+01    1.7186E+01    8.1930E+01    6.0791E+01    1.9499E+01    5.2090E+00    2.1278E+01    7.0386E+00    1.0016E+01
 2.2050E+03    5.8124E+01    6.5548E+01    2.4823E+01    2.1713E+01    1.7204E+01    8.1936E+01    6.0791E+01    1.9498E+01    5.2090E+00    2.1217E+01    7.1556E+00    1.0016E+01
 2.2055E+03    5.8118E+01    6.5552E+01    2.4823E+01    2.1768E+01    1.7197E+01    8.1946E+01    6.0780E+01    1.9491E+01    5.1886E+00    2.1360E+01    7.0233E+00    1.0225E+01
 2.2061E+03    5.8145E+01    6.5574E+01    2.4800E+01    2.1784E+01    1.7181E+01    8.1963E+01    6.0782E+01    1.9493E+01    5.1886E+00    2.1299E+01    7.2320E+00    1.0016E+01
 2.2066E+03    5.8142E+01    6.5574E+01    2.4769E+01    2.1866E+01    1.7169E+01    8.1963E+01    6.0790E+01    1.9493E+01    5.2090E+00    2.1278E+01    7.3084E+00    1.0121E+01
# Time (s)      T1w (C)       T2w (C)       T1a (C)       T2a (C)       T1r (C)       T2r (C)       T3r (C)       T4r (C)       P1 (bar)      P2 (bar)      Ic (amp)      Qc (l/min)    
 2.2071E+03    5.8171E+01    6.5603E+01    2.4712E+01    2.1882E+01    1.7178E+01    8.1993E+01    6.0796E+01    1.9491E+01    5.2090E+00    2.1197E+01    7.1455E+00    1.0327E+01
 2.2077E+03    5.8169E+01    6.5595E+01    2.4829E+01    2.1860E+01    1.7222E+01    8.1982E+01    6.0791E+01    1.9488E+01    5.2090E+00    2.1156E+01    7.0182E+00    1.0121E+01
 2.2083E+03    5.8171E+01    6.5586E+01    2.4767E+01    2.1801E+01    1.7220E+01    8.2018E+01    6.0792E+01    1.9500E+01    5.2090E+00    2.1258E+01    7.0182E+00    1.0121E+01
 2.2088E+03    5.8171E+01    6.5605E+01    2.4887E+01    2.1771E+01    1.7236E+01    8.1997E+01    6.0834E+01    1.9500E+01    5.2090E+00    2.1238E+01    7.1811E+00    1.0121E+01
 2.2093E+03    5.8169E+01    6.5605E+01    2.4887E+01    2.1733E+01    1.7195E+01    8.2022E+01    6.0834E+01    1.9516E+01    5.1886E+00    2.1177E+01    7.0080E+00    1.0016E+01
 2.2098E+03    5.8166E+01    6.5591E+01    2.4942E+01    2.1740E+01    1.7170E+01    8.2039E+01    6.0850E+01    1.9527E+01    5.1886E+00    2.1401E+01    7.1149E+00    9.9090E+00
 2.2105E+03    5.8167E+01    6.5602E+01    2.4910E+01    2.1678E+01    1.7149E+01    8.2015E+01    6.0851E+01    1.9524E+01    5.2090E+00    2.1340E+01    7.2066E+00    1.0121E+01
 2.2110E+03    5.8159E+01    6.5602E+01    2.4937E+01    2.1659E+01    1.7172E+01    8.2015E+01    6.0867E+01    1.9524E+01    5.2090E+00    2.1441E+01    7.3186E+00    1.0121E+01
 2.2115E+03    5.8166E+01    6.5605E+01    2.4947E+01    2.1659E+01    1.7192E+01    8.2019E+01    6.0880E+01    1.9532E+01    5.2090E+00    2.1299E+01    7.1302E+00    1.0225E+01
 2.2120E+03    5.8152E+01    6.5588E+01    2.4874E+01    2.1605E+01    1.7234E+01    8.2021E+01    6.0889E+01    1.9541E+01    5.2090E+00    2.1401E+01    7.2982E+00    1.0121E+01
 2.2127E+03    5.8160E+01    6.5606E+01    2.4869E+01    2.1587E+01    1.7233E+01    8.2016E+01    6.0897E+01    1.9530E+01    5.2090E+00    2.1319E+01    7.3135E+00    1.0016E+01
 2.2132E+03    5.8146E+01    6.5603E+01    2.4809E+01    2.1569E+01    1.7217E+01    8.2000E+01    6.0881E+01    1.9525E+01    5.2090E+00    2.1258E+01    7.0182E+00    1.0121E+01
 2.2137E+03    5.8147E+01    6.5599E+01    2.4809E+01    2.1583E+01    1.7206E+01    8.2022E+01    6.0881E+01    1.9518E+01    5.2090E+00    2.1156E+01    7.3084E+00    1.0016E+01
 2.2142E+03    5.8155E+01    6.5599E+01    2.4817E+01    2.1634E+01    1.7163E+01    8.2043E+01    6.0872E+01    1.9527E+01    5.1886E+00    2.1482E+01    7.2422E+00    1.0016E+01
 2.2149E+03    5.8166E+01    6.5600E+01    2.4801E+01    2.1614E+01    1.7149E+01    8.2023E+01    6.0908E+01    1.9547E+01    5.1886E+00    2.1421E+01    7.1862E+00    1.0121E+01
 2.2154E+03    5.8164E+01    6.5599E+01    2.4728E+01    2.1706E+01    1.7123E+01    8.2023E+01    6.0903E+01    1.9547E+01    5.1886E+00    2.1360E+01    7.0233E+00    1.0016E+01
 2.2159E+03    5.8183E+01    6.5616E+01    2.4778E+01    2.1722E+01    1.7151E+01    8.2028E+01    6.0908E+01    1.9549E+01    5.1886E+00    2.1258E+01    7.2371E+00    1.0225E+01
 2.2164E+03    5.8183E+01    6.5626E+01    2.4811E+01    2.1660E+01    1.7151E+01    8.2038E+01    6.0908E+01    1.9530E+01    5.2090E+00    2.1441E+01    7.0182E+00    1.0121E+01
 2.2170E+03    5.8198E+01    6.5647E+01    2.4876E+01    2.1672E+01    1.7208E+01    8.2059E+01    6.0932E+01    1.9564E+01    5.2090E+00    2.1441E+01    7.1811E+00    1.0016E+01
 2.2175E+03    5.8219E+01    6.5643E+01    2.4920E+01    2.1669E+01    1.7244E+01    8.2078E+01    6.0932E+01    1.9557E+01    5.2090E+00    2.1482E+01    7.0182E+00    1.0225E+01
 2.2180E+03    5.8245E+01    6.5679E+01    2.4935E+01    2.1613E+01    1.7232E+01    8.2065E+01    6.0924E+01    1.9547E+01    5.1886E+00    2.1299E+01    7.0182E+00    1.0225E+01
 2.2185E+03    5.8245E+01    6.5679E+01    2.4906E+01    2.1641E+01    1.7270E+01    8.2065E+01    6.0924E+01    1.9547E+01    5.1886E+00    2.1441E+01    7.2778E+00    1.0121E+01
 2.2192E+03    5.8242E+01    6.5674E+01    2.4816E+01    2.1629E+01    1.7210E+01    8.2059E+01    6.0917E+01    1.9531E+01    5.2090E+00    2.1401E+01    7.2015E+00    1.0121E+01
 2.2197E+03    5.8247E+01    6.5682E+01    2.4813E+01    2.1629E+01    1.7194E+01    8.2069E+01    6.0925E+01    1.9531E+01    5.1886E+00    2.1441E+01    7.0335E+00    1.0225E+01
 2.2202E+03    5.8247E+01    6.5668E+01    2.4824E+01    2.1618E+01    1.7192E+01    8.2070E+01    6.0915E+01    1.9502E+01    5.2090E+00    2.1340E+01    7.2575E+00    1.0121E+01
 2.2207E+03    5.8244E+01    6.5678E+01    2.4813E+01    2.1616E+01    1.7192E+01    8.2056E+01    6.0915E+01    1.9493E+01    5.1886E+00    2.1340E+01    7.0131E+00    1.0016E+01
 2.2214E+03    5.8253E+01    6.5673E+01    2.4803E+01    2.1667E+01    1.7166E+01    8.2036E+01    6.0900E+01    1.9489E+01    5.2090E+00    2.1441E+01    7.0284E+00    1.0121E+01
 2.2219E+03    5.8268E+01    6.5687E+01    2.4803E+01    2.1667E+01    1.7156E+01    8.2043E+01    6.0909E+01    1.9487E+01    5.2090E+00    2.1482E+01    7.3186E+00    1.0016E+01
 2.2224E+03    5.8257E+01    6.5687E+01    2.4787E+01    2.1704E+01    1.7147E+01    8.2039E+01    6.0913E+01    1.9470E+01    5.2090E+00    2.1360E+01    7.0284E+00    1.0121E+01
 2.2229E+03    5.8275E+01    6.5687E+01    2.4787E+01    2.1738E+01    1.7180E+01    8.2053E+01    6.0902E+01    1.9486E+01    5.2090E+00    2.1380E+01    7.2727E+00    1.0016E+01
# Time (s)      T1w (C)       T2w (C)       T1a (C)       T2a (C)       T1r (C)       T2r (C)       T3r (C)       T4r (C)       P1 (bar)      P2 (bar)      Ic (amp)      Qc (l/min)    
 2.2236E+03    5.8288E+01    6.5702E+01    2.4847E+01    2.1680E+01    1.7197E+01    8.2078E+01    6.0925E+01    1.9496E+01    5.2090E+00    2.1319E+01    7.3186E+00    1.0225E+01
 2.2241E+03    5.8295E+01    6.5689E+01    2.4902E+01    2.1680E+01    1.7184E+01    8.2074E+01    6.0929E+01    1.9496E+01    5.1886E+00    2.1360E+01    7.2371E+00    1.0225E+01
 2.2246E+03    5.8295E+01    6.5701E+01    2.4942E+01    2.1667E+01    1.7173E+01    8.2078E+01    6.0923E+01    1.9489E+01    5.1886E+00    2.1197E+01    7.2778E+00    1.0225E+01
 2.2251E+03    5.8341E+01    6.5726E+01    2.4859E+01    2.1658E+01    1.7173E+01    8.2088E+01    6.0923E+01    1.9503E+01    5.2090E+00    2.1441E+01    7.2676E+00    1.0121E+01
 2.2257E+03    5.8326E+01    6.5748E+01    2.4789E+01    2.1639E+01    1.7147E+01    8.2119E+01    6.0946E+01    1.9480E+01    5.2090E+00    2.1482E+01    7.0233E+00    1.0016E+01
 2.2262E+03    5.8345E+01    6.5733E+01    2.4789E+01    2.1682E+01    1.7154E+01    8.2104E+01    6.0943E+01    1.9489E+01    5.1886E+00    2.1462E+01    7.3084E+00    1.0121E+01
 2.2267E+03    5.8343E+01    6.5733E+01    2.4769E+01    2.1670E+01    1.7129E+01    8.2104E+01    6.0952E+01    1.9489E+01    5.1886E+00    2.1217E+01    7.0742E+00    1.0121E+01
 2.2273E+03    5.8344E+01    6.5732E+01    2.4711E+01    2.1644E+01    1.7091E+01    8.2115E+01    6.0943E+01    1.9473E+01    5.1886E+00    2.1217E+01    7.2982E+00    1.0121E+01
 2.2280E+03    5.8346E+01    6.5764E+01    2.4790E+01    2.1673E+01    1.7093E+01    8.2113E+01    6.0931E+01    1.9481E+01    5.1886E+00    2.1197E+01    7.1149E+00    1.0121E+01
 2.2285E+03    5.8341E+01    6.5753E+01    2.4879E+01    2.1673E+01    1.7092E+01    8.2121E+01    6.0921E+01    1.9474E+01    5.1886E+00    2.1502E+01    7.0895E+00    1.0121E+01
 2.2290E+03    5.8327E+01    6.5739E+01    2.4935E+01    2.1569E+01    1.7076E+01    8.2099E+01    6.0922E+01    1.9448E+01    5.1886E+00    2.1360E+01    7.0691E+00    1.0121E+01
 2.2295E+03    5.8344E+01    6.5750E+01    2.4935E+01    2.1699E+01    1.7085E+01    8.2132E+01    6.0922E+01    1.9444E+01    5.1886E+00    2.1278E+01    7.2167E+00    1.0121E+01
 2.2301E+03    5.8358E+01    6.5778E+01    2.4836E+01    2.1665E+01    1.7100E+01    8.2138E+01    6.0930E+01    1.9448E+01    5.1886E+00    2.1421E+01    7.0640E+00    1.0225E+01
 2.2306E+03    5.8359E+01    6.5776E+01    2.4836E+01    2.1653E+01    1.7088E+01    8.2142E+01    6.0930E+01    1.9456E+01    5.1886E+00    2.1340E+01    7.2575E+00    1.0121E+01
 2.2311E+03    5.8391E+01    6.5791E+01    2.4746E+01    2.1652E+01    1.7069E+01    8.2142E+01    6.0936E+01    1.9456E+01    5.1886E+00    2.1462E+01    7.0335E+00    1.0121E+01
 2.2316E+03    5.8385E+01    6.5779E+01    2.4692E+01    2.1652E+01    1.7081E+01    8.2146E+01    6.0925E+01    1.9440E+01    5.1886E+00    2.1482E+01    7.1709E+00    1.0225E+01
 2.2323E+03    5.8413E+01    6.5786E+01    2.4668E+01    2.1779E+01    1.7064E+01    8.2163E+01    6.0940E+01    1.9448E+01    5.2090E+00    2.1278E+01    7.3033E+00    1.0225E+01
 2.2328E+03    5.8413E+01    6.5811E+01    2.4665E+01    2.1722E+01    1.7056E+01    8.2159E+01    6.0937E+01    1.9468E+01    5.2090E+00    2.1217E+01    7.1556E+00    1.0121E+01
 2.2333E+03    5.8433E+01    6.5829E+01    2.4672E+01    2.1853E+01    1.7072E+01    8.2164E+01    6.0951E+01    1.9470E+01    5.2090E+00    2.1462E+01    7.3338E+00    1.0121E+01
 2.2339E+03    5.8445E+01    6.5814E+01    2.4672E+01    2.1786E+01    1.7098E+01    8.2156E+01    6.0955E+01    1.9472E+01    5.2090E+00    2.1380E+01    7.0386E+00    1.0121E+01
 2.2345E+03    5.8456E+01    6.5849E+01    2.4677E+01    2.1790E+01    1.7130E+01    8.2164E+01    6.0962E+01    1.9483E+01    5.2090E+00    2.1340E+01    7.3236E+00    1.0225E+01
 2.2350E+03    5.8437E+01    6.5826E+01    2.4665E+01    2.1682E+01    1.7136E+01    8.2157E+01    6.0962E+01    1.9454E+01    5.1886E+00    2.1401E+01    7.0284E+00    1.0121E+01
 2.2355E+03    5.8444E+01    6.5826E+01    2.4931E+01    2.1665E+01    1.7141E+01    8.2157E+01    6.0960E+01    1.9454E+01    5.2090E+00    2.1258E+01    7.3287E+00    1.0121E+01
 2.2360E+03    5.8441E+01    6.5838E+01    2.4895E+01    2.1665E+01    1.7124E+01    8.2170E+01    6.0967E+01    1.9464E+01    5.2090E+00    2.1340E+01    7.1251E+00    1.0225E+01
 2.2367E+03    5.8450E+01    6.5843E+01    2.5015E+01    2.1760E+01    1.7142E+01    8.2177E+01    6.0955E+01    1.9457E+01    5.2090E+00    2.1238E+01    7.3135E+00    1.0016E+01
 2.2372E+03    5.8435E+01    6.5814E+01    2.5092E+01    2.1563E+01    1.7125E+01    8.2182E+01    6.0977E+01    1.9445E+01    5.1886E+00    2.1299E+01    7.1811E+00    1.0121E+01
 2.2377E+03    5.8443E+01    6.5834E+01    2.5332E+01    2.1577E+01    1.7125E+01    8.2186E+01    6.0977E+01    1.9446E+01    5.2090E+00    2.1299E+01    7.0182E+00    1.0016E+01
 2.2382E+03    5.8441E+01    6.5857E+01    2.5332E+01    2.1729E+01    1.7125E+01    8.2199E+01    6.0969E+01    1.9455E+01    5.1886E+00    2.1421E+01    7.0437E+00    1.0016E+01
 2.2389E+03    5.8448E+01    6.5858E+01    2.5408E+01    2.1672E+01    1.7117E+01    8.2210E+01    6.0976E+01    1.9449E+01    5.2090E+00    2.1340E+01    7.0335E+00    1.0016E+01
 2.2394E+03    5.8438E+01    6.5858E+01    2.5350E+01    2.1599E+01    1.7093E+01    8.2224E+01    6.0982E+01    1.9448E+01    5.1886E+00    2.1360E+01    7.1964E+00    1.0225E+01
# Time (s)      T1w (C)       T2w (C)       T1a (C)       T2a (C)       T1r (C)       T2r (C)       T3r (C)       T4r (C)       P1 (bar)      P2 (bar)      Ic (amp)      Qc (l/min)    
 2.2399E+03    5.8459E+01    6.5865E+01    2.5249E+01    2.1777E+01    1.7060E+01    8.2224E+01    6.0984E+01    1.9448E+01    5.1886E+00    2.1278E+01    7.0437E+00    1.0225E+01
 2.2404E+03    5.8452E+01    6.5853E+01    2.5001E+01    2.1762E+01    1.7044E+01    8.2231E+01    6.0980E+01    1.9449E+01    5.1886E+00    2.1502E+01    7.0335E+00    1.0121E+01
 2.2411E+03    5.8466E+01    6.5853E+01    2.4817E+01    2.1660E+01    1.7035E+01    8.2214E+01    6.0959E+01    1.9438E+01    5.1886E+00    2.1360E+01    7.2371E+00    1.0225E+01
 2.2416E+03    5.8466E+01    6.5874E+01    2.4733E+01    2.1608E+01    1.7055E+01    8.2206E+01    6.0988E+01    1.9438E+01    5.2090E+00    2.1401E+01    7.1964E+00    1.0225E+01
 2.2421E+03    5.8457E+01    6.5846E+01    2.4665E+01    2.1623E+01    1.7055E+01    8.2217E+01    6.0988E+01    1.9425E+01    5.2090E+00    2.1258E+01    7.3287E+00    1.0121E+01
 2.2426E+03    5.8477E+01    6.5850E+01    2.4665E+01    2.1594E+01    1.7068E+01    8.2226E+01    6.0989E+01    1.9427E+01    5.2090E+00    2.1523E+01    7.0691E+00    1.0121E+01
 2.2432E+03    5.8466E+01    6.5851E+01    2.4658E+01    2.1585E+01    1.7115E+01    8.2238E+01    6.0994E+01    1.9418E+01    5.2090E+00    2.1238E+01    7.1964E+00    1.0327E+01
 2.2437E+03    5.8469E+01    6.5851E+01    2.4679E+01    2.1637E+01    1.7131E+01    8.2234E+01    6.1005E+01    1.9408E+01    5.1886E+00    2.1421E+01    7.1556E+00    1.0121E+01
 2.2442E+03    5.8453E+01    6.5840E+01    2.4691E+01    2.1634E+01    1.7137E+01    8.2234E+01    6.1005E+01    1.9408E+01    5.2090E+00    2.1380E+01    7.0640E+00    1.0121E+01
 2.2447E+03    5.8453E+01    6.5846E+01    2.4687E+01    2.1634E+01    1.7111E+01    8.2238E+01    6.1032E+01    1.9421E+01    5.2090E+00    2.1340E+01    7.0640E+00    1.0225E+01
 2.2454E+03    5.8492E+01    6.5868E+01    2.4713E+01    2.1593E+01    1.7082E+01    8.2240E+01    6.1015E+01    1.9422E+01    5.2090E+00    2.1360E+01    7.0640E+00    1.0121E+01
 2.2459E+03    5.8491E+01    6.5851E+01    2.4729E+01    2.1555E+01    1.7082E+01    8.2254E+01    6.1015E+01    1.9430E+01    5.2090E+00    2.1380E+01    7.0386E+00    1.0016E+01
 2.2464E+03    5.8514E+01    6.5868E+01    2.4744E+01    2.1642E+01    1.7067E+01    8.2257E+01    6.1041E+01    1.9426E+01    5.1886E+00    2.1278E+01    7.1964E+00    1.0016E+01
 2.2469E+03    5.8533E+01    6.5868E+01    2.4770E+01    2.1598E+01    1.7067E+01    8.2255E+01    6.1029E+01    1.9417E+01    5.1886E+00    2.1543E+01    7.2575E+00    1.0016E+01
 2.2476E+03    5.8544E+01    6.5896E+01    2.4795E+01    2.1647E+01    1.7042E+01    8.2275E+01    6.1028E+01    1.9429E+01    5.1886E+00    2.1502E+01    7.2320E+00    1.0121E+01
 2.2481E+03    5.8548E+01    6.5899E+01    2.4832E+01    2.1871E+01    1.7023E+01    8.2275E+01    6.1034E+01    1.9429E+01    5.1886E+00    2.1502E+01    7.2524E+00    1.0121E+01
 2.2486E+03    5.8570E+01    6.5918E+01    2.5233E+01    2.1871E+01    1.7010E+01    8.2257E+01    6.1038E+01    1.9443E+01    5.2090E+00    2.1258E+01    7.3135E+00    1.0225E+01
 2.2491E+03    5.8570E+01    6.5935E+01    2.5222E+01    2.1801E+01    1.7031E+01    8.2276E+01    6.1042E+01    1.9423E+01    5.2090E+00    2.1360E+01    7.2575E+00    1.0225E+01
 2.2497E+03    5.8600E+01    6.5943E+01    2.5196E+01    2.1804E+01    1.7085E+01    8.2261E+01    6.1045E+01    1.9429E+01    5.2090E+00    2.1441E+01    7.0437E+00    1.0016E+01
 2.2502E+03    5.8584E+01    6.5957E+01    2.5060E+01    2.1741E+01    1.7101E+01    8.2261E+01    6.1059E+01    1.9443E+01    5.1886E+00    2.1441E+01    7.0640E+00    1.0121E+01
 2.2507E+03    5.8603E+01    6.5952E+01    2.5060E+01    2.1817E+01    1.7097E+01    8.2256E+01    6.1057E+01    1.9436E+01    5.1886E+00    2.1319E+01    7.0487E+00    1.0016E+01
 2.2513E+03    5.8615E+01    6.5952E+01    2.5213E+01    2.1639E+01    1.7058E+01    8.2256E+01    6.1074E+01    1.9450E+01    5.1886E+00    2.1462E+01    7.0793E+00    1.0121E+01
 2.2519E+03    5.8627E+01    6.5956E+01    2.5378E+01    2.1825E+01    1.7045E+01    8.2248E+01    6.1080E+01    1.9462E+01    5.2090E+00    2.1421E+01    7.3491E+00    1.0121E+01
 2.2524E+03    5.8610E+01    6.5957E+01    2.5481E+01    2.1840E+01    1.7063E+01    8.2248E+01    6.1061E+01    1.9462E+01    5.2090E+00    2.1441E+01    7.0997E+00    1.0121E+01
 2.2529E+03    5.8619E+01    6.5965E+01    2.5618E+01    2.1840E+01    1.7054E+01    8.2246E+01    6.1075E+01    1.9450E+01    5.2090E+00    2.1563E+01    7.2422E+00    1.0121E+01
 2.2534E+03    5.8605E+01    6.5953E+01    2.5556E+01    2.1736E+01    1.7054E+01    8.2248E+01    6.1080E+01    1.9449E+01    5.1886E+00    2.1462E+01    7.3542E+00    1.0121E+01
 2.2541E+03    5.8603E+01    6.5954E+01    2.5453E+01    2.1692E+01    1.7029E+01    8.2262E+01    6.1067E+01    1.9432E+01    5.1886E+00    2.1563E+01    7.1913E+00    1.0121E+01
 2.2546E+03    5.8611E+01    6.5950E+01    2.5472E+01    2.1590E+01    1.7029E+01    8.2266E+01    6.1067E+01    1.9457E+01    5.1886E+00    2.1441E+01    7.2575E+00    1.0121E+01
 2.2551E+03    5.8614E+01    6.5951E+01    2.5456E+01    2.1662E+01    1.7029E+01    8.2298E+01    6.1072E+01    1.9447E+01    5.1886E+00    2.1563E+01    7.3236E+00    1.0016E+01
 2.2556E+03    5.8597E+01    6.5951E+01    2.5658E+01    2.1565E+01    1.7025E+01    8.2298E+01    6.1078E+01    1.9447E+01    5.2090E+00    2.1543E+01    7.1811E+00    1.0121E+01
# Time (s)      T1w (C)       T2w (C)       T1a (C)       T2a (C)       T1r (C)       T2r (C)       T3r (C)       T4r (C)       P1 (bar)      P2 (bar)      Ic (amp)      Qc (l/min)    
 2.2563E+03    5.8610E+01    6.5966E+01    2.5441E+01    2.1521E+01    1.7054E+01    8.2280E+01    6.1082E+01    1.9454E+01    5.2090E+00    2.1380E+01    7.0946E+00    1.0016E+01
 2.2568E+03    5.8636E+01    6.5977E+01    2.5425E+01    2.1510E+01    1.7070E+01    8.2297E+01    6.1075E+01    1.9454E+01    5.2090E+00    2.1482E+01    7.2473E+00    1.0121E+01
 2.2573E+03    5.8636E+01    6.5988E+01    2.5461E+01    2.1510E+01    1.7099E+01    8.2311E+01    6.1096E+01    1.9458E+01    5.2090E+00    2.1523E+01    7.1862E+00    1.0121E+01
 2.2578E+03    5.8636E+01    6.6002E+01    2.5131E+01    2.1621E+01    1.7099E+01    8.2326E+01    6.1096E+01    1.9466E+01    5.1886E+00    2.1360E+01    7.1200E+00    1.0016E+01
 2.2585E+03    5.8644E+01    6.5999E+01    2.5081E+01    2.1555E+01    1.7112E+01    8.2330E+01    6.1113E+01    1.9469E+01    5.1886E+00    2.1482E+01    7.3593E+00    1.0225E+01
 2.2590E+03    5.8651E+01    6.6007E+01    2.5081E+01    2.1580E+01    1.7092E+01    8.2354E+01    6.1104E+01    1.9478E+01    5.2090E+00    2.1482E+01    7.0895E+00    1.0016E+01
 2.2595E+03    5.8656E+01    6.6007E+01    2.4936E+01    2.1596E+01    1.7091E+01    8.2394E+01    6.1128E+01    1.9502E+01    5.2090E+00    2.1584E+01    7.3491E+00    1.0016E+01
 2.2600E+03    5.8674E+01    6.6012E+01    2.4984E+01    2.1554E+01    1.7102E+01    8.2394E+01    6.1123E+01    1.9502E+01    5.2090E+00    2.1543E+01    7.2218E+00    1.0225E+01
 2.2607E+03    5.8668E+01    6.5993E+01    2.5029E+01    2.1606E+01    1.7126E+01    8.2419E+01    6.1151E+01    1.9519E+01    5.2090E+00    2.1604E+01    7.3593E+00    1.0121E+01
 2.2612E+03    5.8661E+01    6.6012E+01    2.5068E+01    2.1606E+01    1.7144E+01    8.2456E+01    6.1179E+01    1.9535E+01    5.2090E+00    2.1604E+01    7.0640E+00    1.0016E+01
 2.2617E+03    5.8661E+01    6.6026E+01    2.5025E+01    2.1534E+01    1.7128E+01    8.2444E+01    6.1180E+01    1.9536E+01    5.2090E+00    2.1563E+01    7.3542E+00    1.0225E+01
 2.2622E+03    5.8663E+01    6.6019E+01    2.4980E+01    2.1493E+01    1.7144E+01    8.2464E+01    6.1195E+01    1.9557E+01    5.1886E+00    2.1340E+01    7.1404E+00    1.0016E+01
 2.2628E+03    5.8693E+01    6.6044E+01    2.4946E+01    2.1547E+01    1.7186E+01    8.2454E+01    6.1194E+01    1.9552E+01    5.2090E+00    2.1523E+01    7.3084E+00    1.0016E+01
 2.2633E+03    5.8678E+01    6.6049E+01    2.4931E+01    2.1543E+01    1.7203E+01    8.2439E+01    6.1197E+01    1.9564E+01    5.2090E+00    2.1523E+01    7.0742E+00    1.0121E+01
 2.2638E+03    5.8680E+01    6.6049E+01    2.5036E+01    2.1526E+01    1.7199E+01    8.2439E+01    6.1210E+01    1.9576E+01    5.2090E+00    2.1482E+01    7.3695E+00    1.0225E+01
 2.2643E+03    5.8679E+01    6.6053E+01    2.5027E+01    2.1526E+01    1.7211E+01    8.2464E+01    6.1226E+01    1.9576E+01    5.2090E+00    2.1462E+01    7.0895E+00    1.0121E+01
 2.2650E+03    5.8692E+01    6.6066E+01    2.5060E+01    2.1576E+01    1.7207E+01    8.2458E+01    6.1231E+01    1.9574E+01    5.2090E+00    2.1584E+01    7.2727E+00    1.0121E+01
 2.2655E+03    5.8686E+01    6.6056E+01    2.5201E+01    2.1560E+01    1.7201E+01    8.2473E+01    6.1240E+01    1.9585E+01    5.2090E+00    2.1482E+01    7.1047E+00    1.0121E+01
 2.2660E+03    5.8686E+01    6.6071E+01    2.5385E+01    2.1604E+01    1.7201E+01    8.2453E+01    6.1249E+01    1.9586E+01    5.2090E+00    2.1625E+01    7.3695E+00    1.0225E+01
 2.2665E+03    5.8709E+01    6.6088E+01    2.5385E+01    2.1698E+01    1.7191E+01    8.2485E+01    6.1249E+01    1.9583E+01    5.2090E+00    2.1665E+01    7.2676E+00    1.0121E+01
 2.2672E+03    5.8691E+01    6.6090E+01    2.5184E+01    2.1726E+01    1.7222E+01    8.2492E+01    6.1236E+01    1.9595E+01    5.2090E+00    2.1543E+01    7.0844E+00    1.0016E+01
 2.2677E+03    5.8702E+01    6.6090E+01    2.5184E+01    2.1641E+01    1.7249E+01    8.2505E+01    6.1257E+01    1.9591E+01    5.2090E+00    2.1523E+01    7.3796E+00    1.0225E+01
 2.2682E+03    5.8727E+01    6.6093E+01    2.5000E+01    2.1728E+01    1.7246E+01    8.2505E+01    6.1266E+01    1.9591E+01    5.2090E+00    2.1462E+01    7.0589E+00    1.0121E+01
 2.2687E+03    5.8714E+01    6.6086E+01    2.4868E+01    2.1712E+01    1.7249E+01    8.2488E+01    6.1280E+01    1.9598E+01    5.2090E+00    2.1360E+01    7.1404E+00    1.0016E+01
 2.2694E+03    5.8750E+01    6.6101E+01    2.4860E+01    2.1587E+01    1.7236E+01    8.2504E+01    6.1261E+01    1.9601E+01    5.2090E+00    2.1502E+01    7.0640E+00    1.0121E+01
 2.2699E+03    5.8750E+01    6.6111E+01    2.4900E+01    2.1587E+01    1.7242E+01    8.2502E+01    6.1262E+01    1.9590E+01    5.2090E+00    2.1401E+01    7.3287E+00    1.0121E+01
 2.2704E+03    5.8747E+01    6.6106E+01    2.4967E+01    2.1610E+01    1.7242E+01    8.2514E+01    6.1262E+01    1.9585E+01    5.2090E+00    2.1482E+01    7.2829E+00    1.0016E+01
 2.2709E+03    5.8742E+01    6.6116E+01    2.4967E+01    2.1597E+01    1.7237E+01    8.2536E+01    6.1273E+01    1.9605E+01    5.2090E+00    2.1543E+01    7.2371E+00    1.0016E+01
 2.2716E+03    5.8746E+01    6.6136E+01    2.5074E+01    2.1678E+01    1.7249E+01    8.2543E+01    6.1278E+01    1.9596E+01    5.2090E+00    2.1604E+01    7.3033E+00    1.0225E+01
 2.2721E+03    5.8747E+01    6.6140E+01    2.5074E+01    2.1621E+01    1.7275E+01    8.2552E+01    6.1272E+01    1.9605E+01    5.2090E+00    2.1604E+01    7.2167E+00    1.0225E+01
# Time (s)      T1w (C)       T2w (C)       T1a (C)       T2a (C)       T1r (C)       T2r (C)       T3r (C)       T4r (C)       P1 (bar)      P2 (bar)      Ic (amp)      Qc (l/min)    
 2.2726E+03    5.8764E+01    6.6154E+01    2.5166E+01    2.1630E+01    1.7288E+01    8.2552E+01    6.1275E+01    1.9605E+01    5.2090E+00    2.1523E+01    7.1913E+00    1.0225E+01
 2.2731E+03    5.8776E+01    6.6149E+01    2.5028E+01    2.1630E+01    1.7231E+01    8.2559E+01    6.1283E+01    1.9603E+01    5.1886E+00    2.1502E+01    7.3135E+00    1.0016E+01
 2.2738E+03    5.8794E+01    6.6166E+01    2.4911E+01    2.1713E+01    1.7198E+01    8.2580E+01    6.1295E+01    1.9598E+01    5.2090E+00    2.1665E+01    7.3847E+00    1.0121E+01
 2.2743E+03    5.8794E+01    6.6168E+01    2.4762E+01    2.1860E+01    1.7194E+01    8.2576E+01    6.1288E+01    1.9596E+01    5.2090E+00    2.1645E+01    7.2982E+00    1.0016E+01
 2.2748E+03    5.8803E+01    6.6182E+01    2.4717E+01    2.1882E+01    1.7194E+01    8.2557E+01    6.1288E+01    1.9594E+01    5.2090E+00    2.1441E+01    7.3389E+00    1.0121E+01
 2.2753E+03    5.8813E+01    6.6191E+01    2.4717E+01    2.1775E+01    1.7219E+01    8.2565E+01    6.1304E+01    1.9623E+01    5.2090E+00    2.1563E+01    7.2778E+00    1.0225E+01
 2.2759E+03    5.8816E+01    6.6186E+01    2.4652E+01    2.1764E+01    1.7244E+01    8.2565E+01    6.1307E+01    1.9609E+01    5.2090E+00    2.1706E+01    7.1404E+00    1.0225E+01
 2.2764E+03    5.8847E+01    6.6200E+01    2.4901E+01    2.1798E+01    1.7271E+01    8.2577E+01    6.1321E+01    1.9637E+01    5.2090E+00    2.1706E+01    7.3695E+00    1.0121E+01
 2.2769E+03    5.8866E+01    6.6208E+01    2.4983E+01    2.1823E+01    1.7249E+01    8.2577E+01    6.1336E+01    1.9637E+01    5.2090E+00    2.1401E+01    7.2269E+00    1.0225E+01
 2.2775E+03    5.8781E+01    6.6217E+01    2.4843E+01    2.1808E+01    1.7224E+01    8.2603E+01    6.1325E+01    1.9629E+01    5.2090E+00    2.1462E+01    7.1760E+00    1.0528E+01
 2.2781E+03    5.8823E+01    6.6231E+01    2.4835E+01    2.1765E+01    1.7203E+01    8.2644E+01    6.1326E+01    1.9639E+01    5.2090E+00    2.1665E+01    7.0895E+00    1.0225E+01
 2.2786E+03    5.8823E+01    6.6228E+01    2.4886E+01    2.1845E+01    1.7203E+01    8.2637E+01    6.1336E+01    1.9655E+01    5.2090E+00    2.1706E+01    7.2015E+00    1.0016E+01
 2.2791E+03    5.8860E+01    6.6222E+01    2.4886E+01    2.1838E+01    1.7212E+01    8.2644E+01    6.1336E+01    1.9644E+01    5.2090E+00    2.1625E+01    7.0844E+00    1.0225E+01
 2.2796E+03    5.8803E+01    6.6246E+01    2.4913E+01    2.1850E+01    1.7218E+01    8.2637E+01    6.1327E+01    1.9643E+01    5.2090E+00    2.1482E+01    7.0742E+00    1.0016E+01
 2.2803E+03    5.8884E+01    6.6235E+01    2.5118E+01    2.1804E+01    1.7190E+01    8.2639E+01    6.1342E+01    1.9633E+01    5.2090E+00    2.1441E+01    7.0793E+00    1.0121E+01
 2.2808E+03    5.8895E+01    6.6235E+01    2.5078E+01    2.1827E+01    1.7175E+01    8.2625E+01    6.1323E+01    1.9607E+01    5.2090E+00    2.1441E+01    7.2626E+00    1.0225E+01
 2.2813E+03    5.8889E+01    6.6242E+01    2.5063E+01    2.1760E+01    1.7179E+01    8.2628E+01    6.1325E+01    1.9623E+01    5.2090E+00    2.1543E+01    7.0793E+00    1.0121E+01
 2.2818E+03    5.8903E+01    6.6265E+01    2.5073E+01    2.1776E+01    1.7177E+01    8.2615E+01    6.1336E+01    1.9641E+01    5.2090E+00    2.1543E+01    7.1556E+00    1.0121E+01
 2.2825E+03    5.8920E+01    6.6256E+01    2.5072E+01    2.1969E+01    1.7200E+01    8.2640E+01    6.1339E+01    1.9637E+01    5.2090E+00    2.1441E+01    7.3898E+00    1.0016E+01
 2.2830E+03    5.8920E+01    6.6279E+01    2.5183E+01    2.1874E+01    1.7200E+01    8.2625E+01    6.1326E+01    1.9641E+01    5.2090E+00    2.1563E+01    7.1607E+00    1.0016E+01
 2.2835E+03    5.8937E+01    6.6284E+01    2.5183E+01    2.1818E+01    1.7225E+01    8.2634E+01    6.1326E+01    1.9644E+01    5.2294E+00    2.1462E+01    7.2982E+00    1.0121E+01
 2.2840E+03    5.8954E+01    6.6284E+01    2.5195E+01    2.1882E+01    1.7186E+01    8.2643E+01    6.1348E+01    1.9645E+01    5.2090E+00    2.1563E+01    7.0895E+00    1.0121E+01
 2.2847E+03    5.8935E+01    6.6284E+01    2.5139E+01    2.1878E+01    1.7217E+01    8.2661E+01    6.1352E+01    1.9646E+01    5.2294E+00    2.1726E+01    7.0895E+00    1.0121E+01
 2.2852E+03    5.8954E+01    6.6284E+01    2.5097E+01    2.1859E+01    1.7253E+01    8.2661E+01    6.1357E+01    1.9640E+01    5.2090E+00    2.1747E+01    7.2371E+00    1.0016E+01
 2.2857E+03    5.8945E+01    6.6280E+01    2.5002E+01    2.1859E+01    1.7252E+01    8.2659E+01    6.1334E+01    1.9624E+01    5.2294E+00    2.1706E+01    7.1098E+00    1.0121E+01
 2.2862E+03    5.8945E+01    6.6290E+01    2.4942E+01    2.1864E+01    1.7242E+01    8.2659E+01    6.1316E+01    1.9624E+01    5.2090E+00    2.1686E+01    7.1455E+00    1.0121E+01
 2.2869E+03    5.8952E+01    6.6302E+01    2.5192E+01    2.1848E+01    1.7215E+01    8.2676E+01    6.1327E+01    1.9621E+01    5.2090E+00    2.1625E+01    7.1964E+00    9.9090E+00
 2.2874E+03    5.8952E+01    6.6275E+01    2.5378E+01    2.1950E+01    1.7215E+01    8.2682E+01    6.1339E+01    1.9610E+01    5.2294E+00    2.1726E+01    7.3593E+00    1.0121E+01
 2.2879E+03    5.8955E+01    6.6292E+01    2.5378E+01    2.1941E+01    1.7229E+01    8.2663E+01    6.1339E+01    1.9605E+01    5.2090E+00    2.1747E+01    7.3084E+00    1.0121E+01
 2.2884E+03    5.8973E+01    6.6292E+01    2.5494E+01    2.1838E+01    1.7239E+01    8.2695E+01    6.1347E+01    1.9621E+01    5.2090E+00    2.1625E+01    7.2575E+00    1.0121E+01
# Time (s)      T1w (C)       T2w (C)       T1a (C)       T2a (C)       T1r (C)       T2r (C)       T3r (C)       T4r (C)       P1 (bar)      P2 (bar)      Ic (amp)      Qc (l/min)    
 2.2891E+03    5.8978E+01    6.6322E+01    2.5519E+01    2.1798E+01    1.7204E+01    8.2700E+01    6.1331E+01    1.9623E+01    5.2294E+00    2.1543E+01    7.3287E+00    1.0121E+01
 2.2896E+03    5.8982E+01    6.6322E+01    2.5287E+01    2.1851E+01    1.7183E+01    8.2700E+01    6.1355E+01    1.9631E+01    5.2090E+00    2.1563E+01    7.2167E+00    1.0016E+01
 2.2901E+03    5.8982E+01    6.6333E+01    2.5116E+01    2.1851E+01    1.7175E+01    8.2704E+01    6.1354E+01    1.9631E+01    5.2090E+00    2.1482E+01    7.2320E+00    1.0225E+01
 2.2906E+03    5.8982E+01    6.6324E+01    2.5041E+01    2.1811E+01    1.7175E+01    8.2698E+01    6.1361E+01    1.9623E+01    5.2090E+00    2.1645E+01    7.1047E+00    1.0121E+01
 2.2912E+03    5.8999E+01    6.6326E+01    2.4999E+01    2.1721E+01    1.7127E+01    8.2698E+01    6.1368E+01    1.9626E+01    5.2090E+00    2.1747E+01    7.1098E+00    1.0225E+01
 2.2917E+03    5.8996E+01    6.6349E+01    2.4912E+01    2.1755E+01    1.7111E+01    8.2678E+01    6.1354E+01    1.9625E+01    5.2090E+00    2.1706E+01    7.2371E+00    1.0016E+01
 2.2922E+03    5.8996E+01    6.6360E+01    2.4912E+01    2.1885E+01    1.7108E+01    8.2692E+01    6.1347E+01    1.9626E+01    5.2090E+00    2.1747E+01    7.0946E+00    1.0016E+01
 2.2928E+03    5.9024E+01    6.6360E+01    2.4998E+01    2.2013E+01    1.7111E+01    8.2678E+01    6.1335E+01    1.9612E+01    5.2090E+00    2.1482E+01    7.3542E+00    1.0225E+01
 2.2934E+03    5.9025E+01    6.6371E+01    2.5068E+01    2.1926E+01    1.7104E+01    8.2668E+01    6.1326E+01    1.9594E+01    5.2090E+00    2.1584E+01    7.4000E+00    1.0225E+01
 2.2939E+03    5.9031E+01    6.6362E+01    2.5141E+01    2.1881E+01    1.7081E+01    8.2668E+01    6.1333E+01    1.9594E+01    5.2090E+00    2.1604E+01    7.1047E+00    1.0121E+01
 2.2944E+03    5.9054E+01    6.6369E+01    2.5126E+01    2.1881E+01    1.7079E+01    8.2622E+01    6.1318E+01    1.9577E+01    5.2294E+00    2.1726E+01    7.3746E+00    1.0225E+01
 2.2949E+03    5.9054E+01    6.6386E+01    2.5047E+01    2.1963E+01    1.7079E+01    8.2628E+01    6.1322E+01    1.9595E+01    5.2294E+00    2.1767E+01    7.1658E+00    1.0016E+01
 2.2956E+03    5.9045E+01    6.6387E+01    2.5015E+01    2.1831E+01    1.7083E+01    8.2635E+01    6.1334E+01    1.9573E+01    5.2090E+00    2.1726E+01    7.1149E+00    1.0016E+01
 2.2961E+03    5.9049E+01    6.6412E+01    2.4973E+01    2.1931E+01    1.7117E+01    8.2648E+01    6.1334E+01    1.9588E+01    5.2294E+00    2.1808E+01    7.0997E+00    1.0121E+01
 2.2966E+03    5.9072E+01    6.6412E+01    2.4973E+01    2.1929E+01    1.7139E+01    8.2627E+01    6.1334E+01    1.9581E+01    5.2294E+00    2.1808E+01    7.3746E+00    1.0121E+01
 2.2972E+03    5.9055E+01    6.6412E+01    2.4971E+01    2.1940E+01    1.7169E+01    8.2627E+01    6.1336E+01    1.9577E+01    5.2294E+00    2.1767E+01    7.3847E+00    1.0016E+01
 2.2978E+03    5.9060E+01    6.6403E+01    2.4904E+01    2.1885E+01    1.7146E+01    8.2620E+01    6.1330E+01    1.9576E+01    5.2294E+00    2.1604E+01    7.1149E+00    1.0121E+01
 2.2983E+03    5.9068E+01    6.6405E+01    2.4824E+01    2.1885E+01    1.7137E+01    8.2615E+01    6.1346E+01    1.9576E+01    5.2090E+00    2.1625E+01    7.1913E+00    1.0121E+01
 2.2988E+03    5.9068E+01    6.6436E+01    2.4823E+01    2.1939E+01    1.7126E+01    8.2638E+01    6.1347E+01    1.9567E+01    5.2294E+00    2.1787E+01    7.1556E+00    1.0225E+01
 2.2993E+03    5.9080E+01    6.6422E+01    2.4961E+01    2.1852E+01    1.7126E+01    8.2642E+01    6.1348E+01    1.9580E+01    5.2294E+00    2.1563E+01    7.3338E+00    1.0121E+01
 2.3000E+03    5.9074E+01    6.6423E+01    2.4873E+01    2.1894E+01    1.7164E+01    8.2667E+01    6.1358E+01    1.9570E+01    5.2090E+00    2.1523E+01    7.3949E+00    1.0225E+01
 2.3005E+03    5.9066E+01    6.6426E+01    2.4873E+01    2.1885E+01    1.7154E+01    8.2691E+01    6.1372E+01    1.9580E+01    5.2294E+00    2.1523E+01    7.3695E+00    1.0121E+01
 2.3010E+03    5.9066E+01    6.6426E+01    2.4755E+01    2.1897E+01    1.7146E+01    8.2674E+01    6.1365E+01    1.9582E+01    5.2090E+00    2.1604E+01    7.4000E+00    1.0225E+01
 2.3015E+03    5.9069E+01    6.6430E+01    2.4776E+01    2.1864E+01    1.7136E+01    8.2674E+01    6.1378E+01    1.9582E+01    5.2090E+00    2.1767E+01    7.1098E+00    1.0016E+01
 2.3022E+03    5.9080E+01    6.6422E+01    2.4737E+01    2.1742E+01    1.7136E+01    8.2677E+01    6.1394E+01    1.9591E+01    5.2090E+00    2.1563E+01    7.1455E+00    1.0225E+01
 2.3027E+03    5.9066E+01    6.6432E+01    2.4595E+01    2.1742E+01    1.7120E+01    8.2700E+01    6.1388E+01    1.9591E+01    5.2090E+00    2.1563E+01    7.1302E+00    1.0121E+01
 2.3032E+03    5.9066E+01    6.6455E+01    2.4612E+01    2.1729E+01    1.7108E+01    8.2720E+01    6.1396E+01    1.9589E+01    5.2090E+00    2.1686E+01    7.1149E+00    1.0121E+01
 2.3037E+03    5.9097E+01    6.6460E+01    2.4711E+01    2.1769E+01    1.7108E+01    8.2732E+01    6.1396E+01    1.9583E+01    5.2090E+00    2.1645E+01    7.4102E+00    1.0121E+01
 2.3044E+03    5.9099E+01    6.6471E+01    2.4857E+01    2.1755E+01    1.7095E+01    8.2747E+01    6.1402E+01    1.9572E+01    5.2090E+00    2.1767E+01    7.1149E+00    1.0016E+01
 2.3049E+03    5.9101E+01    6.6456E+01    2.4841E+01    2.1757E+01    1.7108E+01    8.2724E+01    6.1402E+01    1.9596E+01    5.2090E+00    2.1787E+01    7.1098E+00    1.0225E+01
# Time (s)      T1w (C)       T2w (C)       T1a (C)       T2a (C)       T1r (C)       T2r (C)       T3r (C)       T4r (C)       P1 (bar)      P2 (bar)      Ic (amp)      Qc (l/min)    
 2.3054E+03    5.9089E+01    6.6456E+01    2.5175E+01    2.1704E+01    1.7090E+01    8.2725E+01    6.1417E+01    1.9588E+01    5.2090E+00    2.1747E+01    7.0997E+00    1.0016E+01
 2.3059E+03    5.9105E+01    6.6466E+01    2.5249E+01    2.1761E+01    1.7098E+01    8.2725E+01    6.1430E+01    1.9588E+01    5.2090E+00    2.1686E+01    7.1098E+00    1.0121E+01
 2.3065E+03    5.9105E+01    6.6465E+01    2.5011E+01    2.1777E+01    1.7104E+01    8.2732E+01    6.1412E+01    1.9582E+01    5.2090E+00    2.1808E+01    7.2066E+00    1.0121E+01
 2.3070E+03    5.9076E+01    6.6451E+01    2.4802E+01    2.1762E+01    1.7094E+01    8.2748E+01    6.1432E+01    1.9592E+01    5.2090E+00    2.1808E+01    7.3847E+00    1.0121E+01
 2.3075E+03    5.9076E+01    6.6445E+01    2.4771E+01    2.1850E+01    1.7094E+01    8.2738E+01    6.1422E+01    1.9583E+01    5.2090E+00    2.1726E+01    7.1404E+00    1.0121E+01
 2.3081E+03    5.9077E+01    6.6456E+01    2.4802E+01    2.1818E+01    1.7061E+01    8.2751E+01    6.1422E+01    1.9582E+01    5.2294E+00    2.1767E+01    7.1098E+00    1.0121E+01
 2.3087E+03    5.9083E+01    6.6457E+01    2.4822E+01    2.1749E+01    1.7059E+01    8.2756E+01    6.1442E+01    1.9594E+01    5.2090E+00    2.1828E+01    7.1455E+00    1.0121E+01
 2.3092E+03    5.9091E+01    6.6471E+01    2.4822E+01    2.1758E+01    1.7064E+01    8.2753E+01    6.1439E+01    1.9587E+01    5.2090E+00    2.1523E+01    7.4153E+00    1.0225E+01
 2.3097E+03    5.9105E+01    6.6471E+01    2.4865E+01    2.1800E+01    1.7065E+01    8.2753E+01    6.1445E+01    1.9590E+01    5.2090E+00    2.1625E+01    7.2320E+00    1.0016E+01
 2.3102E+03    5.9109E+01    6.6462E+01    2.4999E+01    2.1787E+01    1.7079E+01    8.2745E+01    6.1456E+01    1.9590E+01    5.2090E+00    2.1686E+01    7.3542E+00    1.0225E+01
 2.3109E+03    5.9112E+01    6.6471E+01    2.5092E+01    2.1925E+01    1.7069E+01    8.2747E+01    6.1461E+01    1.9590E+01    5.2090E+00    2.1625E+01    7.2931E+00    1.0121E+01
 2.3114E+03    5.9112E+01    6.6450E+01    2.4959E+01    2.1925E+01    1.7080E+01    8.2762E+01    6.1481E+01    1.9592E+01    5.2090E+00    2.1645E+01    7.1047E+00    1.0121E+01
 2.3119E+03    5.9112E+01    6.6460E+01    2.4861E+01    2.1940E+01    1.7080E+01    8.2749E+01    6.1465E+01    1.9598E+01    5.2090E+00    2.1563E+01    7.3695E+00    1.0016E+01
 2.3124E+03    5.9116E+01    6.6459E+01    2.4822E+01    2.1738E+01    1.7040E+01    8.2767E+01    6.1465E+01    1.9601E+01    5.2090E+00    2.1665E+01    7.4051E+00    1.0121E+01
 2.3131E+03    5.9150E+01    6.6497E+01    2.4873E+01    2.1811E+01    1.7043E+01    8.2752E+01    6.1492E+01    1.9601E+01    5.2090E+00    2.1584E+01    7.3491E+00    1.0016E+01
 2.3136E+03    5.9132E+01    6.6466E+01    2.4858E+01    2.1821E+01    1.7058E+01    8.2745E+01    6.1492E+01    1.9608E+01    5.2090E+00    2.1665E+01    7.1709E+00    1.0121E+01
 2.3141E+03    5.9139E+01    6.6466E+01    2.4848E+01    2.1804E+01    1.7048E+01    8.2745E+01    6.1484E+01    1.9608E+01    5.2090E+00    2.1686E+01    7.2422E+00    1.0225E+01
 2.3146E+03    5.9151E+01    6.6477E+01    2.4793E+01    2.1841E+01    1.7067E+01    8.2757E+01    6.1494E+01    1.9608E+01    5.2294E+00    2.1563E+01    7.3033E+00    1.0225E+01
 2.3153E+03    5.9157E+01    6.6484E+01    2.4781E+01    2.1804E+01    1.7118E+01    8.2747E+01    6.1495E+01    1.9601E+01    5.2294E+00    2.1706E+01    7.1251E+00    1.0225E+01
 2.3158E+03    5.9140E+01    6.6476E+01    2.4763E+01    2.1788E+01    1.7162E+01    8.2765E+01    6.1520E+01    1.9616E+01    5.2294E+00    2.1706E+01    7.3033E+00    1.0016E+01
 2.3163E+03    5.9140E+01    6.6486E+01    2.4716E+01    2.1846E+01    1.7162E+01    8.2743E+01    6.1527E+01    1.9613E+01    5.2090E+00    2.1665E+01    7.1200E+00    1.0121E+01
 2.3168E+03    5.9136E+01    6.6474E+01    2.4700E+01    2.1862E+01    1.7186E+01    8.2789E+01    6.1542E+01    1.9641E+01    5.2090E+00    2.1563E+01    7.3593E+00    1.0121E+01
 2.3175E+03    5.9147E+01    6.6475E+01    2.4693E+01    2.1909E+01    1.7153E+01    8.2798E+01    6.1554E+01    1.9633E+01    5.2294E+00    2.1747E+01    7.2931E+00    1.0225E+01
 2.3180E+03    5.9143E+01    6.6475E+01    2.4693E+01    2.1877E+01    1.7171E+01    8.2807E+01    6.1563E+01    1.9634E+01    5.2294E+00    2.1645E+01    7.1353E+00    1.0016E+01
 2.3185E+03    5.9159E+01    6.6475E+01    2.4710E+01    2.1761E+01    1.7195E+01    8.2807E+01    6.1544E+01    1.9646E+01    5.2294E+00    2.1686E+01    7.4102E+00    1.0121E+01
 2.3190E+03    5.9174E+01    6.6491E+01    2.4725E+01    2.1761E+01    1.7235E+01    8.2820E+01    6.1599E+01    1.9662E+01    5.2090E+00    2.1747E+01    7.1709E+00    1.0016E+01
 2.3196E+03    5.9153E+01    6.6503E+01    2.4729E+01    2.1776E+01    1.7240E+01    8.2854E+01    6.1615E+01    1.9694E+01    5.2090E+00    2.1808E+01    7.4356E+00    1.0225E+01
 2.3201E+03    5.9153E+01    6.6506E+01    2.4800E+01    2.1782E+01    1.7245E+01    8.2851E+01    6.1609E+01    1.9681E+01    5.2294E+00    2.1828E+01    7.1506E+00    1.0121E+01
 2.3207E+03    5.9187E+01    6.6508E+01    2.4862E+01    2.1847E+01    1.7245E+01    8.2855E+01    6.1609E+01    1.9688E+01    5.2294E+00    2.1665E+01    7.1251E+00    1.0121E+01
 2.3212E+03    5.9180E+01    6.6526E+01    2.4862E+01    2.1776E+01    1.7241E+01    8.2846E+01    6.1625E+01    1.9686E+01    5.2294E+00    2.1787E+01    7.1607E+00    1.0016E+01
# Time (s)      T1w (C)       T2w (C)       T1a (C)       T2a (C)       T1r (C)       T2r (C)       T3r (C)       T4r (C)       P1 (bar)      P2 (bar)      Ic (amp)      Qc (l/min)    
 2.3218E+03    5.9186E+01    6.6512E+01    2.4907E+01    2.1796E+01    1.7255E+01    8.2861E+01    6.1634E+01    1.9706E+01    5.2090E+00    2.1604E+01    7.3695E+00    1.0016E+01
 2.3223E+03    5.9207E+01    6.6512E+01    2.4968E+01    2.1884E+01    1.7261E+01    8.2856E+01    6.1656E+01    1.9721E+01    5.2090E+00    2.1808E+01    7.4051E+00    1.0225E+01
 2.3228E+03    5.9196E+01    6.6519E+01    2.4970E+01    2.1827E+01    1.7268E+01    8.2856E+01    6.1641E+01    1.9721E+01    5.2294E+00    2.1665E+01    7.1404E+00    1.0016E+01
 2.3234E+03    5.9195E+01    6.6526E+01    2.4915E+01    2.1827E+01    1.7298E+01    8.2858E+01    6.1634E+01    1.9685E+01    5.2294E+00    2.1889E+01    7.4407E+00    1.0121E+01
 2.3240E+03    5.9216E+01    6.6537E+01    2.4948E+01    2.1784E+01    1.7317E+01    8.2856E+01    6.1632E+01    1.9690E+01    5.2090E+00    2.1869E+01    7.1658E+00    1.0121E+01
 2.3245E+03    5.9216E+01    6.6529E+01    2.5001E+01    2.1907E+01    1.7304E+01    8.2852E+01    6.1636E+01    1.9674E+01    5.2294E+00    2.1849E+01    7.4407E+00    1.0225E+01
 2.3250E+03    5.9207E+01    6.6541E+01    2.5009E+01    2.1845E+01    1.7320E+01    8.2883E+01    6.1650E+01    1.9712E+01    5.2294E+00    2.1849E+01    7.1353E+00    1.0016E+01
 2.3255E+03    5.9215E+01    6.6553E+01    2.5009E+01    2.1841E+01    1.7296E+01    8.2878E+01    6.1646E+01    1.9695E+01    5.2090E+00    2.1849E+01    7.4509E+00    1.0016E+01
 2.3262E+03    5.9229E+01    6.6564E+01    2.5203E+01    2.1893E+01    1.7276E+01    8.2899E+01    6.1655E+01    1.9708E+01    5.2294E+00    2.1889E+01    7.1556E+00    1.0016E+01
 2.3267E+03    5.9227E+01    6.6564E+01    2.5341E+01    2.1887E+01    1.7269E+01    8.2914E+01    6.1645E+01    1.9705E+01    5.2090E+00    2.1889E+01    7.2982E+00    1.0121E+01
 2.3272E+03    5.9228E+01    6.6573E+01    2.5352E+01    2.1901E+01    1.7280E+01    8.2914E+01    6.1649E+01    1.9705E+01    5.2294E+00    2.1787E+01    7.1404E+00    1.0121E+01
 2.3277E+03    5.9219E+01    6.6557E+01    2.5349E+01    2.1901E+01    1.7311E+01    8.2927E+01    6.1661E+01    1.9732E+01    5.2294E+00    2.1625E+01    7.4255E+00    1.0225E+01
 2.3284E+03    5.9214E+01    6.6586E+01    2.5378E+01    2.1913E+01    1.7309E+01    8.2941E+01    6.1667E+01    1.9731E+01    5.2090E+00    2.1889E+01    7.4407E+00    1.0121E+01
 2.3289E+03    5.9214E+01    6.6569E+01    2.5454E+01    2.1924E+01    1.7293E+01    8.2927E+01    6.1659E+01    1.9714E+01    5.2294E+00    2.1767E+01    7.2880E+00    1.0121E+01
 2.3294E+03    5.9229E+01    6.6571E+01    2.5454E+01    2.1865E+01    1.7289E+01    8.2933E+01    6.1659E+01    1.9714E+01    5.2294E+00    2.1869E+01    7.4509E+00    1.0121E+01
 2.3299E+03    5.9235E+01    6.6579E+01    2.5494E+01    2.1923E+01    1.7298E+01    8.2923E+01    6.1652E+01    1.9696E+01    5.2294E+00    2.1808E+01    7.2626E+00    1.0121E+01
 2.3306E+03    5.9232E+01    6.6602E+01    2.5536E+01    2.1929E+01    1.7335E+01    8.2929E+01    6.1661E+01    1.9706E+01    5.2294E+00    2.1889E+01    7.4306E+00    1.0016E+01
 2.3311E+03    5.9232E+01    6.6602E+01    2.5776E+01    2.1974E+01    1.7335E+01    8.2943E+01    6.1671E+01    1.9737E+01    5.2294E+00    2.1930E+01    7.2676E+00    1.0016E+01
 2.3316E+03    5.9233E+01    6.6590E+01    2.5938E+01    2.1974E+01    1.7320E+01    8.2950E+01    6.1687E+01    1.9737E+01    5.2294E+00    2.1747E+01    7.2982E+00    1.0121E+01
 2.3321E+03    5.9233E+01    6.6590E+01    2.5950E+01    2.1948E+01    1.7303E+01    8.2947E+01    6.1683E+01    1.9754E+01    5.2294E+00    2.1726E+01    7.4458E+00    1.0225E+01
 2.3328E+03    5.9253E+01    6.6598E+01    2.5931E+01    2.1914E+01    1.7325E+01    8.2968E+01    6.1707E+01    1.9782E+01    5.2294E+00    2.1625E+01    7.4102E+00    1.0016E+01
 2.3333E+03    5.9253E+01    6.6603E+01    2.6057E+01    2.1873E+01    1.7325E+01    8.2972E+01    6.1706E+01    1.9776E+01    5.2294E+00    2.1828E+01    7.1760E+00    1.0225E+01
 2.3338E+03    5.9269E+01    6.6609E+01    2.6057E+01    2.1928E+01    1.7370E+01    8.2970E+01    6.1720E+01    1.9797E+01    5.2294E+00    2.1767E+01    7.2626E+00    1.0121E+01
 2.3343E+03    5.9289E+01    6.6614E+01    2.5874E+01    2.1930E+01    1.7379E+01    8.2974E+01    6.1736E+01    1.9826E+01    5.2294E+00    2.1747E+01    7.1404E+00    1.0016E+01
 2.3350E+03    5.9281E+01    6.6627E+01    2.5581E+01    2.1922E+01    1.7373E+01    8.2997E+01    6.1741E+01    1.9820E+01    5.2294E+00    2.1930E+01    7.1353E+00    1.0121E+01
 2.3355E+03    5.9301E+01    6.6627E+01    2.5329E+01    2.1945E+01    1.7353E+01    8.2997E+01    6.1741E+01    1.9824E+01    5.2498E+00    2.1869E+01    7.1811E+00    1.0016E+01
 2.3360E+03    5.9297E+01    6.6640E+01    2.5166E+01    2.1945E+01    1.7375E+01    8.2992E+01    6.1724E+01    1.9808E+01    5.2498E+00    2.1930E+01    7.1556E+00    1.0225E+01
 2.3365E+03    5.9297E+01    6.6634E+01    2.5154E+01    2.2027E+01    1.7415E+01    8.2980E+01    6.1727E+01    1.9790E+01    5.2294E+00    2.1930E+01    7.1556E+00    1.0121E+01
 2.3372E+03    5.9303E+01    6.6625E+01    2.5100E+01    2.2091E+01    1.7448E+01    8.2991E+01    6.1738E+01    1.9811E+01    5.2294E+00    2.1665E+01    7.3949E+00    1.0121E+01
 2.3377E+03    5.9303E+01    6.6635E+01    2.5099E+01    2.2037E+01    1.7448E+01    8.2993E+01    6.1735E+01    1.9828E+01    5.2294E+00    2.1910E+01    7.1709E+00    1.0016E+01
# Time (s)      T1w (C)       T2w (C)       T1a (C)       T2a (C)       T1r (C)       T2r (C)       T3r (C)       T4r (C)       P1 (bar)      P2 (bar)      Ic (amp)      Qc (l/min)    
 2.3382E+03    5.9306E+01    6.6645E+01    2.5099E+01    2.1893E+01    1.7433E+01    8.2995E+01    6.1735E+01    1.9829E+01    5.2294E+00    2.1930E+01    7.3084E+00    1.0016E+01
 2.3387E+03    5.9322E+01    6.6645E+01    2.5100E+01    2.1931E+01    1.7407E+01    8.3002E+01    6.1745E+01    1.9836E+01    5.2498E+00    2.1930E+01    7.1455E+00    1.0016E+01
 2.3394E+03    5.9321E+01    6.6662E+01    2.5007E+01    2.1951E+01    1.7387E+01    8.2995E+01    6.1750E+01    1.9826E+01    5.2294E+00    2.1971E+01    7.2473E+00    1.0225E+01
 2.3399E+03    5.9320E+01    6.6662E+01    2.4892E+01    2.1987E+01    1.7411E+01    8.3009E+01    6.1766E+01    1.9838E+01    5.2294E+00    2.1889E+01    7.1506E+00    1.0225E+01
 2.3404E+03    5.9323E+01    6.6644E+01    2.4779E+01    2.1991E+01    1.7417E+01    8.2996E+01    6.1778E+01    1.9838E+01    5.2498E+00    2.1910E+01    7.3593E+00    1.0121E+01
 2.3409E+03    5.9338E+01    6.6674E+01    2.4786E+01    2.2007E+01    1.7390E+01    8.3012E+01    6.1769E+01    1.9818E+01    5.2294E+00    2.1950E+01    7.1760E+00    1.0016E+01
 2.3415E+03    5.9328E+01    6.6679E+01    2.4827E+01    2.1958E+01    1.7383E+01    8.3016E+01    6.1763E+01    1.9812E+01    5.2294E+00    2.1849E+01    7.1506E+00    1.0121E+01
 2.3420E+03    5.9343E+01    6.6704E+01    2.4826E+01    2.2017E+01    1.7383E+01    8.3001E+01    6.1772E+01    1.9825E+01    5.2498E+00    2.1767E+01    7.3644E+00    1.0121E+01
 2.3425E+03    5.9348E+01    6.6703E+01    2.4826E+01    2.1956E+01    1.7391E+01    8.2979E+01    6.1772E+01    1.9798E+01    5.2498E+00    2.1686E+01    7.2116E+00    1.0121E+01
 2.3430E+03    5.9356E+01    6.6718E+01    2.4912E+01    2.1992E+01    1.7411E+01    8.2961E+01    6.1763E+01    1.9805E+01    5.2498E+00    2.1686E+01    7.4356E+00    1.0225E+01
 2.3437E+03    5.9381E+01    6.6715E+01    2.4872E+01    2.1922E+01    1.7431E+01    8.2968E+01    6.1789E+01    1.9805E+01    5.2294E+00    2.1706E+01    7.2422E+00    1.0121E+01
 2.3442E+03    5.9417E+01    6.6746E+01    2.4819E+01    2.1971E+01    1.7433E+01    8.2968E+01    6.1787E+01    1.9805E+01    5.2294E+00    2.1767E+01    7.4153E+00    1.0225E+01
 2.3447E+03    5.9430E+01    6.6777E+01    2.4876E+01    2.1971E+01    1.7409E+01    8.2988E+01    6.1783E+01    1.9806E+01    5.2294E+00    2.1787E+01    7.2320E+00    1.0121E+01
 2.3452E+03    5.9444E+01    6.6779E+01    2.4957E+01    2.2010E+01    1.7425E+01    8.3004E+01    6.1810E+01    1.9814E+01    5.2294E+00    2.1706E+01    7.2982E+00    1.0121E+01
 2.3459E+03    5.9462E+01    6.6804E+01    2.5044E+01    2.2065E+01    1.7397E+01    8.3009E+01    6.1824E+01    1.9812E+01    5.2294E+00    2.1930E+01    7.2015E+00    1.0121E+01
 2.3464E+03    5.9482E+01    6.6792E+01    2.5071E+01    2.2072E+01    1.7397E+01    8.3038E+01    6.1828E+01    1.9819E+01    5.2294E+00    2.1910E+01    7.1760E+00    1.0016E+01
 2.3469E+03    5.9485E+01    6.6789E+01    2.5071E+01    2.2020E+01    1.7361E+01    8.3012E+01    6.1814E+01    1.9808E+01    5.2294E+00    2.1971E+01    7.3186E+00    1.0225E+01
 2.3474E+03    5.9494E+01    6.6789E+01    2.4962E+01    2.2009E+01    1.7363E+01    8.3001E+01    6.1816E+01    1.9796E+01    5.2294E+00    2.1991E+01    7.1607E+00    1.0121E+01
 2.3481E+03    5.9495E+01    6.6804E+01    2.4879E+01    2.1980E+01    1.7342E+01    8.3003E+01    6.1803E+01    1.9812E+01    5.2294E+00    2.1808E+01    7.3593E+00    1.0121E+01
 2.3486E+03    5.9498E+01    6.6814E+01    2.4807E+01    2.1991E+01    1.7370E+01    8.3003E+01    6.1812E+01    1.9812E+01    5.2294E+00    2.1726E+01    7.4713E+00    1.0016E+01
 2.3491E+03    5.9472E+01    6.6811E+01    2.4753E+01    2.1975E+01    1.7345E+01    8.3008E+01    6.1796E+01    1.9785E+01    5.2294E+00    2.1747E+01    7.4611E+00    1.0016E+01
 2.3496E+03    5.9472E+01    6.6795E+01    2.4724E+01    2.1955E+01    1.7345E+01    8.2982E+01    6.1822E+01    1.9765E+01    5.2294E+00    2.1808E+01    7.4356E+00    1.0121E+01
 2.3502E+03    5.9482E+01    6.6794E+01    2.4703E+01    2.2052E+01    1.7332E+01    8.2969E+01    6.1782E+01    1.9759E+01    5.2090E+00    2.1849E+01    7.2931E+00    1.0016E+01
 2.3507E+03    5.9483E+01    6.6810E+01    2.4812E+01    2.2022E+01    1.7270E+01    8.2988E+01    6.1782E+01    1.9769E+01    5.2294E+00    2.1869E+01    7.2575E+00    1.0121E+01
 2.3513E+03    5.9505E+01    6.6824E+01    2.4827E+01    2.2035E+01    1.7245E+01    8.2993E+01    6.1824E+01    1.9787E+01    5.2294E+00    2.1747E+01    7.2066E+00    1.0121E+01
 2.3518E+03    5.9506E+01    6.6835E+01    2.4903E+01    2.2007E+01    1.7240E+01    8.2993E+01    6.1822E+01    1.9798E+01    5.2294E+00    2.1849E+01    7.1913E+00    1.0121E+01
 2.3524E+03    5.9506E+01    6.6824E+01    2.4995E+01    2.2120E+01    1.7281E+01    8.3024E+01    6.1830E+01    1.9799E+01    5.2294E+00    2.1747E+01    7.2473E+00    1.0016E+01
 2.3529E+03    5.9495E+01    6.6838E+01    2.5024E+01    2.2136E+01    1.7319E+01    8.3016E+01    6.1811E+01    1.9799E+01    5.2294E+00    2.1869E+01    7.4356E+00    1.0016E+01
 2.3534E+03    5.9509E+01    6.6845E+01    2.5055E+01    2.2153E+01    1.7371E+01    8.3044E+01    6.1810E+01    1.9817E+01    5.2498E+00    2.1971E+01    7.1607E+00    1.0121E+01
 2.3540E+03    5.9530E+01    6.6838E+01    2.4954E+01    2.2080E+01    1.7371E+01    8.3052E+01    6.1838E+01    1.9801E+01    5.2498E+00    2.1930E+01    7.1862E+00    1.0016E+01
# Time (s)      T1w (C)       T2w (C)       T1a (C)       T2a (C)       T1r (C)       T2r (C)       T3r (C)       T4r (C)       P1 (bar)      P2 (bar)      Ic (amp)      Qc (l/min)    
 2.3546E+03    5.9522E+01    6.6850E+01    2.5055E+01    2.2113E+01    1.7373E+01    8.3053E+01    6.1842E+01    1.9812E+01    5.2498E+00    2.1828E+01    7.1607E+00    1.0225E+01
 2.3551E+03    5.9527E+01    6.6849E+01    2.5055E+01    2.2137E+01    1.7342E+01    8.3032E+01    6.1828E+01    1.9817E+01    5.2294E+00    2.1808E+01    7.4204E+00    1.0121E+01
 2.3556E+03    5.9528E+01    6.6849E+01    2.5207E+01    2.2124E+01    1.7337E+01    8.3036E+01    6.1841E+01    1.9796E+01    5.2294E+00    2.1889E+01    7.1964E+00    1.0225E+01
 2.3562E+03    5.9549E+01    6.6869E+01    2.5372E+01    2.2151E+01    1.7296E+01    8.3022E+01    6.1823E+01    1.9809E+01    5.2294E+00    2.1747E+01    7.3389E+00    1.0121E+01
 2.3568E+03    5.9549E+01    6.6857E+01    2.5479E+01    2.2131E+01    1.7278E+01    8.3033E+01    6.1816E+01    1.9817E+01    5.2498E+00    2.1889E+01    7.4306E+00    1.0121E+01
 2.3573E+03    5.9551E+01    6.6869E+01    2.5710E+01    2.2189E+01    1.7288E+01    8.3023E+01    6.1824E+01    1.9817E+01    5.2498E+00    2.1910E+01    7.2676E+00    1.0121E+01
 2.3578E+03    5.9551E+01    6.6854E+01    2.5933E+01    2.2189E+01    1.7304E+01    8.3060E+01    6.1837E+01    1.9800E+01    5.2702E+00    2.1991E+01    7.3287E+00    1.0121E+01
 2.3584E+03    5.9553E+01    6.6883E+01    2.6044E+01    2.2240E+01    1.7320E+01    8.3070E+01    6.1846E+01    1.9821E+01    5.2498E+00    2.1950E+01    7.2982E+00    1.0016E+01
 2.3590E+03    5.9593E+01    6.6896E+01    2.6088E+01    2.2194E+01    1.7357E+01    8.3099E+01    6.1862E+01    1.9854E+01    5.2498E+00    2.1787E+01    7.2829E+00    1.0016E+01
 2.3595E+03    5.9596E+01    6.6895E+01    2.6088E+01    2.2316E+01    1.7363E+01    8.3090E+01    6.1862E+01    1.9844E+01    5.2702E+00    2.1808E+01    7.1709E+00    1.0225E+01
 2.3600E+03    5.9605E+01    6.6910E+01    2.5946E+01    2.2300E+01    1.7402E+01    8.3087E+01    6.1871E+01    1.9872E+01    5.2702E+00    2.1747E+01    7.3949E+00    1.0016E+01
 2.3606E+03    5.9616E+01    6.6911E+01    2.5559E+01    2.2345E+01    1.7473E+01    8.3087E+01    6.1869E+01    1.9853E+01    5.2702E+00    2.2072E+01    7.2167E+00    1.0016E+01
 2.3612E+03    5.9623E+01    6.6932E+01    2.5492E+01    2.2328E+01    1.7552E+01    8.3079E+01    6.1871E+01    1.9836E+01    5.2702E+00    2.1930E+01    7.3135E+00    1.0121E+01
 2.3617E+03    5.9613E+01    6.6939E+01    2.5657E+01    2.2328E+01    1.7595E+01    8.3059E+01    6.1879E+01    1.9836E+01    5.2702E+00    2.1930E+01    7.4713E+00    1.0121E+01
 2.3622E+03    5.9598E+01    6.6920E+01    2.5679E+01    2.2391E+01    1.7571E+01    8.3073E+01    6.1888E+01    1.9838E+01    5.2702E+00    2.1869E+01    7.2218E+00    1.0121E+01
 2.3627E+03    5.9619E+01    6.6928E+01    2.5771E+01    2.2357E+01    1.7571E+01    8.3029E+01    6.1888E+01    1.9850E+01    5.2498E+00    2.1910E+01    7.3746E+00    1.0225E+01
 2.3634E+03    5.9620E+01    6.6922E+01    2.5623E+01    2.2263E+01    1.7493E+01    8.3031E+01    6.1883E+01    1.9848E+01    5.2498E+00    2.1869E+01    7.4407E+00    1.0121E+01
 2.3639E+03    5.9616E+01    6.6942E+01    2.5623E+01    2.2241E+01    1.7455E+01    8.3027E+01    6.1883E+01    1.9845E+01    5.2702E+00    2.1787E+01    7.1964E+00    1.0016E+01
 2.3644E+03    5.9604E+01    6.6942E+01    2.5625E+01    2.2344E+01    1.7465E+01    8.3018E+01    6.1908E+01    1.9872E+01    5.2702E+00    2.1971E+01    7.5018E+00    1.0121E+01
 2.3649E+03    5.9610E+01    6.6948E+01    2.5622E+01    2.2411E+01    1.7467E+01    8.3018E+01    6.1912E+01    1.9872E+01    5.2702E+00    2.2052E+01    7.4815E+00    1.0121E+01
 2.3656E+03    5.9602E+01    6.6946E+01    2.5540E+01    2.2296E+01    1.7531E+01    8.3095E+01    6.1923E+01    1.9914E+01    5.2702E+00    2.1808E+01    7.3847E+00    1.0225E+01
 2.3661E+03    5.9612E+01    6.6968E+01    2.5487E+01    2.2312E+01    1.7530E+01    8.3059E+01    6.1921E+01    1.9898E+01    5.2702E+00    2.1808E+01    7.2167E+00    1.0016E+01
 2.3666E+03    5.9612E+01    6.6971E+01    2.5365E+01    2.2398E+01    1.7541E+01    8.3076E+01    6.1925E+01    1.9890E+01    5.2702E+00    2.1889E+01    7.4866E+00    1.0121E+01
 2.3671E+03    5.9601E+01    6.6963E+01    2.5276E+01    2.2378E+01    1.7541E+01    8.3075E+01    6.1925E+01    1.9872E+01    5.2702E+00    2.1808E+01    7.3746E+00    9.9090E+00
 2.3678E+03    5.9618E+01    6.6973E+01    2.5327E+01    2.2366E+01    1.7526E+01    8.3060E+01    6.1944E+01    1.9884E+01    5.2702E+00    2.1930E+01    7.4967E+00    1.0121E+01
 2.3683E+03    5.9617E+01    6.6981E+01    2.5327E+01    2.2415E+01    1.7529E+01    8.3070E+01    6.1944E+01    1.9902E+01    5.2702E+00    2.2011E+01    7.2015E+00    1.0225E+01
 2.3688E+03    5.9605E+01    6.6981E+01    2.5333E+01    2.2347E+01    1.7523E+01    8.3070E+01    6.1937E+01    1.9902E+01    5.2702E+00    2.1950E+01    7.4815E+00    1.0016E+01
 2.3693E+03    5.9639E+01    6.6989E+01    2.5369E+01    2.2314E+01    1.7523E+01    8.3056E+01    6.1924E+01    1.9886E+01    5.2906E+00    2.2072E+01    7.1964E+00    1.0121E+01
 2.3700E+03    5.9649E+01    6.6996E+01    2.5354E+01    2.2377E+01    1.7569E+01    8.3071E+01    6.1935E+01    1.9895E+01    5.2702E+00    2.2032E+01    7.4611E+00    1.0121E+01
 2.3705E+03    5.9645E+01    6.6994E+01    2.5183E+01    2.2377E+01    1.7571E+01    8.3053E+01    6.1938E+01    1.9894E+01    5.2906E+00    2.1910E+01    7.3135E+00    1.0016E+01
# Time (s)      T1w (C)       T2w (C)       T1a (C)       T2a (C)       T1r (C)       T2r (C)       T3r (C)       T4r (C)       P1 (bar)      P2 (bar)      Ic (amp)      Qc (l/min)    
 2.3710E+03    5.9645E+01    6.6997E+01    2.5135E+01    2.2374E+01    1.7571E+01    8.3085E+01    6.1939E+01    1.9893E+01    5.2906E+00    2.1910E+01    7.1913E+00    1.0016E+01
 2.3715E+03    5.9631E+01    6.6993E+01    2.5173E+01    2.2319E+01    1.7597E+01    8.3110E+01    6.1954E+01    1.9899E+01    5.2906E+00    2.1971E+01    7.4407E+00    9.9090E+00
 2.3721E+03    5.9647E+01    6.6995E+01    2.5245E+01    2.2351E+01    1.7556E+01    8.3104E+01    6.1955E+01    1.9880E+01    5.2702E+00    2.1910E+01    7.5069E+00    1.0121E+01
 2.3726E+03    5.9635E+01    6.6996E+01    2.5245E+01    2.2282E+01    1.7587E+01    8.3112E+01    6.1951E+01    1.9881E+01    5.2702E+00    2.1950E+01    7.4560E+00    1.0121E+01
 2.3731E+03    5.9628E+01    6.6982E+01    2.5261E+01    2.2243E+01    1.7595E+01    8.3126E+01    6.1971E+01    1.9919E+01    5.2702E+00    2.2093E+01    7.2218E+00    1.0016E+01
 2.3737E+03    5.9636E+01    6.6973E+01    2.5295E+01    2.2243E+01    1.7554E+01    8.3120E+01    6.1968E+01    1.9919E+01    5.2906E+00    2.2093E+01    7.2066E+00    1.0121E+01
 2.3743E+03    5.9615E+01    6.6960E+01    2.5289E+01    2.2217E+01    1.7587E+01    8.3169E+01    6.1995E+01    1.9926E+01    5.2906E+00    2.2032E+01    7.2218E+00    1.0225E+01
 2.3748E+03    5.9615E+01    6.6980E+01    2.5381E+01    2.2222E+01    1.7608E+01    8.3169E+01    6.1984E+01    1.9937E+01    5.2702E+00    2.2052E+01    7.2066E+00    1.0016E+01
 2.3753E+03    5.9653E+01    6.6991E+01    2.5567E+01    2.2352E+01    1.7608E+01    8.3174E+01    6.1984E+01    1.9936E+01    5.2906E+00    2.1991E+01    7.2320E+00    9.9090E+00
 2.3759E+03    5.9642E+01    6.6992E+01    2.5567E+01    2.2388E+01    1.7619E+01    8.3158E+01    6.1984E+01    1.9922E+01    5.2906E+00    2.2011E+01    7.2116E+00    1.0121E+01
 2.3764E+03    5.9650E+01    6.6992E+01    2.5561E+01    2.2309E+01    1.7642E+01    8.3169E+01    6.1992E+01    1.9937E+01    5.2702E+00    2.1889E+01    7.1913E+00    1.0121E+01
 2.3770E+03    5.9652E+01    6.6989E+01    2.5534E+01    2.2318E+01    1.7668E+01    8.3176E+01    6.2008E+01    1.9944E+01    5.2906E+00    2.2093E+01    7.2218E+00    1.0121E+01
 2.3775E+03    5.9668E+01    6.7013E+01    2.5570E+01    2.2346E+01    1.7647E+01    8.3190E+01    6.2022E+01    1.9958E+01    5.2702E+00    2.2072E+01    7.5222E+00    1.0121E+01
 2.3781E+03    5.9683E+01    6.7018E+01    2.5544E+01    2.2346E+01    1.7630E+01    8.3169E+01    6.2031E+01    1.9958E+01    5.2702E+00    2.1971E+01    7.3186E+00    1.0225E+01
 2.3787E+03    5.9674E+01    6.7023E+01    2.5495E+01    2.2380E+01    1.7623E+01    8.3149E+01    6.2038E+01    1.9974E+01    5.2702E+00    2.1930E+01    7.2066E+00    1.0225E+01
 2.3792E+03    5.9660E+01    6.7013E+01    2.5416E+01    2.2388E+01    1.7629E+01    8.3167E+01    6.2054E+01    1.9993E+01    5.2906E+00    2.2093E+01    7.3186E+00    1.0121E+01
 2.3797E+03    5.9675E+01    6.7024E+01    2.5360E+01    2.2383E+01    1.7629E+01    8.3168E+01    6.2062E+01    1.9994E+01    5.2702E+00    2.1828E+01    7.2575E+00    1.0225E+01
 2.3803E+03    5.9667E+01    6.7022E+01    2.5360E+01    2.2337E+01    1.7621E+01    8.3180E+01    6.2062E+01    1.9977E+01    5.2702E+00    2.2154E+01    7.5222E+00    1.0121E+01
 2.3808E+03    5.9666E+01    6.7024E+01    2.5311E+01    2.2350E+01    1.7615E+01    8.3192E+01    6.2072E+01    1.9987E+01    5.2906E+00    2.2174E+01    7.2626E+00    1.0121E+01
 2.3814E+03    5.9655E+01    6.7024E+01    2.5266E+01    2.2392E+01    1.7613E+01    8.3185E+01    6.2049E+01    1.9972E+01    5.2906E+00    2.2011E+01    7.2116E+00    1.0016E+01
 2.3819E+03    5.9652E+01    6.7043E+01    2.5275E+01    2.2481E+01    1.7636E+01    8.3185E+01    6.2042E+01    1.9974E+01    5.2702E+00    2.2174E+01    7.4204E+00    1.0225E+01
 2.3825E+03    5.9685E+01    6.7055E+01    2.5393E+01    2.2497E+01    1.7673E+01    8.3212E+01    6.2068E+01    1.9989E+01    5.2906E+00    2.2113E+01    7.2167E+00    1.0121E+01
 2.3830E+03    5.9685E+01    6.7049E+01    2.5544E+01    2.2479E+01    1.7670E+01    8.3203E+01    6.2072E+01    1.9988E+01    5.2906E+00    2.2154E+01    7.4458E+00    1.0121E+01
 2.3836E+03    5.9705E+01    6.7072E+01    2.5602E+01    2.2422E+01    1.7654E+01    8.3178E+01    6.2066E+01    1.9988E+01    5.2906E+00    2.2072E+01    7.2676E+00    1.0121E+01
 2.3841E+03    5.9720E+01    6.7066E+01    2.5660E+01    2.2414E+01    1.7623E+01    8.3174E+01    6.2070E+01    2.0006E+01    5.2906E+00    2.1910E+01    7.3440E+00    1.0121E+01
 2.3846E+03    5.9719E+01    6.7077E+01    2.5676E+01    2.2462E+01    1.7627E+01    8.3211E+01    6.2084E+01    2.0003E+01    5.2906E+00    2.2093E+01    7.5375E+00    1.0121E+01
 2.3852E+03    5.9722E+01    6.7077E+01    2.5649E+01    2.2381E+01    1.7658E+01    8.3256E+01    6.2100E+01    2.0017E+01    5.2906E+00    2.1910E+01    7.2218E+00    1.0121E+01
 2.3857E+03    5.9710E+01    6.7090E+01    2.5585E+01    2.2416E+01    1.7646E+01    8.3256E+01    6.2098E+01    2.0027E+01    5.3111E+00    2.2154E+01    7.2218E+00    9.9090E+00
 2.3863E+03    5.9704E+01    6.7073E+01    2.5569E+01    2.2401E+01    1.7675E+01    8.3229E+01    6.2106E+01    2.0027E+01    5.2906E+00    2.1991E+01    7.4815E+00    1.0225E+01
 2.3869E+03    5.9717E+01    6.7072E+01    2.5693E+01    2.2401E+01    1.7689E+01    8.3238E+01    6.2098E+01    2.0021E+01    5.2906E+00    2.1991E+01    7.5324E+00    1.0121E+01
# Time (s)      T1w (C)       T2w (C)       T1a (C)       T2a (C)       T1r (C)       T2r (C)       T3r (C)       T4r (C)       P1 (bar)      P2 (bar)      Ic (amp)      Qc (l/min)    
 2.3874E+03    5.9702E+01    6.7045E+01    2.5673E+01    2.2388E+01    1.7735E+01    8.3270E+01    6.2116E+01    2.0044E+01    5.2906E+00    2.1991E+01    7.4866E+00    1.0121E+01
 2.3879E+03    5.9702E+01    6.7059E+01    2.5766E+01    2.2313E+01    1.7735E+01    8.3283E+01    6.2116E+01    2.0023E+01    5.2906E+00    2.2154E+01    7.2473E+00    1.0121E+01
 2.3885E+03    5.9698E+01    6.7053E+01    2.5687E+01    2.2237E+01    1.7749E+01    8.3252E+01    6.2116E+01    2.0044E+01    5.2906E+00    2.1889E+01    7.4356E+00    1.0225E+01
 2.3890E+03    5.9700E+01    6.7070E+01    2.5687E+01    2.2298E+01    1.7742E+01    8.3261E+01    6.2118E+01    2.0034E+01    5.2906E+00    2.2195E+01    7.2320E+00    1.0225E+01
 2.3896E+03    5.9712E+01    6.7070E+01    2.5604E+01    2.2341E+01    1.7730E+01    8.3274E+01    6.2124E+01    2.0030E+01    5.2906E+00    2.2113E+01    7.4458E+00    1.0121E+01
 2.3901E+03    5.9696E+01    6.7077E+01    2.5442E+01    2.2259E+01    1.7733E+01    8.3274E+01    6.2120E+01    2.0034E+01    5.2906E+00    2.2215E+01    7.4815E+00    1.0016E+01
 2.3907E+03    5.9711E+01    6.7087E+01    2.5299E+01    2.2328E+01    1.7781E+01    8.3300E+01    6.2134E+01    2.0050E+01    5.3111E+00    2.2052E+01    7.3135E+00    9.9090E+00
 2.3912E+03    5.9734E+01    6.7105E+01    2.5407E+01    2.2343E+01    1.7754E+01    8.3323E+01    6.2161E+01    2.0059E+01    5.2906E+00    2.2195E+01    7.5476E+00    1.0016E+01
 2.3918E+03    5.9734E+01    6.7114E+01    2.5611E+01    2.2344E+01    1.7752E+01    8.3326E+01    6.2171E+01    2.0070E+01    5.2906E+00    2.2032E+01    7.2982E+00    1.0225E+01
 2.3923E+03    5.9717E+01    6.7093E+01    2.5649E+01    2.2279E+01    1.7768E+01    8.3327E+01    6.2180E+01    2.0072E+01    5.2906E+00    2.1889E+01    7.2371E+00    1.0016E+01
 2.3929E+03    5.9727E+01    6.7102E+01    2.5649E+01    2.2295E+01    1.7792E+01    8.3340E+01    6.2180E+01    2.0101E+01    5.2906E+00    2.2195E+01    7.2371E+00    1.0121E+01
 2.3934E+03    5.9719E+01    6.7093E+01    2.5662E+01    2.2370E+01    1.7765E+01    8.3368E+01    6.2204E+01    2.0096E+01    5.2906E+00    2.2154E+01    7.3236E+00    1.0225E+01
 2.3940E+03    5.9705E+01    6.7093E+01    2.5657E+01    2.2316E+01    1.7748E+01    8.3368E+01    6.2207E+01    2.0086E+01    5.2906E+00    2.2215E+01    7.2422E+00    1.0121E+01
 2.3945E+03    5.9706E+01    6.7092E+01    2.5488E+01    2.2235E+01    1.7756E+01    8.3380E+01    6.2206E+01    2.0096E+01    5.2906E+00    2.2195E+01    7.4713E+00    1.0121E+01
 2.3950E+03    5.9693E+01    6.7091E+01    2.5437E+01    2.2235E+01    1.7712E+01    8.3367E+01    6.2200E+01    2.0096E+01    5.2702E+00    2.2154E+01    7.2880E+00    9.9090E+00
 2.3956E+03    5.9693E+01    6.7105E+01    2.5588E+01    2.2351E+01    1.7682E+01    8.3369E+01    6.2208E+01    2.0091E+01    5.2906E+00    2.2093E+01    7.2320E+00    1.0016E+01
 2.3961E+03    5.9717E+01    6.7086E+01    2.5864E+01    2.2309E+01    1.7680E+01    8.3378E+01    6.2214E+01    2.0085E+01    5.3111E+00    2.2215E+01    7.2676E+00    1.0121E+01
 2.3967E+03    5.9730E+01    6.7116E+01    2.6019E+01    2.2291E+01    1.7680E+01    8.3405E+01    6.2214E+01    2.0094E+01    5.2906E+00    2.1950E+01    7.5222E+00    1.0121E+01
 2.3973E+03    5.9736E+01    6.7132E+01    2.5661E+01    2.2412E+01    1.7706E+01    8.3404E+01    6.2230E+01    2.0090E+01    5.2906E+00    2.2011E+01    7.2218E+00    1.0121E+01
 2.3979E+03    5.9749E+01    6.7126E+01    2.5407E+01    2.2225E+01    1.7693E+01    8.3431E+01    6.2235E+01    2.0096E+01    5.2906E+00    2.2195E+01    7.2778E+00    1.0121E+01
 2.3984E+03    5.9743E+01    6.7125E+01    2.5407E+01    2.2231E+01    1.7702E+01    8.3422E+01    6.2230E+01    2.0096E+01    5.2906E+00    2.2256E+01    7.2371E+00    1.0121E+01
 2.3989E+03    5.9748E+01    6.7125E+01    2.5273E+01    2.2240E+01    1.7740E+01    8.3422E+01    6.2237E+01    2.0110E+01    5.2906E+00    2.2134E+01    7.4102E+00    1.0225E+01
 2.3994E+03    5.9728E+01    6.7124E+01    2.5226E+01    2.2240E+01    1.7753E+01    8.3439E+01    6.2246E+01    2.0110E+01    5.3111E+00    2.2215E+01    7.2524E+00    1.0225E+01
 2.4001E+03    5.9734E+01    6.7125E+01    2.5263E+01    2.2300E+01    1.7771E+01    8.3411E+01    6.2242E+01    2.0073E+01    5.2906E+00    2.2072E+01    7.4204E+00    1.0016E+01
 2.4006E+03    5.9734E+01    6.7135E+01    2.5304E+01    2.2300E+01    1.7797E+01    8.3417E+01    6.2255E+01    2.0089E+01    5.2906E+00    2.2215E+01    7.2422E+00    1.0121E+01
 2.4011E+03    5.9731E+01    6.7133E+01    2.5227E+01    2.2307E+01    1.7797E+01    8.3402E+01    6.2252E+01    2.0093E+01    5.2906E+00    2.2174E+01    7.5324E+00    1.0016E+01
 2.4016E+03    5.9745E+01    6.7152E+01    2.5243E+01    2.2352E+01    1.7770E+01    8.3422E+01    6.2252E+01    2.0098E+01    5.2906E+00    2.2174E+01    7.4815E+00    1.0016E+01
 2.4024E+03    5.9760E+01    6.7167E+01    2.5211E+01    2.2278E+01    1.7716E+01    8.3407E+01    6.2260E+01    2.0123E+01    5.2906E+00    2.2154E+01    7.2575E+00    1.0121E+01
 2.4029E+03    5.9793E+01    6.7174E+01    2.5211E+01    2.2279E+01    1.7710E+01    8.3436E+01    6.2263E+01    2.0110E+01    5.2906E+00    2.2235E+01    7.2371E+00    1.0225E+01
 2.4034E+03    5.9788E+01    6.7189E+01    2.5296E+01    2.2266E+01    1.7718E+01    8.3422E+01    6.2256E+01    2.0088E+01    5.2906E+00    2.2134E+01    7.3796E+00    1.0225E+01
# Time (s)      T1w (C)       T2w (C)       T1a (C)       T2a (C)       T1r (C)       T2r (C)       T3r (C)       T4r (C)       P1 (bar)      P2 (bar)      Ic (amp)      Qc (l/min)    
 2.4039E+03    5.9788E+01    6.7187E+01    2.5209E+01    2.2266E+01    1.7764E+01    8.3418E+01    6.2256E+01    2.0088E+01    5.2906E+00    2.2215E+01    7.2524E+00    1.0121E+01
 2.4045E+03    5.9821E+01    6.7199E+01    2.5442E+01    2.2279E+01    1.7781E+01    8.3421E+01    6.2245E+01    2.0077E+01    5.2906E+00    2.1971E+01    7.4000E+00    1.0225E+01
 2.4050E+03    5.9821E+01    6.7205E+01    2.5469E+01    2.2302E+01    1.7814E+01    8.3423E+01    6.2244E+01    2.0070E+01    5.2906E+00    2.1991E+01    7.4662E+00    1.0225E+01
 2.4055E+03    5.9817E+01    6.7205E+01    2.5271E+01    2.2369E+01    1.7798E+01    8.3417E+01    6.2229E+01    2.0047E+01    5.2906E+00    2.2093E+01    7.2778E+00    1.0016E+01
 2.4060E+03    5.9843E+01    6.7206E+01    2.5271E+01    2.2400E+01    1.7764E+01    8.3416E+01    6.2242E+01    2.0046E+01    5.2906E+00    2.2235E+01    7.4560E+00    1.0121E+01
 2.4066E+03    5.9844E+01    6.7208E+01    2.5321E+01    2.2423E+01    1.7692E+01    8.3447E+01    6.2250E+01    2.0059E+01    5.2906E+00    2.2235E+01    7.2320E+00    1.0121E+01
 2.4071E+03    5.9833E+01    6.7208E+01    2.5285E+01    2.2482E+01    1.7647E+01    8.3467E+01    6.2254E+01    2.0067E+01    5.3111E+00    2.2215E+01    7.2626E+00    1.0121E+01
 2.4077E+03    5.9828E+01    6.7218E+01    2.5242E+01    2.2471E+01    1.7655E+01    8.3481E+01    6.2272E+01    2.0083E+01    5.3111E+00    2.1971E+01    7.2422E+00    1.0121E+01
 2.4082E+03    5.9823E+01    6.7226E+01    2.5319E+01    2.2471E+01    1.7651E+01    8.3503E+01    6.2284E+01    2.0060E+01    5.3111E+00    2.2032E+01    7.3287E+00    1.0121E+01
 2.4087E+03    5.9823E+01    6.7208E+01    2.5405E+01    2.2455E+01    1.7695E+01    8.3493E+01    6.2307E+01    2.0082E+01    5.3111E+00    2.2296E+01    7.4509E+00    1.0121E+01
 2.4093E+03    5.9812E+01    6.7213E+01    2.5523E+01    2.2464E+01    1.7695E+01    8.3480E+01    6.2314E+01    2.0100E+01    5.3111E+00    2.2256E+01    7.2371E+00    1.0225E+01
 2.4099E+03    5.9811E+01    6.7223E+01    2.5793E+01    2.2503E+01    1.7721E+01    8.3482E+01    6.2314E+01    2.0104E+01    5.2906E+00    2.2113E+01    7.4916E+00    1.0121E+01
 2.4104E+03    5.9829E+01    6.7201E+01    2.5793E+01    2.2466E+01    1.7706E+01    8.3486E+01    6.2325E+01    2.0105E+01    5.2906E+00    2.2215E+01    7.4306E+00    1.0225E+01
 2.4110E+03    5.9801E+01    6.7201E+01    2.6051E+01    2.2473E+01    1.7716E+01    8.3471E+01    6.2320E+01    2.0085E+01    5.2906E+00    2.2011E+01    7.3135E+00    1.0016E+01
 2.4115E+03    5.9814E+01    6.7215E+01    2.6009E+01    2.2460E+01    1.7701E+01    8.3457E+01    6.2319E+01    2.0088E+01    5.2906E+00    2.2154E+01    7.2473E+00    1.0121E+01
 2.4121E+03    5.9814E+01    6.7220E+01    2.5948E+01    2.2575E+01    1.7673E+01    8.3464E+01    6.2324E+01    2.0088E+01    5.2906E+00    2.1991E+01    7.4509E+00    1.0121E+01
 2.4127E+03    5.9821E+01    6.7233E+01    2.5985E+01    2.2473E+01    1.7686E+01    8.3467E+01    6.2339E+01    2.0091E+01    5.3111E+00    2.2174E+01    7.2676E+00    1.0121E+01
 2.4132E+03    5.9821E+01    6.7244E+01    2.5960E+01    2.2473E+01    1.7690E+01    8.3473E+01    6.2331E+01    2.0086E+01    5.3111E+00    2.2174E+01    7.2524E+00    1.0225E+01
 2.4137E+03    5.9833E+01    6.7240E+01    2.5949E+01    2.2521E+01    1.7690E+01    8.3474E+01    6.2337E+01    2.0086E+01    5.3111E+00    2.2093E+01    7.2626E+00    1.0121E+01
 2.4143E+03    5.9832E+01    6.7251E+01    2.6063E+01    2.2513E+01    1.7745E+01    8.3468E+01    6.2337E+01    2.0088E+01    5.3111E+00    2.2235E+01    7.2982E+00    1.0225E+01
 2.4148E+03    5.9837E+01    6.7267E+01    2.6063E+01    2.2521E+01    1.7761E+01    8.3454E+01    6.2341E+01    2.0071E+01    5.3111E+00    2.2032E+01    7.2524E+00    1.0121E+01
 2.4153E+03    5.9827E+01    6.7267E+01    2.5994E+01    2.2622E+01    1.7832E+01    8.3474E+01    6.2364E+01    2.0088E+01    5.3111E+00    2.2032E+01    7.3236E+00    1.0121E+01
 2.4159E+03    5.9846E+01    6.7272E+01    2.5968E+01    2.2585E+01    1.7847E+01    8.3474E+01    6.2374E+01    2.0081E+01    5.3111E+00    2.2011E+01    7.4407E+00    1.0016E+01
 2.4164E+03    5.9873E+01    6.7290E+01    2.5944E+01    2.2627E+01    1.7823E+01    8.3470E+01    6.2361E+01    2.0065E+01    5.2906E+00    2.2317E+01    7.5680E+00    1.0121E+01
 2.4170E+03    5.9878E+01    6.7294E+01    2.5742E+01    2.2627E+01    1.7835E+01    8.3459E+01    6.2368E+01    2.0057E+01    5.3111E+00    2.2296E+01    7.2524E+00    1.0121E+01
 2.4175E+03    5.9863E+01    6.7285E+01    2.5909E+01    2.2591E+01    1.7823E+01    8.3487E+01    6.2366E+01    2.0060E+01    5.2906E+00    2.2032E+01    7.5629E+00    1.0016E+01
 2.4181E+03    5.9866E+01    6.7291E+01    2.6039E+01    2.2682E+01    1.7823E+01    8.3446E+01    6.2364E+01    2.0079E+01    5.3111E+00    2.2011E+01    7.3135E+00    1.0225E+01
 2.4186E+03    5.9883E+01    6.7306E+01    2.6190E+01    2.2651E+01    1.7807E+01    8.3431E+01    6.2350E+01    2.0055E+01    5.3111E+00    2.2154E+01    7.2524E+00    1.0121E+01
 2.4192E+03    5.9880E+01    6.7296E+01    2.6190E+01    2.2660E+01    1.7722E+01    8.3424E+01    6.2352E+01    2.0078E+01    5.3111E+00    2.2235E+01    7.4255E+00    1.0121E+01
 2.4197E+03    5.9883E+01    6.7296E+01    2.6360E+01    2.2646E+01    1.7690E+01    8.3453E+01    6.2376E+01    2.0059E+01    5.3111E+00    2.2276E+01    7.5629E+00    1.0121E+01
# Time (s)      T1w (C)       T2w (C)       T1a (C)       T2a (C)       T1r (C)       T2r (C)       T3r (C)       T4r (C)       P1 (bar)      P2 (bar)      Ic (amp)      Qc (l/min)    
 2.4203E+03    5.9878E+01    6.7311E+01    2.6148E+01    2.2672E+01    1.7673E+01    8.3453E+01    6.2375E+01    2.0063E+01    5.3111E+00    2.2032E+01    7.2626E+00    1.0121E+01
 2.4208E+03    5.9883E+01    6.7309E+01    2.6014E+01    2.2678E+01    1.7725E+01    8.3475E+01    6.2411E+01    2.0079E+01    5.2906E+00    2.2195E+01    7.2727E+00    1.0121E+01
 2.4214E+03    5.9882E+01    6.7314E+01    2.6085E+01    2.2678E+01    1.7705E+01    8.3502E+01    6.2408E+01    2.0088E+01    5.2906E+00    2.2154E+01    7.5222E+00    1.0121E+01
 2.4219E+03    5.9897E+01    6.7315E+01    2.6315E+01    2.2712E+01    1.7683E+01    8.3506E+01    6.2380E+01    2.0075E+01    5.2906E+00    2.2276E+01    7.3644E+00    1.0121E+01
 2.4225E+03    5.9923E+01    6.7311E+01    2.6036E+01    2.2690E+01    1.7683E+01    8.3512E+01    6.2403E+01    2.0067E+01    5.3111E+00    2.2134E+01    7.3236E+00    1.0121E+01
 2.4230E+03    5.9906E+01    6.7328E+01    2.6036E+01    2.2642E+01    1.7673E+01    8.3531E+01    6.2403E+01    2.0076E+01    5.3111E+00    2.2195E+01    7.5527E+00    1.0121E+01
 2.4236E+03    5.9905E+01    6.7322E+01    2.5785E+01    2.2679E+01    1.7671E+01    8.3553E+01    6.2415E+01    2.0091E+01    5.3111E+00    2.2235E+01    7.2626E+00    1.0121E+01
 2.4241E+03    5.9930E+01    6.7322E+01    2.5824E+01    2.2706E+01    1.7670E+01    8.3555E+01    6.2429E+01    2.0081E+01    5.2906E+00    2.2256E+01    7.5527E+00    1.0016E+01
 2.4247E+03    5.9934E+01    6.7316E+01    2.5892E+01    2.2685E+01    1.7674E+01    8.3541E+01    6.2400E+01    2.0079E+01    5.3111E+00    2.2072E+01    7.5680E+00    1.0016E+01
 2.4252E+03    5.9954E+01    6.7337E+01    2.5973E+01    2.2685E+01    1.7693E+01    8.3555E+01    6.2406E+01    2.0079E+01    5.3111E+00    2.2358E+01    7.2575E+00    1.0121E+01
 2.4258E+03    5.9946E+01    6.7331E+01    2.5910E+01    2.2670E+01    1.7756E+01    8.3565E+01    6.2421E+01    2.0094E+01    5.3111E+00    2.2378E+01    7.4967E+00    1.0016E+01
 2.4263E+03    5.9946E+01    6.7334E+01    2.6148E+01    2.2583E+01    1.7796E+01    8.3560E+01    6.2434E+01    2.0106E+01    5.3111E+00    2.2174E+01    7.5629E+00    9.9090E+00
 2.4269E+03    5.9934E+01    6.7345E+01    2.5987E+01    2.2611E+01    1.7796E+01    8.3573E+01    6.2434E+01    2.0102E+01    5.3111E+00    2.2195E+01    7.2524E+00    1.0121E+01
 2.4274E+03    5.9937E+01    6.7345E+01    2.5987E+01    2.2628E+01    1.7796E+01    8.3570E+01    6.2434E+01    2.0102E+01    5.3111E+00    2.2113E+01    7.2524E+00    1.0121E+01
 2.4280E+03    5.9951E+01    6.7338E+01    2.5960E+01    2.2655E+01    1.7747E+01    8.3527E+01    6.2431E+01    2.0089E+01    5.3111E+00    2.2358E+01    7.5884E+00    1.0225E+01
 2.4285E+03    5.9942E+01    6.7338E+01    2.5854E+01    2.2582E+01    1.7705E+01    8.3528E+01    6.2438E+01    2.0083E+01    5.3111E+00    2.2093E+01    7.2575E+00    1.0327E+01
 2.4291E+03    5.9951E+01    6.7343E+01    2.5737E+01    2.2636E+01    1.7701E+01    8.3528E+01    6.2465E+01    2.0096E+01    5.3111E+00    2.2174E+01    7.2626E+00    1.0016E+01
 2.4296E+03    5.9944E+01    6.7352E+01    2.5679E+01    2.2636E+01    1.7703E+01    8.3559E+01    6.2458E+01    2.0096E+01    5.3111E+00    2.2317E+01    7.5069E+00    1.0225E+01
 2.4302E+03    5.9944E+01    6.7344E+01    2.5333E+01    2.2630E+01    1.7738E+01    8.3550E+01    6.2463E+01    2.0100E+01    5.3111E+00    2.2296E+01    7.5527E+00    1.0225E+01
 2.4307E+03    5.9962E+01    6.7357E+01    2.5364E+01    2.2605E+01    1.7753E+01    8.3582E+01    6.2476E+01    2.0101E+01    5.3111E+00    2.2256E+01    7.5476E+00    1.0121E+01
 2.4312E+03    5.9977E+01    6.7359E+01    2.5396E+01    2.2597E+01    1.7782E+01    8.3591E+01    6.2476E+01    2.0106E+01    5.3111E+00    2.2174E+01    7.2626E+00    1.0016E+01
 2.4318E+03    5.9962E+01    6.7361E+01    2.5396E+01    2.2604E+01    1.7791E+01    8.3622E+01    6.2500E+01    2.0124E+01    5.3111E+00    2.2378E+01    7.4509E+00    1.0016E+01
 2.4323E+03    5.9969E+01    6.7361E+01    2.5640E+01    2.2622E+01    1.7728E+01    8.3618E+01    6.2502E+01    2.0114E+01    5.3111E+00    2.2235E+01    7.2931E+00    1.0016E+01
 2.4329E+03    5.9980E+01    6.7370E+01    2.5366E+01    2.2627E+01    1.7754E+01    8.3632E+01    6.2525E+01    2.0121E+01    5.3111E+00    2.2296E+01    7.2727E+00    1.0121E+01
 2.4334E+03    5.9970E+01    6.7373E+01    2.5507E+01    2.2648E+01    1.7756E+01    8.3655E+01    6.2533E+01    2.0122E+01    5.2906E+00    2.2154E+01    7.2575E+00    1.0121E+01
 2.4340E+03    5.9973E+01    6.7366E+01    2.5512E+01    2.2648E+01    1.7715E+01    8.3648E+01    6.2527E+01    2.0122E+01    5.3111E+00    2.2113E+01    7.2880E+00    1.0121E+01
 2.4346E+03    5.9973E+01    6.7374E+01    2.5693E+01    2.2611E+01    1.7708E+01    8.3680E+01    6.2549E+01    2.0122E+01    5.3111E+00    2.2358E+01    7.2778E+00    1.0225E+01
 2.4351E+03    5.9975E+01    6.7375E+01    2.5916E+01    2.2695E+01    1.7708E+01    8.3695E+01    6.2558E+01    2.0123E+01    5.3111E+00    2.2256E+01    7.4611E+00    1.0016E+01
 2.4356E+03    5.9956E+01    6.7367E+01    2.6070E+01    2.2618E+01    1.7723E+01    8.3694E+01    6.2558E+01    2.0130E+01    5.3111E+00    2.2256E+01    7.5884E+00    1.0121E+01
 2.4362E+03    5.9966E+01    6.7377E+01    2.6070E+01    2.2720E+01    1.7686E+01    8.3710E+01    6.2557E+01    2.0127E+01    5.2906E+00    2.2215E+01    7.5375E+00    1.0121E+01
# Time (s)      T1w (C)       T2w (C)       T1a (C)       T2a (C)       T1r (C)       T2r (C)       T3r (C)       T4r (C)       P1 (bar)      P2 (bar)      Ic (amp)      Qc (l/min)    
 2.4367E+03    5.9969E+01    6.7377E+01    2.6043E+01    2.2740E+01    1.7641E+01    8.3725E+01    6.2564E+01    2.0125E+01    5.3111E+00    2.2093E+01    7.5731E+00    1.0016E+01
 2.4373E+03    5.9957E+01    6.7388E+01    2.6062E+01    2.2736E+01    1.7631E+01    8.3725E+01    6.2556E+01    2.0120E+01    5.3111E+00    2.2398E+01    7.5527E+00    1.0121E+01
 2.4378E+03    5.9974E+01    6.7379E+01    2.6210E+01    2.2764E+01    1.7669E+01    8.3772E+01    6.2569E+01    2.0136E+01    5.3111E+00    2.2174E+01    7.2626E+00    1.0016E+01
 2.4426E+03    2.0175E+01    5.9986E+01    6.7371E+01    2.6828E+01    2.2676E+01    1.7830E+01    8.3827E+01    6.2643E+01    5.3111E+00    2.2256E+01    7.2676E+00    1.0016E+01
 2.4432E+03    1.7835E+01    5.9977E+01    6.7377E+01    2.6783E+01    2.2672E+01    1.7835E+01    8.3800E+01    6.2643E+01    5.3111E+00    2.2358E+01    7.3593E+00    1.0121E+01
 2.4437E+03    2.0178E+01    5.9982E+01    6.7381E+01    2.6783E+01    2.2669E+01    1.7831E+01    8.3785E+01    6.2630E+01    5.3111E+00    2.2419E+01    7.4407E+00    1.0121E+01
 2.4443E+03    2.0166E+01    5.9982E+01    6.7381E+01    2.6855E+01    2.2645E+01    1.7788E+01    8.3789E+01    6.2631E+01    5.3111E+00    2.2337E+01    7.5018E+00    1.0121E+01
 2.4448E+03    1.7768E+01    5.9989E+01    6.7398E+01    2.6903E+01    2.2639E+01    1.7768E+01    8.3789E+01    6.2622E+01    5.3111E+00    2.2296E+01    7.4458E+00    1.0121E+01
 2.4454E+03    1.7768E+01    5.9985E+01    6.7382E+01    2.6898E+01    2.2603E+01    1.7741E+01    8.3807E+01    6.2631E+01    5.3111E+00    2.2154E+01    7.4764E+00    1.0121E+01
 2.4459E+03    2.0187E+01    5.9984E+01    6.7406E+01    2.6807E+01    2.2603E+01    1.7739E+01    8.3811E+01    6.2658E+01    5.3315E+00    2.2419E+01    7.4866E+00    1.0225E+01
 2.4465E+03    2.0192E+01    5.9984E+01    6.7402E+01    2.6787E+01    2.2666E+01    1.7740E+01    8.3812E+01    6.2636E+01    5.3111E+00    2.2276E+01    7.3186E+00    1.0121E+01
 2.4470E+03    1.7740E+01    5.9987E+01    6.7393E+01    2.6797E+01    2.2709E+01    1.7740E+01    8.3810E+01    6.2651E+01    5.3315E+00    2.2134E+01    7.3847E+00    1.0016E+01
 2.4476E+03    1.7743E+01    6.0010E+01    6.7412E+01    2.6797E+01    2.2686E+01    1.7743E+01    8.3807E+01    6.2651E+01    5.3111E+00    2.2256E+01    7.2829E+00    1.0121E+01
 2.4481E+03    2.0190E+01    5.9993E+01    6.7412E+01    2.6893E+01    2.2682E+01    1.7789E+01    8.3845E+01    6.2678E+01    5.3111E+00    2.2459E+01    7.2982E+00    1.0121E+01
 2.4487E+03    2.0207E+01    5.9998E+01    6.7412E+01    2.6688E+01    2.2682E+01    1.7823E+01    8.3883E+01    6.2690E+01    5.3111E+00    2.2398E+01    7.3135E+00    1.0016E+01
 2.4493E+03    1.7818E+01    6.0012E+01    6.7407E+01    2.6367E+01    2.2697E+01    1.7818E+01    8.3896E+01    6.2687E+01    5.3111E+00    2.2256E+01    7.5935E+00    1.0121E+01
 2.4498E+03    2.0225E+01    6.0023E+01    6.7402E+01    2.6169E+01    2.2751E+01    1.7821E+01    8.3896E+01    6.2685E+01    5.3111E+00    2.2276E+01    7.3033E+00    1.0225E+01
 2.4503E+03    2.0225E+01    6.0017E+01    6.7420E+01    2.6174E+01    2.2751E+01    1.7822E+01    8.3952E+01    6.2692E+01    5.3315E+00    2.2154E+01    7.3186E+00    1.0121E+01
 2.4509E+03    2.0225E+01    6.0017E+01    6.7405E+01    2.6061E+01    2.2664E+01    1.7838E+01    8.3924E+01    6.2697E+01    5.3315E+00    2.2113E+01    7.5985E+00    1.0225E+01
 2.4515E+03    1.7823E+01    6.0020E+01    6.7401E+01    2.6025E+01    2.2717E+01    1.7823E+01    8.3925E+01    6.2701E+01    5.3111E+00    2.2459E+01    7.2880E+00    1.0121E+01
 2.4520E+03    2.0222E+01    6.0024E+01    6.7409E+01    2.6151E+01    2.2730E+01    1.7789E+01    8.3927E+01    6.2701E+01    5.3111E+00    2.2134E+01    7.5222E+00    1.0016E+01
 2.4525E+03    2.0246E+01    6.0036E+01    6.7404E+01    2.6151E+01    2.2775E+01    1.7799E+01    8.3910E+01    6.2697E+01    5.3315E+00    2.2378E+01    7.2931E+00    1.0016E+01
 2.4530E+03    2.0241E+01    6.0031E+01    6.7404E+01    2.6160E+01    2.2754E+01    1.7800E+01    8.3910E+01    6.2698E+01    5.3315E+00    2.2419E+01    7.2778E+00    1.0121E+01
 2.4536E+03    1.7763E+01    6.0033E+01    6.7409E+01    2.6308E+01    2.2687E+01    1.7763E+01    8.3941E+01    6.2703E+01    5.3111E+00    2.2174E+01    7.2880E+00    1.0121E+01
 2.4542E+03    2.0221E+01    6.0061E+01    6.7435E+01    2.6418E+01    2.2703E+01    1.7800E+01    8.3958E+01    6.2732E+01    5.3111E+00    2.2256E+01    7.2829E+00    1.0225E+01
 2.4547E+03    2.0237E+01    6.0058E+01    6.7433E+01    2.6511E+01    2.2714E+01    1.7802E+01    8.3978E+01    6.2736E+01    5.3111E+00    2.2480E+01    7.5731E+00    1.0225E+01
 2.4553E+03    1.7776E+01    6.0076E+01    6.7465E+01    2.6449E+01    2.2728E+01    1.7776E+01    8.3963E+01    6.2726E+01    5.3111E+00    2.2439E+01    7.5935E+00    1.0121E+01
 2.4558E+03    1.7776E+01    6.0076E+01    6.7469E+01    2.6074E+01    2.2708E+01    1.7776E+01    8.3966E+01    6.2752E+01    5.3111E+00    2.2398E+01    7.2829E+00    1.0121E+01
 2.4564E+03    2.0260E+01    6.0087E+01    6.7462E+01    2.5795E+01    2.2656E+01    1.7783E+01    8.3994E+01    6.2752E+01    5.3315E+00    2.2154E+01    7.5171E+00    1.0121E+01
 2.4569E+03    2.0260E+01    6.0086E+01    6.7472E+01    2.5795E+01    2.2609E+01    1.7840E+01    8.4010E+01    6.2754E+01    5.3315E+00    2.2459E+01    7.6138E+00    1.0121E+01
# Time (s)      T1w (C)       T2w (C)       T1a (C)       T2a (C)       T1r (C)       T2r (C)       T3r (C)       T4r (C)       P1 (bar)      P2 (bar)      Ic (amp)      Qc (l/min)    
 2.4575E+03    1.7855E+01    6.0102E+01    6.7485E+01    2.5657E+01    2.2618E+01    1.7855E+01    8.4053E+01    6.2767E+01    5.3315E+00    2.2317E+01    7.2931E+00    1.0121E+01
 2.4580E+03    1.7855E+01    6.0107E+01    6.7485E+01    2.5313E+01    2.2612E+01    1.7835E+01    8.4053E+01    6.2776E+01    5.3111E+00    2.2439E+01    7.6189E+00    1.0016E+01
 2.4586E+03    2.0250E+01    6.0104E+01    6.7489E+01    2.5062E+01    2.2560E+01    1.7849E+01    8.4038E+01    6.2760E+01    5.3315E+00    2.2215E+01    7.3491E+00    1.0121E+01
 2.4591E+03    2.0263E+01    6.0104E+01    6.7487E+01    2.5120E+01    2.2560E+01    1.7821E+01    8.4020E+01    6.2782E+01    5.3111E+00    2.2174E+01    7.4662E+00    1.0121E+01
 2.4597E+03    1.7819E+01    6.0113E+01    6.7498E+01    2.5103E+01    2.2562E+01    1.7819E+01    8.4009E+01    6.2782E+01    5.3315E+00    2.2439E+01    7.4611E+00    1.0121E+01
 2.4602E+03    1.7819E+01    6.0132E+01    6.7517E+01    2.5230E+01    2.2587E+01    1.7819E+01    8.4011E+01    6.2793E+01    5.3315E+00    2.2500E+01    7.4866E+00    1.0121E+01
 2.4607E+03    2.0243E+01    6.0143E+01    6.7521E+01    2.5230E+01    2.2531E+01    1.7833E+01    8.4020E+01    6.2793E+01    5.3111E+00    2.2296E+01    7.3593E+00    1.0225E+01
